unit_cd,unit_nm,year,tenure,beta,se,flow
NAT,National (all areas),2016,Rent,-1.396,,918512
NAT,National (all areas),2016,Sale,-1.403,,2284884
NAT,National (all areas),2017,Rent,-1.393,,1200839
NAT,National (all areas),2017,Sale,-1.379,,2296146
NAT,National (all areas),2018,Rent,-1.529,,2333601
NAT,National (all areas),2018,Sale,-1.369,,2131197
NAT,National (all areas),2019,Rent,-1.536,,2554780
NAT,National (all areas),2019,Sale,-1.384,,2056679
NAT,National (all areas),2020,Rent,-1.603,,3884992
NAT,National (all areas),2020,Sale,-1.454,,3359698
NAT,National (all areas),2021,Rent,-1.58,,5285351
NAT,National (all areas),2021,Sale,-1.476,,4299007
NAT,National (all areas),2022,Rent,-1.58,,6874526
NAT,National (all areas),2022,Sale,-1.479,,3949407
NAT,National (all areas),2023,Rent,-1.564,,7175423
NAT,National (all areas),2023,Sale,-1.407,,2697423
NAT,National (all areas),2024,Rent,-1.571,,5585629
NAT,National (all areas),2024,Sale,-1.454,,2738492
NAT,National (all areas),2025,Rent,-1.536,,4332772
NAT,National (all areas),2025,Sale,-1.465,,2530090
E30000004,Barnsley,2016,Rent,-1.194,0.153,2199
E30000018,Bradford,2016,Rent,-1.333,0.157,5641
E30000029,Halifax,2016,Rent,-1.258,0.15,2932
E30000046,Dorchester and Weymouth,2016,Rent,-1.751,0.211,6692
E30000054,Grantham,2016,Rent,-1.122,0.189,2463
E30000061,Hastings,2016,Rent,-1.223,0.143,2468
E30000070,Isle of Wight,2016,Rent,-1.119,0.173,1519
E30000076,Lancaster and Morecambe,2016,Rent,-0.613,0.209,2421
E30000093,Middlesbrough and Stockton,2016,Rent,-1.181,0.205,4236
E30000108,Peterborough,2016,Rent,-1.473,0.202,4734
E30000124,Spalding,2016,Rent,-1.262,0.188,1632
E30000135,Thetford and Mildenhall,2016,Rent,-1.258,0.206,3243
E30000159,Andover,2016,Rent,-1.22,0.151,1593
E30000160,Ashford,2016,Rent,-1.461,0.141,2418
E30000162,Barnstaple,2016,Rent,-1.338,0.18,1068
E30000163,Barrow-in-Furness,2016,Rent,-1.004,0.209,2488
E30000164,Basingstoke,2016,Rent,-1.494,0.158,5866
E30000165,Bath,2016,Rent,-1.232,0.203,5346
E30000166,Bedford,2016,Rent,-1.28,0.201,3472
E30000167,Bideford,2016,Rent,-0.998,0.197,1131
E30000168,Birkenhead,2016,Rent,-1.499,0.18,3900
E30000169,Birmingham,2016,Rent,-1.494,0.187,19851
E30000170,Blackburn,2016,Rent,-1.345,0.188,5548
E30000171,Blackpool,2016,Rent,-1.222,0.168,5407
E30000173,Blyth and Ashington,2016,Rent,-1.177,0.207,3488
E30000174,Boston,2016,Rent,-1.278,0.255,2031
E30000175,Bournemouth,2016,Rent,-1.468,0.178,6929
E30000179,Brighton,2016,Rent,-1.235,0.183,7802
E30000180,Bristol,2016,Rent,-1.517,0.183,12581
E30000182,Burnley,2016,Rent,-0.941,0.185,2003
E30000183,Burton upon Trent,2016,Rent,-1.289,0.186,2719
E30000184,Bury St Edmunds,2016,Rent,-1.565,0.186,3941
E30000186,Cambridge,2016,Rent,-1.524,0.182,15044
E30000187,Canterbury,2016,Rent,-0.983,0.175,3628
E30000188,Chelmsford,2016,Rent,-1.421,0.153,8622
E30000189,Cheltenham,2016,Rent,-1.285,0.177,2236
E30000190,Chesterfield,2016,Rent,-1.109,0.207,2015
E30000191,Chichester and Bognor Regis,2016,Rent,-1.256,0.161,4279
E30000192,Clacton,2016,Rent,-1.322,0.2,3655
E30000193,Colchester,2016,Rent,-1.232,0.163,3661
E30000195,Coventry,2016,Rent,-1.34,0.192,9292
E30000196,Crawley,2016,Rent,-1.582,0.132,12485
E30000197,Crewe,2016,Rent,-1.132,0.177,6503
E30000198,Cromer and Sheringham,2016,Rent,-1.313,0.219,2335
E30000199,Darlington,2016,Rent,-1.112,0.179,1262
E30000200,Derby,2016,Rent,-1.252,0.165,4924
E30000201,Doncaster,2016,Rent,-1.28,0.178,2592
E30000202,Dudley,2016,Rent,-1.386,0.185,7922
E30000203,Durham and Bishop Auckland,2016,Rent,-1.061,0.186,5143
E30000204,Eastbourne,2016,Rent,-1.356,0.151,5789
E30000205,Evesham,2016,Rent,-1.338,0.215,1906
E30000206,Exeter,2016,Rent,-1.568,0.198,5277
E30000208,Folkestone and Dover,2016,Rent,-1.109,0.144,1557
E30000209,Gloucester,2016,Rent,-1.326,0.184,3906
E30000210,Great Yarmouth,2016,Rent,-1.66,0.244,1598
E30000211,Grimsby,2016,Rent,-0.983,0.21,1713
E30000212,Guildford and Aldershot,2016,Rent,-1.68,0.142,13811
E30000214,Harrogate,2016,Rent,-1.54,0.161,6950
E30000215,Hartlepool,2016,Rent,-0.969,0.211,607
E30000216,Hereford,2016,Rent,-1.212,0.216,2355
E30000218,High Wycombe and Aylesbury,2016,Rent,-1.491,0.176,11557
E30000219,Huddersfield,2016,Rent,-1.181,0.156,4991
E30000220,Hull,2016,Rent,-1.465,0.188,5214
E30000221,Huntingdon,2016,Rent,-1.421,0.201,3874
E30000222,Ipswich,2016,Rent,-1.455,0.174,5724
E30000224,Kettering and Wellingborough,2016,Rent,-1.312,0.175,5646
E30000225,King's Lynn,2016,Rent,-1.566,0.197,2494
E30000226,Kingsbridge and Dartmouth,2016,Rent,-1.043,0.2,2048
E30000228,Leamington Spa,2016,Rent,-1.371,0.211,6539
E30000229,Leeds,2016,Rent,-1.165,0.174,11401
E30000230,Leicester,2016,Rent,-1.216,0.177,9755
E30000231,Lincoln,2016,Rent,-1.45,0.172,5768
E30000233,Liverpool,2016,Rent,-1.221,0.177,11047
E30000234,London,2016,Rent,-1.565,0.151,145296
E30000237,Luton,2016,Rent,-1.583,0.158,16402
E30000239,Manchester,2016,Rent,-1.078,0.175,25391
E30000240,Mansfield,2016,Rent,-1.179,0.193,3197
E30000241,Margate and Ramsgate,2016,Rent,-1.329,0.146,3359
E30000242,Medway,2016,Rent,-1.403,0.136,8815
E30000243,Milton Keynes,2016,Rent,-1.423,0.171,9651
E30000244,Newbury,2016,Rent,-1.573,0.19,5235
E30000245,Newcastle,2016,Rent,-0.844,0.206,6532
E30000247,Northampton,2016,Rent,-1.328,0.191,8475
E30000248,Norwich,2016,Rent,-1.467,0.189,5535
E30000249,Nottingham,2016,Rent,-1.381,0.187,9367
E30000250,Oxford,2016,Rent,-1.611,0.177,12552
E30000253,Plymouth,2016,Rent,-1.416,0.19,2961
E30000254,Portsmouth,2016,Rent,-1.399,0.152,9385
E30000255,Preston,2016,Rent,-1.197,0.186,4095
E30000256,Reading,2016,Rent,-1.325,0.164,10312
E30000257,Redruth and Truro,2016,Rent,-1.779,0.252,5422
E30000260,Scunthorpe,2016,Rent,-1.26,0.167,1591
E30000261,Sheffield,2016,Rent,-1.148,0.173,7435
E30000262,Shrewsbury,2016,Rent,-1.459,0.198,3933
E30000264,Skegness and Louth,2016,Rent,-1.538,0.177,1954
E30000266,Slough and Heathrow,2016,Rent,-1.727,0.156,41457
E30000267,Southampton,2016,Rent,-1.678,0.167,10976
E30000268,Southend,2016,Rent,-1.324,0.148,7748
E30000271,Stafford,2016,Rent,-1.225,0.216,1727
E30000272,Stevenage and Welwyn Garden City,2016,Rent,-1.34,0.179,6879
E30000273,Stoke-on-Trent,2016,Rent,-1.141,0.184,4654
E30000275,Sunderland,2016,Rent,-1.03,0.218,2514
E30000276,Swindon,2016,Rent,-1.588,0.186,4357
E30000278,Telford,2016,Rent,-1.324,0.218,2311
E30000279,Torquay and Paignton,2016,Rent,-1.174,0.174,1483
E30000280,Trowbridge,2016,Rent,-1.584,0.158,7635
E30000281,Tunbridge Wells,2016,Rent,-1.436,0.155,5589
E30000283,Wakefield and Castleford,2016,Rent,-1.149,0.153,3071
E30000284,Warrington and Wigan,2016,Rent,-1.362,0.169,9012
E30000285,Weston-super-Mare,2016,Rent,-1.197,0.172,2868
E30000287,Wisbech,2016,Rent,-1.398,0.191,4760
E30000288,Wolverhampton and Walsall,2016,Rent,-1.408,0.186,8684
E30000289,Worcester and Kidderminster,2016,Rent,-1.26,0.234,4546
E30000291,Worksop and Retford,2016,Rent,-1.116,0.204,1405
E30000292,Worthing,2016,Rent,-1.177,0.196,4217
E30000293,Yeovil,2016,Rent,-1.448,0.173,6598
E30000294,York,2016,Rent,-1.116,0.219,4176
K01000005,Cinderford and Ross-on-Wye,2016,Rent,-1.442,0.212,1368
K01000010,Carlisle,2016,Rent,-0.88,0.218,2077
K01000011,Chester,2016,Rent,-1.466,0.195,7671
K01000013,Newport,2016,Rent,-1.349,0.177,3086
S22000013,Western Isles,2016,Rent,-0.76,0.393,799
S22000035,Orkney Islands,2016,Rent,-1.252,0.4,268
S22000039,Shetland Islands,2016,Rent,-1.587,0.423,200
S22000047,Aberdeen,2016,Rent,-1.045,0.223,6265
S22000051,Ayr,2016,Rent,-1.178,0.196,1702
S22000054,Dumbarton and Helensburgh,2016,Rent,-1.343,0.146,2501
S22000055,Dumfries,2016,Rent,-1.168,0.183,1411
S22000056,Dundee,2016,Rent,-1.181,0.221,2389
S22000057,Dunfermline and Kirkcaldy,2016,Rent,-1.227,0.193,3124
S22000059,Edinburgh,2016,Rent,-1.101,0.221,7860
S22000060,Elgin,2016,Rent,-1.031,0.193,818
S22000061,Falkirk and Stirling,2016,Rent,-1.122,0.174,2671
S22000063,Galashiels and Peebles,2016,Rent,-0.88,0.21,1379
S22000065,Glasgow,2016,Rent,-1.317,0.178,10724
S22000068,Inverness,2016,Rent,-1.626,0.241,2762
S22000069,Kilmarnock and Irvine,2016,Rent,-1.272,0.157,3418
S22000070,Livingston,2016,Rent,-1.122,0.194,2139
S22000071,Motherwell and Airdrie,2016,Rent,-1.233,0.172,6418
S22000074,Perth,2016,Rent,-1.206,0.187,1371
S22000085,Greenock,2016,Rent,-1.143,0.153,1050
W22000003,Bridgend,2016,Rent,-0.881,0.207,1331
W22000009,Haverfordwest and Milford Haven,2016,Rent,-0.737,0.307,1024
W22000015,Newtown and Welshpool,2016,Rent,-1.134,0.266,2663
W22000021,Aberystwyth,2016,Rent,-1.132,0.257,1101
W22000022,Bangor and Holyhead,2016,Rent,-1.555,0.252,1908
W22000024,Cardiff,2016,Rent,-1.425,0.173,6935
W22000026,Colwyn Bay,2016,Rent,-1.422,0.263,1372
W22000028,Llanelli,2016,Rent,-0.581,0.255,1413
W22000029,Merthyr Tydfil,2016,Rent,-1.459,0.226,870
W22000031,Rhyl,2016,Rent,-1.437,0.227,2403
W22000032,Swansea,2016,Rent,-0.972,0.222,1994
W22000034,Wrexham,2016,Rent,-1.195,0.208,1578
E30000004,Barnsley,2016,Sale,-1.268,0.164,6505
E30000018,Bradford,2016,Sale,-1.363,0.145,11263
E30000029,Halifax,2016,Sale,-1.148,0.147,5762
E30000046,Dorchester and Weymouth,2016,Sale,-1.561,0.136,15195
E30000054,Grantham,2016,Sale,-1.205,0.16,5931
E30000061,Hastings,2016,Sale,-0.929,0.139,5451
E30000070,Isle of Wight,2016,Sale,-0.999,0.147,2484
E30000076,Lancaster and Morecambe,2016,Sale,-1.002,0.177,3047
E30000093,Middlesbrough and Stockton,2016,Sale,-1.616,0.178,5437
E30000108,Peterborough,2016,Sale,-1.328,0.16,8524
E30000124,Spalding,2016,Sale,-1.385,0.159,4171
E30000135,Thetford and Mildenhall,2016,Sale,-1.043,0.164,5846
E30000159,Andover,2016,Sale,-1.129,0.163,6478
E30000160,Ashford,2016,Sale,-1.199,0.145,5899
E30000162,Barnstaple,2016,Sale,-1.277,0.171,3420
E30000163,Barrow-in-Furness,2016,Sale,-1.257,0.193,5504
E30000164,Basingstoke,2016,Sale,-1.463,0.125,17181
E30000165,Bath,2016,Sale,-1.364,0.151,9251
E30000166,Bedford,2016,Sale,-1.076,0.144,10582
E30000167,Bideford,2016,Sale,-1.01,0.195,3962
E30000168,Birkenhead,2016,Sale,-1.211,0.172,5532
E30000169,Birmingham,2016,Sale,-1.521,0.151,47677
E30000170,Blackburn,2016,Sale,-1.187,0.168,6189
E30000171,Blackpool,2016,Sale,-1.271,0.166,7990
E30000173,Blyth and Ashington,2016,Sale,-1.316,0.194,5600
E30000174,Boston,2016,Sale,-1.086,0.161,1659
E30000175,Bournemouth,2016,Sale,-1.217,0.142,14966
E30000179,Brighton,2016,Sale,-1.127,0.149,17019
E30000180,Bristol,2016,Sale,-1.631,0.154,26495
E30000182,Burnley,2016,Sale,-1.131,0.169,3499
E30000183,Burton upon Trent,2016,Sale,-1.284,0.161,7316
E30000184,Bury St Edmunds,2016,Sale,-1.255,0.168,10625
E30000186,Cambridge,2016,Sale,-1.282,0.135,36914
E30000187,Canterbury,2016,Sale,-0.965,0.146,5898
E30000188,Chelmsford,2016,Sale,-1.089,0.128,26433
E30000189,Cheltenham,2016,Sale,-1.006,0.181,6030
E30000190,Chesterfield,2016,Sale,-1.259,0.173,5056
E30000191,Chichester and Bognor Regis,2016,Sale,-1.125,0.141,10660
E30000192,Clacton,2016,Sale,-1.061,0.15,5028
E30000193,Colchester,2016,Sale,-1.175,0.132,8873
E30000195,Coventry,2016,Sale,-1.033,0.144,18356
E30000196,Crawley,2016,Sale,-1.385,0.114,41941
E30000197,Crewe,2016,Sale,-1.062,0.159,16781
E30000198,Cromer and Sheringham,2016,Sale,-0.776,0.194,4814
E30000199,Darlington,2016,Sale,-1.517,0.169,2377
E30000200,Derby,2016,Sale,-1.102,0.16,14420
E30000201,Doncaster,2016,Sale,-1.253,0.161,4647
E30000202,Dudley,2016,Sale,-1.611,0.164,18978
E30000203,Durham and Bishop Auckland,2016,Sale,-1.612,0.168,6807
E30000204,Eastbourne,2016,Sale,-1.055,0.121,13439
E30000205,Evesham,2016,Sale,-1.126,0.18,4664
E30000206,Exeter,2016,Sale,-1.317,0.143,11923
E30000208,Folkestone and Dover,2016,Sale,-0.885,0.141,3565
E30000209,Gloucester,2016,Sale,-1.247,0.164,10911
E30000210,Great Yarmouth,2016,Sale,-1.05,0.185,2793
E30000211,Grimsby,2016,Sale,-1.248,0.161,1658
E30000212,Guildford and Aldershot,2016,Sale,-1.309,0.121,39806
E30000214,Harrogate,2016,Sale,-1.297,0.138,16906
E30000215,Hartlepool,2016,Sale,-1.11,0.155,805
E30000216,Hereford,2016,Sale,-1.397,0.168,5985
E30000218,High Wycombe and Aylesbury,2016,Sale,-1.373,0.12,32613
E30000219,Huddersfield,2016,Sale,-1.399,0.141,10472
E30000220,Hull,2016,Sale,-1.302,0.173,8487
E30000221,Huntingdon,2016,Sale,-1.421,0.153,9555
E30000222,Ipswich,2016,Sale,-1.074,0.133,15002
E30000224,Kettering and Wellingborough,2016,Sale,-1.066,0.146,11096
E30000225,King's Lynn,2016,Sale,-1.222,0.163,5489
E30000226,Kingsbridge and Dartmouth,2016,Sale,-1.329,0.187,3366
E30000228,Leamington Spa,2016,Sale,-1.132,0.166,16051
E30000229,Leeds,2016,Sale,-1.591,0.147,22084
E30000230,Leicester,2016,Sale,-1.334,0.135,22324
E30000231,Lincoln,2016,Sale,-1.298,0.146,12864
E30000233,Liverpool,2016,Sale,-1.396,0.153,11943
E30000234,London,2016,Sale,-1.553,0.118,485863
E30000237,Luton,2016,Sale,-1.401,0.128,55680
E30000239,Manchester,2016,Sale,-1.218,0.144,45319
E30000240,Mansfield,2016,Sale,-1.154,0.173,7895
E30000241,Margate and Ramsgate,2016,Sale,-0.944,0.137,5948
E30000242,Medway,2016,Sale,-1.161,0.111,22432
E30000243,Milton Keynes,2016,Sale,-0.849,0.133,27042
E30000244,Newbury,2016,Sale,-1.549,0.147,16351
E30000245,Newcastle,2016,Sale,-1.351,0.189,10360
E30000247,Northampton,2016,Sale,-1.185,0.142,16438
E30000248,Norwich,2016,Sale,-1.198,0.161,11632
E30000249,Nottingham,2016,Sale,-1.205,0.152,18790
E30000250,Oxford,2016,Sale,-1.219,0.135,33753
E30000253,Plymouth,2016,Sale,-1.218,0.18,6995
E30000254,Portsmouth,2016,Sale,-1.024,0.116,20469
E30000255,Preston,2016,Sale,-1.388,0.171,8281
E30000256,Reading,2016,Sale,-1.432,0.121,32402
E30000257,Redruth and Truro,2016,Sale,-1.098,0.201,11026
E30000260,Scunthorpe,2016,Sale,-1.194,0.153,3022
E30000261,Sheffield,2016,Sale,-1.438,0.159,13665
E30000262,Shrewsbury,2016,Sale,-1.577,0.17,10254
E30000264,Skegness and Louth,2016,Sale,-1.162,0.175,4661
E30000266,Slough and Heathrow,2016,Sale,-1.648,0.117,138040
E30000267,Southampton,2016,Sale,-1.254,0.124,26281
E30000268,Southend,2016,Sale,-1.145,0.121,21477
E30000271,Stafford,2016,Sale,-1.215,0.181,3990
E30000272,Stevenage and Welwyn Garden City,2016,Sale,-1.286,0.134,20155
E30000273,Stoke-on-Trent,2016,Sale,-1.019,0.192,8129
E30000275,Sunderland,2016,Sale,-1.375,0.184,3150
E30000276,Swindon,2016,Sale,-1.378,0.156,11966
E30000278,Telford,2016,Sale,-1.055,0.171,3499
E30000279,Torquay and Paignton,2016,Sale,-1.323,0.159,3180
E30000280,Trowbridge,2016,Sale,-1.269,0.125,20852
E30000281,Tunbridge Wells,2016,Sale,-1.209,0.138,17523
E30000283,Wakefield and Castleford,2016,Sale,-1.365,0.15,6844
E30000284,Warrington and Wigan,2016,Sale,-1.659,0.15,16775
E30000285,Weston-super-Mare,2016,Sale,-1.575,0.15,9980
E30000287,Wisbech,2016,Sale,-1.304,0.175,7529
E30000288,Wolverhampton and Walsall,2016,Sale,-1.524,0.154,20564
E30000289,Worcester and Kidderminster,2016,Sale,-1.352,0.185,8745
E30000291,Worksop and Retford,2016,Sale,-1.349,0.148,2922
E30000292,Worthing,2016,Sale,-0.941,0.148,6676
E30000293,Yeovil,2016,Sale,-1.574,0.133,16721
E30000294,York,2016,Sale,-1.258,0.175,7507
K01000005,Cinderford and Ross-on-Wye,2016,Sale,-1.367,0.152,2913
K01000010,Carlisle,2016,Sale,-1.326,0.166,3044
K01000011,Chester,2016,Sale,-1.375,0.172,13796
K01000013,Newport,2016,Sale,-1.623,0.145,6703
S22000013,Western Isles,2016,Sale,-1.773,0.278,674
S22000035,Orkney Islands,2016,Sale,-1.107,0.318,534
S22000039,Shetland Islands,2016,Sale,-1.869,0.481,347
S22000047,Aberdeen,2016,Sale,-1.766,0.207,9327
S22000051,Ayr,2016,Sale,-1.709,0.172,3603
S22000054,Dumbarton and Helensburgh,2016,Sale,-1.752,0.142,7387
S22000055,Dumfries,2016,Sale,-1.623,0.201,2815
S22000056,Dundee,2016,Sale,-1.664,0.188,2979
S22000057,Dunfermline and Kirkcaldy,2016,Sale,-1.885,0.149,7003
S22000059,Edinburgh,2016,Sale,-1.799,0.18,19877
S22000060,Elgin,2016,Sale,-1.749,0.183,1971
S22000061,Falkirk and Stirling,2016,Sale,-1.928,0.148,8288
S22000063,Galashiels and Peebles,2016,Sale,-1.402,0.17,2464
S22000065,Glasgow,2016,Sale,-1.891,0.162,31902
S22000068,Inverness,2016,Sale,-1.79,0.212,4876
S22000069,Kilmarnock and Irvine,2016,Sale,-1.944,0.132,6793
S22000070,Livingston,2016,Sale,-1.973,0.153,5049
S22000071,Motherwell and Airdrie,2016,Sale,-2.096,0.165,19138
S22000074,Perth,2016,Sale,-1.87,0.148,4540
S22000085,Greenock,2016,Sale,-1.292,0.191,2768
W22000003,Bridgend,2016,Sale,-1.499,0.178,1794
W22000009,Haverfordwest and Milford Haven,2016,Sale,-1.591,0.239,1887
W22000015,Newtown and Welshpool,2016,Sale,-1.329,0.207,5005
W22000021,Aberystwyth,2016,Sale,-1.173,0.2,1616
W22000022,Bangor and Holyhead,2016,Sale,-1.838,0.208,3161
W22000024,Cardiff,2016,Sale,-1.393,0.155,11693
W22000026,Colwyn Bay,2016,Sale,-1.473,0.208,2685
W22000028,Llanelli,2016,Sale,-1.336,0.176,2194
W22000029,Merthyr Tydfil,2016,Sale,-0.812,0.186,1808
W22000031,Rhyl,2016,Sale,-1.679,0.186,3208
W22000032,Swansea,2016,Sale,-1.37,0.186,2343
W22000034,Wrexham,2016,Sale,-1.181,0.175,3642
E30000004,Barnsley,2017,Rent,-1.248,0.16,2994
E30000018,Bradford,2017,Rent,-1.171,0.171,8642
E30000029,Halifax,2017,Rent,-1.188,0.164,3525
E30000046,Dorchester and Weymouth,2017,Rent,-1.676,0.188,7753
E30000054,Grantham,2017,Rent,-1.212,0.205,2812
E30000061,Hastings,2017,Rent,-1.303,0.154,2871
E30000070,Isle of Wight,2017,Rent,-1.399,0.185,1629
E30000076,Lancaster and Morecambe,2017,Rent,-1.168,0.198,2922
E30000093,Middlesbrough and Stockton,2017,Rent,-1.062,0.212,4916
E30000108,Peterborough,2017,Rent,-1.524,0.197,5029
E30000124,Spalding,2017,Rent,-1.115,0.232,1764
E30000135,Thetford and Mildenhall,2017,Rent,-1.271,0.177,2899
E30000159,Andover,2017,Rent,-1.216,0.191,2676
E30000160,Ashford,2017,Rent,-1.333,0.171,2705
E30000162,Barnstaple,2017,Rent,-1.248,0.207,2145
E30000163,Barrow-in-Furness,2017,Rent,-1.079,0.233,4503
E30000164,Basingstoke,2017,Rent,-1.245,0.161,10506
E30000165,Bath,2017,Rent,-1.434,0.196,6841
E30000166,Bedford,2017,Rent,-1.42,0.208,5751
E30000167,Bideford,2017,Rent,-1.203,0.193,1312
E30000168,Birkenhead,2017,Rent,-1.322,0.2,5074
E30000169,Birmingham,2017,Rent,-1.425,0.186,25701
E30000170,Blackburn,2017,Rent,-1.232,0.156,4738
E30000171,Blackpool,2017,Rent,-1.214,0.19,6194
E30000173,Blyth and Ashington,2017,Rent,-1.219,0.21,3505
E30000174,Boston,2017,Rent,-1.103,0.238,1175
E30000175,Bournemouth,2017,Rent,-1.317,0.186,8958
E30000179,Brighton,2017,Rent,-1.272,0.18,9500
E30000180,Bristol,2017,Rent,-1.61,0.19,13764
E30000182,Burnley,2017,Rent,-1.056,0.179,2535
E30000183,Burton upon Trent,2017,Rent,-1.207,0.211,3553
E30000184,Bury St Edmunds,2017,Rent,-1.208,0.195,6877
E30000186,Cambridge,2017,Rent,-1.515,0.191,21131
E30000187,Canterbury,2017,Rent,-0.892,0.197,4108
E30000188,Chelmsford,2017,Rent,-1.254,0.171,10258
E30000189,Cheltenham,2017,Rent,-1.298,0.188,3355
E30000190,Chesterfield,2017,Rent,-1.033,0.183,2462
E30000191,Chichester and Bognor Regis,2017,Rent,-1.377,0.158,4895
E30000192,Clacton,2017,Rent,-1.224,0.192,2795
E30000193,Colchester,2017,Rent,-1.316,0.184,4873
E30000195,Coventry,2017,Rent,-1.379,0.204,13352
E30000196,Crawley,2017,Rent,-1.497,0.149,17948
E30000197,Crewe,2017,Rent,-1.11,0.203,8838
E30000198,Cromer and Sheringham,2017,Rent,-1.023,0.201,2470
E30000199,Darlington,2017,Rent,-0.968,0.191,1596
E30000200,Derby,2017,Rent,-1.173,0.181,7311
E30000201,Doncaster,2017,Rent,-1.682,0.171,4283
E30000202,Dudley,2017,Rent,-1.404,0.193,9203
E30000203,Durham and Bishop Auckland,2017,Rent,-1.356,0.191,6415
E30000204,Eastbourne,2017,Rent,-1.444,0.152,7135
E30000205,Evesham,2017,Rent,-1.18,0.196,2343
E30000206,Exeter,2017,Rent,-1.467,0.203,7603
E30000208,Folkestone and Dover,2017,Rent,-1.09,0.177,1981
E30000209,Gloucester,2017,Rent,-1.38,0.182,5303
E30000210,Great Yarmouth,2017,Rent,-1.413,0.231,1870
E30000211,Grimsby,2017,Rent,-1.286,0.205,2487
E30000212,Guildford and Aldershot,2017,Rent,-1.501,0.174,18812
E30000214,Harrogate,2017,Rent,-1.34,0.186,9600
E30000215,Hartlepool,2017,Rent,-1.105,0.212,1114
E30000216,Hereford,2017,Rent,-1.454,0.205,2797
E30000218,High Wycombe and Aylesbury,2017,Rent,-1.399,0.161,14024
E30000219,Huddersfield,2017,Rent,-1.088,0.182,6535
E30000220,Hull,2017,Rent,-1.381,0.192,6823
E30000221,Huntingdon,2017,Rent,-1.374,0.202,5005
E30000222,Ipswich,2017,Rent,-1.56,0.172,8058
E30000224,Kettering and Wellingborough,2017,Rent,-1.504,0.17,5651
E30000225,King's Lynn,2017,Rent,-1.626,0.197,3090
E30000226,Kingsbridge and Dartmouth,2017,Rent,-1.296,0.17,1908
E30000228,Leamington Spa,2017,Rent,-1.37,0.211,8369
E30000229,Leeds,2017,Rent,-1.232,0.19,14613
E30000230,Leicester,2017,Rent,-1.274,0.177,15284
E30000231,Lincoln,2017,Rent,-1.483,0.173,7546
E30000233,Liverpool,2017,Rent,-1.25,0.185,14645
E30000234,London,2017,Rent,-1.523,0.156,185075
E30000237,Luton,2017,Rent,-1.738,0.156,23145
E30000239,Manchester,2017,Rent,-1.135,0.173,36107
E30000240,Mansfield,2017,Rent,-1.337,0.178,3353
E30000241,Margate and Ramsgate,2017,Rent,-1.204,0.169,3257
E30000242,Medway,2017,Rent,-1.544,0.132,11659
E30000243,Milton Keynes,2017,Rent,-1.268,0.186,13373
E30000244,Newbury,2017,Rent,-1.483,0.191,5803
E30000245,Newcastle,2017,Rent,-1.117,0.216,9402
E30000247,Northampton,2017,Rent,-1.54,0.18,9577
E30000248,Norwich,2017,Rent,-1.423,0.201,6555
E30000249,Nottingham,2017,Rent,-1.266,0.183,13047
E30000250,Oxford,2017,Rent,-1.722,0.182,20833
E30000253,Plymouth,2017,Rent,-1.434,0.204,5056
E30000254,Portsmouth,2017,Rent,-1.413,0.156,12290
E30000255,Preston,2017,Rent,-1.079,0.189,5483
E30000256,Reading,2017,Rent,-1.399,0.166,15110
E30000257,Redruth and Truro,2017,Rent,-1.581,0.263,6757
E30000260,Scunthorpe,2017,Rent,-1.422,0.176,2009
E30000261,Sheffield,2017,Rent,-1.24,0.179,9838
E30000262,Shrewsbury,2017,Rent,-1.371,0.196,4804
E30000264,Skegness and Louth,2017,Rent,-1.054,0.212,1939
E30000266,Slough and Heathrow,2017,Rent,-1.592,0.161,63162
E30000267,Southampton,2017,Rent,-1.568,0.17,15343
E30000268,Southend,2017,Rent,-1.106,0.161,9790
E30000271,Stafford,2017,Rent,-1.241,0.193,2696
E30000272,Stevenage and Welwyn Garden City,2017,Rent,-1.308,0.175,8961
E30000273,Stoke-on-Trent,2017,Rent,-1.22,0.175,5362
E30000275,Sunderland,2017,Rent,-0.968,0.228,3099
E30000276,Swindon,2017,Rent,-1.406,0.194,7209
E30000278,Telford,2017,Rent,-1.152,0.216,3095
E30000279,Torquay and Paignton,2017,Rent,-1.199,0.215,1988
E30000280,Trowbridge,2017,Rent,-1.598,0.164,9894
E30000281,Tunbridge Wells,2017,Rent,-1.206,0.172,6530
E30000283,Wakefield and Castleford,2017,Rent,-1.297,0.161,4462
E30000284,Warrington and Wigan,2017,Rent,-1.35,0.182,11840
E30000285,Weston-super-Mare,2017,Rent,-1.472,0.203,3699
E30000287,Wisbech,2017,Rent,-1.376,0.185,3331
E30000288,Wolverhampton and Walsall,2017,Rent,-1.52,0.186,10658
E30000289,Worcester and Kidderminster,2017,Rent,-1.527,0.196,4569
E30000291,Worksop and Retford,2017,Rent,-1.211,0.173,1694
E30000292,Worthing,2017,Rent,-1.158,0.173,4403
E30000293,Yeovil,2017,Rent,-1.669,0.179,8086
E30000294,York,2017,Rent,-0.846,0.22,5738
K01000005,Cinderford and Ross-on-Wye,2017,Rent,-1.153,0.203,1479
K01000010,Carlisle,2017,Rent,-1.202,0.212,2780
K01000011,Chester,2017,Rent,-1.734,0.197,10591
K01000013,Newport,2017,Rent,-1.4,0.166,4386
S22000013,Western Isles,2017,Rent,-1.412,0.415,558
S22000035,Orkney Islands,2017,Rent,-0.69,0.4,172
S22000039,Shetland Islands,2017,Rent,-1.432,0.623,310
S22000047,Aberdeen,2017,Rent,-1.112,0.227,6849
S22000051,Ayr,2017,Rent,-1.242,0.238,2253
S22000054,Dumbarton and Helensburgh,2017,Rent,-1.451,0.149,3030
S22000055,Dumfries,2017,Rent,-1.254,0.203,1907
S22000056,Dundee,2017,Rent,-1.536,0.21,3514
S22000057,Dunfermline and Kirkcaldy,2017,Rent,-1.139,0.2,4643
S22000059,Edinburgh,2017,Rent,-1.07,0.226,13816
S22000060,Elgin,2017,Rent,-1.161,0.206,845
S22000061,Falkirk and Stirling,2017,Rent,-1.166,0.175,3947
S22000063,Galashiels and Peebles,2017,Rent,-1.381,0.165,1627
S22000065,Glasgow,2017,Rent,-1.311,0.188,14324
S22000068,Inverness,2017,Rent,-1.552,0.217,2598
S22000069,Kilmarnock and Irvine,2017,Rent,-1.466,0.162,4258
S22000070,Livingston,2017,Rent,-1.155,0.176,2364
S22000071,Motherwell and Airdrie,2017,Rent,-1.455,0.181,7817
S22000074,Perth,2017,Rent,-1.237,0.176,1819
S22000085,Greenock,2017,Rent,-0.91,0.18,1256
W22000003,Bridgend,2017,Rent,-0.884,0.22,1446
W22000009,Haverfordwest and Milford Haven,2017,Rent,-0.924,0.303,846
W22000015,Newtown and Welshpool,2017,Rent,-1.351,0.226,1595
W22000021,Aberystwyth,2017,Rent,-1.305,0.273,1334
W22000022,Bangor and Holyhead,2017,Rent,-1.51,0.29,3548
W22000024,Cardiff,2017,Rent,-1.332,0.178,9178
W22000026,Colwyn Bay,2017,Rent,-1.631,0.256,2220
W22000028,Llanelli,2017,Rent,-1.006,0.226,1283
W22000029,Merthyr Tydfil,2017,Rent,-1.112,0.216,1445
W22000031,Rhyl,2017,Rent,-1.329,0.222,2102
W22000032,Swansea,2017,Rent,-0.838,0.211,2845
W22000034,Wrexham,2017,Rent,-1.571,0.188,2115
E30000004,Barnsley,2017,Sale,-1.4,0.147,5475
E30000018,Bradford,2017,Sale,-1.599,0.15,11725
E30000029,Halifax,2017,Sale,-1.253,0.146,6194
E30000046,Dorchester and Weymouth,2017,Sale,-1.394,0.142,15318
E30000054,Grantham,2017,Sale,-1.205,0.178,5362
E30000061,Hastings,2017,Sale,-0.855,0.141,4925
E30000070,Isle of Wight,2017,Sale,-0.904,0.149,2503
E30000076,Lancaster and Morecambe,2017,Sale,-1.093,0.198,2955
E30000093,Middlesbrough and Stockton,2017,Sale,-1.479,0.19,5700
E30000108,Peterborough,2017,Sale,-1.23,0.152,8356
E30000124,Spalding,2017,Sale,-1.08,0.164,4657
E30000135,Thetford and Mildenhall,2017,Sale,-0.94,0.162,5714
E30000159,Andover,2017,Sale,-1.204,0.148,6570
E30000160,Ashford,2017,Sale,-1.023,0.142,5260
E30000162,Barnstaple,2017,Sale,-1.489,0.163,3179
E30000163,Barrow-in-Furness,2017,Sale,-1.345,0.202,5307
E30000164,Basingstoke,2017,Sale,-1.353,0.133,15226
E30000165,Bath,2017,Sale,-1.325,0.175,9369
E30000166,Bedford,2017,Sale,-1.2,0.14,10056
E30000167,Bideford,2017,Sale,-1.015,0.194,4019
E30000168,Birkenhead,2017,Sale,-1.247,0.183,5868
E30000169,Birmingham,2017,Sale,-1.535,0.159,54640
E30000170,Blackburn,2017,Sale,-1.336,0.172,6796
E30000171,Blackpool,2017,Sale,-1.353,0.165,8245
E30000173,Blyth and Ashington,2017,Sale,-1.58,0.181,5505
E30000174,Boston,2017,Sale,-0.989,0.162,1361
E30000175,Bournemouth,2017,Sale,-1.159,0.13,13790
E30000179,Brighton,2017,Sale,-1.082,0.147,16553
E30000180,Bristol,2017,Sale,-1.583,0.156,27235
E30000182,Burnley,2017,Sale,-1.112,0.168,3628
E30000183,Burton upon Trent,2017,Sale,-1.322,0.151,6994
E30000184,Bury St Edmunds,2017,Sale,-1.221,0.144,7120
E30000186,Cambridge,2017,Sale,-1.365,0.127,35205
E30000187,Canterbury,2017,Sale,-0.878,0.13,7372
E30000188,Chelmsford,2017,Sale,-1.133,0.123,25165
E30000189,Cheltenham,2017,Sale,-1.085,0.169,6518
E30000190,Chesterfield,2017,Sale,-1.374,0.148,5088
E30000191,Chichester and Bognor Regis,2017,Sale,-1.06,0.132,9254
E30000192,Clacton,2017,Sale,-0.857,0.166,5382
E30000193,Colchester,2017,Sale,-1.016,0.135,9676
E30000195,Coventry,2017,Sale,-1.097,0.155,19029
E30000196,Crawley,2017,Sale,-1.222,0.116,38620
E30000197,Crewe,2017,Sale,-1.041,0.169,16818
E30000198,Cromer and Sheringham,2017,Sale,-0.905,0.186,5381
E30000199,Darlington,2017,Sale,-1.223,0.189,2935
E30000200,Derby,2017,Sale,-1.073,0.185,16827
E30000201,Doncaster,2017,Sale,-1.442,0.138,5026
E30000202,Dudley,2017,Sale,-1.721,0.185,20493
E30000203,Durham and Bishop Auckland,2017,Sale,-1.693,0.153,7238
E30000204,Eastbourne,2017,Sale,-1.065,0.123,12553
E30000205,Evesham,2017,Sale,-1.013,0.182,5879
E30000206,Exeter,2017,Sale,-1.52,0.145,12431
E30000208,Folkestone and Dover,2017,Sale,-1.011,0.137,4056
E30000209,Gloucester,2017,Sale,-1.197,0.158,10706
E30000210,Great Yarmouth,2017,Sale,-1.095,0.197,2753
E30000211,Grimsby,2017,Sale,-1.11,0.182,1597
E30000212,Guildford and Aldershot,2017,Sale,-1.271,0.116,37240
E30000214,Harrogate,2017,Sale,-1.438,0.149,17369
E30000215,Hartlepool,2017,Sale,-1.012,0.194,787
E30000216,Hereford,2017,Sale,-1.346,0.179,6990
E30000218,High Wycombe and Aylesbury,2017,Sale,-1.279,0.127,32220
E30000219,Huddersfield,2017,Sale,-1.475,0.15,11106
E30000220,Hull,2017,Sale,-1.417,0.175,8881
E30000221,Huntingdon,2017,Sale,-1.264,0.146,10217
E30000222,Ipswich,2017,Sale,-1.142,0.136,13516
E30000224,Kettering and Wellingborough,2017,Sale,-0.992,0.141,11292
E30000225,King's Lynn,2017,Sale,-1.193,0.147,6042
E30000226,Kingsbridge and Dartmouth,2017,Sale,-1.469,0.173,3430
E30000228,Leamington Spa,2017,Sale,-1.145,0.171,15534
E30000229,Leeds,2017,Sale,-1.45,0.157,23502
E30000230,Leicester,2017,Sale,-1.2,0.14,25597
E30000231,Lincoln,2017,Sale,-1.418,0.16,15123
E30000233,Liverpool,2017,Sale,-1.465,0.17,15097
E30000234,London,2017,Sale,-1.47,0.112,442844
E30000237,Luton,2017,Sale,-1.336,0.122,54835
E30000239,Manchester,2017,Sale,-1.336,0.149,59746
E30000240,Mansfield,2017,Sale,-1.062,0.192,8376
E30000241,Margate and Ramsgate,2017,Sale,-0.877,0.13,7444
E30000242,Medway,2017,Sale,-1.033,0.1,23678
E30000243,Milton Keynes,2017,Sale,-0.809,0.123,29401
E30000244,Newbury,2017,Sale,-1.355,0.136,14442
E30000245,Newcastle,2017,Sale,-1.63,0.182,11473
E30000247,Northampton,2017,Sale,-1.165,0.136,17663
E30000248,Norwich,2017,Sale,-1.213,0.161,13859
E30000249,Nottingham,2017,Sale,-1.077,0.164,20464
E30000250,Oxford,2017,Sale,-1.06,0.129,35198
E30000253,Plymouth,2017,Sale,-1.462,0.159,7926
E30000254,Portsmouth,2017,Sale,-0.983,0.119,21186
E30000255,Preston,2017,Sale,-1.547,0.156,9101
E30000256,Reading,2017,Sale,-1.332,0.131,28832
E30000257,Redruth and Truro,2017,Sale,-1.554,0.194,11246
E30000260,Scunthorpe,2017,Sale,-1.283,0.159,2840
E30000261,Sheffield,2017,Sale,-1.313,0.156,14456
E30000262,Shrewsbury,2017,Sale,-1.415,0.162,10520
E30000264,Skegness and Louth,2017,Sale,-1.4,0.179,5511
E30000266,Slough and Heathrow,2017,Sale,-1.447,0.108,128754
E30000267,Southampton,2017,Sale,-1.243,0.133,24260
E30000268,Southend,2017,Sale,-0.805,0.127,21604
E30000271,Stafford,2017,Sale,-1.015,0.18,4206
E30000272,Stevenage and Welwyn Garden City,2017,Sale,-1.35,0.132,20919
E30000273,Stoke-on-Trent,2017,Sale,-1.242,0.197,8550
E30000275,Sunderland,2017,Sale,-1.479,0.178,3708
E30000276,Swindon,2017,Sale,-1.391,0.15,12097
E30000278,Telford,2017,Sale,-1.16,0.183,4337
E30000279,Torquay and Paignton,2017,Sale,-1.517,0.153,3282
E30000280,Trowbridge,2017,Sale,-1.273,0.123,20572
E30000281,Tunbridge Wells,2017,Sale,-1.324,0.137,15334
E30000283,Wakefield and Castleford,2017,Sale,-1.538,0.158,7237
E30000284,Warrington and Wigan,2017,Sale,-1.552,0.164,17948
E30000285,Weston-super-Mare,2017,Sale,-1.545,0.175,8953
E30000287,Wisbech,2017,Sale,-1.36,0.155,7082
E30000288,Wolverhampton and Walsall,2017,Sale,-1.639,0.153,21762
E30000289,Worcester and Kidderminster,2017,Sale,-1.426,0.164,8396
E30000291,Worksop and Retford,2017,Sale,-1.135,0.157,3125
E30000292,Worthing,2017,Sale,-0.748,0.15,6844
E30000293,Yeovil,2017,Sale,-1.502,0.124,16965
E30000294,York,2017,Sale,-1.491,0.165,8506
K01000005,Cinderford and Ross-on-Wye,2017,Sale,-1.147,0.169,3330
K01000010,Carlisle,2017,Sale,-1.558,0.182,2976
K01000011,Chester,2017,Sale,-1.546,0.168,14013
K01000013,Newport,2017,Sale,-1.589,0.152,7674
S22000013,Western Isles,2017,Sale,-1.681,0.31,685
S22000035,Orkney Islands,2017,Sale,-1.605,0.299,403
S22000039,Shetland Islands,2017,Sale,-1.596,0.508,384
S22000047,Aberdeen,2017,Sale,-1.896,0.196,8863
S22000051,Ayr,2017,Sale,-1.595,0.189,4322
S22000054,Dumbarton and Helensburgh,2017,Sale,-1.822,0.142,8926
S22000055,Dumfries,2017,Sale,-1.558,0.178,3295
S22000056,Dundee,2017,Sale,-1.903,0.178,3447
S22000057,Dunfermline and Kirkcaldy,2017,Sale,-2.038,0.16,6945
S22000059,Edinburgh,2017,Sale,-1.913,0.188,25213
S22000060,Elgin,2017,Sale,-1.622,0.21,2073
S22000061,Falkirk and Stirling,2017,Sale,-1.914,0.151,9819
S22000063,Galashiels and Peebles,2017,Sale,-1.499,0.205,3459
S22000065,Glasgow,2017,Sale,-1.972,0.169,36004
S22000068,Inverness,2017,Sale,-2.317,0.196,4943
S22000069,Kilmarnock and Irvine,2017,Sale,-1.983,0.149,7904
S22000070,Livingston,2017,Sale,-1.877,0.158,6403
S22000071,Motherwell and Airdrie,2017,Sale,-2.246,0.172,24791
S22000074,Perth,2017,Sale,-1.84,0.154,4186
S22000085,Greenock,2017,Sale,-1.475,0.163,2858
W22000003,Bridgend,2017,Sale,-1.277,0.169,2070
W22000009,Haverfordwest and Milford Haven,2017,Sale,-1.598,0.266,2082
W22000015,Newtown and Welshpool,2017,Sale,-1.754,0.21,5496
W22000021,Aberystwyth,2017,Sale,-1.322,0.191,1188
W22000022,Bangor and Holyhead,2017,Sale,-1.892,0.229,3111
W22000024,Cardiff,2017,Sale,-1.498,0.146,12406
W22000026,Colwyn Bay,2017,Sale,-1.736,0.204,2725
W22000028,Llanelli,2017,Sale,-1.447,0.183,2380
W22000029,Merthyr Tydfil,2017,Sale,-1.272,0.178,2303
W22000031,Rhyl,2017,Sale,-1.729,0.172,3015
W22000032,Swansea,2017,Sale,-1.424,0.18,2404
W22000034,Wrexham,2017,Sale,-1.333,0.19,3018
E30000004,Barnsley,2018,Rent,-1.387,0.15,6660
E30000018,Bradford,2018,Rent,-1.405,0.175,18506
E30000029,Halifax,2018,Rent,-1.435,0.16,7749
E30000046,Dorchester and Weymouth,2018,Rent,-1.915,0.183,15685
E30000054,Grantham,2018,Rent,-1.329,0.189,5712
E30000061,Hastings,2018,Rent,-1.285,0.154,5698
E30000070,Isle of Wight,2018,Rent,-1.401,0.156,2798
E30000076,Lancaster and Morecambe,2018,Rent,-1.0,0.225,5812
E30000093,Middlesbrough and Stockton,2018,Rent,-1.396,0.197,10619
E30000108,Peterborough,2018,Rent,-1.815,0.176,11672
E30000124,Spalding,2018,Rent,-1.611,0.217,3100
E30000135,Thetford and Mildenhall,2018,Rent,-1.325,0.167,6911
E30000159,Andover,2018,Rent,-1.501,0.162,5314
E30000160,Ashford,2018,Rent,-1.345,0.171,5388
E30000162,Barnstaple,2018,Rent,-1.48,0.224,2674
E30000163,Barrow-in-Furness,2018,Rent,-1.588,0.224,6257
E30000164,Basingstoke,2018,Rent,-1.535,0.168,15605
E30000165,Bath,2018,Rent,-1.441,0.217,12491
E30000166,Bedford,2018,Rent,-1.44,0.208,9072
E30000167,Bideford,2018,Rent,-1.358,0.197,2750
E30000168,Birkenhead,2018,Rent,-1.486,0.206,12735
E30000169,Birmingham,2018,Rent,-1.6,0.178,55766
E30000170,Blackburn,2018,Rent,-1.503,0.177,9225
E30000171,Blackpool,2018,Rent,-1.428,0.178,10826
E30000173,Blyth and Ashington,2018,Rent,-1.259,0.199,6456
E30000174,Boston,2018,Rent,-1.288,0.218,1852
E30000175,Bournemouth,2018,Rent,-1.518,0.171,17640
E30000179,Brighton,2018,Rent,-1.384,0.194,21464
E30000180,Bristol,2018,Rent,-1.596,0.191,27936
E30000182,Burnley,2018,Rent,-1.569,0.157,5671
E30000183,Burton upon Trent,2018,Rent,-1.659,0.193,8076
E30000184,Bury St Edmunds,2018,Rent,-1.511,0.187,11777
E30000186,Cambridge,2018,Rent,-1.606,0.182,37197
E30000187,Canterbury,2018,Rent,-1.266,0.168,7709
E30000188,Chelmsford,2018,Rent,-1.61,0.161,22094
E30000189,Cheltenham,2018,Rent,-1.486,0.217,6613
E30000190,Chesterfield,2018,Rent,-1.318,0.176,5436
E30000191,Chichester and Bognor Regis,2018,Rent,-1.642,0.136,9662
E30000192,Clacton,2018,Rent,-1.471,0.165,8033
E30000193,Colchester,2018,Rent,-1.388,0.179,8797
E30000195,Coventry,2018,Rent,-1.49,0.193,26329
E30000196,Crawley,2018,Rent,-1.684,0.154,35973
E30000197,Crewe,2018,Rent,-1.433,0.196,16975
E30000198,Cromer and Sheringham,2018,Rent,-1.363,0.216,4687
E30000199,Darlington,2018,Rent,-1.225,0.204,3563
E30000200,Derby,2018,Rent,-1.729,0.182,15276
E30000201,Doncaster,2018,Rent,-1.727,0.15,7367
E30000202,Dudley,2018,Rent,-1.555,0.187,21119
E30000203,Durham and Bishop Auckland,2018,Rent,-1.25,0.208,15906
E30000204,Eastbourne,2018,Rent,-1.416,0.157,14513
E30000205,Evesham,2018,Rent,-1.385,0.203,4820
E30000206,Exeter,2018,Rent,-1.717,0.202,14283
E30000208,Folkestone and Dover,2018,Rent,-1.235,0.147,3738
E30000209,Gloucester,2018,Rent,-1.717,0.181,10887
E30000210,Great Yarmouth,2018,Rent,-1.28,0.227,4012
E30000211,Grimsby,2018,Rent,-1.43,0.203,4926
E30000212,Guildford and Aldershot,2018,Rent,-1.611,0.157,35696
E30000214,Harrogate,2018,Rent,-1.36,0.167,19172
E30000215,Hartlepool,2018,Rent,-1.479,0.214,2115
E30000216,Hereford,2018,Rent,-1.759,0.188,5432
E30000218,High Wycombe and Aylesbury,2018,Rent,-1.677,0.162,25258
E30000219,Huddersfield,2018,Rent,-1.384,0.169,13294
E30000220,Hull,2018,Rent,-1.493,0.2,12046
E30000221,Huntingdon,2018,Rent,-1.546,0.194,8734
E30000222,Ipswich,2018,Rent,-1.566,0.169,15926
E30000224,Kettering and Wellingborough,2018,Rent,-1.436,0.179,11499
E30000225,King's Lynn,2018,Rent,-1.587,0.177,5789
E30000226,Kingsbridge and Dartmouth,2018,Rent,-1.028,0.197,4110
E30000228,Leamington Spa,2018,Rent,-1.46,0.195,14698
E30000229,Leeds,2018,Rent,-1.449,0.178,31614
E30000230,Leicester,2018,Rent,-1.382,0.174,28311
E30000231,Lincoln,2018,Rent,-1.7,0.167,15659
E30000233,Liverpool,2018,Rent,-1.296,0.191,28744
E30000234,London,2018,Rent,-1.699,0.164,335840
E30000237,Luton,2018,Rent,-1.751,0.153,43675
E30000239,Manchester,2018,Rent,-1.314,0.186,65847
E30000240,Mansfield,2018,Rent,-1.444,0.191,9179
E30000241,Margate and Ramsgate,2018,Rent,-1.454,0.161,7358
E30000242,Medway,2018,Rent,-1.37,0.136,22509
E30000243,Milton Keynes,2018,Rent,-1.47,0.184,25240
E30000244,Newbury,2018,Rent,-1.599,0.198,11678
E30000245,Newcastle,2018,Rent,-1.291,0.212,18541
E30000247,Northampton,2018,Rent,-1.507,0.195,16328
E30000248,Norwich,2018,Rent,-1.682,0.212,12659
E30000249,Nottingham,2018,Rent,-1.294,0.19,29181
E30000250,Oxford,2018,Rent,-1.38,0.18,34852
E30000253,Plymouth,2018,Rent,-1.555,0.21,8970
E30000254,Portsmouth,2018,Rent,-1.42,0.147,22547
E30000255,Preston,2018,Rent,-1.377,0.182,10284
E30000256,Reading,2018,Rent,-1.491,0.17,28121
E30000257,Redruth and Truro,2018,Rent,-1.827,0.265,11485
E30000260,Scunthorpe,2018,Rent,-1.59,0.171,4672
E30000261,Sheffield,2018,Rent,-1.403,0.188,21454
E30000262,Shrewsbury,2018,Rent,-1.709,0.201,9510
E30000264,Skegness and Louth,2018,Rent,-1.869,0.174,4877
E30000266,Slough and Heathrow,2018,Rent,-1.509,0.153,118066
E30000267,Southampton,2018,Rent,-1.701,0.175,28025
E30000268,Southend,2018,Rent,-1.415,0.149,20035
E30000271,Stafford,2018,Rent,-1.434,0.196,4489
E30000272,Stevenage and Welwyn Garden City,2018,Rent,-1.561,0.181,17953
E30000273,Stoke-on-Trent,2018,Rent,-1.532,0.166,11214
E30000275,Sunderland,2018,Rent,-1.25,0.207,6590
E30000276,Swindon,2018,Rent,-1.781,0.172,13607
E30000278,Telford,2018,Rent,-1.608,0.167,6252
E30000279,Torquay and Paignton,2018,Rent,-1.476,0.19,3908
E30000280,Trowbridge,2018,Rent,-1.631,0.148,17950
E30000281,Tunbridge Wells,2018,Rent,-1.567,0.161,13734
E30000283,Wakefield and Castleford,2018,Rent,-1.424,0.161,10590
E30000284,Warrington and Wigan,2018,Rent,-1.557,0.173,23916
E30000285,Weston-super-Mare,2018,Rent,-1.626,0.185,7595
E30000287,Wisbech,2018,Rent,-1.786,0.178,6180
E30000288,Wolverhampton and Walsall,2018,Rent,-1.726,0.189,23865
E30000289,Worcester and Kidderminster,2018,Rent,-1.604,0.193,9003
E30000291,Worksop and Retford,2018,Rent,-1.612,0.172,4137
E30000292,Worthing,2018,Rent,-1.402,0.165,8872
E30000293,Yeovil,2018,Rent,-1.949,0.175,16720
E30000294,York,2018,Rent,-0.971,0.224,10892
K01000005,Cinderford and Ross-on-Wye,2018,Rent,-1.386,0.194,2856
K01000010,Carlisle,2018,Rent,-1.244,0.233,5034
K01000011,Chester,2018,Rent,-1.655,0.181,22253
K01000013,Newport,2018,Rent,-1.513,0.177,9377
S22000013,Western Isles,2018,Rent,-1.228,0.457,878
S22000035,Orkney Islands,2018,Rent,-1.239,0.353,489
S22000039,Shetland Islands,2018,Rent,-1.371,0.694,444
S22000047,Aberdeen,2018,Rent,-1.07,0.237,10702
S22000051,Ayr,2018,Rent,-1.582,0.193,4859
S22000054,Dumbarton and Helensburgh,2018,Rent,-1.447,0.164,7641
S22000055,Dumfries,2018,Rent,-1.776,0.2,4555
S22000056,Dundee,2018,Rent,-1.496,0.205,5653
S22000057,Dunfermline and Kirkcaldy,2018,Rent,-1.25,0.204,8912
S22000059,Edinburgh,2018,Rent,-1.17,0.211,22957
S22000060,Elgin,2018,Rent,-1.381,0.248,1779
S22000061,Falkirk and Stirling,2018,Rent,-1.398,0.177,9891
S22000063,Galashiels and Peebles,2018,Rent,-1.378,0.212,3550
S22000065,Glasgow,2018,Rent,-1.384,0.188,31120
S22000068,Inverness,2018,Rent,-1.888,0.231,4736
S22000069,Kilmarnock and Irvine,2018,Rent,-1.727,0.159,9841
S22000070,Livingston,2018,Rent,-1.436,0.188,5150
S22000071,Motherwell and Airdrie,2018,Rent,-1.417,0.188,18167
S22000074,Perth,2018,Rent,-1.229,0.18,4062
S22000085,Greenock,2018,Rent,-1.286,0.191,2784
W22000003,Bridgend,2018,Rent,-1.181,0.203,2552
W22000009,Haverfordwest and Milford Haven,2018,Rent,-0.956,0.301,1723
W22000015,Newtown and Welshpool,2018,Rent,-1.504,0.233,3532
W22000021,Aberystwyth,2018,Rent,-1.119,0.254,1921
W22000022,Bangor and Holyhead,2018,Rent,-1.696,0.291,4702
W22000024,Cardiff,2018,Rent,-1.357,0.17,19660
W22000026,Colwyn Bay,2018,Rent,-1.772,0.239,4150
W22000028,Llanelli,2018,Rent,-1.096,0.237,2331
W22000029,Merthyr Tydfil,2018,Rent,-1.364,0.19,2811
W22000031,Rhyl,2018,Rent,-1.948,0.204,5511
W22000032,Swansea,2018,Rent,-1.104,0.214,5763
W22000034,Wrexham,2018,Rent,-1.477,0.214,4946
E30000004,Barnsley,2018,Sale,-1.438,0.167,4772
E30000018,Bradford,2018,Sale,-1.595,0.15,11978
E30000029,Halifax,2018,Sale,-1.216,0.153,5742
E30000046,Dorchester and Weymouth,2018,Sale,-1.371,0.143,13583
E30000054,Grantham,2018,Sale,-1.168,0.149,5198
E30000061,Hastings,2018,Sale,-0.661,0.13,4909
E30000070,Isle of Wight,2018,Sale,-0.832,0.154,2210
E30000076,Lancaster and Morecambe,2018,Sale,-1.271,0.171,3002
E30000093,Middlesbrough and Stockton,2018,Sale,-1.777,0.169,4430
E30000108,Peterborough,2018,Sale,-1.33,0.163,9041
E30000124,Spalding,2018,Sale,-1.181,0.171,5105
E30000135,Thetford and Mildenhall,2018,Sale,-1.143,0.165,5049
E30000159,Andover,2018,Sale,-1.027,0.144,6004
E30000160,Ashford,2018,Sale,-0.836,0.129,4963
E30000162,Barnstaple,2018,Sale,-1.164,0.173,2879
E30000163,Barrow-in-Furness,2018,Sale,-1.413,0.185,5199
E30000164,Basingstoke,2018,Sale,-1.228,0.127,13395
E30000165,Bath,2018,Sale,-1.363,0.171,8756
E30000166,Bedford,2018,Sale,-0.906,0.154,9800
E30000167,Bideford,2018,Sale,-1.069,0.172,2725
E30000168,Birkenhead,2018,Sale,-1.288,0.187,5409
E30000169,Birmingham,2018,Sale,-1.541,0.137,55025
E30000170,Blackburn,2018,Sale,-1.434,0.156,7063
E30000171,Blackpool,2018,Sale,-1.566,0.161,6428
E30000173,Blyth and Ashington,2018,Sale,-1.654,0.179,5195
E30000174,Boston,2018,Sale,-0.974,0.174,1188
E30000175,Bournemouth,2018,Sale,-1.06,0.145,14292
E30000179,Brighton,2018,Sale,-0.847,0.154,15745
E30000180,Bristol,2018,Sale,-1.389,0.153,28097
E30000182,Burnley,2018,Sale,-1.006,0.18,3239
E30000183,Burton upon Trent,2018,Sale,-1.411,0.166,7407
E30000184,Bury St Edmunds,2018,Sale,-1.088,0.141,6412
E30000186,Cambridge,2018,Sale,-1.208,0.123,32218
E30000187,Canterbury,2018,Sale,-1.086,0.127,5784
E30000188,Chelmsford,2018,Sale,-1.066,0.138,23718
E30000189,Cheltenham,2018,Sale,-1.328,0.177,7109
E30000190,Chesterfield,2018,Sale,-1.31,0.164,5067
E30000191,Chichester and Bognor Regis,2018,Sale,-1.071,0.144,8346
E30000192,Clacton,2018,Sale,-0.943,0.163,5152
E30000193,Colchester,2018,Sale,-0.779,0.15,9064
E30000195,Coventry,2018,Sale,-1.127,0.153,19374
E30000196,Crawley,2018,Sale,-1.016,0.114,33352
E30000197,Crewe,2018,Sale,-1.257,0.163,15323
E30000198,Cromer and Sheringham,2018,Sale,-0.982,0.182,4757
E30000199,Darlington,2018,Sale,-1.592,0.174,2358
E30000200,Derby,2018,Sale,-1.322,0.148,13537
E30000201,Doncaster,2018,Sale,-1.504,0.163,5518
E30000202,Dudley,2018,Sale,-1.64,0.165,22045
E30000203,Durham and Bishop Auckland,2018,Sale,-1.57,0.181,8523
E30000204,Eastbourne,2018,Sale,-1.012,0.114,11459
E30000205,Evesham,2018,Sale,-0.992,0.179,4892
E30000206,Exeter,2018,Sale,-1.423,0.143,11567
E30000208,Folkestone and Dover,2018,Sale,-0.943,0.132,3021
E30000209,Gloucester,2018,Sale,-1.262,0.157,11378
E30000210,Great Yarmouth,2018,Sale,-1.33,0.205,3025
E30000211,Grimsby,2018,Sale,-1.368,0.165,1810
E30000212,Guildford and Aldershot,2018,Sale,-1.073,0.119,32912
E30000214,Harrogate,2018,Sale,-1.292,0.143,16244
E30000215,Hartlepool,2018,Sale,-1.206,0.224,979
E30000216,Hereford,2018,Sale,-1.463,0.177,5667
E30000218,High Wycombe and Aylesbury,2018,Sale,-1.061,0.124,26945
E30000219,Huddersfield,2018,Sale,-1.606,0.139,10326
E30000220,Hull,2018,Sale,-1.521,0.175,8031
E30000221,Huntingdon,2018,Sale,-1.307,0.147,9137
E30000222,Ipswich,2018,Sale,-1.012,0.142,12594
E30000224,Kettering and Wellingborough,2018,Sale,-0.832,0.152,10677
E30000225,King's Lynn,2018,Sale,-1.166,0.146,5846
E30000226,Kingsbridge and Dartmouth,2018,Sale,-1.429,0.156,2990
E30000228,Leamington Spa,2018,Sale,-1.059,0.169,13577
E30000229,Leeds,2018,Sale,-1.67,0.133,23845
E30000230,Leicester,2018,Sale,-1.193,0.14,25386
E30000231,Lincoln,2018,Sale,-1.366,0.172,18324
E30000233,Liverpool,2018,Sale,-1.381,0.156,13307
E30000234,London,2018,Sale,-1.454,0.126,394253
E30000237,Luton,2018,Sale,-1.23,0.12,45659
E30000239,Manchester,2018,Sale,-1.581,0.148,53956
E30000240,Mansfield,2018,Sale,-1.311,0.168,7541
E30000241,Margate and Ramsgate,2018,Sale,-0.803,0.144,5596
E30000242,Medway,2018,Sale,-1.002,0.107,21981
E30000243,Milton Keynes,2018,Sale,-0.868,0.135,23124
E30000244,Newbury,2018,Sale,-1.238,0.15,11719
E30000245,Newcastle,2018,Sale,-1.506,0.182,11233
E30000247,Northampton,2018,Sale,-1.099,0.147,15437
E30000248,Norwich,2018,Sale,-1.084,0.151,11249
E30000249,Nottingham,2018,Sale,-1.249,0.157,18973
E30000250,Oxford,2018,Sale,-1.076,0.133,26840
E30000253,Plymouth,2018,Sale,-1.389,0.162,6462
E30000254,Portsmouth,2018,Sale,-0.959,0.12,18673
E30000255,Preston,2018,Sale,-1.447,0.168,8459
E30000256,Reading,2018,Sale,-1.152,0.132,25655
E30000257,Redruth and Truro,2018,Sale,-1.571,0.208,11149
E30000260,Scunthorpe,2018,Sale,-1.228,0.198,3057
E30000261,Sheffield,2018,Sale,-1.313,0.147,13703
E30000262,Shrewsbury,2018,Sale,-1.452,0.17,9959
E30000264,Skegness and Louth,2018,Sale,-1.317,0.173,4470
E30000266,Slough and Heathrow,2018,Sale,-1.39,0.118,106532
E30000267,Southampton,2018,Sale,-1.297,0.118,22138
E30000268,Southend,2018,Sale,-0.922,0.128,20148
E30000271,Stafford,2018,Sale,-1.248,0.167,4642
E30000272,Stevenage and Welwyn Garden City,2018,Sale,-1.143,0.124,17613
E30000273,Stoke-on-Trent,2018,Sale,-1.178,0.164,7859
E30000275,Sunderland,2018,Sale,-1.675,0.18,4154
E30000276,Swindon,2018,Sale,-1.32,0.13,11835
E30000278,Telford,2018,Sale,-1.118,0.179,4214
E30000279,Torquay and Paignton,2018,Sale,-1.45,0.138,2990
E30000280,Trowbridge,2018,Sale,-1.388,0.125,18718
E30000281,Tunbridge Wells,2018,Sale,-1.098,0.132,13700
E30000283,Wakefield and Castleford,2018,Sale,-1.553,0.168,8663
E30000284,Warrington and Wigan,2018,Sale,-1.496,0.169,17076
E30000285,Weston-super-Mare,2018,Sale,-1.658,0.163,8680
E30000287,Wisbech,2018,Sale,-1.403,0.172,6067
E30000288,Wolverhampton and Walsall,2018,Sale,-1.598,0.167,20943
E30000289,Worcester and Kidderminster,2018,Sale,-1.337,0.161,8694
E30000291,Worksop and Retford,2018,Sale,-0.986,0.174,3962
E30000292,Worthing,2018,Sale,-0.793,0.148,6206
E30000293,Yeovil,2018,Sale,-1.692,0.147,17113
E30000294,York,2018,Sale,-1.136,0.167,8259
K01000005,Cinderford and Ross-on-Wye,2018,Sale,-1.047,0.175,3421
K01000010,Carlisle,2018,Sale,-1.327,0.189,2757
K01000011,Chester,2018,Sale,-1.427,0.171,14700
K01000013,Newport,2018,Sale,-1.535,0.148,8808
S22000013,Western Isles,2018,Sale,-2.003,0.308,714
S22000035,Orkney Islands,2018,Sale,-1.96,0.398,365
S22000039,Shetland Islands,2018,Sale,-1.07,0.444,1973
S22000047,Aberdeen,2018,Sale,-1.68,0.194,8370
S22000051,Ayr,2018,Sale,-1.859,0.204,4549
S22000054,Dumbarton and Helensburgh,2018,Sale,-1.882,0.144,9226
S22000055,Dumfries,2018,Sale,-1.847,0.176,3436
S22000056,Dundee,2018,Sale,-1.82,0.191,2671
S22000057,Dunfermline and Kirkcaldy,2018,Sale,-1.824,0.18,7455
S22000059,Edinburgh,2018,Sale,-1.975,0.182,25955
S22000060,Elgin,2018,Sale,-1.601,0.198,1968
S22000061,Falkirk and Stirling,2018,Sale,-2.221,0.143,10621
S22000063,Galashiels and Peebles,2018,Sale,-1.446,0.208,3088
S22000065,Glasgow,2018,Sale,-1.971,0.168,45659
S22000068,Inverness,2018,Sale,-2.314,0.18,4457
S22000069,Kilmarnock and Irvine,2018,Sale,-1.956,0.15,9568
S22000070,Livingston,2018,Sale,-1.925,0.161,6746
S22000071,Motherwell and Airdrie,2018,Sale,-2.243,0.171,25607
S22000074,Perth,2018,Sale,-1.682,0.181,5812
S22000085,Greenock,2018,Sale,-1.462,0.195,3383
W22000003,Bridgend,2018,Sale,-1.346,0.163,2326
W22000009,Haverfordwest and Milford Haven,2018,Sale,-1.558,0.206,999
W22000015,Newtown and Welshpool,2018,Sale,-1.61,0.189,4203
W22000021,Aberystwyth,2018,Sale,-0.948,0.201,1063
W22000022,Bangor and Holyhead,2018,Sale,-1.972,0.213,2932
W22000024,Cardiff,2018,Sale,-1.547,0.154,13209
W22000026,Colwyn Bay,2018,Sale,-1.592,0.216,2714
W22000028,Llanelli,2018,Sale,-1.458,0.186,1964
W22000029,Merthyr Tydfil,2018,Sale,-1.244,0.209,2602
W22000031,Rhyl,2018,Sale,-1.593,0.188,3000
W22000032,Swansea,2018,Sale,-1.174,0.183,2820
W22000034,Wrexham,2018,Sale,-1.362,0.189,3278
E30000004,Barnsley,2019,Rent,-1.443,0.18,7879
E30000018,Bradford,2019,Rent,-1.561,0.17,20201
E30000029,Halifax,2019,Rent,-1.384,0.167,8764
E30000046,Dorchester and Weymouth,2019,Rent,-1.957,0.192,16590
E30000054,Grantham,2019,Rent,-1.427,0.208,6338
E30000061,Hastings,2019,Rent,-1.502,0.152,5610
E30000070,Isle of Wight,2019,Rent,-1.429,0.164,3161
E30000076,Lancaster and Morecambe,2019,Rent,-1.312,0.208,6669
E30000093,Middlesbrough and Stockton,2019,Rent,-1.618,0.207,11068
E30000108,Peterborough,2019,Rent,-1.792,0.186,11121
E30000124,Spalding,2019,Rent,-1.729,0.191,3109
E30000135,Thetford and Mildenhall,2019,Rent,-1.471,0.171,6510
E30000159,Andover,2019,Rent,-1.493,0.195,5860
E30000160,Ashford,2019,Rent,-1.458,0.154,5821
E30000162,Barnstaple,2019,Rent,-1.578,0.229,3188
E30000163,Barrow-in-Furness,2019,Rent,-1.428,0.208,6659
E30000164,Basingstoke,2019,Rent,-1.409,0.183,17734
E30000165,Bath,2019,Rent,-1.398,0.207,13227
E30000166,Bedford,2019,Rent,-1.554,0.2,10365
E30000167,Bideford,2019,Rent,-1.632,0.226,2531
E30000168,Birkenhead,2019,Rent,-1.553,0.194,13836
E30000169,Birmingham,2019,Rent,-1.675,0.182,60882
E30000170,Blackburn,2019,Rent,-1.443,0.177,11306
E30000171,Blackpool,2019,Rent,-1.478,0.178,12615
E30000173,Blyth and Ashington,2019,Rent,-1.237,0.202,7623
E30000174,Boston,2019,Rent,-1.645,0.226,2465
E30000175,Bournemouth,2019,Rent,-1.634,0.179,18362
E30000179,Brighton,2019,Rent,-1.417,0.181,23249
E30000180,Bristol,2019,Rent,-1.605,0.193,29094
E30000182,Burnley,2019,Rent,-1.186,0.168,5768
E30000183,Burton upon Trent,2019,Rent,-1.557,0.196,8669
E30000184,Bury St Edmunds,2019,Rent,-1.581,0.201,12235
E30000186,Cambridge,2019,Rent,-1.573,0.194,44741
E30000187,Canterbury,2019,Rent,-1.167,0.181,7999
E30000188,Chelmsford,2019,Rent,-1.56,0.179,22173
E30000189,Cheltenham,2019,Rent,-1.279,0.21,6942
E30000190,Chesterfield,2019,Rent,-1.47,0.192,6516
E30000191,Chichester and Bognor Regis,2019,Rent,-1.396,0.161,13601
E30000192,Clacton,2019,Rent,-1.425,0.182,7343
E30000193,Colchester,2019,Rent,-1.332,0.182,9337
E30000195,Coventry,2019,Rent,-1.341,0.18,28558
E30000196,Crawley,2019,Rent,-1.511,0.149,37565
E30000197,Crewe,2019,Rent,-1.21,0.204,18877
E30000198,Cromer and Sheringham,2019,Rent,-1.55,0.21,4834
E30000199,Darlington,2019,Rent,-1.086,0.215,3553
E30000200,Derby,2019,Rent,-1.673,0.179,17882
E30000201,Doncaster,2019,Rent,-1.699,0.16,8843
E30000202,Dudley,2019,Rent,-1.589,0.182,23806
E30000203,Durham and Bishop Auckland,2019,Rent,-1.309,0.2,14704
E30000204,Eastbourne,2019,Rent,-1.66,0.159,16274
E30000205,Evesham,2019,Rent,-1.768,0.187,5499
E30000206,Exeter,2019,Rent,-1.455,0.214,13843
E30000208,Folkestone and Dover,2019,Rent,-1.345,0.155,3310
E30000209,Gloucester,2019,Rent,-1.615,0.158,11249
E30000210,Great Yarmouth,2019,Rent,-1.598,0.231,3983
E30000211,Grimsby,2019,Rent,-1.67,0.179,4614
E30000212,Guildford and Aldershot,2019,Rent,-1.715,0.167,39211
E30000214,Harrogate,2019,Rent,-1.605,0.168,20125
E30000215,Hartlepool,2019,Rent,-1.512,0.18,2214
E30000216,Hereford,2019,Rent,-1.513,0.184,5092
E30000218,High Wycombe and Aylesbury,2019,Rent,-1.607,0.17,27955
E30000219,Huddersfield,2019,Rent,-1.501,0.161,16192
E30000220,Hull,2019,Rent,-1.506,0.197,13353
E30000221,Huntingdon,2019,Rent,-1.618,0.172,8190
E30000222,Ipswich,2019,Rent,-1.624,0.165,15920
E30000224,Kettering and Wellingborough,2019,Rent,-1.492,0.164,12471
E30000225,King's Lynn,2019,Rent,-1.569,0.188,6591
E30000226,Kingsbridge and Dartmouth,2019,Rent,-1.141,0.183,3804
E30000228,Leamington Spa,2019,Rent,-1.509,0.213,15549
E30000229,Leeds,2019,Rent,-1.508,0.183,37750
E30000230,Leicester,2019,Rent,-1.653,0.177,31479
E30000231,Lincoln,2019,Rent,-1.65,0.174,17229
E30000233,Liverpool,2019,Rent,-1.499,0.185,36942
E30000234,London,2019,Rent,-1.633,0.159,377992
E30000237,Luton,2019,Rent,-1.591,0.163,45502
E30000239,Manchester,2019,Rent,-1.355,0.177,76608
E30000240,Mansfield,2019,Rent,-1.355,0.182,9196
E30000241,Margate and Ramsgate,2019,Rent,-1.423,0.162,7715
E30000242,Medway,2019,Rent,-1.4,0.135,25219
E30000243,Milton Keynes,2019,Rent,-1.319,0.187,27958
E30000244,Newbury,2019,Rent,-1.618,0.196,13326
E30000245,Newcastle,2019,Rent,-1.083,0.224,19607
E30000247,Northampton,2019,Rent,-1.595,0.182,19573
E30000248,Norwich,2019,Rent,-1.59,0.207,13465
E30000249,Nottingham,2019,Rent,-1.531,0.19,30549
E30000250,Oxford,2019,Rent,-1.419,0.186,34384
E30000253,Plymouth,2019,Rent,-1.477,0.219,9240
E30000254,Portsmouth,2019,Rent,-1.445,0.153,24834
E30000255,Preston,2019,Rent,-1.254,0.195,11799
E30000256,Reading,2019,Rent,-1.529,0.178,31314
E30000257,Redruth and Truro,2019,Rent,-1.738,0.263,11746
E30000260,Scunthorpe,2019,Rent,-1.417,0.197,5177
E30000261,Sheffield,2019,Rent,-1.599,0.191,22814
E30000262,Shrewsbury,2019,Rent,-1.668,0.217,11033
E30000264,Skegness and Louth,2019,Rent,-1.601,0.186,4967
E30000266,Slough and Heathrow,2019,Rent,-1.616,0.156,133430
E30000267,Southampton,2019,Rent,-1.521,0.177,29630
E30000268,Southend,2019,Rent,-1.199,0.138,21036
E30000271,Stafford,2019,Rent,-1.472,0.165,4997
E30000272,Stevenage and Welwyn Garden City,2019,Rent,-1.506,0.171,18838
E30000273,Stoke-on-Trent,2019,Rent,-1.636,0.165,12521
E30000275,Sunderland,2019,Rent,-1.366,0.217,7918
E30000276,Swindon,2019,Rent,-1.731,0.185,13954
E30000278,Telford,2019,Rent,-1.477,0.178,6812
E30000279,Torquay and Paignton,2019,Rent,-1.438,0.181,3980
E30000280,Trowbridge,2019,Rent,-1.718,0.159,19314
E30000281,Tunbridge Wells,2019,Rent,-1.565,0.16,13821
E30000283,Wakefield and Castleford,2019,Rent,-1.607,0.17,12213
E30000284,Warrington and Wigan,2019,Rent,-1.702,0.16,27659
E30000285,Weston-super-Mare,2019,Rent,-1.468,0.213,8875
E30000287,Wisbech,2019,Rent,-1.804,0.182,7291
E30000288,Wolverhampton and Walsall,2019,Rent,-1.763,0.183,24981
E30000289,Worcester and Kidderminster,2019,Rent,-1.91,0.214,9846
E30000291,Worksop and Retford,2019,Rent,-1.414,0.178,4662
E30000292,Worthing,2019,Rent,-1.355,0.171,9599
E30000293,Yeovil,2019,Rent,-1.869,0.181,17338
E30000294,York,2019,Rent,-1.091,0.214,11011
K01000005,Cinderford and Ross-on-Wye,2019,Rent,-1.894,0.181,3534
K01000010,Carlisle,2019,Rent,-1.496,0.202,5066
K01000011,Chester,2019,Rent,-1.683,0.197,23135
K01000013,Newport,2019,Rent,-1.722,0.146,10400
S22000013,Western Isles,2019,Rent,-1.372,0.404,800
S22000035,Orkney Islands,2019,Rent,-1.705,0.321,323
S22000039,Shetland Islands,2019,Rent,-1.116,0.53,321
S22000047,Aberdeen,2019,Rent,-1.059,0.24,10722
S22000051,Ayr,2019,Rent,-1.329,0.226,4688
S22000054,Dumbarton and Helensburgh,2019,Rent,-1.551,0.167,8111
S22000055,Dumfries,2019,Rent,-1.713,0.184,3814
S22000056,Dundee,2019,Rent,-1.472,0.213,6241
S22000057,Dunfermline and Kirkcaldy,2019,Rent,-1.254,0.191,9968
S22000059,Edinburgh,2019,Rent,-1.228,0.213,24806
S22000060,Elgin,2019,Rent,-1.135,0.278,1922
S22000061,Falkirk and Stirling,2019,Rent,-1.438,0.172,10799
S22000063,Galashiels and Peebles,2019,Rent,-1.302,0.192,3559
S22000065,Glasgow,2019,Rent,-1.302,0.197,34884
S22000068,Inverness,2019,Rent,-1.748,0.228,5352
S22000069,Kilmarnock and Irvine,2019,Rent,-1.795,0.163,11689
S22000070,Livingston,2019,Rent,-1.338,0.186,6419
S22000071,Motherwell and Airdrie,2019,Rent,-1.337,0.172,21006
S22000074,Perth,2019,Rent,-1.302,0.194,4647
S22000085,Greenock,2019,Rent,-1.154,0.179,2686
W22000003,Bridgend,2019,Rent,-1.169,0.22,2625
W22000009,Haverfordwest and Milford Haven,2019,Rent,-0.988,0.275,1656
W22000015,Newtown and Welshpool,2019,Rent,-1.525,0.241,3377
W22000021,Aberystwyth,2019,Rent,-1.107,0.258,1960
W22000022,Bangor and Holyhead,2019,Rent,-1.667,0.271,4957
W22000024,Cardiff,2019,Rent,-1.538,0.182,20698
W22000026,Colwyn Bay,2019,Rent,-1.97,0.24,4596
W22000028,Llanelli,2019,Rent,-1.023,0.233,2542
W22000029,Merthyr Tydfil,2019,Rent,-1.355,0.209,2935
W22000031,Rhyl,2019,Rent,-1.914,0.213,5355
W22000032,Swansea,2019,Rent,-1.061,0.225,5957
W22000034,Wrexham,2019,Rent,-1.683,0.185,4864
E30000004,Barnsley,2019,Sale,-1.549,0.14,5748
E30000018,Bradford,2019,Sale,-1.701,0.139,12041
E30000029,Halifax,2019,Sale,-1.269,0.149,5600
E30000046,Dorchester and Weymouth,2019,Sale,-1.353,0.147,13241
E30000054,Grantham,2019,Sale,-1.121,0.167,4719
E30000061,Hastings,2019,Sale,-0.971,0.142,4142
E30000070,Isle of Wight,2019,Sale,-0.69,0.127,2105
E30000076,Lancaster and Morecambe,2019,Sale,-1.374,0.158,3492
E30000093,Middlesbrough and Stockton,2019,Sale,-1.617,0.179,4973
E30000108,Peterborough,2019,Sale,-1.332,0.155,8326
E30000124,Spalding,2019,Sale,-1.198,0.164,3447
E30000135,Thetford and Mildenhall,2019,Sale,-1.042,0.151,5058
E30000159,Andover,2019,Sale,-1.007,0.157,5324
E30000160,Ashford,2019,Sale,-0.786,0.133,4924
E30000162,Barnstaple,2019,Sale,-1.038,0.17,2511
E30000163,Barrow-in-Furness,2019,Sale,-1.446,0.182,5473
E30000164,Basingstoke,2019,Sale,-1.187,0.141,13429
E30000165,Bath,2019,Sale,-1.341,0.165,7653
E30000166,Bedford,2019,Sale,-1.085,0.144,8624
E30000167,Bideford,2019,Sale,-1.228,0.169,2194
E30000168,Birkenhead,2019,Sale,-1.299,0.185,5823
E30000169,Birmingham,2019,Sale,-1.323,0.15,51464
E30000170,Blackburn,2019,Sale,-1.442,0.172,6835
E30000171,Blackpool,2019,Sale,-1.505,0.158,6189
E30000173,Blyth and Ashington,2019,Sale,-1.575,0.195,5493
E30000174,Boston,2019,Sale,-1.216,0.15,1426
E30000175,Bournemouth,2019,Sale,-1.028,0.136,12080
E30000179,Brighton,2019,Sale,-0.912,0.153,15215
E30000180,Bristol,2019,Sale,-1.575,0.163,25872
E30000182,Burnley,2019,Sale,-1.367,0.158,3471
E30000183,Burton upon Trent,2019,Sale,-1.168,0.168,7506
E30000184,Bury St Edmunds,2019,Sale,-1.165,0.158,6621
E30000186,Cambridge,2019,Sale,-1.227,0.139,28281
E30000187,Canterbury,2019,Sale,-0.918,0.15,5189
E30000188,Chelmsford,2019,Sale,-1.255,0.127,20768
E30000189,Cheltenham,2019,Sale,-1.099,0.177,5959
E30000190,Chesterfield,2019,Sale,-1.273,0.18,5253
E30000191,Chichester and Bognor Regis,2019,Sale,-1.099,0.135,8626
E30000192,Clacton,2019,Sale,-0.823,0.159,4616
E30000193,Colchester,2019,Sale,-0.99,0.143,8195
E30000195,Coventry,2019,Sale,-1.041,0.162,17997
E30000196,Crawley,2019,Sale,-1.099,0.105,34545
E30000197,Crewe,2019,Sale,-1.183,0.161,14849
E30000198,Cromer and Sheringham,2019,Sale,-0.863,0.186,4639
E30000199,Darlington,2019,Sale,-1.405,0.181,2031
E30000200,Derby,2019,Sale,-1.14,0.152,13304
E30000201,Doncaster,2019,Sale,-1.656,0.165,6215
E30000202,Dudley,2019,Sale,-1.475,0.173,21478
E30000203,Durham and Bishop Auckland,2019,Sale,-1.634,0.169,8302
E30000204,Eastbourne,2019,Sale,-0.994,0.134,10952
E30000205,Evesham,2019,Sale,-1.267,0.175,4799
E30000206,Exeter,2019,Sale,-1.407,0.152,10442
E30000208,Folkestone and Dover,2019,Sale,-1.03,0.147,2932
E30000209,Gloucester,2019,Sale,-1.258,0.167,9244
E30000210,Great Yarmouth,2019,Sale,-1.409,0.185,2479
E30000211,Grimsby,2019,Sale,-1.248,0.178,1777
E30000212,Guildford and Aldershot,2019,Sale,-1.16,0.123,31152
E30000214,Harrogate,2019,Sale,-1.52,0.154,15719
E30000215,Hartlepool,2019,Sale,-1.371,0.177,1028
E30000216,Hereford,2019,Sale,-1.449,0.16,5496
E30000218,High Wycombe and Aylesbury,2019,Sale,-1.198,0.127,25822
E30000219,Huddersfield,2019,Sale,-1.596,0.142,11205
E30000220,Hull,2019,Sale,-1.302,0.183,7731
E30000221,Huntingdon,2019,Sale,-1.174,0.154,6964
E30000222,Ipswich,2019,Sale,-1.125,0.141,12956
E30000224,Kettering and Wellingborough,2019,Sale,-0.886,0.144,10472
E30000225,King's Lynn,2019,Sale,-1.334,0.161,4621
E30000226,Kingsbridge and Dartmouth,2019,Sale,-1.548,0.153,2939
E30000228,Leamington Spa,2019,Sale,-1.067,0.185,12823
E30000229,Leeds,2019,Sale,-1.615,0.157,23932
E30000230,Leicester,2019,Sale,-1.17,0.157,22769
E30000231,Lincoln,2019,Sale,-1.303,0.148,11726
E30000233,Liverpool,2019,Sale,-1.476,0.163,14143
E30000234,London,2019,Sale,-1.472,0.122,382601
E30000237,Luton,2019,Sale,-1.173,0.115,41927
E30000239,Manchester,2019,Sale,-1.407,0.147,54511
E30000240,Mansfield,2019,Sale,-1.14,0.184,8264
E30000241,Margate and Ramsgate,2019,Sale,-0.884,0.142,5274
E30000242,Medway,2019,Sale,-0.975,0.1,18898
E30000243,Milton Keynes,2019,Sale,-0.906,0.136,19065
E30000244,Newbury,2019,Sale,-1.224,0.152,11547
E30000245,Newcastle,2019,Sale,-1.631,0.201,11189
E30000247,Northampton,2019,Sale,-0.903,0.149,15729
E30000248,Norwich,2019,Sale,-1.196,0.149,10657
E30000249,Nottingham,2019,Sale,-1.349,0.169,18730
E30000250,Oxford,2019,Sale,-1.099,0.141,24646
E30000253,Plymouth,2019,Sale,-1.296,0.153,5444
E30000254,Portsmouth,2019,Sale,-0.879,0.127,18055
E30000255,Preston,2019,Sale,-1.652,0.156,8079
E30000256,Reading,2019,Sale,-1.21,0.139,22648
E30000257,Redruth and Truro,2019,Sale,-0.92,0.197,9434
E30000260,Scunthorpe,2019,Sale,-1.272,0.169,3900
E30000261,Sheffield,2019,Sale,-1.477,0.151,15283
E30000262,Shrewsbury,2019,Sale,-1.443,0.168,9472
E30000264,Skegness and Louth,2019,Sale,-1.328,0.167,4188
E30000266,Slough and Heathrow,2019,Sale,-1.437,0.119,109799
E30000267,Southampton,2019,Sale,-1.131,0.134,19555
E30000268,Southend,2019,Sale,-0.967,0.137,19076
E30000271,Stafford,2019,Sale,-1.2,0.174,4040
E30000272,Stevenage and Welwyn Garden City,2019,Sale,-1.127,0.134,16571
E30000273,Stoke-on-Trent,2019,Sale,-1.099,0.172,7677
E30000275,Sunderland,2019,Sale,-1.667,0.186,4240
E30000276,Swindon,2019,Sale,-1.376,0.15,11518
E30000278,Telford,2019,Sale,-0.997,0.176,3681
E30000279,Torquay and Paignton,2019,Sale,-1.453,0.147,3222
E30000280,Trowbridge,2019,Sale,-1.31,0.12,18885
E30000281,Tunbridge Wells,2019,Sale,-1.211,0.125,13427
E30000283,Wakefield and Castleford,2019,Sale,-1.553,0.159,9306
E30000284,Warrington and Wigan,2019,Sale,-1.6,0.16,17515
E30000285,Weston-super-Mare,2019,Sale,-1.352,0.166,8210
E30000287,Wisbech,2019,Sale,-1.396,0.159,5483
E30000288,Wolverhampton and Walsall,2019,Sale,-1.431,0.165,19886
E30000289,Worcester and Kidderminster,2019,Sale,-1.372,0.169,9397
E30000291,Worksop and Retford,2019,Sale,-1.15,0.18,3959
E30000292,Worthing,2019,Sale,-0.857,0.147,5687
E30000293,Yeovil,2019,Sale,-1.516,0.138,14449
E30000294,York,2019,Sale,-1.219,0.171,7638
K01000005,Cinderford and Ross-on-Wye,2019,Sale,-1.311,0.153,2939
K01000010,Carlisle,2019,Sale,-1.378,0.191,2837
K01000011,Chester,2019,Sale,-1.414,0.169,15218
K01000013,Newport,2019,Sale,-1.646,0.157,8904
S22000013,Western Isles,2019,Sale,-2.435,0.342,926
S22000035,Orkney Islands,2019,Sale,-1.14,0.347,377
S22000039,Shetland Islands,2019,Sale,-1.392,0.494,316
S22000047,Aberdeen,2019,Sale,-1.884,0.199,6990
S22000051,Ayr,2019,Sale,-1.804,0.178,5053
S22000054,Dumbarton and Helensburgh,2019,Sale,-1.942,0.137,10350
S22000055,Dumfries,2019,Sale,-1.885,0.196,3358
S22000056,Dundee,2019,Sale,-2.028,0.17,3032
S22000057,Dunfermline and Kirkcaldy,2019,Sale,-1.972,0.181,7461
S22000059,Edinburgh,2019,Sale,-2.029,0.181,26204
S22000060,Elgin,2019,Sale,-1.727,0.214,1750
S22000061,Falkirk and Stirling,2019,Sale,-2.117,0.164,12470
S22000063,Galashiels and Peebles,2019,Sale,-1.774,0.15,2775
S22000065,Glasgow,2019,Sale,-2.173,0.181,48316
S22000068,Inverness,2019,Sale,-2.335,0.197,4253
S22000069,Kilmarnock and Irvine,2019,Sale,-2.06,0.137,10176
S22000070,Livingston,2019,Sale,-1.959,0.176,8252
S22000071,Motherwell and Airdrie,2019,Sale,-2.165,0.165,27591
S22000074,Perth,2019,Sale,-1.732,0.162,5037
S22000085,Greenock,2019,Sale,-1.455,0.151,3220
W22000003,Bridgend,2019,Sale,-1.232,0.177,2195
W22000009,Haverfordwest and Milford Haven,2019,Sale,-1.603,0.202,1207
W22000015,Newtown and Welshpool,2019,Sale,-1.4,0.196,3425
W22000021,Aberystwyth,2019,Sale,-1.068,0.199,1254
W22000022,Bangor and Holyhead,2019,Sale,-1.842,0.213,3100
W22000024,Cardiff,2019,Sale,-1.537,0.153,12306
W22000026,Colwyn Bay,2019,Sale,-1.593,0.189,2685
W22000028,Llanelli,2019,Sale,-1.531,0.176,1907
W22000029,Merthyr Tydfil,2019,Sale,-1.556,0.198,2621
W22000031,Rhyl,2019,Sale,-1.417,0.194,3190
W22000032,Swansea,2019,Sale,-1.534,0.195,3103
W22000034,Wrexham,2019,Sale,-1.449,0.191,3730
E30000004,Barnsley,2020,Rent,-1.79,0.155,14068
E30000018,Bradford,2020,Rent,-1.713,0.162,31234
E30000029,Halifax,2020,Rent,-1.495,0.164,13143
E30000046,Dorchester and Weymouth,2020,Rent,-1.75,0.194,24118
E30000054,Grantham,2020,Rent,-1.748,0.173,9203
E30000061,Hastings,2020,Rent,-1.334,0.156,8961
E30000070,Isle of Wight,2020,Rent,-1.453,0.173,4125
E30000076,Lancaster and Morecambe,2020,Rent,-1.513,0.209,8836
E30000093,Middlesbrough and Stockton,2020,Rent,-1.536,0.174,17430
E30000108,Peterborough,2020,Rent,-1.982,0.174,17308
E30000124,Spalding,2020,Rent,-1.595,0.195,5377
E30000135,Thetford and Mildenhall,2020,Rent,-1.443,0.178,10084
E30000159,Andover,2020,Rent,-1.443,0.161,8232
E30000160,Ashford,2020,Rent,-1.313,0.145,9075
E30000162,Barnstaple,2020,Rent,-1.341,0.211,4700
E30000163,Barrow-in-Furness,2020,Rent,-1.578,0.219,9787
E30000164,Basingstoke,2020,Rent,-1.642,0.151,21890
E30000165,Bath,2020,Rent,-1.657,0.196,20278
E30000166,Bedford,2020,Rent,-1.574,0.173,15687
E30000167,Bideford,2020,Rent,-1.744,0.22,3641
E30000168,Birkenhead,2020,Rent,-1.716,0.188,22403
E30000169,Birmingham,2020,Rent,-1.756,0.168,96742
E30000170,Blackburn,2020,Rent,-1.659,0.166,17215
E30000171,Blackpool,2020,Rent,-1.51,0.17,20708
E30000173,Blyth and Ashington,2020,Rent,-1.583,0.192,11663
E30000174,Boston,2020,Rent,-1.796,0.181,4027
E30000175,Bournemouth,2020,Rent,-1.367,0.163,26571
E30000179,Brighton,2020,Rent,-1.351,0.164,31195
E30000180,Bristol,2020,Rent,-1.689,0.182,49065
E30000182,Burnley,2020,Rent,-1.602,0.17,11849
E30000183,Burton upon Trent,2020,Rent,-1.314,0.203,14083
E30000184,Bury St Edmunds,2020,Rent,-1.804,0.173,18008
E30000186,Cambridge,2020,Rent,-1.596,0.159,62651
E30000187,Canterbury,2020,Rent,-1.404,0.172,11839
E30000188,Chelmsford,2020,Rent,-1.809,0.166,34219
E30000189,Cheltenham,2020,Rent,-1.459,0.196,10637
E30000190,Chesterfield,2020,Rent,-1.386,0.182,9496
E30000191,Chichester and Bognor Regis,2020,Rent,-1.541,0.152,17189
E30000192,Clacton,2020,Rent,-1.465,0.158,11035
E30000193,Colchester,2020,Rent,-1.419,0.177,15027
E30000195,Coventry,2020,Rent,-1.477,0.164,41469
E30000196,Crawley,2020,Rent,-1.506,0.125,53466
E30000197,Crewe,2020,Rent,-1.484,0.191,28939
E30000198,Cromer and Sheringham,2020,Rent,-1.219,0.206,8167
E30000199,Darlington,2020,Rent,-1.354,0.208,5573
E30000200,Derby,2020,Rent,-1.636,0.165,27280
E30000201,Doncaster,2020,Rent,-1.554,0.164,13987
E30000202,Dudley,2020,Rent,-1.83,0.176,40710
E30000203,Durham and Bishop Auckland,2020,Rent,-1.296,0.168,23063
E30000204,Eastbourne,2020,Rent,-1.585,0.135,22720
E30000205,Evesham,2020,Rent,-1.645,0.182,7700
E30000206,Exeter,2020,Rent,-1.571,0.201,21058
E30000208,Folkestone and Dover,2020,Rent,-1.284,0.143,6278
E30000209,Gloucester,2020,Rent,-1.827,0.178,16407
E30000210,Great Yarmouth,2020,Rent,-1.804,0.221,6673
E30000211,Grimsby,2020,Rent,-1.77,0.193,7852
E30000212,Guildford and Aldershot,2020,Rent,-1.525,0.154,54065
E30000214,Harrogate,2020,Rent,-1.503,0.17,29414
E30000215,Hartlepool,2020,Rent,-1.528,0.217,3591
E30000216,Hereford,2020,Rent,-1.766,0.183,8264
E30000218,High Wycombe and Aylesbury,2020,Rent,-1.592,0.148,39889
E30000219,Huddersfield,2020,Rent,-1.615,0.172,25271
E30000220,Hull,2020,Rent,-1.588,0.19,21468
E30000221,Huntingdon,2020,Rent,-1.59,0.183,12774
E30000222,Ipswich,2020,Rent,-1.655,0.168,24263
E30000224,Kettering and Wellingborough,2020,Rent,-1.522,0.147,19910
E30000225,King's Lynn,2020,Rent,-1.941,0.171,9898
E30000226,Kingsbridge and Dartmouth,2020,Rent,-0.945,0.211,6907
E30000228,Leamington Spa,2020,Rent,-1.383,0.195,21352
E30000229,Leeds,2020,Rent,-1.655,0.177,56605
E30000230,Leicester,2020,Rent,-1.604,0.166,46070
E30000231,Lincoln,2020,Rent,-1.86,0.162,25168
E30000233,Liverpool,2020,Rent,-1.569,0.175,54437
E30000234,London,2020,Rent,-1.715,0.152,628460
E30000237,Luton,2020,Rent,-1.547,0.146,67150
E30000239,Manchester,2020,Rent,-1.466,0.17,129070
E30000240,Mansfield,2020,Rent,-1.79,0.174,17810
E30000241,Margate and Ramsgate,2020,Rent,-1.314,0.16,12552
E30000242,Medway,2020,Rent,-1.252,0.115,37367
E30000243,Milton Keynes,2020,Rent,-1.469,0.175,33893
E30000244,Newbury,2020,Rent,-1.463,0.185,17272
E30000245,Newcastle,2020,Rent,-1.318,0.214,28149
E30000247,Northampton,2020,Rent,-1.681,0.165,28065
E30000248,Norwich,2020,Rent,-1.601,0.204,20520
E30000249,Nottingham,2020,Rent,-1.749,0.184,49081
E30000250,Oxford,2020,Rent,-1.475,0.167,46415
E30000253,Plymouth,2020,Rent,-1.496,0.206,13523
E30000254,Portsmouth,2020,Rent,-1.446,0.15,34660
E30000255,Preston,2020,Rent,-1.637,0.174,21256
E30000256,Reading,2020,Rent,-1.58,0.161,39330
E30000257,Redruth and Truro,2020,Rent,-1.711,0.252,18576
E30000260,Scunthorpe,2020,Rent,-1.626,0.186,8754
E30000261,Sheffield,2020,Rent,-1.563,0.163,37104
E30000262,Shrewsbury,2020,Rent,-1.843,0.193,18283
E30000264,Skegness and Louth,2020,Rent,-1.961,0.181,8160
E30000266,Slough and Heathrow,2020,Rent,-1.519,0.149,172194
E30000267,Southampton,2020,Rent,-1.558,0.17,43740
E30000268,Southend,2020,Rent,-1.354,0.136,34217
E30000271,Stafford,2020,Rent,-1.45,0.184,7239
E30000272,Stevenage and Welwyn Garden City,2020,Rent,-1.61,0.169,29196
E30000273,Stoke-on-Trent,2020,Rent,-1.641,0.168,17481
E30000275,Sunderland,2020,Rent,-1.482,0.196,10817
E30000276,Swindon,2020,Rent,-1.719,0.161,19566
E30000278,Telford,2020,Rent,-1.809,0.181,10654
E30000279,Torquay and Paignton,2020,Rent,-1.637,0.187,8476
E30000280,Trowbridge,2020,Rent,-1.677,0.153,31199
E30000281,Tunbridge Wells,2020,Rent,-1.421,0.149,21083
E30000283,Wakefield and Castleford,2020,Rent,-1.684,0.169,20008
E30000284,Warrington and Wigan,2020,Rent,-1.662,0.162,42420
E30000285,Weston-super-Mare,2020,Rent,-1.706,0.177,14197
E30000287,Wisbech,2020,Rent,-1.968,0.195,12331
E30000288,Wolverhampton and Walsall,2020,Rent,-1.959,0.174,41128
E30000289,Worcester and Kidderminster,2020,Rent,-1.72,0.203,14676
E30000291,Worksop and Retford,2020,Rent,-1.554,0.177,7488
E30000292,Worthing,2020,Rent,-1.46,0.152,13205
E30000293,Yeovil,2020,Rent,-1.776,0.167,27269
E30000294,York,2020,Rent,-1.268,0.207,14787
K01000005,Cinderford and Ross-on-Wye,2020,Rent,-1.632,0.194,4890
K01000010,Carlisle,2020,Rent,-1.191,0.195,6216
K01000011,Chester,2020,Rent,-1.717,0.172,34886
K01000013,Newport,2020,Rent,-1.662,0.155,16742
S22000013,Western Isles,2020,Rent,-1.678,0.407,775
S22000035,Orkney Islands,2020,Rent,-1.376,0.407,613
S22000039,Shetland Islands,2020,Rent,-2.166,0.559,474
S22000047,Aberdeen,2020,Rent,-1.32,0.245,16848
S22000051,Ayr,2020,Rent,-1.468,0.197,7171
S22000054,Dumbarton and Helensburgh,2020,Rent,-1.635,0.165,10944
S22000055,Dumfries,2020,Rent,-1.606,0.2,6357
S22000056,Dundee,2020,Rent,-1.575,0.211,8693
S22000057,Dunfermline and Kirkcaldy,2020,Rent,-1.513,0.198,13796
S22000059,Edinburgh,2020,Rent,-1.343,0.226,36054
S22000060,Elgin,2020,Rent,-1.28,0.217,2657
S22000061,Falkirk and Stirling,2020,Rent,-1.748,0.183,14603
S22000063,Galashiels and Peebles,2020,Rent,-1.726,0.171,6186
S22000065,Glasgow,2020,Rent,-1.395,0.182,53541
S22000068,Inverness,2020,Rent,-1.853,0.234,8688
S22000069,Kilmarnock and Irvine,2020,Rent,-1.779,0.177,16630
S22000070,Livingston,2020,Rent,-1.566,0.181,9859
S22000071,Motherwell and Airdrie,2020,Rent,-1.713,0.174,29877
S22000074,Perth,2020,Rent,-1.589,0.187,6497
S22000085,Greenock,2020,Rent,-1.411,0.171,4751
W22000003,Bridgend,2020,Rent,-1.07,0.206,4426
W22000009,Haverfordwest and Milford Haven,2020,Rent,-0.979,0.282,2813
W22000015,Newtown and Welshpool,2020,Rent,-1.463,0.255,5263
W22000021,Aberystwyth,2020,Rent,-1.195,0.263,2540
W22000022,Bangor and Holyhead,2020,Rent,-1.94,0.276,6805
W22000024,Cardiff,2020,Rent,-1.738,0.176,30180
W22000026,Colwyn Bay,2020,Rent,-1.97,0.226,6596
W22000028,Llanelli,2020,Rent,-1.459,0.224,3910
W22000029,Merthyr Tydfil,2020,Rent,-1.039,0.223,5606
W22000031,Rhyl,2020,Rent,-1.953,0.196,8966
W22000032,Swansea,2020,Rent,-1.228,0.197,9618
W22000034,Wrexham,2020,Rent,-1.759,0.192,8213
E30000004,Barnsley,2020,Sale,-1.502,0.165,9951
E30000018,Bradford,2020,Sale,-1.817,0.149,20181
E30000029,Halifax,2020,Sale,-1.607,0.15,10400
E30000046,Dorchester and Weymouth,2020,Sale,-1.549,0.157,17982
E30000054,Grantham,2020,Sale,-1.115,0.159,8095
E30000061,Hastings,2020,Sale,-0.879,0.144,5789
E30000070,Isle of Wight,2020,Sale,-1.046,0.141,2999
E30000076,Lancaster and Morecambe,2020,Sale,-1.363,0.181,5012
E30000093,Middlesbrough and Stockton,2020,Sale,-1.65,0.176,8260
E30000108,Peterborough,2020,Sale,-1.255,0.162,13088
E30000124,Spalding,2020,Sale,-1.356,0.157,4468
E30000135,Thetford and Mildenhall,2020,Sale,-1.113,0.152,7432
E30000159,Andover,2020,Sale,-1.286,0.144,8907
E30000160,Ashford,2020,Sale,-1.121,0.127,7375
E30000162,Barnstaple,2020,Sale,-1.451,0.175,3549
E30000163,Barrow-in-Furness,2020,Sale,-1.565,0.189,8375
E30000164,Basingstoke,2020,Sale,-1.257,0.131,20474
E30000165,Bath,2020,Sale,-1.43,0.164,13775
E30000166,Bedford,2020,Sale,-1.174,0.144,13985
E30000167,Bideford,2020,Sale,-1.49,0.151,3695
E30000168,Birkenhead,2020,Sale,-1.653,0.178,10799
E30000169,Birmingham,2020,Sale,-1.44,0.142,83435
E30000170,Blackburn,2020,Sale,-1.625,0.172,10852
E30000171,Blackpool,2020,Sale,-1.659,0.158,12104
E30000173,Blyth and Ashington,2020,Sale,-1.476,0.197,8147
E30000174,Boston,2020,Sale,-1.306,0.164,2222
E30000175,Bournemouth,2020,Sale,-1.073,0.136,19669
E30000179,Brighton,2020,Sale,-1.083,0.138,23610
E30000180,Bristol,2020,Sale,-1.572,0.162,43695
E30000182,Burnley,2020,Sale,-1.492,0.153,5436
E30000183,Burton upon Trent,2020,Sale,-1.105,0.163,10702
E30000184,Bury St Edmunds,2020,Sale,-1.009,0.158,11215
E30000186,Cambridge,2020,Sale,-1.28,0.129,47300
E30000187,Canterbury,2020,Sale,-0.819,0.15,7304
E30000188,Chelmsford,2020,Sale,-1.196,0.139,34080
E30000189,Cheltenham,2020,Sale,-1.311,0.182,9008
E30000190,Chesterfield,2020,Sale,-1.184,0.165,8379
E30000191,Chichester and Bognor Regis,2020,Sale,-1.049,0.124,11796
E30000192,Clacton,2020,Sale,-0.943,0.156,6705
E30000193,Colchester,2020,Sale,-1.096,0.138,14259
E30000195,Coventry,2020,Sale,-1.172,0.142,27081
E30000196,Crawley,2020,Sale,-1.021,0.105,50991
E30000197,Crewe,2020,Sale,-1.213,0.168,24031
E30000198,Cromer and Sheringham,2020,Sale,-1.175,0.183,6067
E30000199,Darlington,2020,Sale,-1.407,0.176,3650
E30000200,Derby,2020,Sale,-1.236,0.145,19871
E30000201,Doncaster,2020,Sale,-1.678,0.164,9211
E30000202,Dudley,2020,Sale,-1.662,0.168,35063
E30000203,Durham and Bishop Auckland,2020,Sale,-1.758,0.157,12443
E30000204,Eastbourne,2020,Sale,-0.932,0.121,16421
E30000205,Evesham,2020,Sale,-1.031,0.174,7708
E30000206,Exeter,2020,Sale,-1.481,0.144,15782
E30000208,Folkestone and Dover,2020,Sale,-0.914,0.133,4888
E30000209,Gloucester,2020,Sale,-1.21,0.163,14709
E30000210,Great Yarmouth,2020,Sale,-1.467,0.204,3637
E30000211,Grimsby,2020,Sale,-1.546,0.158,2598
E30000212,Guildford and Aldershot,2020,Sale,-1.337,0.118,51580
E30000214,Harrogate,2020,Sale,-1.524,0.139,22529
E30000215,Hartlepool,2020,Sale,-1.588,0.181,1756
E30000216,Hereford,2020,Sale,-1.551,0.148,7622
E30000218,High Wycombe and Aylesbury,2020,Sale,-1.075,0.117,43006
E30000219,Huddersfield,2020,Sale,-1.618,0.139,18148
E30000220,Hull,2020,Sale,-1.517,0.165,11247
E30000221,Huntingdon,2020,Sale,-1.324,0.143,11299
E30000222,Ipswich,2020,Sale,-1.156,0.133,18873
E30000224,Kettering and Wellingborough,2020,Sale,-1.152,0.141,15870
E30000225,King's Lynn,2020,Sale,-1.41,0.154,7655
E30000226,Kingsbridge and Dartmouth,2020,Sale,-1.601,0.162,4763
E30000228,Leamington Spa,2020,Sale,-1.068,0.167,19176
E30000229,Leeds,2020,Sale,-1.779,0.148,39645
E30000230,Leicester,2020,Sale,-1.12,0.136,38397
E30000231,Lincoln,2020,Sale,-1.201,0.153,17829
E30000233,Liverpool,2020,Sale,-1.678,0.152,25517
E30000234,London,2020,Sale,-1.57,0.12,708753
E30000237,Luton,2020,Sale,-1.279,0.12,71534
E30000239,Manchester,2020,Sale,-1.527,0.145,98620
E30000240,Mansfield,2020,Sale,-1.436,0.17,11423
E30000241,Margate and Ramsgate,2020,Sale,-0.977,0.132,7258
E30000242,Medway,2020,Sale,-1.116,0.108,29910
E30000243,Milton Keynes,2020,Sale,-0.973,0.143,30030
E30000244,Newbury,2020,Sale,-1.405,0.138,17077
E30000245,Newcastle,2020,Sale,-1.773,0.182,20362
E30000247,Northampton,2020,Sale,-1.078,0.139,26025
E30000248,Norwich,2020,Sale,-1.087,0.16,16275
E30000249,Nottingham,2020,Sale,-1.324,0.15,32353
E30000250,Oxford,2020,Sale,-0.917,0.127,37916
E30000253,Plymouth,2020,Sale,-1.549,0.161,9427
E30000254,Portsmouth,2020,Sale,-0.97,0.115,26983
E30000255,Preston,2020,Sale,-1.784,0.152,14849
E30000256,Reading,2020,Sale,-1.285,0.126,40425
E30000257,Redruth and Truro,2020,Sale,-1.06,0.193,12032
E30000260,Scunthorpe,2020,Sale,-1.44,0.166,5713
E30000261,Sheffield,2020,Sale,-1.452,0.153,24604
E30000262,Shrewsbury,2020,Sale,-1.439,0.152,14905
E30000264,Skegness and Louth,2020,Sale,-1.267,0.162,5093
E30000266,Slough and Heathrow,2020,Sale,-1.603,0.124,189159
E30000267,Southampton,2020,Sale,-1.061,0.127,31373
E30000268,Southend,2020,Sale,-1.055,0.131,31342
E30000271,Stafford,2020,Sale,-1.368,0.167,6960
E30000272,Stevenage and Welwyn Garden City,2020,Sale,-1.221,0.125,29332
E30000273,Stoke-on-Trent,2020,Sale,-1.156,0.175,11486
E30000275,Sunderland,2020,Sale,-1.881,0.178,7315
E30000276,Swindon,2020,Sale,-1.357,0.144,18622
E30000278,Telford,2020,Sale,-1.166,0.181,5476
E30000279,Torquay and Paignton,2020,Sale,-1.19,0.16,5166
E30000280,Trowbridge,2020,Sale,-1.216,0.119,27502
E30000281,Tunbridge Wells,2020,Sale,-1.258,0.134,21498
E30000283,Wakefield and Castleford,2020,Sale,-1.769,0.145,14250
E30000284,Warrington and Wigan,2020,Sale,-1.638,0.16,30560
E30000285,Weston-super-Mare,2020,Sale,-1.655,0.155,13447
E30000287,Wisbech,2020,Sale,-1.346,0.162,9664
E30000288,Wolverhampton and Walsall,2020,Sale,-1.488,0.156,31837
E30000289,Worcester and Kidderminster,2020,Sale,-1.299,0.163,12047
E30000291,Worksop and Retford,2020,Sale,-1.423,0.182,5761
E30000292,Worthing,2020,Sale,-0.763,0.147,9465
E30000293,Yeovil,2020,Sale,-1.48,0.142,20013
E30000294,York,2020,Sale,-1.277,0.178,12453
K01000005,Cinderford and Ross-on-Wye,2020,Sale,-1.219,0.177,4441
K01000010,Carlisle,2020,Sale,-1.625,0.183,3944
K01000011,Chester,2020,Sale,-1.462,0.164,23255
K01000013,Newport,2020,Sale,-1.71,0.162,13162
S22000013,Western Isles,2020,Sale,-2.041,0.412,828
S22000035,Orkney Islands,2020,Sale,-1.395,0.35,331
S22000039,Shetland Islands,2020,Sale,-2.06,0.482,447
S22000047,Aberdeen,2020,Sale,-1.773,0.202,8180
S22000051,Ayr,2020,Sale,-1.87,0.177,5830
S22000054,Dumbarton and Helensburgh,2020,Sale,-1.824,0.151,13105
S22000055,Dumfries,2020,Sale,-1.828,0.175,3494
S22000056,Dundee,2020,Sale,-1.65,0.198,4081
S22000057,Dunfermline and Kirkcaldy,2020,Sale,-1.911,0.156,9557
S22000059,Edinburgh,2020,Sale,-2.036,0.187,38108
S22000060,Elgin,2020,Sale,-1.813,0.19,2013
S22000061,Falkirk and Stirling,2020,Sale,-2.138,0.148,16157
S22000063,Galashiels and Peebles,2020,Sale,-1.881,0.154,3496
S22000065,Glasgow,2020,Sale,-2.191,0.156,72234
S22000068,Inverness,2020,Sale,-2.077,0.218,5239
S22000069,Kilmarnock and Irvine,2020,Sale,-2.181,0.15,12867
S22000070,Livingston,2020,Sale,-2.317,0.169,12738
S22000071,Motherwell and Airdrie,2020,Sale,-2.113,0.169,41090
S22000074,Perth,2020,Sale,-1.584,0.188,7167
S22000085,Greenock,2020,Sale,-1.664,0.156,4585
W22000003,Bridgend,2020,Sale,-1.41,0.163,3900
W22000009,Haverfordwest and Milford Haven,2020,Sale,-1.729,0.203,1731
W22000015,Newtown and Welshpool,2020,Sale,-1.377,0.2,4680
W22000021,Aberystwyth,2020,Sale,-1.098,0.196,1585
W22000022,Bangor and Holyhead,2020,Sale,-1.932,0.218,4008
W22000024,Cardiff,2020,Sale,-1.594,0.157,21495
W22000026,Colwyn Bay,2020,Sale,-1.626,0.209,4429
W22000028,Llanelli,2020,Sale,-1.487,0.187,2575
W22000029,Merthyr Tydfil,2020,Sale,-1.422,0.187,4183
W22000031,Rhyl,2020,Sale,-1.407,0.208,4883
W22000032,Swansea,2020,Sale,-1.464,0.174,4165
W22000034,Wrexham,2020,Sale,-1.64,0.196,5848
E30000004,Barnsley,2021,Rent,-1.594,0.166,18229
E30000018,Bradford,2021,Rent,-1.679,0.153,44987
E30000029,Halifax,2021,Rent,-1.751,0.153,18924
E30000046,Dorchester and Weymouth,2021,Rent,-1.609,0.178,31525
E30000054,Grantham,2021,Rent,-1.718,0.174,10910
E30000061,Hastings,2021,Rent,-1.077,0.133,13539
E30000070,Isle of Wight,2021,Rent,-1.438,0.174,7350
E30000076,Lancaster and Morecambe,2021,Rent,-1.492,0.216,14271
E30000093,Middlesbrough and Stockton,2021,Rent,-1.742,0.188,25964
E30000108,Peterborough,2021,Rent,-1.798,0.183,23205
E30000124,Spalding,2021,Rent,-1.644,0.188,6514
E30000135,Thetford and Mildenhall,2021,Rent,-1.669,0.167,14081
E30000159,Andover,2021,Rent,-1.625,0.173,11040
E30000160,Ashford,2021,Rent,-1.437,0.136,12091
E30000162,Barnstaple,2021,Rent,-1.269,0.217,6657
E30000163,Barrow-in-Furness,2021,Rent,-1.587,0.237,15313
E30000164,Basingstoke,2021,Rent,-1.552,0.145,30878
E30000165,Bath,2021,Rent,-1.624,0.196,30002
E30000166,Bedford,2021,Rent,-1.494,0.185,21331
E30000167,Bideford,2021,Rent,-1.767,0.19,4847
E30000168,Birkenhead,2021,Rent,-1.6,0.2,27676
E30000169,Birmingham,2021,Rent,-1.569,0.164,142034
E30000170,Blackburn,2021,Rent,-1.708,0.18,24569
E30000171,Blackpool,2021,Rent,-1.652,0.181,29071
E30000173,Blyth and Ashington,2021,Rent,-1.681,0.209,14907
E30000174,Boston,2021,Rent,-1.885,0.213,4954
E30000175,Bournemouth,2021,Rent,-1.541,0.166,38279
E30000179,Brighton,2021,Rent,-1.422,0.182,45855
E30000180,Bristol,2021,Rent,-1.735,0.191,71014
E30000182,Burnley,2021,Rent,-1.275,0.168,13782
E30000183,Burton upon Trent,2021,Rent,-1.636,0.179,17986
E30000184,Bury St Edmunds,2021,Rent,-1.809,0.169,23559
E30000186,Cambridge,2021,Rent,-1.66,0.178,86161
E30000187,Canterbury,2021,Rent,-1.486,0.171,16312
E30000188,Chelmsford,2021,Rent,-1.628,0.165,46049
E30000189,Cheltenham,2021,Rent,-1.56,0.204,14069
E30000190,Chesterfield,2021,Rent,-1.477,0.205,12656
E30000191,Chichester and Bognor Regis,2021,Rent,-1.651,0.147,23701
E30000192,Clacton,2021,Rent,-1.326,0.184,16185
E30000193,Colchester,2021,Rent,-1.163,0.173,21160
E30000195,Coventry,2021,Rent,-1.557,0.173,58360
E30000196,Crawley,2021,Rent,-1.519,0.143,74756
E30000197,Crewe,2021,Rent,-1.37,0.177,39936
E30000198,Cromer and Sheringham,2021,Rent,-1.868,0.218,11954
E30000199,Darlington,2021,Rent,-1.208,0.2,7370
E30000200,Derby,2021,Rent,-1.598,0.178,39048
E30000201,Doncaster,2021,Rent,-1.843,0.158,21790
E30000202,Dudley,2021,Rent,-1.851,0.169,56159
E30000203,Durham and Bishop Auckland,2021,Rent,-1.548,0.195,30319
E30000204,Eastbourne,2021,Rent,-1.458,0.142,30375
E30000205,Evesham,2021,Rent,-1.876,0.187,10117
E30000206,Exeter,2021,Rent,-1.555,0.19,31701
E30000208,Folkestone and Dover,2021,Rent,-0.952,0.151,11151
E30000209,Gloucester,2021,Rent,-1.757,0.173,22528
E30000210,Great Yarmouth,2021,Rent,-1.643,0.22,9869
E30000211,Grimsby,2021,Rent,-1.555,0.215,8472
E30000212,Guildford and Aldershot,2021,Rent,-1.572,0.146,71583
E30000214,Harrogate,2021,Rent,-1.577,0.167,42767
E30000215,Hartlepool,2021,Rent,-1.386,0.183,5534
E30000216,Hereford,2021,Rent,-1.748,0.169,11340
E30000218,High Wycombe and Aylesbury,2021,Rent,-1.495,0.152,51942
E30000219,Huddersfield,2021,Rent,-1.651,0.162,36834
E30000220,Hull,2021,Rent,-1.735,0.184,26838
E30000221,Huntingdon,2021,Rent,-1.668,0.167,18267
E30000222,Ipswich,2021,Rent,-1.704,0.181,32405
E30000224,Kettering and Wellingborough,2021,Rent,-1.804,0.161,27826
E30000225,King's Lynn,2021,Rent,-1.897,0.184,13960
E30000226,Kingsbridge and Dartmouth,2021,Rent,-1.068,0.219,8115
E30000228,Leamington Spa,2021,Rent,-1.287,0.174,30269
E30000229,Leeds,2021,Rent,-1.567,0.176,77813
E30000230,Leicester,2021,Rent,-1.534,0.17,69283
E30000231,Lincoln,2021,Rent,-1.671,0.163,33345
E30000233,Liverpool,2021,Rent,-1.498,0.188,77565
E30000234,London,2021,Rent,-1.547,0.157,730217
E30000237,Luton,2021,Rent,-1.762,0.159,93343
E30000239,Manchester,2021,Rent,-1.468,0.179,171989
E30000240,Mansfield,2021,Rent,-1.695,0.179,25205
E30000241,Margate and Ramsgate,2021,Rent,-1.393,0.154,16551
E30000242,Medway,2021,Rent,-1.32,0.126,48546
E30000243,Milton Keynes,2021,Rent,-1.564,0.183,53029
E30000244,Newbury,2021,Rent,-1.342,0.172,21614
E30000245,Newcastle,2021,Rent,-1.305,0.225,39439
E30000247,Northampton,2021,Rent,-1.613,0.172,37414
E30000248,Norwich,2021,Rent,-1.632,0.209,28064
E30000249,Nottingham,2021,Rent,-1.629,0.183,72652
E30000250,Oxford,2021,Rent,-1.453,0.169,70706
E30000253,Plymouth,2021,Rent,-1.389,0.189,18020
E30000254,Portsmouth,2021,Rent,-1.425,0.147,48088
E30000255,Preston,2021,Rent,-1.645,0.179,29077
E30000256,Reading,2021,Rent,-1.472,0.169,57861
E30000257,Redruth and Truro,2021,Rent,-1.603,0.247,29606
E30000260,Scunthorpe,2021,Rent,-1.845,0.184,10327
E30000261,Sheffield,2021,Rent,-1.41,0.173,54819
E30000262,Shrewsbury,2021,Rent,-1.976,0.184,24420
E30000264,Skegness and Louth,2021,Rent,-1.785,0.194,9682
E30000266,Slough and Heathrow,2021,Rent,-1.653,0.159,235912
E30000267,Southampton,2021,Rent,-1.531,0.158,60376
E30000268,Southend,2021,Rent,-1.46,0.142,46040
E30000271,Stafford,2021,Rent,-1.477,0.193,10490
E30000272,Stevenage and Welwyn Garden City,2021,Rent,-1.572,0.167,40123
E30000273,Stoke-on-Trent,2021,Rent,-1.799,0.168,26072
E30000275,Sunderland,2021,Rent,-1.282,0.232,15668
E30000276,Swindon,2021,Rent,-1.535,0.184,28630
E30000278,Telford,2021,Rent,-1.72,0.18,14757
E30000279,Torquay and Paignton,2021,Rent,-1.514,0.205,11020
E30000280,Trowbridge,2021,Rent,-1.763,0.16,41637
E30000281,Tunbridge Wells,2021,Rent,-1.632,0.143,27623
E30000283,Wakefield and Castleford,2021,Rent,-1.752,0.149,27344
E30000284,Warrington and Wigan,2021,Rent,-1.468,0.175,59140
E30000285,Weston-super-Mare,2021,Rent,-1.811,0.175,18407
E30000287,Wisbech,2021,Rent,-2.273,0.182,14714
E30000288,Wolverhampton and Walsall,2021,Rent,-1.867,0.16,58887
E30000289,Worcester and Kidderminster,2021,Rent,-1.906,0.186,20230
E30000291,Worksop and Retford,2021,Rent,-1.654,0.168,9612
E30000292,Worthing,2021,Rent,-1.42,0.148,18514
E30000293,Yeovil,2021,Rent,-1.714,0.17,38404
E30000294,York,2021,Rent,-1.555,0.22,24386
K01000005,Cinderford and Ross-on-Wye,2021,Rent,-1.459,0.17,6187
K01000010,Carlisle,2021,Rent,-1.394,0.201,10105
K01000011,Chester,2021,Rent,-1.801,0.184,50210
K01000013,Newport,2021,Rent,-1.802,0.182,23111
S22000013,Western Isles,2021,Rent,-1.647,0.375,1905
S22000035,Orkney Islands,2021,Rent,-1.662,0.349,1018
S22000039,Shetland Islands,2021,Rent,-2.533,0.573,1130
S22000047,Aberdeen,2021,Rent,-1.35,0.239,26918
S22000051,Ayr,2021,Rent,-1.603,0.208,10444
S22000054,Dumbarton and Helensburgh,2021,Rent,-1.59,0.175,14739
S22000055,Dumfries,2021,Rent,-1.84,0.198,8658
S22000056,Dundee,2021,Rent,-1.58,0.213,12748
S22000057,Dunfermline and Kirkcaldy,2021,Rent,-1.632,0.192,21299
S22000059,Edinburgh,2021,Rent,-1.192,0.202,57907
S22000060,Elgin,2021,Rent,-1.659,0.204,4158
S22000061,Falkirk and Stirling,2021,Rent,-1.543,0.182,23350
S22000063,Galashiels and Peebles,2021,Rent,-1.631,0.181,8994
S22000065,Glasgow,2021,Rent,-1.385,0.188,78787
S22000068,Inverness,2021,Rent,-1.985,0.224,12408
S22000069,Kilmarnock and Irvine,2021,Rent,-1.842,0.172,20700
S22000070,Livingston,2021,Rent,-1.431,0.183,12709
S22000071,Motherwell and Airdrie,2021,Rent,-1.678,0.202,40152
S22000074,Perth,2021,Rent,-1.42,0.192,9793
S22000085,Greenock,2021,Rent,-1.306,0.174,6180
W22000003,Bridgend,2021,Rent,-1.66,0.192,6214
W22000009,Haverfordwest and Milford Haven,2021,Rent,-1.659,0.254,3656
W22000015,Newtown and Welshpool,2021,Rent,-1.786,0.215,6673
W22000021,Aberystwyth,2021,Rent,-1.492,0.242,3652
W22000022,Bangor and Holyhead,2021,Rent,-2.113,0.269,9854
W22000024,Cardiff,2021,Rent,-1.542,0.182,45632
W22000026,Colwyn Bay,2021,Rent,-1.751,0.238,8278
W22000028,Llanelli,2021,Rent,-1.548,0.224,5388
W22000029,Merthyr Tydfil,2021,Rent,-1.634,0.187,7028
W22000031,Rhyl,2021,Rent,-2.003,0.176,11689
W22000032,Swansea,2021,Rent,-1.435,0.195,13172
W22000034,Wrexham,2021,Rent,-1.692,0.199,10622
E30000004,Barnsley,2021,Sale,-1.633,0.154,12561
E30000018,Bradford,2021,Sale,-1.751,0.14,26892
E30000029,Halifax,2021,Sale,-1.551,0.158,13554
E30000046,Dorchester and Weymouth,2021,Sale,-1.275,0.151,22723
E30000054,Grantham,2021,Sale,-1.135,0.164,9839
E30000061,Hastings,2021,Sale,-0.781,0.129,9011
E30000070,Isle of Wight,2021,Sale,-0.95,0.146,4456
E30000076,Lancaster and Morecambe,2021,Sale,-1.319,0.186,6958
E30000093,Middlesbrough and Stockton,2021,Sale,-1.843,0.174,10242
E30000108,Peterborough,2021,Sale,-1.306,0.151,17926
E30000124,Spalding,2021,Sale,-1.177,0.177,5417
E30000135,Thetford and Mildenhall,2021,Sale,-0.864,0.163,9949
E30000159,Andover,2021,Sale,-1.151,0.145,10101
E30000160,Ashford,2021,Sale,-0.975,0.135,9157
E30000162,Barnstaple,2021,Sale,-1.444,0.173,4979
E30000163,Barrow-in-Furness,2021,Sale,-1.442,0.194,9843
E30000164,Basingstoke,2021,Sale,-1.2,0.12,28577
E30000165,Bath,2021,Sale,-1.513,0.158,18880
E30000166,Bedford,2021,Sale,-1.112,0.137,18541
E30000167,Bideford,2021,Sale,-1.683,0.164,4842
E30000168,Birkenhead,2021,Sale,-1.789,0.173,13384
E30000169,Birmingham,2021,Sale,-1.584,0.144,115868
E30000170,Blackburn,2021,Sale,-1.716,0.154,16292
E30000171,Blackpool,2021,Sale,-1.633,0.156,13232
E30000173,Blyth and Ashington,2021,Sale,-1.678,0.191,11787
E30000174,Boston,2021,Sale,-1.516,0.15,2585
E30000175,Bournemouth,2021,Sale,-1.035,0.138,22087
E30000179,Brighton,2021,Sale,-1.029,0.154,29315
E30000180,Bristol,2021,Sale,-1.612,0.161,59674
E30000182,Burnley,2021,Sale,-1.542,0.154,6615
E30000183,Burton upon Trent,2021,Sale,-1.328,0.175,14229
E30000184,Bury St Edmunds,2021,Sale,-0.996,0.158,13466
E30000186,Cambridge,2021,Sale,-1.304,0.128,59489
E30000187,Canterbury,2021,Sale,-1.074,0.127,9860
E30000188,Chelmsford,2021,Sale,-1.27,0.126,43441
E30000189,Cheltenham,2021,Sale,-1.428,0.173,11668
E30000190,Chesterfield,2021,Sale,-1.089,0.17,10290
E30000191,Chichester and Bognor Regis,2021,Sale,-1.005,0.13,15922
E30000192,Clacton,2021,Sale,-0.924,0.162,9376
E30000193,Colchester,2021,Sale,-1.151,0.137,17376
E30000195,Coventry,2021,Sale,-1.252,0.135,34916
E30000196,Crawley,2021,Sale,-1.162,0.106,60750
E30000197,Crewe,2021,Sale,-1.26,0.159,32792
E30000198,Cromer and Sheringham,2021,Sale,-1.128,0.178,8103
E30000199,Darlington,2021,Sale,-1.397,0.193,4875
E30000200,Derby,2021,Sale,-1.338,0.151,29146
E30000201,Doncaster,2021,Sale,-1.647,0.166,12423
E30000202,Dudley,2021,Sale,-1.642,0.163,52445
E30000203,Durham and Bishop Auckland,2021,Sale,-1.763,0.159,16990
E30000204,Eastbourne,2021,Sale,-0.929,0.115,18626
E30000205,Evesham,2021,Sale,-1.164,0.173,10013
E30000206,Exeter,2021,Sale,-1.243,0.15,20218
E30000208,Folkestone and Dover,2021,Sale,-0.898,0.142,5702
E30000209,Gloucester,2021,Sale,-1.451,0.162,18092
E30000210,Great Yarmouth,2021,Sale,-1.581,0.184,5365
E30000211,Grimsby,2021,Sale,-1.395,0.161,3469
E30000212,Guildford and Aldershot,2021,Sale,-1.089,0.114,63454
E30000214,Harrogate,2021,Sale,-1.637,0.143,30851
E30000215,Hartlepool,2021,Sale,-1.252,0.188,1945
E30000216,Hereford,2021,Sale,-1.462,0.146,9947
E30000218,High Wycombe and Aylesbury,2021,Sale,-1.143,0.122,49315
E30000219,Huddersfield,2021,Sale,-1.63,0.146,26020
E30000220,Hull,2021,Sale,-1.547,0.162,14283
E30000221,Huntingdon,2021,Sale,-1.265,0.135,14995
E30000222,Ipswich,2021,Sale,-1.029,0.126,21726
E30000224,Kettering and Wellingborough,2021,Sale,-1.124,0.145,20828
E30000225,King's Lynn,2021,Sale,-1.44,0.161,9403
E30000226,Kingsbridge and Dartmouth,2021,Sale,-1.282,0.168,7695
E30000228,Leamington Spa,2021,Sale,-1.132,0.163,25190
E30000229,Leeds,2021,Sale,-1.746,0.15,53634
E30000230,Leicester,2021,Sale,-1.186,0.135,50660
E30000231,Lincoln,2021,Sale,-1.352,0.145,22202
E30000233,Liverpool,2021,Sale,-1.687,0.146,37009
E30000234,London,2021,Sale,-1.56,0.127,835938
E30000237,Luton,2021,Sale,-1.216,0.115,90115
E30000239,Manchester,2021,Sale,-1.587,0.144,142898
E30000240,Mansfield,2021,Sale,-1.482,0.163,16382
E30000241,Margate and Ramsgate,2021,Sale,-0.814,0.137,10538
E30000242,Medway,2021,Sale,-1.008,0.111,39357
E30000243,Milton Keynes,2021,Sale,-1.074,0.13,33569
E30000244,Newbury,2021,Sale,-1.218,0.156,20532
E30000245,Newcastle,2021,Sale,-1.855,0.173,26577
E30000247,Northampton,2021,Sale,-0.982,0.135,32977
E30000248,Norwich,2021,Sale,-1.154,0.15,19984
E30000249,Nottingham,2021,Sale,-1.331,0.145,45286
E30000250,Oxford,2021,Sale,-1.031,0.133,49162
E30000253,Plymouth,2021,Sale,-1.249,0.149,11398
E30000254,Portsmouth,2021,Sale,-0.914,0.122,33849
E30000255,Preston,2021,Sale,-1.619,0.156,18318
E30000256,Reading,2021,Sale,-1.242,0.126,52388
E30000257,Redruth and Truro,2021,Sale,-1.098,0.179,16126
E30000260,Scunthorpe,2021,Sale,-1.608,0.158,6569
E30000261,Sheffield,2021,Sale,-1.578,0.14,34086
E30000262,Shrewsbury,2021,Sale,-1.574,0.159,18092
E30000264,Skegness and Louth,2021,Sale,-1.371,0.153,6476
E30000266,Slough and Heathrow,2021,Sale,-1.428,0.118,221061
E30000267,Southampton,2021,Sale,-1.145,0.127,37972
E30000268,Southend,2021,Sale,-1.083,0.116,38089
E30000271,Stafford,2021,Sale,-1.327,0.16,9023
E30000272,Stevenage and Welwyn Garden City,2021,Sale,-1.389,0.123,32933
E30000273,Stoke-on-Trent,2021,Sale,-1.04,0.161,14070
E30000275,Sunderland,2021,Sale,-1.732,0.18,9755
E30000276,Swindon,2021,Sale,-1.265,0.145,22827
E30000278,Telford,2021,Sale,-1.206,0.162,7052
E30000279,Torquay and Paignton,2021,Sale,-1.349,0.154,6961
E30000280,Trowbridge,2021,Sale,-1.166,0.124,35523
E30000281,Tunbridge Wells,2021,Sale,-1.21,0.128,25338
E30000283,Wakefield and Castleford,2021,Sale,-1.646,0.153,19111
E30000284,Warrington and Wigan,2021,Sale,-1.774,0.164,43290
E30000285,Weston-super-Mare,2021,Sale,-1.6,0.154,17400
E30000287,Wisbech,2021,Sale,-1.389,0.149,10996
E30000288,Wolverhampton and Walsall,2021,Sale,-1.467,0.141,42121
E30000289,Worcester and Kidderminster,2021,Sale,-1.409,0.165,14922
E30000291,Worksop and Retford,2021,Sale,-1.49,0.162,6828
E30000292,Worthing,2021,Sale,-0.855,0.152,12318
E30000293,Yeovil,2021,Sale,-1.444,0.148,27917
E30000294,York,2021,Sale,-1.546,0.181,15630
K01000005,Cinderford and Ross-on-Wye,2021,Sale,-1.395,0.169,5472
K01000010,Carlisle,2021,Sale,-1.631,0.187,6191
K01000011,Chester,2021,Sale,-1.635,0.164,29598
K01000013,Newport,2021,Sale,-1.683,0.143,19223
S22000013,Western Isles,2021,Sale,-2.511,0.344,1010
S22000035,Orkney Islands,2021,Sale,-1.808,0.305,740
S22000039,Shetland Islands,2021,Sale,-1.396,0.534,639
S22000047,Aberdeen,2021,Sale,-1.966,0.212,11704
S22000051,Ayr,2021,Sale,-2.151,0.177,8840
S22000054,Dumbarton and Helensburgh,2021,Sale,-2.214,0.158,17512
S22000055,Dumfries,2021,Sale,-2.094,0.166,5132
S22000056,Dundee,2021,Sale,-1.911,0.171,5549
S22000057,Dunfermline and Kirkcaldy,2021,Sale,-2.077,0.168,13593
S22000059,Edinburgh,2021,Sale,-2.091,0.19,52509
S22000060,Elgin,2021,Sale,-1.874,0.208,3087
S22000061,Falkirk and Stirling,2021,Sale,-2.404,0.145,22104
S22000063,Galashiels and Peebles,2021,Sale,-1.818,0.166,5166
S22000065,Glasgow,2021,Sale,-2.243,0.163,113376
S22000068,Inverness,2021,Sale,-2.364,0.204,6528
S22000069,Kilmarnock and Irvine,2021,Sale,-2.354,0.143,18322
S22000070,Livingston,2021,Sale,-2.273,0.171,15816
S22000071,Motherwell and Airdrie,2021,Sale,-2.384,0.165,59260
S22000074,Perth,2021,Sale,-1.781,0.179,9640
S22000085,Greenock,2021,Sale,-1.797,0.163,7309
W22000003,Bridgend,2021,Sale,-1.75,0.162,4799
W22000009,Haverfordwest and Milford Haven,2021,Sale,-1.697,0.211,2190
W22000015,Newtown and Welshpool,2021,Sale,-1.551,0.167,6015
W22000021,Aberystwyth,2021,Sale,-1.657,0.209,1774
W22000022,Bangor and Holyhead,2021,Sale,-1.984,0.213,5900
W22000024,Cardiff,2021,Sale,-1.63,0.146,30446
W22000026,Colwyn Bay,2021,Sale,-1.757,0.22,5842
W22000028,Llanelli,2021,Sale,-1.567,0.167,3716
W22000029,Merthyr Tydfil,2021,Sale,-1.546,0.204,5636
W22000031,Rhyl,2021,Sale,-1.687,0.199,6786
W22000032,Swansea,2021,Sale,-1.343,0.158,5544
W22000034,Wrexham,2021,Sale,-1.675,0.171,6799
E30000004,Barnsley,2022,Rent,-1.795,0.146,18542
E30000018,Bradford,2022,Rent,-1.697,0.154,62913
E30000029,Halifax,2022,Rent,-1.684,0.164,22862
E30000046,Dorchester and Weymouth,2022,Rent,-1.673,0.184,38371
E30000054,Grantham,2022,Rent,-1.817,0.184,15018
E30000061,Hastings,2022,Rent,-1.211,0.155,13778
E30000070,Isle of Wight,2022,Rent,-1.619,0.164,7715
E30000076,Lancaster and Morecambe,2022,Rent,-1.506,0.212,20503
E30000093,Middlesbrough and Stockton,2022,Rent,-1.435,0.197,36933
E30000108,Peterborough,2022,Rent,-1.718,0.181,30735
E30000124,Spalding,2022,Rent,-1.628,0.175,7400
E30000135,Thetford and Mildenhall,2022,Rent,-1.547,0.173,15907
E30000159,Andover,2022,Rent,-1.615,0.167,14422
E30000160,Ashford,2022,Rent,-1.265,0.135,14731
E30000162,Barnstaple,2022,Rent,-1.768,0.204,8075
E30000163,Barrow-in-Furness,2022,Rent,-1.828,0.219,17731
E30000164,Basingstoke,2022,Rent,-1.588,0.152,37418
E30000165,Bath,2022,Rent,-1.585,0.211,45027
E30000166,Bedford,2022,Rent,-1.579,0.186,30602
E30000167,Bideford,2022,Rent,-1.712,0.189,5992
E30000168,Birkenhead,2022,Rent,-1.633,0.203,33865
E30000169,Birmingham,2022,Rent,-1.621,0.174,189908
E30000170,Blackburn,2022,Rent,-1.523,0.188,26278
E30000171,Blackpool,2022,Rent,-1.885,0.166,34528
E30000173,Blyth and Ashington,2022,Rent,-1.567,0.204,15823
E30000174,Boston,2022,Rent,-1.822,0.19,7048
E30000175,Bournemouth,2022,Rent,-1.419,0.188,47770
E30000179,Brighton,2022,Rent,-1.406,0.186,63285
E30000180,Bristol,2022,Rent,-1.675,0.195,100348
E30000182,Burnley,2022,Rent,-1.579,0.164,15200
E30000183,Burton upon Trent,2022,Rent,-1.601,0.178,24209
E30000184,Bury St Edmunds,2022,Rent,-1.576,0.179,27034
E30000186,Cambridge,2022,Rent,-1.731,0.19,117746
E30000187,Canterbury,2022,Rent,-1.445,0.178,21662
E30000188,Chelmsford,2022,Rent,-1.606,0.166,57686
E30000189,Cheltenham,2022,Rent,-1.723,0.212,16440
E30000190,Chesterfield,2022,Rent,-1.605,0.172,13998
E30000191,Chichester and Bognor Regis,2022,Rent,-1.323,0.158,26512
E30000192,Clacton,2022,Rent,-1.51,0.164,17631
E30000193,Colchester,2022,Rent,-1.342,0.168,27824
E30000195,Coventry,2022,Rent,-1.543,0.185,84039
E30000196,Crawley,2022,Rent,-1.478,0.147,82271
E30000197,Crewe,2022,Rent,-1.584,0.193,51745
E30000198,Cromer and Sheringham,2022,Rent,-1.608,0.205,12158
E30000199,Darlington,2022,Rent,-1.403,0.203,9659
E30000200,Derby,2022,Rent,-1.684,0.169,52637
E30000201,Doncaster,2022,Rent,-1.74,0.173,23345
E30000202,Dudley,2022,Rent,-1.736,0.165,72333
E30000203,Durham and Bishop Auckland,2022,Rent,-1.589,0.204,39304
E30000204,Eastbourne,2022,Rent,-1.383,0.137,35092
E30000205,Evesham,2022,Rent,-1.511,0.189,12784
E30000206,Exeter,2022,Rent,-1.654,0.214,38832
E30000208,Folkestone and Dover,2022,Rent,-1.455,0.158,9143
E30000209,Gloucester,2022,Rent,-1.909,0.18,28745
E30000210,Great Yarmouth,2022,Rent,-1.651,0.242,11339
E30000211,Grimsby,2022,Rent,-1.631,0.182,10506
E30000212,Guildford and Aldershot,2022,Rent,-1.455,0.152,85834
E30000214,Harrogate,2022,Rent,-1.775,0.16,45806
E30000215,Hartlepool,2022,Rent,-1.527,0.217,5669
E30000216,Hereford,2022,Rent,-1.656,0.2,12478
E30000218,High Wycombe and Aylesbury,2022,Rent,-1.571,0.162,63852
E30000219,Huddersfield,2022,Rent,-1.837,0.167,48803
E30000220,Hull,2022,Rent,-1.647,0.2,35966
E30000221,Huntingdon,2022,Rent,-1.576,0.174,20882
E30000222,Ipswich,2022,Rent,-1.594,0.171,39156
E30000224,Kettering and Wellingborough,2022,Rent,-1.795,0.156,35443
E30000225,King's Lynn,2022,Rent,-1.86,0.173,17233
E30000226,Kingsbridge and Dartmouth,2022,Rent,-1.594,0.205,8700
E30000228,Leamington Spa,2022,Rent,-1.616,0.192,37674
E30000229,Leeds,2022,Rent,-1.669,0.2,107253
E30000230,Leicester,2022,Rent,-1.625,0.179,88443
E30000231,Lincoln,2022,Rent,-1.912,0.171,41426
E30000233,Liverpool,2022,Rent,-1.509,0.196,105942
E30000234,London,2022,Rent,-1.581,0.161,995986
E30000237,Luton,2022,Rent,-1.518,0.157,112318
E30000239,Manchester,2022,Rent,-1.361,0.181,245940
E30000240,Mansfield,2022,Rent,-1.825,0.173,27135
E30000241,Margate and Ramsgate,2022,Rent,-1.203,0.168,15987
E30000242,Medway,2022,Rent,-1.346,0.132,61047
E30000243,Milton Keynes,2022,Rent,-1.445,0.19,63797
E30000244,Newbury,2022,Rent,-1.604,0.187,26989
E30000245,Newcastle,2022,Rent,-1.393,0.23,56675
E30000247,Northampton,2022,Rent,-1.651,0.187,50517
E30000248,Norwich,2022,Rent,-1.659,0.229,35706
E30000249,Nottingham,2022,Rent,-1.611,0.185,99246
E30000250,Oxford,2022,Rent,-1.312,0.174,84912
E30000253,Plymouth,2022,Rent,-1.588,0.201,25751
E30000254,Portsmouth,2022,Rent,-1.465,0.147,59474
E30000255,Preston,2022,Rent,-1.513,0.175,38513
E30000256,Reading,2022,Rent,-1.531,0.178,83260
E30000257,Redruth and Truro,2022,Rent,-1.792,0.268,32595
E30000260,Scunthorpe,2022,Rent,-1.907,0.204,12670
E30000261,Sheffield,2022,Rent,-1.619,0.192,78791
E30000262,Shrewsbury,2022,Rent,-1.74,0.182,28203
E30000264,Skegness and Louth,2022,Rent,-1.715,0.2,11271
E30000266,Slough and Heathrow,2022,Rent,-1.617,0.165,305224
E30000267,Southampton,2022,Rent,-1.64,0.17,74601
E30000268,Southend,2022,Rent,-1.322,0.156,48643
E30000271,Stafford,2022,Rent,-1.487,0.192,13502
E30000272,Stevenage and Welwyn Garden City,2022,Rent,-1.643,0.176,52936
E30000273,Stoke-on-Trent,2022,Rent,-1.555,0.168,33445
E30000275,Sunderland,2022,Rent,-1.357,0.22,26364
E30000276,Swindon,2022,Rent,-1.537,0.172,34175
E30000278,Telford,2022,Rent,-1.475,0.194,19481
E30000279,Torquay and Paignton,2022,Rent,-1.557,0.186,12264
E30000280,Trowbridge,2022,Rent,-1.762,0.158,46990
E30000281,Tunbridge Wells,2022,Rent,-1.589,0.163,30762
E30000283,Wakefield and Castleford,2022,Rent,-1.948,0.168,30495
E30000284,Warrington and Wigan,2022,Rent,-1.527,0.164,75794
E30000285,Weston-super-Mare,2022,Rent,-1.711,0.183,19184
E30000287,Wisbech,2022,Rent,-1.912,0.172,17110
E30000288,Wolverhampton and Walsall,2022,Rent,-1.755,0.162,77094
E30000289,Worcester and Kidderminster,2022,Rent,-1.798,0.187,23872
E30000291,Worksop and Retford,2022,Rent,-1.661,0.174,10051
E30000292,Worthing,2022,Rent,-1.434,0.153,21423
E30000293,Yeovil,2022,Rent,-1.544,0.165,42024
E30000294,York,2022,Rent,-1.363,0.242,33452
K01000005,Cinderford and Ross-on-Wye,2022,Rent,-1.437,0.17,7148
K01000010,Carlisle,2022,Rent,-1.47,0.207,14508
K01000011,Chester,2022,Rent,-1.701,0.188,61472
K01000013,Newport,2022,Rent,-1.622,0.168,28966
S22000013,Western Isles,2022,Rent,-1.897,0.369,1706
S22000035,Orkney Islands,2022,Rent,-2.482,0.355,1704
S22000039,Shetland Islands,2022,Rent,-2.113,0.529,1500
S22000047,Aberdeen,2022,Rent,-1.206,0.255,42953
S22000051,Ayr,2022,Rent,-1.77,0.226,12665
S22000054,Dumbarton and Helensburgh,2022,Rent,-1.893,0.17,21589
S22000055,Dumfries,2022,Rent,-1.8,0.227,12172
S22000056,Dundee,2022,Rent,-1.571,0.23,20719
S22000057,Dunfermline and Kirkcaldy,2022,Rent,-1.665,0.199,31658
S22000059,Edinburgh,2022,Rent,-1.301,0.229,90260
S22000060,Elgin,2022,Rent,-1.669,0.226,5416
S22000061,Falkirk and Stirling,2022,Rent,-1.595,0.194,34149
S22000063,Galashiels and Peebles,2022,Rent,-1.652,0.173,10945
S22000065,Glasgow,2022,Rent,-1.266,0.209,141397
S22000068,Inverness,2022,Rent,-2.185,0.254,18022
S22000069,Kilmarnock and Irvine,2022,Rent,-1.95,0.159,26579
S22000070,Livingston,2022,Rent,-1.526,0.196,17654
S22000071,Motherwell and Airdrie,2022,Rent,-1.651,0.184,53275
S22000074,Perth,2022,Rent,-1.517,0.203,15503
S22000085,Greenock,2022,Rent,-1.452,0.183,8514
W22000003,Bridgend,2022,Rent,-1.483,0.215,7077
W22000009,Haverfordwest and Milford Haven,2022,Rent,-1.45,0.286,4665
W22000015,Newtown and Welshpool,2022,Rent,-1.835,0.235,8135
W22000021,Aberystwyth,2022,Rent,-1.579,0.259,4361
W22000022,Bangor and Holyhead,2022,Rent,-1.85,0.26,13133
W22000024,Cardiff,2022,Rent,-1.604,0.186,66263
W22000026,Colwyn Bay,2022,Rent,-1.972,0.251,10047
W22000028,Llanelli,2022,Rent,-1.501,0.221,6224
W22000029,Merthyr Tydfil,2022,Rent,-1.669,0.204,8003
W22000031,Rhyl,2022,Rent,-2.364,0.22,13785
W22000032,Swansea,2022,Rent,-1.352,0.212,20167
W22000034,Wrexham,2022,Rent,-1.801,0.22,12561
E30000004,Barnsley,2022,Sale,-1.737,0.156,12078
E30000018,Bradford,2022,Sale,-1.723,0.15,23636
E30000029,Halifax,2022,Sale,-1.598,0.138,12346
E30000046,Dorchester and Weymouth,2022,Sale,-1.311,0.16,20010
E30000054,Grantham,2022,Sale,-1.125,0.151,7815
E30000061,Hastings,2022,Sale,-0.796,0.135,7738
E30000070,Isle of Wight,2022,Sale,-0.937,0.14,3601
E30000076,Lancaster and Morecambe,2022,Sale,-1.264,0.187,6467
E30000093,Middlesbrough and Stockton,2022,Sale,-1.894,0.181,9461
E30000108,Peterborough,2022,Sale,-1.462,0.161,16376
E30000124,Spalding,2022,Sale,-1.227,0.18,5275
E30000135,Thetford and Mildenhall,2022,Sale,-1.219,0.166,9197
E30000159,Andover,2022,Sale,-1.27,0.137,10018
E30000160,Ashford,2022,Sale,-0.946,0.125,7798
E30000162,Barnstaple,2022,Sale,-1.293,0.165,4481
E30000163,Barrow-in-Furness,2022,Sale,-1.609,0.203,9086
E30000164,Basingstoke,2022,Sale,-1.19,0.121,26157
E30000165,Bath,2022,Sale,-1.539,0.176,16005
E30000166,Bedford,2022,Sale,-1.162,0.148,17040
E30000167,Bideford,2022,Sale,-1.341,0.174,3985
E30000168,Birkenhead,2022,Sale,-1.445,0.182,11724
E30000169,Birmingham,2022,Sale,-1.441,0.152,110583
E30000170,Blackburn,2022,Sale,-1.742,0.146,13485
E30000171,Blackpool,2022,Sale,-1.631,0.155,13193
E30000173,Blyth and Ashington,2022,Sale,-1.689,0.186,10203
E30000174,Boston,2022,Sale,-1.026,0.198,5489
E30000175,Bournemouth,2022,Sale,-0.888,0.146,19860
E30000179,Brighton,2022,Sale,-1.111,0.145,28281
E30000180,Bristol,2022,Sale,-1.603,0.151,54219
E30000182,Burnley,2022,Sale,-1.469,0.171,7823
E30000183,Burton upon Trent,2022,Sale,-1.454,0.175,12854
E30000184,Bury St Edmunds,2022,Sale,-1.039,0.152,12217
E30000186,Cambridge,2022,Sale,-1.325,0.116,54636
E30000187,Canterbury,2022,Sale,-0.978,0.134,7900
E30000188,Chelmsford,2022,Sale,-1.101,0.132,38294
E30000189,Cheltenham,2022,Sale,-1.26,0.164,11564
E30000190,Chesterfield,2022,Sale,-1.389,0.181,10296
E30000191,Chichester and Bognor Regis,2022,Sale,-1.012,0.123,14462
E30000192,Clacton,2022,Sale,-1.007,0.14,8202
E30000193,Colchester,2022,Sale,-0.993,0.148,14472
E30000195,Coventry,2022,Sale,-1.173,0.146,34531
E30000196,Crawley,2022,Sale,-1.182,0.104,55362
E30000197,Crewe,2022,Sale,-1.355,0.155,30757
E30000198,Cromer and Sheringham,2022,Sale,-1.394,0.181,7255
E30000199,Darlington,2022,Sale,-1.353,0.204,3977
E30000200,Derby,2022,Sale,-1.39,0.164,25920
E30000201,Doncaster,2022,Sale,-1.56,0.17,11763
E30000202,Dudley,2022,Sale,-1.63,0.172,49823
E30000203,Durham and Bishop Auckland,2022,Sale,-1.832,0.176,15262
E30000204,Eastbourne,2022,Sale,-0.901,0.122,16883
E30000205,Evesham,2022,Sale,-1.08,0.175,9617
E30000206,Exeter,2022,Sale,-1.395,0.148,18425
E30000208,Folkestone and Dover,2022,Sale,-0.787,0.143,5819
E30000209,Gloucester,2022,Sale,-1.323,0.155,15665
E30000210,Great Yarmouth,2022,Sale,-1.505,0.182,4496
E30000211,Grimsby,2022,Sale,-1.394,0.177,3095
E30000212,Guildford and Aldershot,2022,Sale,-1.169,0.122,55777
E30000214,Harrogate,2022,Sale,-1.675,0.144,28002
E30000215,Hartlepool,2022,Sale,-1.127,0.192,1688
E30000216,Hereford,2022,Sale,-1.428,0.162,9449
E30000218,High Wycombe and Aylesbury,2022,Sale,-1.089,0.115,48301
E30000219,Huddersfield,2022,Sale,-1.791,0.149,25538
E30000220,Hull,2022,Sale,-1.584,0.174,12248
E30000221,Huntingdon,2022,Sale,-1.198,0.158,12826
E30000222,Ipswich,2022,Sale,-1.165,0.123,20331
E30000224,Kettering and Wellingborough,2022,Sale,-1.159,0.151,18603
E30000225,King's Lynn,2022,Sale,-1.406,0.144,8613
E30000226,Kingsbridge and Dartmouth,2022,Sale,-1.734,0.162,6805
E30000228,Leamington Spa,2022,Sale,-1.038,0.15,25884
E30000229,Leeds,2022,Sale,-1.908,0.162,52271
E30000230,Leicester,2022,Sale,-1.233,0.137,48245
E30000231,Lincoln,2022,Sale,-1.295,0.144,20918
E30000233,Liverpool,2022,Sale,-1.676,0.165,31411
E30000234,London,2022,Sale,-1.525,0.134,730865
E30000237,Luton,2022,Sale,-1.295,0.12,78169
E30000239,Manchester,2022,Sale,-1.671,0.149,139812
E30000240,Mansfield,2022,Sale,-1.387,0.163,14659
E30000241,Margate and Ramsgate,2022,Sale,-0.559,0.129,9554
E30000242,Medway,2022,Sale,-0.944,0.101,34702
E30000243,Milton Keynes,2022,Sale,-1.102,0.136,30352
E30000244,Newbury,2022,Sale,-1.275,0.148,18667
E30000245,Newcastle,2022,Sale,-1.907,0.183,23226
E30000247,Northampton,2022,Sale,-1.2,0.139,29488
E30000248,Norwich,2022,Sale,-1.063,0.156,19476
E30000249,Nottingham,2022,Sale,-1.291,0.16,43788
E30000250,Oxford,2022,Sale,-1.017,0.128,47894
E30000253,Plymouth,2022,Sale,-1.458,0.173,9950
E30000254,Portsmouth,2022,Sale,-0.963,0.126,31970
E30000255,Preston,2022,Sale,-1.736,0.154,16081
E30000256,Reading,2022,Sale,-1.206,0.127,53307
E30000257,Redruth and Truro,2022,Sale,-0.912,0.189,15509
E30000260,Scunthorpe,2022,Sale,-1.613,0.178,6514
E30000261,Sheffield,2022,Sale,-1.495,0.145,32832
E30000262,Shrewsbury,2022,Sale,-1.544,0.168,16667
E30000264,Skegness and Louth,2022,Sale,-1.342,0.15,6442
E30000266,Slough and Heathrow,2022,Sale,-1.464,0.126,204272
E30000267,Southampton,2022,Sale,-1.092,0.129,36189
E30000268,Southend,2022,Sale,-0.925,0.124,34300
E30000271,Stafford,2022,Sale,-1.212,0.173,8219
E30000272,Stevenage and Welwyn Garden City,2022,Sale,-1.082,0.137,30710
E30000273,Stoke-on-Trent,2022,Sale,-1.368,0.17,15086
E30000275,Sunderland,2022,Sale,-1.762,0.182,9211
E30000276,Swindon,2022,Sale,-1.264,0.145,21443
E30000278,Telford,2022,Sale,-1.354,0.166,7257
E30000279,Torquay and Paignton,2022,Sale,-1.232,0.162,6332
E30000280,Trowbridge,2022,Sale,-1.365,0.127,30517
E30000281,Tunbridge Wells,2022,Sale,-1.088,0.12,22654
E30000283,Wakefield and Castleford,2022,Sale,-1.642,0.162,17444
E30000284,Warrington and Wigan,2022,Sale,-1.747,0.158,42778
E30000285,Weston-super-Mare,2022,Sale,-1.526,0.161,14603
E30000287,Wisbech,2022,Sale,-1.427,0.16,11029
E30000288,Wolverhampton and Walsall,2022,Sale,-1.71,0.149,41811
E30000289,Worcester and Kidderminster,2022,Sale,-1.521,0.176,14658
E30000291,Worksop and Retford,2022,Sale,-1.566,0.18,7185
E30000292,Worthing,2022,Sale,-0.632,0.143,10721
E30000293,Yeovil,2022,Sale,-1.419,0.143,25512
E30000294,York,2022,Sale,-1.473,0.184,14531
K01000005,Cinderford and Ross-on-Wye,2022,Sale,-1.509,0.164,4945
K01000010,Carlisle,2022,Sale,-2.047,0.183,6044
K01000011,Chester,2022,Sale,-1.619,0.162,28826
K01000013,Newport,2022,Sale,-1.694,0.147,17107
S22000013,Western Isles,2022,Sale,-2.005,0.295,1249
S22000035,Orkney Islands,2022,Sale,-1.83,0.269,699
S22000039,Shetland Islands,2022,Sale,-2.85,0.505,567
S22000047,Aberdeen,2022,Sale,-1.963,0.208,10818
S22000051,Ayr,2022,Sale,-1.888,0.215,9236
S22000054,Dumbarton and Helensburgh,2022,Sale,-2.171,0.138,17152
S22000055,Dumfries,2022,Sale,-2.206,0.173,5280
S22000056,Dundee,2022,Sale,-2.131,0.172,5895
S22000057,Dunfermline and Kirkcaldy,2022,Sale,-2.224,0.163,13779
S22000059,Edinburgh,2022,Sale,-2.104,0.194,51710
S22000060,Elgin,2022,Sale,-2.177,0.208,3251
S22000061,Falkirk and Stirling,2022,Sale,-2.271,0.151,20220
S22000063,Galashiels and Peebles,2022,Sale,-1.952,0.167,5038
S22000065,Glasgow,2022,Sale,-2.245,0.163,95524
S22000068,Inverness,2022,Sale,-2.424,0.209,7096
S22000069,Kilmarnock and Irvine,2022,Sale,-2.391,0.142,19740
S22000070,Livingston,2022,Sale,-2.359,0.155,15687
S22000071,Motherwell and Airdrie,2022,Sale,-2.54,0.158,56170
S22000074,Perth,2022,Sale,-2.01,0.175,9775
S22000085,Greenock,2022,Sale,-1.94,0.119,7023
W22000003,Bridgend,2022,Sale,-1.464,0.172,4194
W22000009,Haverfordwest and Milford Haven,2022,Sale,-1.911,0.221,2360
W22000015,Newtown and Welshpool,2022,Sale,-1.779,0.184,4951
W22000021,Aberystwyth,2022,Sale,-1.489,0.188,1906
W22000022,Bangor and Holyhead,2022,Sale,-1.867,0.219,5537
W22000024,Cardiff,2022,Sale,-1.514,0.152,27585
W22000026,Colwyn Bay,2022,Sale,-1.687,0.226,4506
W22000028,Llanelli,2022,Sale,-1.386,0.179,3663
W22000029,Merthyr Tydfil,2022,Sale,-1.422,0.192,5455
W22000031,Rhyl,2022,Sale,-1.785,0.196,5457
W22000032,Swansea,2022,Sale,-1.46,0.171,4988
W22000034,Wrexham,2022,Sale,-1.697,0.178,5701
E30000004,Barnsley,2023,Rent,-1.606,0.152,18891
E30000018,Bradford,2023,Rent,-1.626,0.156,65031
E30000029,Halifax,2023,Rent,-1.75,0.165,21500
E30000046,Dorchester and Weymouth,2023,Rent,-1.774,0.175,34511
E30000054,Grantham,2023,Rent,-1.761,0.183,13510
E30000061,Hastings,2023,Rent,-1.071,0.156,12024
E30000070,Isle of Wight,2023,Rent,-1.544,0.168,6946
E30000076,Lancaster and Morecambe,2023,Rent,-1.674,0.198,24995
E30000093,Middlesbrough and Stockton,2023,Rent,-1.459,0.199,41298
E30000108,Peterborough,2023,Rent,-1.772,0.178,35135
E30000124,Spalding,2023,Rent,-1.762,0.19,7592
E30000135,Thetford and Mildenhall,2023,Rent,-1.697,0.174,14992
E30000159,Andover,2023,Rent,-1.654,0.182,15610
E30000160,Ashford,2023,Rent,-1.257,0.146,15157
E30000162,Barnstaple,2023,Rent,-1.407,0.245,6812
E30000163,Barrow-in-Furness,2023,Rent,-1.799,0.208,17894
E30000164,Basingstoke,2023,Rent,-1.668,0.145,38355
E30000165,Bath,2023,Rent,-1.507,0.228,42762
E30000166,Bedford,2023,Rent,-1.663,0.172,30444
E30000167,Bideford,2023,Rent,-1.22,0.241,5661
E30000168,Birkenhead,2023,Rent,-1.657,0.188,31949
E30000169,Birmingham,2023,Rent,-1.62,0.163,220761
E30000170,Blackburn,2023,Rent,-1.646,0.17,25593
E30000171,Blackpool,2023,Rent,-1.67,0.167,32260
E30000173,Blyth and Ashington,2023,Rent,-1.739,0.213,15699
E30000174,Boston,2023,Rent,-1.731,0.22,7231
E30000175,Bournemouth,2023,Rent,-1.474,0.184,46969
E30000179,Brighton,2023,Rent,-1.346,0.168,54611
E30000180,Bristol,2023,Rent,-1.519,0.181,99837
E30000182,Burnley,2023,Rent,-1.534,0.172,15924
E30000183,Burton upon Trent,2023,Rent,-1.573,0.171,19652
E30000184,Bury St Edmunds,2023,Rent,-1.52,0.179,26265
E30000186,Cambridge,2023,Rent,-1.648,0.185,115953
E30000187,Canterbury,2023,Rent,-1.606,0.167,21843
E30000188,Chelmsford,2023,Rent,-1.417,0.164,57652
E30000189,Cheltenham,2023,Rent,-1.349,0.198,17847
E30000190,Chesterfield,2023,Rent,-1.55,0.184,15653
E30000191,Chichester and Bognor Regis,2023,Rent,-1.362,0.162,25416
E30000192,Clacton,2023,Rent,-1.676,0.169,16791
E30000193,Colchester,2023,Rent,-1.361,0.173,32130
E30000195,Coventry,2023,Rent,-1.529,0.178,97418
E30000196,Crawley,2023,Rent,-1.522,0.149,87167
E30000197,Crewe,2023,Rent,-1.64,0.183,49573
E30000198,Cromer and Sheringham,2023,Rent,-1.759,0.212,11680
E30000199,Darlington,2023,Rent,-1.529,0.192,9985
E30000200,Derby,2023,Rent,-1.683,0.176,54408
E30000201,Doncaster,2023,Rent,-1.799,0.185,24638
E30000202,Dudley,2023,Rent,-1.702,0.18,85804
E30000203,Durham and Bishop Auckland,2023,Rent,-1.518,0.207,40523
E30000204,Eastbourne,2023,Rent,-1.448,0.14,34325
E30000205,Evesham,2023,Rent,-1.831,0.188,12968
E30000206,Exeter,2023,Rent,-1.558,0.203,36314
E30000208,Folkestone and Dover,2023,Rent,-1.37,0.166,9072
E30000209,Gloucester,2023,Rent,-1.454,0.167,28749
E30000210,Great Yarmouth,2023,Rent,-1.973,0.229,11099
E30000211,Grimsby,2023,Rent,-1.705,0.194,10950
E30000212,Guildford and Aldershot,2023,Rent,-1.55,0.158,88469
E30000214,Harrogate,2023,Rent,-1.729,0.163,44455
E30000215,Hartlepool,2023,Rent,-1.607,0.188,6038
E30000216,Hereford,2023,Rent,-1.601,0.184,11973
E30000218,High Wycombe and Aylesbury,2023,Rent,-1.502,0.152,64680
E30000219,Huddersfield,2023,Rent,-1.746,0.151,50188
E30000220,Hull,2023,Rent,-1.764,0.188,35473
E30000221,Huntingdon,2023,Rent,-1.872,0.158,21561
E30000222,Ipswich,2023,Rent,-1.519,0.166,37425
E30000224,Kettering and Wellingborough,2023,Rent,-1.702,0.156,34802
E30000225,King's Lynn,2023,Rent,-1.928,0.18,15952
E30000226,Kingsbridge and Dartmouth,2023,Rent,-1.719,0.22,7432
E30000228,Leamington Spa,2023,Rent,-1.533,0.192,40142
E30000229,Leeds,2023,Rent,-1.552,0.182,109831
E30000230,Leicester,2023,Rent,-1.62,0.177,92187
E30000231,Lincoln,2023,Rent,-1.685,0.16,43974
E30000233,Liverpool,2023,Rent,-1.466,0.181,106937
E30000234,London,2023,Rent,-1.588,0.16,1123909
E30000237,Luton,2023,Rent,-1.52,0.155,129221
E30000239,Manchester,2023,Rent,-1.417,0.175,277744
E30000240,Mansfield,2023,Rent,-1.696,0.175,27533
E30000241,Margate and Ramsgate,2023,Rent,-1.207,0.169,16714
E30000242,Medway,2023,Rent,-1.509,0.133,62936
E30000243,Milton Keynes,2023,Rent,-1.404,0.192,60607
E30000244,Newbury,2023,Rent,-1.757,0.174,26395
E30000245,Newcastle,2023,Rent,-1.245,0.232,60334
E30000247,Northampton,2023,Rent,-1.301,0.178,55400
E30000248,Norwich,2023,Rent,-1.769,0.204,39203
E30000249,Nottingham,2023,Rent,-1.572,0.184,102650
E30000250,Oxford,2023,Rent,-1.535,0.178,84375
E30000253,Plymouth,2023,Rent,-1.487,0.204,24249
E30000254,Portsmouth,2023,Rent,-1.436,0.145,64131
E30000255,Preston,2023,Rent,-1.505,0.185,39781
E30000256,Reading,2023,Rent,-1.432,0.164,83401
E30000257,Redruth and Truro,2023,Rent,-1.772,0.248,32312
E30000260,Scunthorpe,2023,Rent,-1.843,0.185,12909
E30000261,Sheffield,2023,Rent,-1.626,0.172,85905
E30000262,Shrewsbury,2023,Rent,-1.795,0.186,28996
E30000264,Skegness and Louth,2023,Rent,-1.975,0.177,10453
E30000266,Slough and Heathrow,2023,Rent,-1.563,0.16,317317
E30000267,Southampton,2023,Rent,-1.499,0.165,78334
E30000268,Southend,2023,Rent,-1.402,0.149,55893
E30000271,Stafford,2023,Rent,-1.532,0.183,14204
E30000272,Stevenage and Welwyn Garden City,2023,Rent,-1.408,0.171,63647
E30000273,Stoke-on-Trent,2023,Rent,-1.573,0.173,36699
E30000275,Sunderland,2023,Rent,-1.429,0.222,28841
E30000276,Swindon,2023,Rent,-1.609,0.155,33926
E30000278,Telford,2023,Rent,-1.699,0.182,21655
E30000279,Torquay and Paignton,2023,Rent,-1.322,0.195,12404
E30000280,Trowbridge,2023,Rent,-1.681,0.145,47336
E30000281,Tunbridge Wells,2023,Rent,-1.514,0.157,29914
E30000283,Wakefield and Castleford,2023,Rent,-1.79,0.167,29139
E30000284,Warrington and Wigan,2023,Rent,-1.512,0.164,77385
E30000285,Weston-super-Mare,2023,Rent,-1.527,0.193,22720
E30000287,Wisbech,2023,Rent,-1.97,0.189,16239
E30000288,Wolverhampton and Walsall,2023,Rent,-1.875,0.154,86659
E30000289,Worcester and Kidderminster,2023,Rent,-1.863,0.205,25834
E30000291,Worksop and Retford,2023,Rent,-1.772,0.168,9604
E30000292,Worthing,2023,Rent,-1.318,0.156,19284
E30000293,Yeovil,2023,Rent,-1.521,0.184,43782
E30000294,York,2023,Rent,-1.248,0.212,31821
K01000005,Cinderford and Ross-on-Wye,2023,Rent,-1.461,0.188,5157
K01000010,Carlisle,2023,Rent,-1.391,0.226,12447
K01000011,Chester,2023,Rent,-1.783,0.179,61713
K01000013,Newport,2023,Rent,-1.581,0.173,29856
S22000013,Western Isles,2023,Rent,-2.209,0.318,2033
S22000035,Orkney Islands,2023,Rent,-1.431,0.348,1276
S22000039,Shetland Islands,2023,Rent,-2.202,0.595,1099
S22000047,Aberdeen,2023,Rent,-1.272,0.25,39466
S22000051,Ayr,2023,Rent,-1.495,0.225,11581
S22000054,Dumbarton and Helensburgh,2023,Rent,-1.664,0.196,20715
S22000055,Dumfries,2023,Rent,-1.924,0.194,11022
S22000056,Dundee,2023,Rent,-1.532,0.215,21460
S22000057,Dunfermline and Kirkcaldy,2023,Rent,-1.586,0.217,30090
S22000059,Edinburgh,2023,Rent,-1.356,0.217,87598
S22000060,Elgin,2023,Rent,-1.768,0.242,4251
S22000061,Falkirk and Stirling,2023,Rent,-1.69,0.196,34946
S22000063,Galashiels and Peebles,2023,Rent,-1.545,0.182,9372
S22000065,Glasgow,2023,Rent,-1.347,0.195,143232
S22000068,Inverness,2023,Rent,-2.096,0.23,15234
S22000069,Kilmarnock and Irvine,2023,Rent,-1.813,0.176,20970
S22000070,Livingston,2023,Rent,-1.639,0.179,17725
S22000071,Motherwell and Airdrie,2023,Rent,-1.726,0.174,59737
S22000074,Perth,2023,Rent,-1.329,0.19,11052
S22000085,Greenock,2023,Rent,-1.487,0.174,9300
W22000003,Bridgend,2023,Rent,-1.163,0.211,6662
W22000009,Haverfordwest and Milford Haven,2023,Rent,-1.593,0.3,3685
W22000015,Newtown and Welshpool,2023,Rent,-1.913,0.226,8528
W22000021,Aberystwyth,2023,Rent,-1.647,0.237,4470
W22000022,Bangor and Holyhead,2023,Rent,-1.927,0.293,17403
W22000024,Cardiff,2023,Rent,-1.346,0.17,63610
W22000026,Colwyn Bay,2023,Rent,-1.956,0.243,9965
W22000028,Llanelli,2023,Rent,-1.587,0.212,6442
W22000029,Merthyr Tydfil,2023,Rent,-1.398,0.193,7642
W22000031,Rhyl,2023,Rent,-1.748,0.225,12987
W22000032,Swansea,2023,Rent,-1.234,0.221,20280
W22000034,Wrexham,2023,Rent,-1.88,0.204,15274
E30000004,Barnsley,2023,Sale,-1.426,0.146,8524
E30000018,Bradford,2023,Sale,-1.649,0.141,17460
E30000029,Halifax,2023,Sale,-1.522,0.153,8535
E30000046,Dorchester and Weymouth,2023,Sale,-1.375,0.166,14007
E30000054,Grantham,2023,Sale,-1.125,0.152,6048
E30000061,Hastings,2023,Sale,-0.831,0.146,5100
E30000070,Isle of Wight,2023,Sale,-0.901,0.144,3106
E30000076,Lancaster and Morecambe,2023,Sale,-1.298,0.188,4939
E30000093,Middlesbrough and Stockton,2023,Sale,-1.817,0.184,7450
E30000108,Peterborough,2023,Sale,-1.419,0.155,11333
E30000124,Spalding,2023,Sale,-1.016,0.161,3679
E30000135,Thetford and Mildenhall,2023,Sale,-0.972,0.176,6491
E30000159,Andover,2023,Sale,-1.192,0.148,6631
E30000160,Ashford,2023,Sale,-1.07,0.145,5785
E30000162,Barnstaple,2023,Sale,-1.163,0.153,2442
E30000163,Barrow-in-Furness,2023,Sale,-1.813,0.199,6675
E30000164,Basingstoke,2023,Sale,-1.056,0.138,16604
E30000165,Bath,2023,Sale,-1.316,0.164,10892
E30000166,Bedford,2023,Sale,-1.185,0.144,11305
E30000167,Bideford,2023,Sale,-1.112,0.173,2722
E30000168,Birkenhead,2023,Sale,-1.501,0.18,8114
E30000169,Birmingham,2023,Sale,-1.426,0.15,65688
E30000170,Blackburn,2023,Sale,-1.606,0.163,10077
E30000171,Blackpool,2023,Sale,-1.444,0.146,9001
E30000173,Blyth and Ashington,2023,Sale,-1.686,0.171,8420
E30000174,Boston,2023,Sale,-0.371,0.235,7626
E30000175,Bournemouth,2023,Sale,-0.967,0.158,14075
E30000179,Brighton,2023,Sale,-0.951,0.136,17449
E30000180,Bristol,2023,Sale,-1.259,0.168,34341
E30000182,Burnley,2023,Sale,-1.458,0.162,3988
E30000183,Burton upon Trent,2023,Sale,-1.08,0.166,9924
E30000184,Bury St Edmunds,2023,Sale,-1.152,0.146,8126
E30000186,Cambridge,2023,Sale,-1.188,0.133,39315
E30000187,Canterbury,2023,Sale,-0.961,0.145,6677
E30000188,Chelmsford,2023,Sale,-1.121,0.132,25764
E30000189,Cheltenham,2023,Sale,-1.313,0.163,8224
E30000190,Chesterfield,2023,Sale,-1.187,0.184,7114
E30000191,Chichester and Bognor Regis,2023,Sale,-0.957,0.132,9270
E30000192,Clacton,2023,Sale,-0.95,0.148,5410
E30000193,Colchester,2023,Sale,-0.902,0.148,9688
E30000195,Coventry,2023,Sale,-1.163,0.138,23885
E30000196,Crawley,2023,Sale,-1.207,0.108,38045
E30000197,Crewe,2023,Sale,-1.402,0.179,19657
E30000198,Cromer and Sheringham,2023,Sale,-1.049,0.183,5083
E30000199,Darlington,2023,Sale,-1.645,0.192,3109
E30000200,Derby,2023,Sale,-1.25,0.16,17673
E30000201,Doncaster,2023,Sale,-1.578,0.163,7744
E30000202,Dudley,2023,Sale,-1.4,0.173,29474
E30000203,Durham and Bishop Auckland,2023,Sale,-1.844,0.174,11969
E30000204,Eastbourne,2023,Sale,-0.815,0.121,11734
E30000205,Evesham,2023,Sale,-1.257,0.175,6164
E30000206,Exeter,2023,Sale,-1.208,0.144,13783
E30000208,Folkestone and Dover,2023,Sale,-0.719,0.149,3844
E30000209,Gloucester,2023,Sale,-1.176,0.175,11605
E30000210,Great Yarmouth,2023,Sale,-1.422,0.175,2975
E30000211,Grimsby,2023,Sale,-1.222,0.171,1882
E30000212,Guildford and Aldershot,2023,Sale,-1.019,0.117,38028
E30000214,Harrogate,2023,Sale,-1.679,0.145,18791
E30000215,Hartlepool,2023,Sale,-1.453,0.202,1581
E30000216,Hereford,2023,Sale,-1.24,0.18,6385
E30000218,High Wycombe and Aylesbury,2023,Sale,-1.004,0.125,32624
E30000219,Huddersfield,2023,Sale,-1.573,0.144,16565
E30000220,Hull,2023,Sale,-1.337,0.17,9042
E30000221,Huntingdon,2023,Sale,-1.177,0.159,7682
E30000222,Ipswich,2023,Sale,-1.126,0.145,14068
E30000224,Kettering and Wellingborough,2023,Sale,-0.945,0.138,11857
E30000225,King's Lynn,2023,Sale,-1.354,0.149,5396
E30000226,Kingsbridge and Dartmouth,2023,Sale,-1.374,0.178,4584
E30000228,Leamington Spa,2023,Sale,-1.055,0.151,17093
E30000229,Leeds,2023,Sale,-1.885,0.15,34545
E30000230,Leicester,2023,Sale,-1.302,0.149,29868
E30000231,Lincoln,2023,Sale,-1.296,0.146,13453
E30000233,Liverpool,2023,Sale,-1.788,0.16,20871
E30000234,London,2023,Sale,-1.327,0.116,464502
E30000237,Luton,2023,Sale,-1.044,0.116,52968
E30000239,Manchester,2023,Sale,-1.621,0.159,92243
E30000240,Mansfield,2023,Sale,-1.544,0.161,10604
E30000241,Margate and Ramsgate,2023,Sale,-0.763,0.125,6194
E30000242,Medway,2023,Sale,-0.887,0.1,22616
E30000243,Milton Keynes,2023,Sale,-0.868,0.14,19675
E30000244,Newbury,2023,Sale,-1.122,0.146,13101
E30000245,Newcastle,2023,Sale,-1.876,0.185,16832
E30000247,Northampton,2023,Sale,-0.99,0.139,18179
E30000248,Norwich,2023,Sale,-1.114,0.168,13206
E30000249,Nottingham,2023,Sale,-1.287,0.158,29337
E30000250,Oxford,2023,Sale,-0.978,0.131,34536
E30000253,Plymouth,2023,Sale,-1.212,0.186,6558
E30000254,Portsmouth,2023,Sale,-0.984,0.126,20744
E30000255,Preston,2023,Sale,-1.698,0.181,12291
E30000256,Reading,2023,Sale,-1.168,0.13,33442
E30000257,Redruth and Truro,2023,Sale,-1.361,0.196,10592
E30000260,Scunthorpe,2023,Sale,-1.4,0.189,4048
E30000261,Sheffield,2023,Sale,-1.422,0.149,23361
E30000262,Shrewsbury,2023,Sale,-1.477,0.168,12078
E30000264,Skegness and Louth,2023,Sale,-1.429,0.15,4151
E30000266,Slough and Heathrow,2023,Sale,-1.417,0.123,135891
E30000267,Southampton,2023,Sale,-1.086,0.127,25230
E30000268,Southend,2023,Sale,-0.778,0.127,21351
E30000271,Stafford,2023,Sale,-0.963,0.181,5400
E30000272,Stevenage and Welwyn Garden City,2023,Sale,-1.177,0.137,19879
E30000273,Stoke-on-Trent,2023,Sale,-1.283,0.155,10440
E30000275,Sunderland,2023,Sale,-1.6,0.209,6677
E30000276,Swindon,2023,Sale,-1.335,0.138,14009
E30000278,Telford,2023,Sale,-1.357,0.172,4894
E30000279,Torquay and Paignton,2023,Sale,-1.172,0.151,4307
E30000280,Trowbridge,2023,Sale,-1.242,0.133,21161
E30000281,Tunbridge Wells,2023,Sale,-1.045,0.134,16504
E30000283,Wakefield and Castleford,2023,Sale,-1.558,0.167,12690
E30000284,Warrington and Wigan,2023,Sale,-1.794,0.164,27070
E30000285,Weston-super-Mare,2023,Sale,-1.485,0.149,9773
E30000287,Wisbech,2023,Sale,-1.318,0.169,6671
E30000288,Wolverhampton and Walsall,2023,Sale,-1.465,0.159,25648
E30000289,Worcester and Kidderminster,2023,Sale,-1.288,0.168,9950
E30000291,Worksop and Retford,2023,Sale,-1.41,0.157,5012
E30000292,Worthing,2023,Sale,-0.661,0.152,7053
E30000293,Yeovil,2023,Sale,-1.157,0.147,17637
E30000294,York,2023,Sale,-1.323,0.173,9762
K01000005,Cinderford and Ross-on-Wye,2023,Sale,-1.311,0.169,3715
K01000010,Carlisle,2023,Sale,-1.66,0.184,4183
K01000011,Chester,2023,Sale,-1.544,0.157,18841
K01000013,Newport,2023,Sale,-1.418,0.161,11958
S22000013,Western Isles,2023,Sale,-2.505,0.381,1225
S22000035,Orkney Islands,2023,Sale,-1.507,0.311,718
S22000039,Shetland Islands,2023,Sale,-2.249,0.514,568
S22000047,Aberdeen,2023,Sale,-1.943,0.228,9139
S22000051,Ayr,2023,Sale,-2.027,0.226,8296
S22000054,Dumbarton and Helensburgh,2023,Sale,-2.166,0.151,15766
S22000055,Dumfries,2023,Sale,-2.161,0.17,5450
S22000056,Dundee,2023,Sale,-2.083,0.184,5184
S22000057,Dunfermline and Kirkcaldy,2023,Sale,-2.22,0.184,12619
S22000059,Edinburgh,2023,Sale,-2.128,0.188,40226
S22000060,Elgin,2023,Sale,-1.941,0.174,2363
S22000061,Falkirk and Stirling,2023,Sale,-2.222,0.164,18534
S22000063,Galashiels and Peebles,2023,Sale,-1.933,0.17,4646
S22000065,Glasgow,2023,Sale,-2.237,0.159,81490
S22000068,Inverness,2023,Sale,-2.416,0.215,6849
S22000069,Kilmarnock and Irvine,2023,Sale,-2.106,0.173,16377
S22000070,Livingston,2023,Sale,-2.192,0.172,13462
S22000071,Motherwell and Airdrie,2023,Sale,-2.372,0.182,52862
S22000074,Perth,2023,Sale,-2.125,0.17,7179
S22000085,Greenock,2023,Sale,-1.846,0.142,6294
W22000003,Bridgend,2023,Sale,-1.585,0.181,3022
W22000009,Haverfordwest and Milford Haven,2023,Sale,-1.486,0.214,1389
W22000015,Newtown and Welshpool,2023,Sale,-1.612,0.175,3816
W22000021,Aberystwyth,2023,Sale,-1.559,0.184,1461
W22000022,Bangor and Holyhead,2023,Sale,-1.75,0.207,3865
W22000024,Cardiff,2023,Sale,-1.548,0.17,17893
W22000026,Colwyn Bay,2023,Sale,-1.745,0.212,3495
W22000028,Llanelli,2023,Sale,-1.77,0.165,2648
W22000029,Merthyr Tydfil,2023,Sale,-1.113,0.221,3061
W22000031,Rhyl,2023,Sale,-1.244,0.214,3967
W22000032,Swansea,2023,Sale,-1.536,0.184,3437
W22000034,Wrexham,2023,Sale,-1.618,0.179,4080
E30000004,Barnsley,2024,Rent,-1.748,0.148,16984
E30000018,Bradford,2024,Rent,-1.631,0.148,51931
E30000029,Halifax,2024,Rent,-1.656,0.162,18788
E30000046,Dorchester and Weymouth,2024,Rent,-1.652,0.179,27062
E30000054,Grantham,2024,Rent,-1.905,0.183,12214
E30000061,Hastings,2024,Rent,-1.241,0.146,8920
E30000070,Isle of Wight,2024,Rent,-1.037,0.169,5706
E30000076,Lancaster and Morecambe,2024,Rent,-1.47,0.223,16478
E30000093,Middlesbrough and Stockton,2024,Rent,-1.566,0.196,32170
E30000108,Peterborough,2024,Rent,-1.886,0.176,26099
E30000124,Spalding,2024,Rent,-1.573,0.188,6036
E30000135,Thetford and Mildenhall,2024,Rent,-1.729,0.164,10976
E30000159,Andover,2024,Rent,-1.524,0.174,13084
E30000160,Ashford,2024,Rent,-1.499,0.15,10657
E30000162,Barnstaple,2024,Rent,-1.487,0.199,5677
E30000163,Barrow-in-Furness,2024,Rent,-1.819,0.215,13769
E30000164,Basingstoke,2024,Rent,-1.494,0.131,30627
E30000165,Bath,2024,Rent,-1.609,0.197,35878
E30000166,Bedford,2024,Rent,-1.664,0.169,21349
E30000167,Bideford,2024,Rent,-1.425,0.238,4957
E30000168,Birkenhead,2024,Rent,-1.729,0.187,28521
E30000169,Birmingham,2024,Rent,-1.683,0.167,175554
E30000170,Blackburn,2024,Rent,-1.666,0.171,23059
E30000171,Blackpool,2024,Rent,-1.653,0.17,25268
E30000173,Blyth and Ashington,2024,Rent,-1.735,0.216,14227
E30000174,Boston,2024,Rent,-1.571,0.2,5433
E30000175,Bournemouth,2024,Rent,-1.338,0.17,36588
E30000179,Brighton,2024,Rent,-1.532,0.172,45549
E30000180,Bristol,2024,Rent,-1.461,0.19,78749
E30000182,Burnley,2024,Rent,-1.718,0.158,12811
E30000183,Burton upon Trent,2024,Rent,-1.589,0.199,17276
E30000184,Bury St Edmunds,2024,Rent,-1.656,0.186,23603
E30000186,Cambridge,2024,Rent,-1.711,0.169,96600
E30000187,Canterbury,2024,Rent,-1.534,0.169,15075
E30000188,Chelmsford,2024,Rent,-1.643,0.155,50025
E30000189,Cheltenham,2024,Rent,-1.616,0.187,16299
E30000190,Chesterfield,2024,Rent,-1.702,0.18,13430
E30000191,Chichester and Bognor Regis,2024,Rent,-1.551,0.146,20728
E30000192,Clacton,2024,Rent,-1.327,0.178,14232
E30000193,Colchester,2024,Rent,-1.539,0.167,25646
E30000195,Coventry,2024,Rent,-1.588,0.18,74234
E30000196,Crawley,2024,Rent,-1.544,0.137,66268
E30000197,Crewe,2024,Rent,-1.722,0.192,38197
E30000198,Cromer and Sheringham,2024,Rent,-1.535,0.239,9360
E30000199,Darlington,2024,Rent,-1.43,0.187,8203
E30000200,Derby,2024,Rent,-1.722,0.163,43066
E30000201,Doncaster,2024,Rent,-1.825,0.164,20137
E30000202,Dudley,2024,Rent,-1.786,0.155,70373
E30000203,Durham and Bishop Auckland,2024,Rent,-1.706,0.203,33737
E30000204,Eastbourne,2024,Rent,-1.45,0.158,28073
E30000205,Evesham,2024,Rent,-1.436,0.197,9389
E30000206,Exeter,2024,Rent,-1.323,0.196,29687
E30000208,Folkestone and Dover,2024,Rent,-1.372,0.147,8036
E30000209,Gloucester,2024,Rent,-1.67,0.172,25071
E30000210,Great Yarmouth,2024,Rent,-1.618,0.229,9559
E30000211,Grimsby,2024,Rent,-1.899,0.203,9709
E30000212,Guildford and Aldershot,2024,Rent,-1.48,0.153,69360
E30000214,Harrogate,2024,Rent,-1.642,0.175,37404
E30000215,Hartlepool,2024,Rent,-1.242,0.213,5665
E30000216,Hereford,2024,Rent,-1.68,0.169,9711
E30000218,High Wycombe and Aylesbury,2024,Rent,-1.459,0.147,53203
E30000219,Huddersfield,2024,Rent,-1.634,0.158,36603
E30000220,Hull,2024,Rent,-1.779,0.212,27632
E30000221,Huntingdon,2024,Rent,-1.487,0.183,17043
E30000222,Ipswich,2024,Rent,-1.347,0.163,32116
E30000224,Kettering and Wellingborough,2024,Rent,-1.833,0.164,26876
E30000225,King's Lynn,2024,Rent,-1.596,0.186,11876
E30000226,Kingsbridge and Dartmouth,2024,Rent,-1.559,0.215,5470
E30000228,Leamington Spa,2024,Rent,-1.502,0.178,33131
E30000229,Leeds,2024,Rent,-1.733,0.185,87774
E30000230,Leicester,2024,Rent,-1.743,0.167,75647
E30000231,Lincoln,2024,Rent,-1.622,0.158,32764
E30000233,Liverpool,2024,Rent,-1.528,0.18,87628
E30000234,London,2024,Rent,-1.461,0.152,807940
E30000237,Luton,2024,Rent,-1.55,0.157,98010
E30000239,Manchester,2024,Rent,-1.512,0.172,217491
E30000240,Mansfield,2024,Rent,-1.741,0.172,25848
E30000241,Margate and Ramsgate,2024,Rent,-1.235,0.172,12518
E30000242,Medway,2024,Rent,-1.258,0.115,52128
E30000243,Milton Keynes,2024,Rent,-1.561,0.175,43916
E30000244,Newbury,2024,Rent,-1.427,0.181,21071
E30000245,Newcastle,2024,Rent,-1.286,0.22,45163
E30000247,Northampton,2024,Rent,-1.7,0.17,41346
E30000248,Norwich,2024,Rent,-1.504,0.204,29085
E30000249,Nottingham,2024,Rent,-1.627,0.179,78477
E30000250,Oxford,2024,Rent,-1.465,0.171,71209
E30000253,Plymouth,2024,Rent,-1.237,0.19,19303
E30000254,Portsmouth,2024,Rent,-1.465,0.141,50159
E30000255,Preston,2024,Rent,-1.498,0.191,31885
E30000256,Reading,2024,Rent,-1.573,0.162,62207
E30000257,Redruth and Truro,2024,Rent,-1.694,0.231,27889
E30000260,Scunthorpe,2024,Rent,-1.633,0.185,10970
E30000261,Sheffield,2024,Rent,-1.604,0.162,64078
E30000262,Shrewsbury,2024,Rent,-1.794,0.188,24635
E30000264,Skegness and Louth,2024,Rent,-1.918,0.193,9396
E30000266,Slough and Heathrow,2024,Rent,-1.512,0.153,238350
E30000267,Southampton,2024,Rent,-1.335,0.152,60418
E30000268,Southend,2024,Rent,-1.348,0.141,49802
E30000271,Stafford,2024,Rent,-1.518,0.204,11449
E30000272,Stevenage and Welwyn Garden City,2024,Rent,-1.507,0.155,48939
E30000273,Stoke-on-Trent,2024,Rent,-1.688,0.163,30324
E30000275,Sunderland,2024,Rent,-1.41,0.201,21659
E30000276,Swindon,2024,Rent,-1.568,0.164,27024
E30000278,Telford,2024,Rent,-1.772,0.185,16985
E30000279,Torquay and Paignton,2024,Rent,-1.615,0.189,8938
E30000280,Trowbridge,2024,Rent,-1.83,0.161,39568
E30000281,Tunbridge Wells,2024,Rent,-1.511,0.149,24919
E30000283,Wakefield and Castleford,2024,Rent,-1.98,0.16,26137
E30000284,Warrington and Wigan,2024,Rent,-1.807,0.165,66798
E30000285,Weston-super-Mare,2024,Rent,-1.529,0.182,17670
E30000287,Wisbech,2024,Rent,-1.861,0.184,14275
E30000288,Wolverhampton and Walsall,2024,Rent,-1.823,0.155,68576
E30000289,Worcester and Kidderminster,2024,Rent,-1.938,0.18,19161
E30000291,Worksop and Retford,2024,Rent,-1.63,0.153,9636
E30000292,Worthing,2024,Rent,-1.358,0.165,16549
E30000293,Yeovil,2024,Rent,-1.786,0.162,34294
E30000294,York,2024,Rent,-1.439,0.225,25690
K01000005,Cinderford and Ross-on-Wye,2024,Rent,-1.439,0.186,4607
K01000010,Carlisle,2024,Rent,-1.238,0.212,11271
K01000011,Chester,2024,Rent,-1.872,0.193,49053
K01000013,Newport,2024,Rent,-1.643,0.157,22879
S22000013,Western Isles,2024,Rent,-2.646,0.408,1653
S22000035,Orkney Islands,2024,Rent,-1.134,0.304,929
S22000039,Shetland Islands,2024,Rent,-2.218,0.521,831
S22000047,Aberdeen,2024,Rent,-1.447,0.244,26047
S22000051,Ayr,2024,Rent,-1.678,0.204,9341
S22000054,Dumbarton and Helensburgh,2024,Rent,-1.694,0.181,14565
S22000055,Dumfries,2024,Rent,-1.823,0.212,8288
S22000056,Dundee,2024,Rent,-1.361,0.234,13991
S22000057,Dunfermline and Kirkcaldy,2024,Rent,-1.797,0.202,23334
S22000059,Edinburgh,2024,Rent,-1.346,0.222,61974
S22000060,Elgin,2024,Rent,-1.555,0.243,3424
S22000061,Falkirk and Stirling,2024,Rent,-1.759,0.179,23409
S22000063,Galashiels and Peebles,2024,Rent,-1.624,0.174,6629
S22000065,Glasgow,2024,Rent,-1.423,0.196,104412
S22000068,Inverness,2024,Rent,-1.991,0.219,11749
S22000069,Kilmarnock and Irvine,2024,Rent,-1.871,0.185,18022
S22000070,Livingston,2024,Rent,-1.627,0.191,14883
S22000071,Motherwell and Airdrie,2024,Rent,-1.747,0.188,44132
S22000074,Perth,2024,Rent,-1.498,0.179,8472
S22000085,Greenock,2024,Rent,-1.359,0.161,7053
W22000003,Bridgend,2024,Rent,-1.44,0.202,5219
W22000009,Haverfordwest and Milford Haven,2024,Rent,-1.142,0.271,3397
W22000015,Newtown and Welshpool,2024,Rent,-1.831,0.238,6556
W22000021,Aberystwyth,2024,Rent,-1.144,0.218,3166
W22000022,Bangor and Holyhead,2024,Rent,-1.982,0.249,11885
W22000024,Cardiff,2024,Rent,-1.424,0.168,47279
W22000026,Colwyn Bay,2024,Rent,-2.256,0.228,9395
W22000028,Llanelli,2024,Rent,-1.505,0.213,4426
W22000029,Merthyr Tydfil,2024,Rent,-1.573,0.195,4778
W22000031,Rhyl,2024,Rent,-1.873,0.233,9061
W22000032,Swansea,2024,Rent,-1.359,0.195,14645
W22000034,Wrexham,2024,Rent,-1.835,0.214,11952
E30000004,Barnsley,2024,Sale,-1.444,0.161,8909
E30000018,Bradford,2024,Sale,-1.741,0.147,17825
E30000029,Halifax,2024,Sale,-1.446,0.144,8783
E30000046,Dorchester and Weymouth,2024,Sale,-1.174,0.167,13439
E30000054,Grantham,2024,Sale,-1.096,0.176,5556
E30000061,Hastings,2024,Sale,-0.967,0.147,5096
E30000070,Isle of Wight,2024,Sale,-0.726,0.153,2673
E30000076,Lancaster and Morecambe,2024,Sale,-1.403,0.183,4229
E30000093,Middlesbrough and Stockton,2024,Sale,-1.688,0.195,8025
E30000108,Peterborough,2024,Sale,-1.569,0.16,12461
E30000124,Spalding,2024,Sale,-1.296,0.155,2861
E30000135,Thetford and Mildenhall,2024,Sale,-1.053,0.156,6253
E30000159,Andover,2024,Sale,-1.032,0.158,6843
E30000160,Ashford,2024,Sale,-0.981,0.135,6167
E30000162,Barnstaple,2024,Sale,-1.138,0.152,2491
E30000163,Barrow-in-Furness,2024,Sale,-1.451,0.192,6507
E30000164,Basingstoke,2024,Sale,-1.255,0.14,17743
E30000165,Bath,2024,Sale,-1.317,0.182,11568
E30000166,Bedford,2024,Sale,-1.12,0.153,11668
E30000167,Bideford,2024,Sale,-1.108,0.174,2545
E30000168,Birkenhead,2024,Sale,-1.561,0.171,8884
E30000169,Birmingham,2024,Sale,-1.43,0.146,65456
E30000170,Blackburn,2024,Sale,-1.738,0.157,10022
E30000171,Blackpool,2024,Sale,-1.704,0.15,9657
E30000173,Blyth and Ashington,2024,Sale,-1.745,0.188,9303
E30000174,Boston,2024,Sale,-1.611,0.17,1707
E30000175,Bournemouth,2024,Sale,-0.913,0.16,13843
E30000179,Brighton,2024,Sale,-1.051,0.154,17791
E30000180,Bristol,2024,Sale,-1.514,0.166,35899
E30000182,Burnley,2024,Sale,-1.381,0.175,3859
E30000183,Burton upon Trent,2024,Sale,-1.085,0.163,11217
E30000184,Bury St Edmunds,2024,Sale,-1.227,0.147,8044
E30000186,Cambridge,2024,Sale,-1.299,0.132,39434
E30000187,Canterbury,2024,Sale,-1.052,0.139,6524
E30000188,Chelmsford,2024,Sale,-1.209,0.139,27579
E30000189,Cheltenham,2024,Sale,-1.369,0.164,8078
E30000190,Chesterfield,2024,Sale,-1.305,0.188,7480
E30000191,Chichester and Bognor Regis,2024,Sale,-0.986,0.148,9175
E30000192,Clacton,2024,Sale,-1.008,0.149,4807
E30000193,Colchester,2024,Sale,-1.151,0.138,9542
E30000195,Coventry,2024,Sale,-1.139,0.149,24613
E30000196,Crawley,2024,Sale,-1.131,0.111,36308
E30000197,Crewe,2024,Sale,-1.203,0.168,21677
E30000198,Cromer and Sheringham,2024,Sale,-0.995,0.193,4883
E30000199,Darlington,2024,Sale,-1.45,0.184,2872
E30000200,Derby,2024,Sale,-1.16,0.171,18059
E30000201,Doncaster,2024,Sale,-1.56,0.15,8430
E30000202,Dudley,2024,Sale,-1.488,0.159,28110
E30000203,Durham and Bishop Auckland,2024,Sale,-1.76,0.163,12380
E30000204,Eastbourne,2024,Sale,-0.997,0.128,11416
E30000205,Evesham,2024,Sale,-1.176,0.18,6207
E30000206,Exeter,2024,Sale,-1.383,0.157,12507
E30000208,Folkestone and Dover,2024,Sale,-0.889,0.137,3197
E30000209,Gloucester,2024,Sale,-1.147,0.17,12065
E30000210,Great Yarmouth,2024,Sale,-1.495,0.205,2988
E30000211,Grimsby,2024,Sale,-1.349,0.227,2417
E30000212,Guildford and Aldershot,2024,Sale,-1.123,0.118,38197
E30000214,Harrogate,2024,Sale,-1.479,0.163,19141
E30000215,Hartlepool,2024,Sale,-1.296,0.203,1315
E30000216,Hereford,2024,Sale,-1.275,0.179,6260
E30000218,High Wycombe and Aylesbury,2024,Sale,-1.149,0.12,33198
E30000219,Huddersfield,2024,Sale,-1.6,0.151,17293
E30000220,Hull,2024,Sale,-1.526,0.189,9123
E30000221,Huntingdon,2024,Sale,-1.109,0.154,8936
E30000222,Ipswich,2024,Sale,-1.079,0.142,13328
E30000224,Kettering and Wellingborough,2024,Sale,-1.034,0.163,11167
E30000225,King's Lynn,2024,Sale,-1.42,0.154,5198
E30000226,Kingsbridge and Dartmouth,2024,Sale,-1.371,0.187,3957
E30000228,Leamington Spa,2024,Sale,-1.017,0.163,18182
E30000229,Leeds,2024,Sale,-1.906,0.155,35087
E30000230,Leicester,2024,Sale,-1.167,0.138,27512
E30000231,Lincoln,2024,Sale,-1.363,0.157,13565
E30000233,Liverpool,2024,Sale,-1.587,0.158,22832
E30000234,London,2024,Sale,-1.404,0.118,474503
E30000237,Luton,2024,Sale,-1.282,0.114,53071
E30000239,Manchester,2024,Sale,-1.602,0.155,93650
E30000240,Mansfield,2024,Sale,-1.433,0.169,10431
E30000241,Margate and Ramsgate,2024,Sale,-0.845,0.147,6145
E30000242,Medway,2024,Sale,-0.966,0.106,25287
E30000243,Milton Keynes,2024,Sale,-1.062,0.138,21306
E30000244,Newbury,2024,Sale,-1.156,0.168,13565
E30000245,Newcastle,2024,Sale,-1.758,0.197,17791
E30000247,Northampton,2024,Sale,-1.143,0.133,20302
E30000248,Norwich,2024,Sale,-1.261,0.166,12385
E30000249,Nottingham,2024,Sale,-1.13,0.158,27201
E30000250,Oxford,2024,Sale,-1.117,0.14,30681
E30000253,Plymouth,2024,Sale,-1.081,0.166,7119
E30000254,Portsmouth,2024,Sale,-1.014,0.127,20467
E30000255,Preston,2024,Sale,-1.527,0.179,12090
E30000256,Reading,2024,Sale,-1.284,0.125,35300
E30000257,Redruth and Truro,2024,Sale,-1.395,0.187,11398
E30000260,Scunthorpe,2024,Sale,-1.273,0.186,3886
E30000261,Sheffield,2024,Sale,-1.531,0.146,22099
E30000262,Shrewsbury,2024,Sale,-1.413,0.161,11665
E30000264,Skegness and Louth,2024,Sale,-1.22,0.145,4035
E30000266,Slough and Heathrow,2024,Sale,-1.406,0.125,140550
E30000267,Southampton,2024,Sale,-1.107,0.128,24062
E30000268,Southend,2024,Sale,-1.076,0.12,22021
E30000271,Stafford,2024,Sale,-1.044,0.168,5549
E30000272,Stevenage and Welwyn Garden City,2024,Sale,-1.22,0.139,21095
E30000273,Stoke-on-Trent,2024,Sale,-1.296,0.173,10033
E30000275,Sunderland,2024,Sale,-1.504,0.202,6288
E30000276,Swindon,2024,Sale,-1.366,0.143,14405
E30000278,Telford,2024,Sale,-1.304,0.17,4558
E30000279,Torquay and Paignton,2024,Sale,-0.949,0.158,4007
E30000280,Trowbridge,2024,Sale,-1.304,0.131,22060
E30000281,Tunbridge Wells,2024,Sale,-1.101,0.132,17467
E30000283,Wakefield and Castleford,2024,Sale,-1.669,0.163,14460
E30000284,Warrington and Wigan,2024,Sale,-1.804,0.156,27682
E30000285,Weston-super-Mare,2024,Sale,-1.472,0.157,9648
E30000287,Wisbech,2024,Sale,-1.4,0.156,6805
E30000288,Wolverhampton and Walsall,2024,Sale,-1.593,0.154,25994
E30000289,Worcester and Kidderminster,2024,Sale,-1.347,0.171,10570
E30000291,Worksop and Retford,2024,Sale,-1.326,0.173,4780
E30000292,Worthing,2024,Sale,-0.671,0.147,7083
E30000293,Yeovil,2024,Sale,-1.247,0.148,17296
E30000294,York,2024,Sale,-1.447,0.177,9758
K01000005,Cinderford and Ross-on-Wye,2024,Sale,-1.329,0.179,3734
K01000010,Carlisle,2024,Sale,-1.54,0.163,4254
K01000011,Chester,2024,Sale,-1.517,0.162,18646
K01000013,Newport,2024,Sale,-1.598,0.153,11887
S22000013,Western Isles,2024,Sale,-2.143,0.38,1260
S22000035,Orkney Islands,2024,Sale,-1.878,0.31,438
S22000039,Shetland Islands,2024,Sale,-1.808,0.475,399
S22000047,Aberdeen,2024,Sale,-1.904,0.206,9746
S22000051,Ayr,2024,Sale,-1.864,0.211,7939
S22000054,Dumbarton and Helensburgh,2024,Sale,-2.352,0.145,17574
S22000055,Dumfries,2024,Sale,-2.127,0.169,5035
S22000056,Dundee,2024,Sale,-2.221,0.194,5688
S22000057,Dunfermline and Kirkcaldy,2024,Sale,-2.273,0.159,13173
S22000059,Edinburgh,2024,Sale,-2.016,0.197,39889
S22000060,Elgin,2024,Sale,-2.035,0.181,2582
S22000061,Falkirk and Stirling,2024,Sale,-2.309,0.163,19970
S22000063,Galashiels and Peebles,2024,Sale,-1.898,0.183,4756
S22000065,Glasgow,2024,Sale,-2.28,0.171,87458
S22000068,Inverness,2024,Sale,-2.361,0.208,6808
S22000069,Kilmarnock and Irvine,2024,Sale,-2.067,0.161,17396
S22000070,Livingston,2024,Sale,-2.318,0.164,13582
S22000071,Motherwell and Airdrie,2024,Sale,-2.504,0.163,57317
S22000074,Perth,2024,Sale,-2.275,0.149,6872
S22000085,Greenock,2024,Sale,-1.897,0.168,7035
W22000003,Bridgend,2024,Sale,-1.518,0.206,3413
W22000009,Haverfordwest and Milford Haven,2024,Sale,-1.615,0.242,1241
W22000015,Newtown and Welshpool,2024,Sale,-1.518,0.19,3754
W22000021,Aberystwyth,2024,Sale,-1.444,0.203,1223
W22000022,Bangor and Holyhead,2024,Sale,-2.019,0.213,3791
W22000024,Cardiff,2024,Sale,-1.572,0.161,18288
W22000026,Colwyn Bay,2024,Sale,-1.432,0.214,3186
W22000028,Llanelli,2024,Sale,-1.228,0.219,2816
W22000029,Merthyr Tydfil,2024,Sale,-1.14,0.188,3505
W22000031,Rhyl,2024,Sale,-1.287,0.182,3627
W22000032,Swansea,2024,Sale,-1.186,0.165,3205
W22000034,Wrexham,2024,Sale,-1.438,0.2,4094
E30000004,Barnsley,2025,Rent,-1.647,0.15,13233
E30000018,Bradford,2025,Rent,-1.67,0.157,37418
E30000029,Halifax,2025,Rent,-1.739,0.158,15939
E30000046,Dorchester and Weymouth,2025,Rent,-1.687,0.179,22565
E30000054,Grantham,2025,Rent,-1.728,0.176,8783
E30000061,Hastings,2025,Rent,-1.369,0.149,8551
E30000070,Isle of Wight,2025,Rent,-1.057,0.17,4090
E30000076,Lancaster and Morecambe,2025,Rent,-1.736,0.198,11661
E30000093,Middlesbrough and Stockton,2025,Rent,-1.767,0.207,25645
E30000108,Peterborough,2025,Rent,-1.629,0.189,20296
E30000124,Spalding,2025,Rent,-1.768,0.183,5532
E30000135,Thetford and Mildenhall,2025,Rent,-1.371,0.183,9774
E30000159,Andover,2025,Rent,-1.573,0.158,10404
E30000160,Ashford,2025,Rent,-1.347,0.151,9279
E30000162,Barnstaple,2025,Rent,-1.338,0.207,5046
E30000163,Barrow-in-Furness,2025,Rent,-1.647,0.213,11052
E30000164,Basingstoke,2025,Rent,-1.383,0.153,22248
E30000165,Bath,2025,Rent,-1.441,0.208,25115
E30000166,Bedford,2025,Rent,-1.513,0.159,16631
E30000167,Bideford,2025,Rent,-1.398,0.193,3773
E30000168,Birkenhead,2025,Rent,-1.729,0.183,21447
E30000169,Birmingham,2025,Rent,-1.621,0.164,133962
E30000170,Blackburn,2025,Rent,-1.607,0.178,18697
E30000171,Blackpool,2025,Rent,-1.69,0.158,21952
E30000173,Blyth and Ashington,2025,Rent,-1.468,0.216,11453
E30000174,Boston,2025,Rent,-1.315,0.212,3995
E30000175,Bournemouth,2025,Rent,-1.415,0.178,30054
E30000179,Brighton,2025,Rent,-1.327,0.17,34067
E30000180,Bristol,2025,Rent,-1.451,0.164,65139
E30000182,Burnley,2025,Rent,-1.558,0.169,10764
E30000183,Burton upon Trent,2025,Rent,-1.574,0.17,14073
E30000184,Bury St Edmunds,2025,Rent,-1.665,0.165,17156
E30000186,Cambridge,2025,Rent,-1.537,0.174,70926
E30000187,Canterbury,2025,Rent,-1.227,0.165,12011
E30000188,Chelmsford,2025,Rent,-1.519,0.167,36815
E30000189,Cheltenham,2025,Rent,-1.481,0.201,12735
E30000190,Chesterfield,2025,Rent,-1.549,0.18,10844
E30000191,Chichester and Bognor Regis,2025,Rent,-1.49,0.139,16325
E30000192,Clacton,2025,Rent,-1.461,0.184,11822
E30000193,Colchester,2025,Rent,-1.253,0.158,18122
E30000195,Coventry,2025,Rent,-1.427,0.171,56718
E30000196,Crawley,2025,Rent,-1.353,0.133,54525
E30000197,Crewe,2025,Rent,-1.38,0.184,31491
E30000198,Cromer and Sheringham,2025,Rent,-1.717,0.206,7248
E30000199,Darlington,2025,Rent,-1.591,0.186,6502
E30000200,Derby,2025,Rent,-1.634,0.158,35625
E30000201,Doncaster,2025,Rent,-1.677,0.162,15860
E30000202,Dudley,2025,Rent,-1.726,0.162,48430
E30000203,Durham and Bishop Auckland,2025,Rent,-1.718,0.182,26640
E30000204,Eastbourne,2025,Rent,-1.552,0.136,22032
E30000205,Evesham,2025,Rent,-1.433,0.193,7058
E30000206,Exeter,2025,Rent,-1.514,0.186,23706
E30000208,Folkestone and Dover,2025,Rent,-1.348,0.159,5373
E30000209,Gloucester,2025,Rent,-1.713,0.171,20453
E30000210,Great Yarmouth,2025,Rent,-1.819,0.223,6358
E30000211,Grimsby,2025,Rent,-1.618,0.194,6651
E30000212,Guildford and Aldershot,2025,Rent,-1.524,0.149,54499
E30000214,Harrogate,2025,Rent,-1.642,0.159,30629
E30000215,Hartlepool,2025,Rent,-1.493,0.192,5029
E30000216,Hereford,2025,Rent,-1.772,0.189,8756
E30000218,High Wycombe and Aylesbury,2025,Rent,-1.651,0.16,42087
E30000219,Huddersfield,2025,Rent,-1.615,0.153,30787
E30000220,Hull,2025,Rent,-1.723,0.194,23479
E30000221,Huntingdon,2025,Rent,-1.458,0.182,15337
E30000222,Ipswich,2025,Rent,-1.537,0.159,24131
E30000224,Kettering and Wellingborough,2025,Rent,-1.553,0.139,20130
E30000225,King's Lynn,2025,Rent,-1.506,0.176,8914
E30000226,Kingsbridge and Dartmouth,2025,Rent,-1.304,0.232,4709
E30000228,Leamington Spa,2025,Rent,-1.682,0.184,24978
E30000229,Leeds,2025,Rent,-1.522,0.17,66362
E30000230,Leicester,2025,Rent,-1.472,0.157,58781
E30000231,Lincoln,2025,Rent,-1.801,0.161,28629
E30000233,Liverpool,2025,Rent,-1.474,0.186,67526
E30000234,London,2025,Rent,-1.488,0.147,588650
E30000237,Luton,2025,Rent,-1.643,0.157,77925
E30000239,Manchester,2025,Rent,-1.443,0.166,172820
E30000240,Mansfield,2025,Rent,-1.726,0.173,19735
E30000241,Margate and Ramsgate,2025,Rent,-1.279,0.153,10993
E30000242,Medway,2025,Rent,-1.282,0.127,37660
E30000243,Milton Keynes,2025,Rent,-1.458,0.176,31898
E30000244,Newbury,2025,Rent,-1.717,0.164,19026
E30000245,Newcastle,2025,Rent,-1.402,0.215,36745
E30000247,Northampton,2025,Rent,-1.47,0.166,31015
E30000248,Norwich,2025,Rent,-1.504,0.203,24548
E30000249,Nottingham,2025,Rent,-1.466,0.179,62577
E30000250,Oxford,2025,Rent,-1.357,0.152,60514
E30000253,Plymouth,2025,Rent,-1.583,0.202,15676
E30000254,Portsmouth,2025,Rent,-1.198,0.141,36667
E30000255,Preston,2025,Rent,-1.557,0.191,26357
E30000256,Reading,2025,Rent,-1.586,0.155,49810
E30000257,Redruth and Truro,2025,Rent,-1.575,0.246,20577
E30000260,Scunthorpe,2025,Rent,-1.711,0.187,8871
E30000261,Sheffield,2025,Rent,-1.561,0.172,47464
E30000262,Shrewsbury,2025,Rent,-1.807,0.164,21649
E30000264,Skegness and Louth,2025,Rent,-2.074,0.179,7364
E30000266,Slough and Heathrow,2025,Rent,-1.466,0.155,188920
E30000267,Southampton,2025,Rent,-1.41,0.155,47391
E30000268,Southend,2025,Rent,-1.263,0.143,37905
E30000271,Stafford,2025,Rent,-1.605,0.198,8806
E30000272,Stevenage and Welwyn Garden City,2025,Rent,-1.579,0.162,33058
E30000273,Stoke-on-Trent,2025,Rent,-1.34,0.173,22891
E30000275,Sunderland,2025,Rent,-1.677,0.22,14432
E30000276,Swindon,2025,Rent,-1.647,0.174,20706
E30000278,Telford,2025,Rent,-1.69,0.189,13258
E30000279,Torquay and Paignton,2025,Rent,-1.371,0.171,6932
E30000280,Trowbridge,2025,Rent,-1.68,0.16,31937
E30000281,Tunbridge Wells,2025,Rent,-1.487,0.154,20828
E30000283,Wakefield and Castleford,2025,Rent,-1.54,0.152,19920
E30000284,Warrington and Wigan,2025,Rent,-1.66,0.168,50305
E30000285,Weston-super-Mare,2025,Rent,-1.694,0.168,14321
E30000287,Wisbech,2025,Rent,-1.472,0.165,11044
E30000288,Wolverhampton and Walsall,2025,Rent,-1.77,0.157,50003
E30000289,Worcester and Kidderminster,2025,Rent,-1.757,0.194,14055
E30000291,Worksop and Retford,2025,Rent,-1.402,0.181,7232
E30000292,Worthing,2025,Rent,-1.252,0.152,12954
E30000293,Yeovil,2025,Rent,-1.609,0.176,30513
E30000294,York,2025,Rent,-1.414,0.225,20015
K01000005,Cinderford and Ross-on-Wye,2025,Rent,-1.636,0.203,3834
K01000010,Carlisle,2025,Rent,-1.562,0.207,9420
K01000011,Chester,2025,Rent,-1.848,0.182,44124
K01000013,Newport,2025,Rent,-1.534,0.162,17167
S22000013,Western Isles,2025,Rent,-1.865,0.386,801
S22000035,Orkney Islands,2025,Rent,-1.556,0.346,503
S22000039,Shetland Islands,2025,Rent,-1.594,0.537,508
S22000047,Aberdeen,2025,Rent,-1.164,0.24,20334
S22000051,Ayr,2025,Rent,-1.772,0.224,8251
S22000054,Dumbarton and Helensburgh,2025,Rent,-1.931,0.166,11150
S22000055,Dumfries,2025,Rent,-2.115,0.212,6449
S22000056,Dundee,2025,Rent,-1.624,0.217,11048
S22000057,Dunfermline and Kirkcaldy,2025,Rent,-1.6,0.204,18108
S22000059,Edinburgh,2025,Rent,-1.386,0.212,50319
S22000060,Elgin,2025,Rent,-1.55,0.218,2480
S22000061,Falkirk and Stirling,2025,Rent,-1.614,0.182,18837
S22000063,Galashiels and Peebles,2025,Rent,-1.585,0.187,6117
S22000065,Glasgow,2025,Rent,-1.632,0.189,82168
S22000068,Inverness,2025,Rent,-1.874,0.242,8594
S22000069,Kilmarnock and Irvine,2025,Rent,-1.716,0.178,14300
S22000070,Livingston,2025,Rent,-1.677,0.185,11666
S22000071,Motherwell and Airdrie,2025,Rent,-1.653,0.189,34840
S22000074,Perth,2025,Rent,-1.507,0.215,6713
S22000085,Greenock,2025,Rent,-1.529,0.182,5823
W22000003,Bridgend,2025,Rent,-1.465,0.175,4696
W22000009,Haverfordwest and Milford Haven,2025,Rent,-1.393,0.246,2484
W22000015,Newtown and Welshpool,2025,Rent,-1.603,0.228,4873
W22000021,Aberystwyth,2025,Rent,-1.016,0.271,2700
W22000022,Bangor and Holyhead,2025,Rent,-2.275,0.262,8415
W22000024,Cardiff,2025,Rent,-1.492,0.173,37990
W22000026,Colwyn Bay,2025,Rent,-1.958,0.249,6911
W22000028,Llanelli,2025,Rent,-1.369,0.219,3606
W22000029,Merthyr Tydfil,2025,Rent,-1.299,0.186,4674
W22000031,Rhyl,2025,Rent,-1.885,0.237,8821
W22000032,Swansea,2025,Rent,-1.194,0.214,10459
W22000034,Wrexham,2025,Rent,-1.778,0.231,8795
E30000004,Barnsley,2025,Sale,-1.539,0.17,7847
E30000018,Bradford,2025,Sale,-1.714,0.145,17484
E30000029,Halifax,2025,Sale,-1.379,0.158,8604
E30000046,Dorchester and Weymouth,2025,Sale,-1.082,0.152,11428
E30000054,Grantham,2025,Sale,-1.099,0.165,4671
E30000061,Hastings,2025,Sale,-0.933,0.132,4155
E30000070,Isle of Wight,2025,Sale,-0.679,0.144,2048
E30000076,Lancaster and Morecambe,2025,Sale,-1.263,0.172,3487
E30000093,Middlesbrough and Stockton,2025,Sale,-1.659,0.174,8734
E30000108,Peterborough,2025,Sale,-1.34,0.164,9513
E30000124,Spalding,2025,Sale,-1.326,0.146,2692
E30000135,Thetford and Mildenhall,2025,Sale,-0.927,0.174,5349
E30000159,Andover,2025,Sale,-1.027,0.158,6583
E30000160,Ashford,2025,Sale,-1.056,0.135,5189
E30000162,Barnstaple,2025,Sale,-1.13,0.159,2209
E30000163,Barrow-in-Furness,2025,Sale,-1.379,0.204,5549
E30000164,Basingstoke,2025,Sale,-1.345,0.123,15235
E30000165,Bath,2025,Sale,-1.114,0.164,10120
E30000166,Bedford,2025,Sale,-1.174,0.155,10701
E30000167,Bideford,2025,Sale,-1.181,0.173,2164
E30000168,Birkenhead,2025,Sale,-1.261,0.181,7944
E30000169,Birmingham,2025,Sale,-1.414,0.137,63129
E30000170,Blackburn,2025,Sale,-1.735,0.161,10248
E30000171,Blackpool,2025,Sale,-1.444,0.151,10660
E30000173,Blyth and Ashington,2025,Sale,-1.745,0.184,8763
E30000174,Boston,2025,Sale,-1.152,0.188,1526
E30000175,Bournemouth,2025,Sale,-1.124,0.161,11809
E30000179,Brighton,2025,Sale,-1.169,0.149,15832
E30000180,Bristol,2025,Sale,-1.446,0.16,31302
E30000182,Burnley,2025,Sale,-1.439,0.156,4431
E30000183,Burton upon Trent,2025,Sale,-1.323,0.159,9971
E30000184,Bury St Edmunds,2025,Sale,-1.22,0.15,7896
E30000186,Cambridge,2025,Sale,-1.279,0.132,34094
E30000187,Canterbury,2025,Sale,-1.023,0.159,6061
E30000188,Chelmsford,2025,Sale,-1.2,0.139,24474
E30000189,Cheltenham,2025,Sale,-1.3,0.169,7677
E30000190,Chesterfield,2025,Sale,-1.358,0.172,6909
E30000191,Chichester and Bognor Regis,2025,Sale,-0.924,0.141,8284
E30000192,Clacton,2025,Sale,-0.617,0.152,5106
E30000193,Colchester,2025,Sale,-1.064,0.151,9065
E30000195,Coventry,2025,Sale,-1.203,0.162,22325
E30000196,Crawley,2025,Sale,-1.08,0.102,33955
E30000197,Crewe,2025,Sale,-1.229,0.16,21016
E30000198,Cromer and Sheringham,2025,Sale,-1.195,0.194,3854
E30000199,Darlington,2025,Sale,-1.348,0.178,2919
E30000200,Derby,2025,Sale,-1.207,0.165,17933
E30000201,Doncaster,2025,Sale,-1.551,0.147,8057
E30000202,Dudley,2025,Sale,-1.598,0.155,29012
E30000203,Durham and Bishop Auckland,2025,Sale,-1.696,0.169,11510
E30000204,Eastbourne,2025,Sale,-0.896,0.136,10964
E30000205,Evesham,2025,Sale,-1.318,0.179,5839
E30000206,Exeter,2025,Sale,-1.347,0.157,10529
E30000208,Folkestone and Dover,2025,Sale,-0.989,0.15,3012
E30000209,Gloucester,2025,Sale,-1.333,0.138,11696
E30000210,Great Yarmouth,2025,Sale,-1.343,0.215,2606
E30000211,Grimsby,2025,Sale,-1.459,0.193,2093
E30000212,Guildford and Aldershot,2025,Sale,-1.01,0.121,33631
E30000214,Harrogate,2025,Sale,-1.633,0.152,17048
E30000215,Hartlepool,2025,Sale,-1.259,0.197,1520
E30000216,Hereford,2025,Sale,-1.172,0.179,5763
E30000218,High Wycombe and Aylesbury,2025,Sale,-1.23,0.123,27161
E30000219,Huddersfield,2025,Sale,-1.687,0.147,15765
E30000220,Hull,2025,Sale,-1.609,0.178,8408
E30000221,Huntingdon,2025,Sale,-1.175,0.16,8648
E30000222,Ipswich,2025,Sale,-1.209,0.15,12804
E30000224,Kettering and Wellingborough,2025,Sale,-0.976,0.157,10527
E30000225,King's Lynn,2025,Sale,-1.246,0.158,4353
E30000226,Kingsbridge and Dartmouth,2025,Sale,-1.507,0.159,3396
E30000228,Leamington Spa,2025,Sale,-1.052,0.171,15799
E30000229,Leeds,2025,Sale,-1.899,0.144,31883
E30000230,Leicester,2025,Sale,-1.251,0.138,26306
E30000231,Lincoln,2025,Sale,-1.382,0.144,13341
E30000233,Liverpool,2025,Sale,-1.684,0.155,22223
E30000234,London,2025,Sale,-1.4,0.123,418405
E30000237,Luton,2025,Sale,-1.181,0.123,47118
E30000239,Manchester,2025,Sale,-1.596,0.144,91643
E30000240,Mansfield,2025,Sale,-1.304,0.177,9774
E30000241,Margate and Ramsgate,2025,Sale,-0.79,0.146,6128
E30000242,Medway,2025,Sale,-1.012,0.105,23562
E30000243,Milton Keynes,2025,Sale,-0.964,0.144,18853
E30000244,Newbury,2025,Sale,-1.367,0.143,11637
E30000245,Newcastle,2025,Sale,-1.912,0.182,17066
E30000247,Northampton,2025,Sale,-1.083,0.146,18538
E30000248,Norwich,2025,Sale,-1.287,0.158,11005
E30000249,Nottingham,2025,Sale,-1.196,0.161,25059
E30000250,Oxford,2025,Sale,-0.991,0.138,28012
E30000253,Plymouth,2025,Sale,-1.186,0.166,7002
E30000254,Portsmouth,2025,Sale,-0.986,0.12,19381
E30000255,Preston,2025,Sale,-1.634,0.172,13289
E30000256,Reading,2025,Sale,-1.371,0.13,31976
E30000257,Redruth and Truro,2025,Sale,-0.996,0.203,9061
E30000260,Scunthorpe,2025,Sale,-1.64,0.173,4298
E30000261,Sheffield,2025,Sale,-1.53,0.155,22922
E30000262,Shrewsbury,2025,Sale,-1.527,0.16,10277
E30000264,Skegness and Louth,2025,Sale,-1.254,0.145,3235
E30000266,Slough and Heathrow,2025,Sale,-1.356,0.124,114692
E30000267,Southampton,2025,Sale,-0.958,0.148,21448
E30000268,Southend,2025,Sale,-1.09,0.129,21662
E30000271,Stafford,2025,Sale,-1.224,0.167,5705
E30000272,Stevenage and Welwyn Garden City,2025,Sale,-1.134,0.15,18408
E30000273,Stoke-on-Trent,2025,Sale,-1.266,0.171,9102
E30000275,Sunderland,2025,Sale,-1.431,0.181,6290
E30000276,Swindon,2025,Sale,-1.324,0.148,13257
E30000278,Telford,2025,Sale,-1.385,0.166,4536
E30000279,Torquay and Paignton,2025,Sale,-1.188,0.16,3081
E30000280,Trowbridge,2025,Sale,-1.348,0.138,19528
E30000281,Tunbridge Wells,2025,Sale,-1.205,0.133,16341
E30000283,Wakefield and Castleford,2025,Sale,-1.712,0.157,13591
E30000284,Warrington and Wigan,2025,Sale,-1.826,0.151,27746
E30000285,Weston-super-Mare,2025,Sale,-1.393,0.158,8815
E30000287,Wisbech,2025,Sale,-1.396,0.167,7015
E30000288,Wolverhampton and Walsall,2025,Sale,-1.576,0.151,27326
E30000289,Worcester and Kidderminster,2025,Sale,-1.517,0.166,9731
E30000291,Worksop and Retford,2025,Sale,-1.512,0.176,5200
E30000292,Worthing,2025,Sale,-0.747,0.155,7034
E30000293,Yeovil,2025,Sale,-1.321,0.149,16104
E30000294,York,2025,Sale,-1.473,0.171,8256
K01000005,Cinderford and Ross-on-Wye,2025,Sale,-1.611,0.177,3677
K01000010,Carlisle,2025,Sale,-1.481,0.195,4540
K01000011,Chester,2025,Sale,-1.665,0.181,19443
K01000013,Newport,2025,Sale,-1.65,0.163,10777
S22000013,Western Isles,2025,Sale,-2.373,0.362,827
S22000035,Orkney Islands,2025,Sale,-1.765,0.308,414
S22000039,Shetland Islands,2025,Sale,-1.217,0.447,212
S22000047,Aberdeen,2025,Sale,-2.449,0.192,9491
S22000051,Ayr,2025,Sale,-2.017,0.195,9037
S22000054,Dumbarton and Helensburgh,2025,Sale,-2.352,0.16,17066
S22000055,Dumfries,2025,Sale,-1.921,0.199,4365
S22000056,Dundee,2025,Sale,-2.062,0.207,5596
S22000057,Dunfermline and Kirkcaldy,2025,Sale,-2.219,0.164,12217
S22000059,Edinburgh,2025,Sale,-2.009,0.193,38078
S22000060,Elgin,2025,Sale,-1.936,0.184,2455
S22000061,Falkirk and Stirling,2025,Sale,-2.452,0.153,20030
S22000063,Galashiels and Peebles,2025,Sale,-1.723,0.192,3875
S22000065,Glasgow,2025,Sale,-2.197,0.166,88251
S22000068,Inverness,2025,Sale,-2.405,0.194,6032
S22000069,Kilmarnock and Irvine,2025,Sale,-2.124,0.182,18219
S22000070,Livingston,2025,Sale,-2.415,0.156,15135
S22000071,Motherwell and Airdrie,2025,Sale,-2.503,0.168,58444
S22000074,Perth,2025,Sale,-2.101,0.158,7296
S22000085,Greenock,2025,Sale,-1.777,0.171,6615
W22000003,Bridgend,2025,Sale,-1.383,0.198,2935
W22000009,Haverfordwest and Milford Haven,2025,Sale,-1.513,0.224,1167
W22000015,Newtown and Welshpool,2025,Sale,-1.229,0.205,3948
W22000021,Aberystwyth,2025,Sale,-1.564,0.204,1294
W22000022,Bangor and Holyhead,2025,Sale,-1.727,0.238,3509
W22000024,Cardiff,2025,Sale,-1.571,0.147,17196
W22000026,Colwyn Bay,2025,Sale,-1.727,0.234,2812
W22000028,Llanelli,2025,Sale,-1.071,0.201,2339
W22000029,Merthyr Tydfil,2025,Sale,-1.087,0.192,3136
W22000031,Rhyl,2025,Sale,-1.542,0.218,3697
W22000032,Swansea,2025,Sale,-1.359,0.178,3541
W22000034,Wrexham,2025,Sale,-1.465,0.187,4476
