unit_cd,unit_nm,year,tenure,leaving_pct,mean_km,enq
NAT,National (all areas),2016,Sale,38.21,107.7,5980042
NAT,National (all areas),2017,Sale,37.97,109.6,6047879
NAT,National (all areas),2018,Sale,36.29,108.7,5873347
NAT,National (all areas),2019,Sale,34.32,103.8,5993584
NAT,National (all areas),2020,Sale,36.0,101.4,9333316
NAT,National (all areas),2021,Sale,37.42,99.9,11487916
NAT,National (all areas),2022,Sale,36.55,99.5,10804554
NAT,National (all areas),2023,Sale,34.84,102.4,7742383
NAT,National (all areas),2024,Sale,33.17,96.2,8256365
NAT,National (all areas),2025,Sale,32.67,94.0,7744125
NAT,National (all areas),2016,Rent,31.68,111.6,2899696
NAT,National (all areas),2017,Rent,31.2,116.0,3849064
NAT,National (all areas),2018,Rent,27.77,105.9,8403772
NAT,National (all areas),2019,Rent,27.44,104.6,9310700
NAT,National (all areas),2020,Rent,29.96,102.1,12967555
NAT,National (all areas),2021,Rent,31.99,109.3,16520668
NAT,National (all areas),2022,Rent,31.85,111.8,21587743
NAT,National (all areas),2023,Rent,31.93,108.9,22472734
NAT,National (all areas),2024,Rent,31.27,107.7,17860315
NAT,National (all areas),2025,Rent,31.35,109.1,13820683
E30000004,Barnsley,2016,Rent,34.74,67.8,6329
E30000004,Barnsley,2017,Rent,41.29,69.0,7252
E30000004,Barnsley,2018,Rent,32.69,60.9,20376
E30000004,Barnsley,2019,Rent,34.41,62.8,22899
E30000004,Barnsley,2020,Rent,35.37,51.8,39771
E30000004,Barnsley,2021,Rent,37.36,61.8,48790
E30000004,Barnsley,2022,Rent,36.49,58.9,50815
E30000004,Barnsley,2023,Rent,39.44,59.3,47894
E30000004,Barnsley,2024,Rent,43.01,58.0,39488
E30000004,Barnsley,2025,Rent,43.84,64.0,30187
E30000004,Barnsley,2016,Sale,44.84,123.7,14508
E30000004,Barnsley,2017,Sale,37.76,70.2,14498
E30000004,Barnsley,2018,Sale,31.9,58.1,14958
E30000004,Barnsley,2019,Sale,33.3,49.2,17259
E30000004,Barnsley,2020,Sale,36.73,54.8,27094
E30000004,Barnsley,2021,Sale,35.39,51.8,35491
E30000004,Barnsley,2022,Sale,36.91,48.2,32725
E30000004,Barnsley,2023,Sale,35.05,57.0,24319
E30000004,Barnsley,2024,Sale,35.38,53.5,25184
E30000004,Barnsley,2025,Sale,33.89,47.3,23154
E30000018,Bradford,2016,Rent,34.08,79.6,16551
E30000018,Bradford,2017,Rent,44.02,84.1,19633
E30000018,Bradford,2018,Rent,36.23,73.3,51083
E30000018,Bradford,2019,Rent,32.15,80.1,62824
E30000018,Bradford,2020,Rent,36.4,65.9,85800
E30000018,Bradford,2021,Rent,41.44,71.9,108554
E30000018,Bradford,2022,Rent,42.87,71.1,146759
E30000018,Bradford,2023,Rent,42.61,70.5,152603
E30000018,Bradford,2024,Rent,42.4,71.1,122491
E30000018,Bradford,2025,Rent,42.77,69.9,87482
E30000018,Bradford,2016,Sale,37.11,72.7,30352
E30000018,Bradford,2017,Sale,34.48,59.9,34003
E30000018,Bradford,2018,Sale,34.06,62.0,35170
E30000018,Bradford,2019,Sale,32.47,58.4,37081
E30000018,Bradford,2020,Sale,32.06,57.5,62951
E30000018,Bradford,2021,Sale,31.88,57.9,84343
E30000018,Bradford,2022,Sale,31.64,57.6,74696
E30000018,Bradford,2023,Sale,32.28,56.1,54081
E30000018,Bradford,2024,Sale,31.41,55.3,56748
E30000018,Bradford,2025,Sale,32.7,52.8,53476
E30000029,Halifax,2016,Rent,41.26,57.9,7106
E30000029,Halifax,2017,Rent,45.67,72.9,7718
E30000029,Halifax,2018,Rent,36.67,64.2,21131
E30000029,Halifax,2019,Rent,35.36,75.0,24782
E30000029,Halifax,2020,Rent,39.09,68.0,33626
E30000029,Halifax,2021,Rent,44.33,65.0,42685
E30000029,Halifax,2022,Rent,43.72,66.0,52295
E30000029,Halifax,2023,Rent,42.73,66.0,50316
E30000029,Halifax,2024,Rent,43.12,64.8,43567
E30000029,Halifax,2025,Rent,42.86,64.4,37189
E30000029,Halifax,2016,Sale,41.95,71.9,13735
E30000029,Halifax,2017,Sale,40.66,76.5,15235
E30000029,Halifax,2018,Sale,37.77,72.1,15203
E30000029,Halifax,2019,Sale,35.93,59.3,15588
E30000029,Halifax,2020,Sale,37.92,49.1,27427
E30000029,Halifax,2021,Sale,40.86,51.5,33173
E30000029,Halifax,2022,Sale,41.46,54.1,29778
E30000029,Halifax,2023,Sale,37.31,58.1,22874
E30000029,Halifax,2024,Sale,37.35,51.5,23514
E30000029,Halifax,2025,Sale,37.25,55.5,23099
E30000046,Dorchester and Weymouth,2016,Rent,51.1,107.6,13097
E30000046,Dorchester and Weymouth,2017,Rent,55.19,114.5,14047
E30000046,Dorchester and Weymouth,2018,Rent,47.79,101.6,32818
E30000046,Dorchester and Weymouth,2019,Rent,48.04,103.8,34537
E30000046,Dorchester and Weymouth,2020,Rent,51.91,105.1,46457
E30000046,Dorchester and Weymouth,2021,Rent,54.39,115.5,57966
E30000046,Dorchester and Weymouth,2022,Rent,54.27,110.7,70698
E30000046,Dorchester and Weymouth,2023,Rent,53.95,108.1,63969
E30000046,Dorchester and Weymouth,2024,Rent,51.12,108.3,52939
E30000046,Dorchester and Weymouth,2025,Rent,49.59,107.7,45504
E30000046,Dorchester and Weymouth,2016,Sale,56.55,115.2,26872
E30000046,Dorchester and Weymouth,2017,Sale,56.28,120.6,27216
E30000046,Dorchester and Weymouth,2018,Sale,53.8,122.7,25248
E30000046,Dorchester and Weymouth,2019,Sale,52.59,127.6,25178
E30000046,Dorchester and Weymouth,2020,Sale,48.26,120.6,37261
E30000046,Dorchester and Weymouth,2021,Sale,51.05,120.9,44511
E30000046,Dorchester and Weymouth,2022,Sale,49.75,117.8,40223
E30000046,Dorchester and Weymouth,2023,Sale,49.05,119.8,28555
E30000046,Dorchester and Weymouth,2024,Sale,45.43,125.5,29585
E30000046,Dorchester and Weymouth,2025,Sale,41.27,126.9,27689
E30000054,Grantham,2016,Rent,54.07,95.0,4555
E30000054,Grantham,2017,Rent,58.85,97.8,4778
E30000054,Grantham,2018,Rent,45.48,89.7,12560
E30000054,Grantham,2019,Rent,47.71,91.3,13285
E30000054,Grantham,2020,Rent,48.19,88.6,19096
E30000054,Grantham,2021,Rent,46.57,90.8,23427
E30000054,Grantham,2022,Rent,52.15,90.1,28799
E30000054,Grantham,2023,Rent,49.57,89.3,27254
E30000054,Grantham,2024,Rent,50.4,86.5,24235
E30000054,Grantham,2025,Rent,49.71,91.5,17668
E30000054,Grantham,2016,Sale,58.12,107.0,10204
E30000054,Grantham,2017,Sale,52.97,101.9,10122
E30000054,Grantham,2018,Sale,54.44,97.7,9549
E30000054,Grantham,2019,Sale,52.41,98.2,9004
E30000054,Grantham,2020,Sale,53.84,99.1,15036
E30000054,Grantham,2021,Sale,54.11,98.9,18185
E30000054,Grantham,2022,Sale,52.75,95.4,14816
E30000054,Grantham,2023,Sale,51.96,99.2,11639
E30000054,Grantham,2024,Sale,46.03,91.6,12071
E30000054,Grantham,2025,Sale,43.05,88.3,10849
E30000061,Hastings,2016,Rent,34.88,113.0,7076
E30000061,Hastings,2017,Rent,41.62,111.5,6898
E30000061,Hastings,2018,Rent,31.79,95.7,17924
E30000061,Hastings,2019,Rent,32.49,89.6,17266
E30000061,Hastings,2020,Rent,37.24,123.0,24062
E30000061,Hastings,2021,Rent,47.6,130.1,28442
E30000061,Hastings,2022,Rent,40.38,132.8,34123
E30000061,Hastings,2023,Rent,37.43,134.8,32124
E30000061,Hastings,2024,Rent,36.66,127.6,24331
E30000061,Hastings,2025,Rent,39.23,112.4,21797
E30000061,Hastings,2016,Sale,44.37,166.8,12285
E30000061,Hastings,2017,Sale,42.15,187.0,11685
E30000061,Hastings,2018,Sale,39.46,180.4,12442
E30000061,Hastings,2019,Sale,37.84,152.1,10947
E30000061,Hastings,2020,Sale,34.59,152.5,16737
E30000061,Hastings,2021,Sale,41.6,173.5,21663
E30000061,Hastings,2022,Sale,41.96,162.7,18440
E30000061,Hastings,2023,Sale,38.07,143.5,13397
E30000061,Hastings,2024,Sale,37.94,137.5,13432
E30000061,Hastings,2025,Sale,35.61,135.5,11669
E30000070,Isle of Wight,2016,Rent,37.11,147.7,4093
E30000070,Isle of Wight,2017,Rent,33.64,126.6,4843
E30000070,Isle of Wight,2018,Rent,25.77,130.0,10858
E30000070,Isle of Wight,2019,Rent,24.58,119.7,12861
E30000070,Isle of Wight,2020,Rent,21.84,127.8,18885
E30000070,Isle of Wight,2021,Rent,36.11,132.8,20353
E30000070,Isle of Wight,2022,Rent,39.08,120.5,19740
E30000070,Isle of Wight,2023,Rent,38.18,141.8,18193
E30000070,Isle of Wight,2024,Rent,42.41,162.8,13455
E30000070,Isle of Wight,2025,Rent,35.53,158.1,11511
E30000070,Isle of Wight,2016,Sale,30.0,175.5,8281
E30000070,Isle of Wight,2017,Sale,28.25,184.1,8860
E30000070,Isle of Wight,2018,Sale,24.86,175.3,8888
E30000070,Isle of Wight,2019,Sale,22.95,193.7,9173
E30000070,Isle of Wight,2020,Sale,23.57,156.9,12724
E30000070,Isle of Wight,2021,Sale,24.86,179.8,17922
E30000070,Isle of Wight,2022,Sale,23.99,169.4,15008
E30000070,Isle of Wight,2023,Sale,28.69,180.1,10826
E30000070,Isle of Wight,2024,Sale,24.56,194.9,10883
E30000070,Isle of Wight,2025,Sale,21.42,199.3,9561
E30000076,Lancaster and Morecambe,2016,Rent,40.2,155.8,6023
E30000076,Lancaster and Morecambe,2017,Rent,41.89,154.3,6976
E30000076,Lancaster and Morecambe,2018,Rent,36.45,134.9,15943
E30000076,Lancaster and Morecambe,2019,Rent,33.68,134.4,19803
E30000076,Lancaster and Morecambe,2020,Rent,26.71,124.2,33080
E30000076,Lancaster and Morecambe,2021,Rent,31.27,122.3,45645
E30000076,Lancaster and Morecambe,2022,Rent,34.31,135.5,59754
E30000076,Lancaster and Morecambe,2023,Rent,35.3,109.3,70815
E30000076,Lancaster and Morecambe,2024,Rent,32.76,121.2,50295
E30000076,Lancaster and Morecambe,2025,Rent,29.66,111.2,39316
E30000076,Lancaster and Morecambe,2016,Sale,35.46,118.7,8592
E30000076,Lancaster and Morecambe,2017,Sale,34.02,118.6,8687
E30000076,Lancaster and Morecambe,2018,Sale,34.06,107.9,8814
E30000076,Lancaster and Morecambe,2019,Sale,32.44,101.1,10766
E30000076,Lancaster and Morecambe,2020,Sale,29.64,88.7,16911
E30000076,Lancaster and Morecambe,2021,Sale,31.19,87.5,22305
E30000076,Lancaster and Morecambe,2022,Sale,32.32,99.9,20008
E30000076,Lancaster and Morecambe,2023,Sale,34.22,94.4,14433
E30000076,Lancaster and Morecambe,2024,Sale,30.66,89.3,13791
E30000076,Lancaster and Morecambe,2025,Sale,28.22,95.3,12355
E30000093,Middlesbrough and Stockton,2016,Rent,29.96,186.6,14139
E30000093,Middlesbrough and Stockton,2017,Rent,33.46,155.5,14692
E30000093,Middlesbrough and Stockton,2018,Rent,24.25,138.4,43793
E30000093,Middlesbrough and Stockton,2019,Rent,23.32,140.7,47465
E30000093,Middlesbrough and Stockton,2020,Rent,22.82,126.5,76372
E30000093,Middlesbrough and Stockton,2021,Rent,26.26,140.3,98856
E30000093,Middlesbrough and Stockton,2022,Rent,27.38,148.0,134877
E30000093,Middlesbrough and Stockton,2023,Rent,28.32,138.8,145839
E30000093,Middlesbrough and Stockton,2024,Rent,26.42,130.3,121752
E30000093,Middlesbrough and Stockton,2025,Rent,26.64,136.9,96255
E30000093,Middlesbrough and Stockton,2016,Sale,23.69,106.5,22955
E30000093,Middlesbrough and Stockton,2017,Sale,23.1,121.5,24680
E30000093,Middlesbrough and Stockton,2018,Sale,18.83,104.2,23524
E30000093,Middlesbrough and Stockton,2019,Sale,19.39,104.5,25641
E30000093,Middlesbrough and Stockton,2020,Sale,19.49,96.8,42390
E30000093,Middlesbrough and Stockton,2021,Sale,19.14,97.4,53511
E30000093,Middlesbrough and Stockton,2022,Sale,18.6,94.1,50863
E30000093,Middlesbrough and Stockton,2023,Sale,19.43,90.4,38349
E30000093,Middlesbrough and Stockton,2024,Sale,19.32,86.3,41548
E30000093,Middlesbrough and Stockton,2025,Sale,21.38,94.3,40857
E30000108,Peterborough,2016,Rent,36.04,83.8,13135
E30000108,Peterborough,2017,Rent,50.26,100.1,10006
E30000108,Peterborough,2018,Rent,45.12,92.1,25869
E30000108,Peterborough,2019,Rent,42.01,87.5,26475
E30000108,Peterborough,2020,Rent,42.78,87.2,40455
E30000108,Peterborough,2021,Rent,44.59,98.1,52042
E30000108,Peterborough,2022,Rent,44.26,94.8,69447
E30000108,Peterborough,2023,Rent,46.95,104.8,74828
E30000108,Peterborough,2024,Rent,43.7,93.8,59717
E30000108,Peterborough,2025,Rent,47.11,102.7,43080
E30000108,Peterborough,2016,Sale,46.93,93.0,18165
E30000108,Peterborough,2017,Sale,45.77,87.9,18256
E30000108,Peterborough,2018,Sale,48.36,86.1,18694
E30000108,Peterborough,2019,Sale,47.01,87.2,17713
E30000108,Peterborough,2020,Sale,46.17,87.4,28345
E30000108,Peterborough,2021,Sale,46.98,85.7,38154
E30000108,Peterborough,2022,Sale,48.65,82.5,33663
E30000108,Peterborough,2023,Sale,52.07,89.9,21766
E30000108,Peterborough,2024,Sale,51.21,82.6,24331
E30000108,Peterborough,2025,Sale,45.89,75.1,20731
E30000124,Spalding,2016,Rent,64.25,91.9,2540
E30000124,Spalding,2017,Rent,58.96,100.2,2992
E30000124,Spalding,2018,Rent,49.36,90.0,6281
E30000124,Spalding,2019,Rent,46.65,83.1,6665
E30000124,Spalding,2020,Rent,47.83,84.8,11241
E30000124,Spalding,2021,Rent,46.51,86.4,14005
E30000124,Spalding,2022,Rent,42.33,87.8,17482
E30000124,Spalding,2023,Rent,47.08,92.3,16126
E30000124,Spalding,2024,Rent,49.9,95.2,12097
E30000124,Spalding,2025,Rent,47.88,94.3,11553
E30000124,Spalding,2016,Sale,60.61,91.7,6882
E30000124,Spalding,2017,Sale,63.21,114.1,7367
E30000124,Spalding,2018,Sale,64.72,113.5,7888
E30000124,Spalding,2019,Sale,56.75,102.9,6074
E30000124,Spalding,2020,Sale,51.21,96.0,8725
E30000124,Spalding,2021,Sale,50.23,100.0,10784
E30000124,Spalding,2022,Sale,56.74,107.4,9297
E30000124,Spalding,2023,Sale,54.83,117.9,6710
E30000124,Spalding,2024,Sale,48.69,95.0,5876
E30000124,Spalding,2025,Sale,45.57,82.7,5907
E30000135,Thetford and Mildenhall,2016,Rent,65.09,73.7,4982
E30000135,Thetford and Mildenhall,2017,Rent,63.16,85.7,4590
E30000135,Thetford and Mildenhall,2018,Rent,58.57,80.6,11800
E30000135,Thetford and Mildenhall,2019,Rent,54.9,74.9,11857
E30000135,Thetford and Mildenhall,2020,Rent,53.32,78.5,18913
E30000135,Thetford and Mildenhall,2021,Rent,58.9,68.5,23907
E30000135,Thetford and Mildenhall,2022,Rent,54.74,72.7,29058
E30000135,Thetford and Mildenhall,2023,Rent,55.23,75.7,27144
E30000135,Thetford and Mildenhall,2024,Rent,54.83,69.0,20018
E30000135,Thetford and Mildenhall,2025,Rent,56.86,75.3,17190
E30000135,Thetford and Mildenhall,2016,Sale,60.29,86.1,9697
E30000135,Thetford and Mildenhall,2017,Sale,61.18,94.2,9340
E30000135,Thetford and Mildenhall,2018,Sale,57.99,87.1,8706
E30000135,Thetford and Mildenhall,2019,Sale,57.99,90.2,8722
E30000135,Thetford and Mildenhall,2020,Sale,54.61,86.6,13609
E30000135,Thetford and Mildenhall,2021,Sale,59.34,97.8,16766
E30000135,Thetford and Mildenhall,2022,Sale,56.14,81.8,16381
E30000135,Thetford and Mildenhall,2023,Sale,56.92,95.3,11403
E30000135,Thetford and Mildenhall,2024,Sale,55.37,83.5,11293
E30000135,Thetford and Mildenhall,2025,Sale,47.78,87.0,11196
E30000159,Andover,2016,Rent,55.68,79.0,2861
E30000159,Andover,2017,Rent,61.47,81.2,4353
E30000159,Andover,2018,Rent,56.49,82.8,9407
E30000159,Andover,2019,Rent,57.84,80.6,10132
E30000159,Andover,2020,Rent,55.31,77.0,14884
E30000159,Andover,2021,Rent,61.55,86.2,17936
E30000159,Andover,2022,Rent,60.32,80.8,23908
E30000159,Andover,2023,Rent,58.25,79.7,26799
E30000159,Andover,2024,Rent,59.56,77.4,21968
E30000159,Andover,2025,Rent,63.28,73.9,16441
E30000159,Andover,2016,Sale,63.73,93.5,10165
E30000159,Andover,2017,Sale,64.51,92.8,10185
E30000159,Andover,2018,Sale,63.61,100.4,9439
E30000159,Andover,2019,Sale,59.77,93.8,8908
E30000159,Andover,2020,Sale,61.37,92.5,14513
E30000159,Andover,2021,Sale,66.42,96.3,15207
E30000159,Andover,2022,Sale,66.19,89.7,15136
E30000159,Andover,2023,Sale,65.12,97.0,10182
E30000159,Andover,2024,Sale,62.25,87.2,10993
E30000159,Andover,2025,Sale,58.7,85.6,11214
E30000160,Ashford,2016,Rent,49.76,80.4,4859
E30000160,Ashford,2017,Rent,55.58,104.0,4867
E30000160,Ashford,2018,Rent,45.37,92.0,11875
E30000160,Ashford,2019,Rent,47.06,82.0,12370
E30000160,Ashford,2020,Rent,46.46,95.6,19534
E30000160,Ashford,2021,Rent,44.28,118.2,27308
E30000160,Ashford,2022,Rent,45.61,128.4,32300
E30000160,Ashford,2023,Rent,42.01,125.3,36082
E30000160,Ashford,2024,Rent,43.08,101.7,24738
E30000160,Ashford,2025,Rent,45.77,110.5,20275
E30000160,Ashford,2016,Sale,54.17,100.7,10890
E30000160,Ashford,2017,Sale,47.0,102.4,11191
E30000160,Ashford,2018,Sale,47.39,126.7,10473
E30000160,Ashford,2019,Sale,47.36,137.6,10398
E30000160,Ashford,2020,Sale,44.35,111.7,16629
E30000160,Ashford,2021,Sale,48.24,122.9,18983
E30000160,Ashford,2022,Sale,46.57,125.5,16743
E30000160,Ashford,2023,Sale,46.85,108.6,12347
E30000160,Ashford,2024,Sale,48.56,106.3,12699
E30000160,Ashford,2025,Sale,44.97,105.6,11539
E30000162,Barnstaple,2016,Rent,48.5,137.9,2202
E30000162,Barnstaple,2017,Rent,51.45,127.5,4169
E30000162,Barnstaple,2018,Rent,42.58,137.8,6280
E30000162,Barnstaple,2019,Rent,45.45,119.8,7015
E30000162,Barnstaple,2020,Rent,50.15,132.6,9372
E30000162,Barnstaple,2021,Rent,60.58,125.7,10989
E30000162,Barnstaple,2022,Rent,58.74,129.9,13747
E30000162,Barnstaple,2023,Rent,48.04,139.6,14179
E30000162,Barnstaple,2024,Rent,51.27,130.6,11073
E30000162,Barnstaple,2025,Rent,54.49,143.8,9260
E30000162,Barnstaple,2016,Sale,57.21,145.7,5978
E30000162,Barnstaple,2017,Sale,51.39,135.4,6186
E30000162,Barnstaple,2018,Sale,49.12,149.6,5861
E30000162,Barnstaple,2019,Sale,45.88,144.5,5473
E30000162,Barnstaple,2020,Sale,44.87,132.4,7910
E30000162,Barnstaple,2021,Sale,50.07,154.9,9944
E30000162,Barnstaple,2022,Sale,49.7,153.5,9017
E30000162,Barnstaple,2023,Sale,40.81,136.8,5984
E30000162,Barnstaple,2024,Sale,43.1,128.0,5779
E30000162,Barnstaple,2025,Sale,40.08,132.7,5512
E30000163,Barrow-in-Furness,2016,Rent,46.18,157.7,5388
E30000163,Barrow-in-Furness,2017,Rent,59.56,130.0,7560
E30000163,Barrow-in-Furness,2018,Rent,43.84,145.7,14272
E30000163,Barrow-in-Furness,2019,Rent,42.55,148.9,15650
E30000163,Barrow-in-Furness,2020,Rent,42.63,136.7,22959
E30000163,Barrow-in-Furness,2021,Rent,51.13,140.5,29947
E30000163,Barrow-in-Furness,2022,Rent,48.62,128.5,36469
E30000163,Barrow-in-Furness,2023,Rent,47.88,130.0,37375
E30000163,Barrow-in-Furness,2024,Rent,43.92,126.9,31353
E30000163,Barrow-in-Furness,2025,Rent,43.27,136.9,25543
E30000163,Barrow-in-Furness,2016,Sale,42.16,154.8,13055
E30000163,Barrow-in-Furness,2017,Sale,38.49,147.9,13787
E30000163,Barrow-in-Furness,2018,Sale,36.33,131.7,14309
E30000163,Barrow-in-Furness,2019,Sale,37.5,144.7,14595
E30000163,Barrow-in-Furness,2020,Sale,35.78,139.2,23406
E30000163,Barrow-in-Furness,2021,Sale,34.77,128.2,28308
E30000163,Barrow-in-Furness,2022,Sale,36.32,133.4,25014
E30000163,Barrow-in-Furness,2023,Sale,34.16,127.7,19541
E30000163,Barrow-in-Furness,2024,Sale,33.7,133.6,19307
E30000163,Barrow-in-Furness,2025,Sale,28.2,135.6,19679
E30000164,Basingstoke,2016,Rent,48.74,80.7,12036
E30000164,Basingstoke,2017,Rent,62.93,95.8,16694
E30000164,Basingstoke,2018,Rent,51.01,91.5,30592
E30000164,Basingstoke,2019,Rent,53.42,103.8,33197
E30000164,Basingstoke,2020,Rent,51.62,93.6,42405
E30000164,Basingstoke,2021,Rent,55.9,103.7,55240
E30000164,Basingstoke,2022,Rent,53.65,100.4,69750
E30000164,Basingstoke,2023,Rent,52.53,93.3,73022
E30000164,Basingstoke,2024,Rent,52.26,96.4,58605
E30000164,Basingstoke,2025,Rent,51.86,98.1,42902
E30000164,Basingstoke,2016,Sale,51.92,96.1,33093
E30000164,Basingstoke,2017,Sale,52.6,101.6,28948
E30000164,Basingstoke,2018,Sale,50.9,107.1,26316
E30000164,Basingstoke,2019,Sale,49.9,99.6,26911
E30000164,Basingstoke,2020,Sale,49.65,98.8,41238
E30000164,Basingstoke,2021,Sale,56.24,103.4,50809
E30000164,Basingstoke,2022,Sale,50.91,99.9,51383
E30000164,Basingstoke,2023,Sale,50.69,102.2,32758
E30000164,Basingstoke,2024,Sale,46.79,87.8,37917
E30000164,Basingstoke,2025,Sale,45.92,86.3,33180
E30000165,Bath,2016,Rent,35.53,85.6,15048
E30000165,Bath,2017,Rent,29.97,102.6,22826
E30000165,Bath,2018,Rent,32.77,92.9,38120
E30000165,Bath,2019,Rent,33.89,97.0,39025
E30000165,Bath,2020,Rent,39.69,90.2,51089
E30000165,Bath,2021,Rent,45.86,94.8,65418
E30000165,Bath,2022,Rent,49.28,101.0,91371
E30000165,Bath,2023,Rent,45.56,100.1,93853
E30000165,Bath,2024,Rent,44.79,93.9,80096
E30000165,Bath,2025,Rent,38.45,94.6,65315
E30000165,Bath,2016,Sale,55.14,87.5,16776
E30000165,Bath,2017,Sale,52.0,82.4,18016
E30000165,Bath,2018,Sale,52.23,82.1,16763
E30000165,Bath,2019,Sale,48.34,85.6,15832
E30000165,Bath,2020,Sale,52.83,81.1,26074
E30000165,Bath,2021,Sale,58.44,78.4,32305
E30000165,Bath,2022,Sale,55.54,76.5,28816
E30000165,Bath,2023,Sale,50.04,80.6,21766
E30000165,Bath,2024,Sale,49.18,74.0,23522
E30000165,Bath,2025,Sale,44.67,77.9,22656
E30000166,Bedford,2016,Rent,34.49,83.9,10066
E30000166,Bedford,2017,Rent,46.78,87.1,12295
E30000166,Bedford,2018,Rent,39.52,83.8,22957
E30000166,Bedford,2019,Rent,40.64,81.2,25504
E30000166,Bedford,2020,Rent,42.25,80.4,37130
E30000166,Bedford,2021,Rent,48.45,91.7,44025
E30000166,Bedford,2022,Rent,54.46,93.0,56193
E30000166,Bedford,2023,Rent,48.92,82.9,62235
E30000166,Bedford,2024,Rent,45.11,83.4,47331
E30000166,Bedford,2025,Rent,44.09,84.7,37721
E30000166,Bedford,2016,Sale,50.1,108.9,21123
E30000166,Bedford,2017,Sale,49.78,102.4,20201
E30000166,Bedford,2018,Sale,49.76,122.0,19693
E30000166,Bedford,2019,Sale,46.83,99.1,18414
E30000166,Bedford,2020,Sale,47.08,97.4,29705
E30000166,Bedford,2021,Sale,53.39,97.7,34728
E30000166,Bedford,2022,Sale,53.44,104.7,31885
E30000166,Bedford,2023,Sale,51.23,97.8,22068
E30000166,Bedford,2024,Sale,49.25,96.4,23691
E30000166,Bedford,2025,Sale,46.26,86.7,23133
E30000167,Bideford,2016,Rent,68.17,161.7,1659
E30000167,Bideford,2017,Rent,66.4,142.9,1976
E30000167,Bideford,2018,Rent,57.72,121.7,4764
E30000167,Bideford,2019,Rent,49.76,102.6,5086
E30000167,Bideford,2020,Rent,53.42,119.0,6816
E30000167,Bideford,2021,Rent,54.96,126.1,8819
E30000167,Bideford,2022,Rent,60.22,126.5,9950
E30000167,Bideford,2023,Rent,59.09,131.3,9581
E30000167,Bideford,2024,Rent,62.16,135.3,7975
E30000167,Bideford,2025,Rent,61.26,122.4,6159
E30000167,Bideford,2016,Sale,68.26,198.7,5804
E30000167,Bideford,2017,Sale,70.94,181.5,5665
E30000167,Bideford,2018,Sale,61.51,156.2,4430
E30000167,Bideford,2019,Sale,56.04,133.2,3915
E30000167,Bideford,2020,Sale,59.84,130.4,6175
E30000167,Bideford,2021,Sale,65.23,118.6,7423
E30000167,Bideford,2022,Sale,63.58,141.4,6268
E30000167,Bideford,2023,Sale,58.06,141.8,4688
E30000167,Bideford,2024,Sale,56.72,140.9,4487
E30000167,Bideford,2025,Sale,54.19,133.6,3993
E30000168,Birkenhead,2016,Rent,25.32,82.2,15403
E30000168,Birkenhead,2017,Rent,28.21,82.2,17989
E30000168,Birkenhead,2018,Rent,22.96,64.1,55475
E30000168,Birkenhead,2019,Rent,24.82,68.7,55744
E30000168,Birkenhead,2020,Rent,24.6,63.4,91068
E30000168,Birkenhead,2021,Rent,26.58,72.1,104119
E30000168,Birkenhead,2022,Rent,28.3,72.3,119648
E30000168,Birkenhead,2023,Rent,29.28,64.7,109117
E30000168,Birkenhead,2024,Rent,26.13,59.1,109160
E30000168,Birkenhead,2025,Rent,22.13,65.7,96935
E30000168,Birkenhead,2016,Sale,29.04,72.9,19047
E30000168,Birkenhead,2017,Sale,28.0,76.6,20959
E30000168,Birkenhead,2018,Sale,23.9,64.9,22633
E30000168,Birkenhead,2019,Sale,24.58,70.6,23686
E30000168,Birkenhead,2020,Sale,26.05,65.6,41447
E30000168,Birkenhead,2021,Sale,24.8,60.6,53964
E30000168,Birkenhead,2022,Sale,25.28,67.2,46375
E30000168,Birkenhead,2023,Sale,24.76,63.9,32772
E30000168,Birkenhead,2024,Sale,24.46,66.0,36319
E30000168,Birkenhead,2025,Sale,22.1,63.9,35942
E30000169,Birmingham,2016,Rent,29.36,88.2,67603
E30000169,Birmingham,2017,Rent,30.45,93.8,84401
E30000169,Birmingham,2018,Rent,28.43,86.1,196186
E30000169,Birmingham,2019,Rent,29.38,88.8,207188
E30000169,Birmingham,2020,Rent,31.63,79.5,305886
E30000169,Birmingham,2021,Rent,33.51,88.4,423868
E30000169,Birmingham,2022,Rent,32.44,88.8,585348
E30000169,Birmingham,2023,Rent,32.89,86.3,671303
E30000169,Birmingham,2024,Rent,33.26,85.2,527779
E30000169,Birmingham,2025,Rent,34.28,90.2,390831
E30000169,Birmingham,2016,Sale,30.49,75.1,156392
E30000169,Birmingham,2017,Sale,31.23,77.9,174966
E30000169,Birmingham,2018,Sale,32.33,73.2,170181
E30000169,Birmingham,2019,Sale,31.59,74.4,162938
E30000169,Birmingham,2020,Sale,33.98,74.9,245521
E30000169,Birmingham,2021,Sale,34.71,68.8,333818
E30000169,Birmingham,2022,Sale,32.18,68.3,343665
E30000169,Birmingham,2023,Sale,31.66,76.6,207482
E30000169,Birmingham,2024,Sale,31.8,75.6,205864
E30000169,Birmingham,2025,Sale,31.63,71.4,199604
E30000170,Blackburn,2016,Rent,56.08,104.1,9893
E30000170,Blackburn,2017,Rent,52.63,90.6,9003
E30000170,Blackburn,2018,Rent,40.34,76.5,22869
E30000170,Blackburn,2019,Rent,41.15,78.9,27476
E30000170,Blackburn,2020,Rent,37.45,69.1,45966
E30000170,Blackburn,2021,Rent,43.13,71.2,56959
E30000170,Blackburn,2022,Rent,43.58,77.3,60292
E30000170,Blackburn,2023,Rent,43.81,72.2,58412
E30000170,Blackburn,2024,Rent,46.42,77.8,49679
E30000170,Blackburn,2025,Rent,42.81,72.8,43673
E30000170,Blackburn,2016,Sale,37.96,87.0,16302
E30000170,Blackburn,2017,Sale,37.91,71.5,17925
E30000170,Blackburn,2018,Sale,38.76,67.9,18223
E30000170,Blackburn,2019,Sale,36.23,73.4,18864
E30000170,Blackburn,2020,Sale,33.65,62.2,32252
E30000170,Blackburn,2021,Sale,37.23,57.1,43759
E30000170,Blackburn,2022,Sale,36.3,56.0,37153
E30000170,Blackburn,2023,Sale,35.3,61.1,28547
E30000170,Blackburn,2024,Sale,33.32,60.3,30078
E30000170,Blackburn,2025,Sale,33.68,56.3,30426
E30000171,Blackpool,2016,Rent,36.7,115.2,14734
E30000171,Blackpool,2017,Rent,37.25,119.6,16626
E30000171,Blackpool,2018,Rent,26.79,106.8,40418
E30000171,Blackpool,2019,Rent,28.78,99.0,43825
E30000171,Blackpool,2020,Rent,27.24,95.0,76008
E30000171,Blackpool,2021,Rent,30.54,97.5,95188
E30000171,Blackpool,2022,Rent,30.46,88.9,113354
E30000171,Blackpool,2023,Rent,29.25,94.9,110287
E30000171,Blackpool,2024,Rent,28.31,96.1,89261
E30000171,Blackpool,2025,Rent,30.21,91.8,72674
E30000171,Blackpool,2016,Sale,33.06,120.9,24166
E30000171,Blackpool,2017,Sale,32.44,113.4,25414
E30000171,Blackpool,2018,Sale,27.9,93.0,23037
E30000171,Blackpool,2019,Sale,26.08,83.9,23729
E30000171,Blackpool,2020,Sale,29.56,90.7,40942
E30000171,Blackpool,2021,Sale,24.37,86.1,54291
E30000171,Blackpool,2022,Sale,26.47,81.0,49843
E30000171,Blackpool,2023,Sale,26.08,87.7,34509
E30000171,Blackpool,2024,Sale,27.7,78.7,34865
E30000171,Blackpool,2025,Sale,29.49,90.9,36148
E30000173,Blyth and Ashington,2016,Rent,55.03,130.8,6338
E30000173,Blyth and Ashington,2017,Rent,60.11,159.7,5831
E30000173,Blyth and Ashington,2018,Rent,51.93,143.8,12431
E30000173,Blyth and Ashington,2019,Rent,55.09,144.8,13838
E30000173,Blyth and Ashington,2020,Rent,55.91,132.4,20859
E30000173,Blyth and Ashington,2021,Rent,62.41,138.7,23886
E30000173,Blyth and Ashington,2022,Rent,57.08,132.9,27721
E30000173,Blyth and Ashington,2023,Rent,55.91,123.5,28080
E30000173,Blyth and Ashington,2024,Rent,54.92,128.5,25906
E30000173,Blyth and Ashington,2025,Rent,48.96,139.4,23392
E30000173,Blyth and Ashington,2016,Sale,45.83,125.2,12219
E30000173,Blyth and Ashington,2017,Sale,47.31,107.3,11636
E30000173,Blyth and Ashington,2018,Sale,44.31,107.3,11723
E30000173,Blyth and Ashington,2019,Sale,44.87,106.5,12241
E30000173,Blyth and Ashington,2020,Sale,40.93,103.6,19907
E30000173,Blyth and Ashington,2021,Sale,43.14,112.4,27325
E30000173,Blyth and Ashington,2022,Sale,42.51,103.1,24003
E30000173,Blyth and Ashington,2023,Sale,44.32,104.0,19000
E30000173,Blyth and Ashington,2024,Sale,42.84,99.5,21714
E30000173,Blyth and Ashington,2025,Sale,41.29,103.1,21225
E30000174,Boston,2016,Rent,53.94,65.8,3765
E30000174,Boston,2017,Rent,64.38,105.7,1825
E30000174,Boston,2018,Rent,50.31,92.5,3681
E30000174,Boston,2019,Rent,55.41,86.6,4449
E30000174,Boston,2020,Rent,50.75,89.1,7935
E30000174,Boston,2021,Rent,42.52,84.9,11650
E30000174,Boston,2022,Rent,44.59,88.0,15806
E30000174,Boston,2023,Rent,46.85,101.0,15434
E30000174,Boston,2024,Rent,43.59,95.6,12464
E30000174,Boston,2025,Rent,47.12,96.6,8479
E30000174,Boston,2016,Sale,54.63,103.0,3037
E30000174,Boston,2017,Sale,52.85,106.0,2575
E30000174,Boston,2018,Sale,46.57,95.3,2551
E30000174,Boston,2019,Sale,55.46,93.5,2571
E30000174,Boston,2020,Sale,52.36,95.2,4244
E30000174,Boston,2021,Sale,50.01,81.0,5169
E30000174,Boston,2022,Sale,69.73,125.1,7872
E30000174,Boston,2023,Sale,78.85,173.0,9671
E30000174,Boston,2024,Sale,47.72,58.3,3577
E30000174,Boston,2025,Sale,45.35,83.3,3365
E30000175,Bournemouth,2016,Rent,20.06,105.1,34545
E30000175,Bournemouth,2017,Rent,22.82,116.6,39263
E30000175,Bournemouth,2018,Rent,19.62,111.3,89918
E30000175,Bournemouth,2019,Rent,20.55,104.0,89370
E30000175,Bournemouth,2020,Rent,21.46,111.3,123806
E30000175,Bournemouth,2021,Rent,24.11,112.7,158786
E30000175,Bournemouth,2022,Rent,23.98,127.5,199197
E30000175,Bournemouth,2023,Rent,23.45,128.0,200333
E30000175,Bournemouth,2024,Rent,23.94,135.6,152848
E30000175,Bournemouth,2025,Rent,25.99,135.1,115635
E30000175,Bournemouth,2016,Sale,27.87,130.4,53701
E30000175,Bournemouth,2017,Sale,26.2,120.0,52632
E30000175,Bournemouth,2018,Sale,27.95,127.0,51136
E30000175,Bournemouth,2019,Sale,24.76,116.0,48790
E30000175,Bournemouth,2020,Sale,28.06,112.9,70102
E30000175,Bournemouth,2021,Sale,27.03,121.6,81700
E30000175,Bournemouth,2022,Sale,26.24,122.0,75684
E30000175,Bournemouth,2023,Sale,26.7,128.2,52724
E30000175,Bournemouth,2024,Sale,26.14,121.3,52949
E30000175,Bournemouth,2025,Sale,25.01,105.4,47208
E30000179,Brighton,2016,Rent,24.69,84.7,31602
E30000179,Brighton,2017,Rent,21.05,95.3,45121
E30000179,Brighton,2018,Rent,22.23,86.8,96540
E30000179,Brighton,2019,Rent,23.59,94.0,98536
E30000179,Brighton,2020,Rent,23.79,99.9,131099
E30000179,Brighton,2021,Rent,31.41,99.3,145968
E30000179,Brighton,2022,Rent,35.1,115.7,180308
E30000179,Brighton,2023,Rent,31.6,112.5,172823
E30000179,Brighton,2024,Rent,32.01,107.9,142292
E30000179,Brighton,2025,Rent,30.46,107.3,111842
E30000179,Brighton,2016,Sale,42.51,94.4,40033
E30000179,Brighton,2017,Sale,42.96,92.2,38528
E30000179,Brighton,2018,Sale,40.35,109.0,39020
E30000179,Brighton,2019,Sale,37.82,94.3,40226
E30000179,Brighton,2020,Sale,39.14,89.6,60328
E30000179,Brighton,2021,Sale,40.69,89.2,72043
E30000179,Brighton,2022,Sale,41.89,91.6,67520
E30000179,Brighton,2023,Sale,38.13,94.8,45756
E30000179,Brighton,2024,Sale,36.53,85.1,48704
E30000179,Brighton,2025,Sale,35.02,82.7,45212
E30000180,Bristol,2016,Rent,27.39,104.3,45938
E30000180,Bristol,2017,Rent,22.6,112.5,60904
E30000180,Bristol,2018,Rent,21.53,110.5,129772
E30000180,Bristol,2019,Rent,19.94,111.4,145927
E30000180,Bristol,2020,Rent,21.61,99.0,227035
E30000180,Bristol,2021,Rent,22.0,111.1,322727
E30000180,Bristol,2022,Rent,22.64,121.5,443223
E30000180,Bristol,2023,Rent,21.17,110.8,471488
E30000180,Bristol,2024,Rent,20.81,121.1,378377
E30000180,Bristol,2025,Rent,23.38,126.4,278641
E30000180,Bristol,2016,Sale,31.31,92.3,84624
E30000180,Bristol,2017,Sale,31.39,86.4,86758
E30000180,Bristol,2018,Sale,33.15,90.2,84748
E30000180,Bristol,2019,Sale,31.27,90.2,82726
E30000180,Bristol,2020,Sale,31.24,86.9,139855
E30000180,Bristol,2021,Sale,32.66,84.4,182697
E30000180,Bristol,2022,Sale,30.7,83.9,176624
E30000180,Bristol,2023,Sale,29.28,95.6,117304
E30000180,Bristol,2024,Sale,28.92,90.5,124148
E30000180,Bristol,2025,Sale,27.14,88.6,115322
E30000182,Burnley,2016,Rent,37.83,94.6,5295
E30000182,Burnley,2017,Rent,44.66,87.5,5676
E30000182,Burnley,2018,Rent,38.77,77.2,14626
E30000182,Burnley,2019,Rent,36.63,81.4,15746
E30000182,Burnley,2020,Rent,43.58,74.0,27186
E30000182,Burnley,2021,Rent,43.03,79.2,32029
E30000182,Burnley,2022,Rent,43.25,68.4,35148
E30000182,Burnley,2023,Rent,43.63,73.8,36495
E30000182,Burnley,2024,Rent,41.41,61.0,30935
E30000182,Burnley,2025,Rent,42.36,65.4,25411
E30000182,Burnley,2016,Sale,36.23,77.2,9658
E30000182,Burnley,2017,Sale,34.55,82.6,10501
E30000182,Burnley,2018,Sale,31.65,86.1,10234
E30000182,Burnley,2019,Sale,30.91,63.8,11230
E30000182,Burnley,2020,Sale,31.98,62.7,16997
E30000182,Burnley,2021,Sale,30.67,51.3,21570
E30000182,Burnley,2022,Sale,37.59,73.3,20813
E30000182,Burnley,2023,Sale,29.72,58.4,13417
E30000182,Burnley,2024,Sale,26.84,58.0,14376
E30000182,Burnley,2025,Sale,28.13,61.0,15750
E30000183,Burton upon Trent,2016,Rent,51.56,86.6,5273
E30000183,Burton upon Trent,2017,Rent,56.17,85.4,6325
E30000183,Burton upon Trent,2018,Rent,46.06,67.8,17532
E30000183,Burton upon Trent,2019,Rent,43.99,70.5,19706
E30000183,Burton upon Trent,2020,Rent,45.85,69.3,30713
E30000183,Burton upon Trent,2021,Rent,46.96,72.9,38300
E30000183,Burton upon Trent,2022,Rent,51.46,71.5,47046
E30000183,Burton upon Trent,2023,Rent,46.55,73.0,42218
E30000183,Burton upon Trent,2024,Rent,48.84,71.7,35375
E30000183,Burton upon Trent,2025,Rent,50.78,71.1,27711
E30000183,Burton upon Trent,2016,Sale,48.89,83.0,14963
E30000183,Burton upon Trent,2017,Sale,47.57,74.5,14702
E30000183,Burton upon Trent,2018,Sale,45.75,72.5,16190
E30000183,Burton upon Trent,2019,Sale,44.47,74.9,16879
E30000183,Burton upon Trent,2020,Sale,43.11,80.0,24823
E30000183,Burton upon Trent,2021,Sale,44.3,69.8,32120
E30000183,Burton upon Trent,2022,Sale,43.23,66.6,29732
E30000183,Burton upon Trent,2023,Sale,48.67,79.4,20389
E30000183,Burton upon Trent,2024,Sale,48.76,72.5,23005
E30000183,Burton upon Trent,2025,Sale,45.96,67.6,21696
E30000184,Bury St Edmunds,2016,Rent,46.23,75.5,8524
E30000184,Bury St Edmunds,2017,Rent,46.55,86.6,14774
E30000184,Bury St Edmunds,2018,Rent,41.01,74.2,28714
E30000184,Bury St Edmunds,2019,Rent,40.51,72.6,30206
E30000184,Bury St Edmunds,2020,Rent,41.59,75.0,43294
E30000184,Bury St Edmunds,2021,Rent,42.6,74.7,55308
E30000184,Bury St Edmunds,2022,Rent,42.62,84.4,63426
E30000184,Bury St Edmunds,2023,Rent,40.67,83.8,64580
E30000184,Bury St Edmunds,2024,Rent,38.37,75.8,61510
E30000184,Bury St Edmunds,2025,Rent,36.2,82.4,47393
E30000184,Bury St Edmunds,2016,Sale,62.41,123.6,17025
E30000184,Bury St Edmunds,2017,Sale,51.68,102.7,13776
E30000184,Bury St Edmunds,2018,Sale,49.97,97.1,12832
E30000184,Bury St Edmunds,2019,Sale,51.29,100.8,12908
E30000184,Bury St Edmunds,2020,Sale,50.94,106.9,22014
E30000184,Bury St Edmunds,2021,Sale,51.4,102.2,26197
E30000184,Bury St Edmunds,2022,Sale,51.67,100.7,23643
E30000184,Bury St Edmunds,2023,Sale,50.38,93.8,16130
E30000184,Bury St Edmunds,2024,Sale,45.76,84.3,17579
E30000184,Bury St Edmunds,2025,Sale,46.51,91.4,16977
E30000186,Cambridge,2016,Rent,37.16,101.0,40489
E30000186,Cambridge,2017,Rent,38.74,109.9,54552
E30000186,Cambridge,2018,Rent,34.98,103.9,106337
E30000186,Cambridge,2019,Rent,37.64,110.0,118863
E30000186,Cambridge,2020,Rent,39.45,106.5,158811
E30000186,Cambridge,2021,Rent,41.76,105.6,206305
E30000186,Cambridge,2022,Rent,44.18,108.8,266516
E30000186,Cambridge,2023,Rent,42.17,105.4,274985
E30000186,Cambridge,2024,Rent,42.07,102.8,229613
E30000186,Cambridge,2025,Rent,43.72,107.5,162213
E30000186,Cambridge,2016,Sale,46.69,111.6,79056
E30000186,Cambridge,2017,Sale,46.18,115.2,76236
E30000186,Cambridge,2018,Sale,43.6,119.4,73897
E30000186,Cambridge,2019,Sale,38.47,116.3,73507
E30000186,Cambridge,2020,Sale,39.24,115.7,120534
E30000186,Cambridge,2021,Sale,42.04,113.5,141493
E30000186,Cambridge,2022,Sale,41.15,110.4,132775
E30000186,Cambridge,2023,Sale,40.53,115.9,96995
E30000186,Cambridge,2024,Sale,37.7,109.7,104590
E30000186,Cambridge,2025,Sale,37.15,106.8,91786
E30000187,Canterbury,2016,Rent,44.81,122.0,8096
E30000187,Canterbury,2017,Rent,34.26,120.9,11990
E30000187,Canterbury,2018,Rent,32.07,98.7,24041
E30000187,Canterbury,2019,Rent,31.93,102.7,25051
E30000187,Canterbury,2020,Rent,39.25,90.9,30166
E30000187,Canterbury,2021,Rent,44.14,93.8,36953
E30000187,Canterbury,2022,Rent,48.17,112.7,44968
E30000187,Canterbury,2023,Rent,46.89,105.2,46587
E30000187,Canterbury,2024,Rent,46.29,110.2,32563
E30000187,Canterbury,2025,Rent,48.94,113.3,24540
E30000187,Canterbury,2016,Sale,55.4,101.4,10647
E30000187,Canterbury,2017,Sale,62.3,127.4,11834
E30000187,Canterbury,2018,Sale,57.14,110.9,10122
E30000187,Canterbury,2019,Sale,53.76,115.8,9652
E30000187,Canterbury,2020,Sale,51.68,102.8,14134
E30000187,Canterbury,2021,Sale,57.56,112.2,17131
E30000187,Canterbury,2022,Sale,55.29,117.4,14289
E30000187,Canterbury,2023,Sale,56.38,115.4,11842
E30000187,Canterbury,2024,Sale,54.25,108.9,12025
E30000187,Canterbury,2025,Sale,52.79,109.1,11482
E30000188,Chelmsford,2016,Rent,43.26,84.1,19930
E30000188,Chelmsford,2017,Rent,44.63,88.2,22982
E30000188,Chelmsford,2018,Rent,42.41,77.4,52100
E30000188,Chelmsford,2019,Rent,39.71,77.9,55837
E30000188,Chelmsford,2020,Rent,41.56,79.8,82346
E30000188,Chelmsford,2021,Rent,45.98,85.4,100153
E30000188,Chelmsford,2022,Rent,45.06,87.3,128015
E30000188,Chelmsford,2023,Rent,43.96,90.4,131135
E30000188,Chelmsford,2024,Rent,45.78,87.6,109264
E30000188,Chelmsford,2025,Rent,42.98,92.0,85655
E30000188,Chelmsford,2016,Sale,47.49,98.0,55658
E30000188,Chelmsford,2017,Sale,47.73,100.0,52720
E30000188,Chelmsford,2018,Sale,46.71,103.7,50772
E30000188,Chelmsford,2019,Sale,44.42,96.7,46756
E30000188,Chelmsford,2020,Sale,43.44,98.9,78455
E30000188,Chelmsford,2021,Sale,48.77,93.8,89076
E30000188,Chelmsford,2022,Sale,46.72,100.8,81962
E30000188,Chelmsford,2023,Sale,45.26,106.4,56923
E30000188,Chelmsford,2024,Sale,43.27,94.0,63732
E30000188,Chelmsford,2025,Sale,40.03,89.8,61139
E30000189,Cheltenham,2016,Rent,36.95,89.9,6051
E30000189,Cheltenham,2017,Rent,38.1,96.2,8805
E30000189,Cheltenham,2018,Rent,34.98,87.2,18903
E30000189,Cheltenham,2019,Rent,37.85,91.5,18343
E30000189,Cheltenham,2020,Rent,39.12,86.1,27189
E30000189,Cheltenham,2021,Rent,43.86,100.4,32079
E30000189,Cheltenham,2022,Rent,41.63,92.5,39490
E30000189,Cheltenham,2023,Rent,38.8,96.1,46000
E30000189,Cheltenham,2024,Rent,42.83,91.6,38055
E30000189,Cheltenham,2025,Rent,42.67,95.4,29842
E30000189,Cheltenham,2016,Sale,43.41,88.5,13892
E30000189,Cheltenham,2017,Sale,44.16,91.7,14759
E30000189,Cheltenham,2018,Sale,44.51,84.7,15971
E30000189,Cheltenham,2019,Sale,42.28,91.9,14093
E30000189,Cheltenham,2020,Sale,39.25,77.3,22953
E30000189,Cheltenham,2021,Sale,46.81,80.7,24924
E30000189,Cheltenham,2022,Sale,45.25,80.3,25557
E30000189,Cheltenham,2023,Sale,43.9,76.3,18732
E30000189,Cheltenham,2024,Sale,39.56,73.4,20418
E30000189,Cheltenham,2025,Sale,39.15,75.3,19609
E30000190,Chesterfield,2016,Rent,46.72,74.7,4313
E30000190,Chesterfield,2017,Rent,51.54,86.1,4777
E30000190,Chesterfield,2018,Rent,44.09,71.5,12328
E30000190,Chesterfield,2019,Rent,48.85,74.2,13338
E30000190,Chesterfield,2020,Rent,48.01,68.7,19781
E30000190,Chesterfield,2021,Rent,47.4,67.9,26698
E30000190,Chesterfield,2022,Rent,45.12,68.7,31025
E30000190,Chesterfield,2023,Rent,45.27,72.8,34577
E30000190,Chesterfield,2024,Rent,43.59,60.5,30812
E30000190,Chesterfield,2025,Rent,44.47,68.6,24384
E30000190,Chesterfield,2016,Sale,48.12,65.6,10508
E30000190,Chesterfield,2017,Sale,44.7,63.4,11382
E30000190,Chesterfield,2018,Sale,43.26,59.7,11714
E30000190,Chesterfield,2019,Sale,44.21,59.1,11883
E30000190,Chesterfield,2020,Sale,43.47,59.3,19277
E30000190,Chesterfield,2021,Sale,43.24,63.1,23800
E30000190,Chesterfield,2022,Sale,44.3,58.4,23243
E30000190,Chesterfield,2023,Sale,39.42,60.9,18047
E30000190,Chesterfield,2024,Sale,39.39,56.3,18991
E30000190,Chesterfield,2025,Sale,38.96,54.8,17734
E30000191,Chichester and Bognor Regis,2016,Rent,38.12,88.8,11226
E30000191,Chichester and Bognor Regis,2017,Rent,42.5,99.7,11518
E30000191,Chichester and Bognor Regis,2018,Rent,37.98,80.2,25441
E30000191,Chichester and Bognor Regis,2019,Rent,45.21,94.5,30085
E30000191,Chichester and Bognor Regis,2020,Rent,40.7,92.4,42238
E30000191,Chichester and Bognor Regis,2021,Rent,45.24,85.3,52393
E30000191,Chichester and Bognor Regis,2022,Rent,44.86,100.0,59100
E30000191,Chichester and Bognor Regis,2023,Rent,45.82,104.6,55469
E30000191,Chichester and Bognor Regis,2024,Rent,46.36,96.5,44713
E30000191,Chichester and Bognor Regis,2025,Rent,45.73,104.5,35696
E30000191,Chichester and Bognor Regis,2016,Sale,50.89,126.6,20946
E30000191,Chichester and Bognor Regis,2017,Sale,46.63,126.2,19844
E30000191,Chichester and Bognor Regis,2018,Sale,46.63,133.0,17899
E30000191,Chichester and Bognor Regis,2019,Sale,46.01,124.1,18747
E30000191,Chichester and Bognor Regis,2020,Sale,42.52,124.3,27739
E30000191,Chichester and Bognor Regis,2021,Sale,44.88,124.5,35478
E30000191,Chichester and Bognor Regis,2022,Sale,47.59,119.5,30389
E30000191,Chichester and Bognor Regis,2023,Sale,43.65,126.0,21237
E30000191,Chichester and Bognor Regis,2024,Sale,41.64,118.2,22034
E30000191,Chichester and Bognor Regis,2025,Sale,38.12,117.9,21733
E30000192,Clacton,2016,Rent,57.78,66.4,6326
E30000192,Clacton,2017,Rent,56.79,85.4,4922
E30000192,Clacton,2018,Rent,48.9,75.7,16429
E30000192,Clacton,2019,Rent,46.55,73.2,15775
E30000192,Clacton,2020,Rent,47.04,76.1,23459
E30000192,Clacton,2021,Rent,58.9,88.0,27480
E30000192,Clacton,2022,Rent,53.18,81.8,33156
E30000192,Clacton,2023,Rent,48.33,85.1,34745
E30000192,Clacton,2024,Rent,48.34,85.4,29442
E30000192,Clacton,2025,Rent,48.29,88.9,24483
E30000192,Clacton,2016,Sale,50.11,108.5,10034
E30000192,Clacton,2017,Sale,50.63,125.0,10631
E30000192,Clacton,2018,Sale,47.6,118.4,10824
E30000192,Clacton,2019,Sale,46.78,130.7,9867
E30000192,Clacton,2020,Sale,44.13,115.4,15193
E30000192,Clacton,2021,Sale,48.27,121.1,19423
E30000192,Clacton,2022,Sale,50.82,109.1,16138
E30000192,Clacton,2023,Sale,48.09,112.6,11249
E30000192,Clacton,2024,Sale,41.31,93.5,11635
E30000192,Clacton,2025,Sale,42.82,109.1,11924
E30000193,Colchester,2016,Rent,37.65,98.9,9724
E30000193,Colchester,2017,Rent,42.01,94.8,11599
E30000193,Colchester,2018,Rent,34.71,89.1,25344
E30000193,Colchester,2019,Rent,35.11,94.3,26590
E30000193,Colchester,2020,Rent,39.58,90.8,37970
E30000193,Colchester,2021,Rent,42.32,104.0,49999
E30000193,Colchester,2022,Rent,44.45,110.3,62599
E30000193,Colchester,2023,Rent,47.82,113.0,67183
E30000193,Colchester,2024,Rent,47.91,102.3,53528
E30000193,Colchester,2025,Rent,46.42,98.8,39037
E30000193,Colchester,2016,Sale,45.34,93.4,19568
E30000193,Colchester,2017,Sale,47.62,102.5,20319
E30000193,Colchester,2018,Sale,48.01,110.1,18880
E30000193,Colchester,2019,Sale,46.56,102.2,17600
E30000193,Colchester,2020,Sale,47.51,95.5,30010
E30000193,Colchester,2021,Sale,47.8,87.7,36355
E30000193,Colchester,2022,Sale,45.81,91.5,31593
E30000193,Colchester,2023,Sale,45.95,98.1,21084
E30000193,Colchester,2024,Sale,43.04,82.7,22171
E30000193,Colchester,2025,Sale,40.9,85.4,22164
E30000195,Coventry,2016,Rent,32.3,79.3,28771
E30000195,Coventry,2017,Rent,36.09,82.8,36998
E30000195,Coventry,2018,Rent,31.6,84.8,83308
E30000195,Coventry,2019,Rent,33.02,90.2,86499
E30000195,Coventry,2020,Rent,33.96,81.6,122128
E30000195,Coventry,2021,Rent,35.65,92.3,163691
E30000195,Coventry,2022,Rent,35.89,95.2,234145
E30000195,Coventry,2023,Rent,36.46,91.7,267190
E30000195,Coventry,2024,Rent,34.93,90.8,212516
E30000195,Coventry,2025,Rent,37.01,94.5,153235
E30000195,Coventry,2016,Sale,34.84,92.7,52693
E30000195,Coventry,2017,Sale,34.3,82.5,55482
E30000195,Coventry,2018,Sale,33.83,87.5,57263
E30000195,Coventry,2019,Sale,33.56,93.0,53621
E30000195,Coventry,2020,Sale,33.94,85.6,79800
E30000195,Coventry,2021,Sale,32.5,82.2,107428
E30000195,Coventry,2022,Sale,31.59,82.0,109305
E30000195,Coventry,2023,Sale,33.18,91.4,71978
E30000195,Coventry,2024,Sale,31.51,82.0,78121
E30000195,Coventry,2025,Sale,29.53,78.6,75609
E30000196,Crawley,2016,Rent,42.9,83.1,29101
E30000196,Crawley,2017,Rent,48.4,93.1,37082
E30000196,Crawley,2018,Rent,43.52,84.0,82667
E30000196,Crawley,2019,Rent,42.36,81.7,88678
E30000196,Crawley,2020,Rent,45.29,88.2,118046
E30000196,Crawley,2021,Rent,51.65,93.9,144740
E30000196,Crawley,2022,Rent,45.12,96.1,182333
E30000196,Crawley,2023,Rent,46.07,100.4,189196
E30000196,Crawley,2024,Rent,42.55,91.8,155742
E30000196,Crawley,2025,Rent,45.1,95.7,120907
E30000196,Crawley,2016,Sale,51.05,117.1,82153
E30000196,Crawley,2017,Sale,49.44,124.3,78122
E30000196,Crawley,2018,Sale,46.66,133.1,71473
E30000196,Crawley,2019,Sale,46.9,121.9,73661
E30000196,Crawley,2020,Sale,46.29,124.2,110155
E30000196,Crawley,2021,Sale,48.36,120.4,125610
E30000196,Crawley,2022,Sale,46.54,119.7,118968
E30000196,Crawley,2023,Sale,46.66,115.1,81543
E30000196,Crawley,2024,Sale,42.04,108.4,86360
E30000196,Crawley,2025,Sale,39.84,110.2,85238
E30000197,Crewe,2016,Rent,48.09,86.7,13523
E30000197,Crewe,2017,Rent,53.3,92.3,16582
E30000197,Crewe,2018,Rent,45.64,86.1,37194
E30000197,Crewe,2019,Rent,45.36,86.2,41618
E30000197,Crewe,2020,Rent,44.21,82.4,65461
E30000197,Crewe,2021,Rent,47.87,82.4,83421
E30000197,Crewe,2022,Rent,49.26,78.4,105039
E30000197,Crewe,2023,Rent,47.41,73.2,104571
E30000197,Crewe,2024,Rent,46.85,78.3,81531
E30000197,Crewe,2025,Rent,48.62,80.2,64765
E30000197,Crewe,2016,Sale,49.58,84.2,33849
E30000197,Crewe,2017,Sale,46.21,80.5,36397
E30000197,Crewe,2018,Sale,43.63,80.7,35121
E30000197,Crewe,2019,Sale,42.44,81.1,34991
E30000197,Crewe,2020,Sale,42.13,79.8,57034
E30000197,Crewe,2021,Sale,46.16,76.7,71039
E30000197,Crewe,2022,Sale,44.61,72.1,68947
E30000197,Crewe,2023,Sale,42.38,72.6,46380
E30000197,Crewe,2024,Sale,41.11,72.0,52724
E30000197,Crewe,2025,Sale,41.6,71.8,50522
E30000198,Cromer and Sheringham,2016,Rent,57.85,89.8,4036
E30000198,Cromer and Sheringham,2017,Rent,62.3,111.5,3965
E30000198,Cromer and Sheringham,2018,Rent,51.23,91.4,9149
E30000198,Cromer and Sheringham,2019,Rent,48.69,83.7,9929
E30000198,Cromer and Sheringham,2020,Rent,54.05,91.0,15109
E30000198,Cromer and Sheringham,2021,Rent,58.77,83.8,20340
E30000198,Cromer and Sheringham,2022,Rent,57.62,92.4,21102
E30000198,Cromer and Sheringham,2023,Rent,56.57,88.7,20648
E30000198,Cromer and Sheringham,2024,Rent,54.92,96.0,17043
E30000198,Cromer and Sheringham,2025,Rent,52.84,86.9,13718
E30000198,Cromer and Sheringham,2016,Sale,60.62,147.8,7941
E30000198,Cromer and Sheringham,2017,Sale,62.88,131.5,8558
E30000198,Cromer and Sheringham,2018,Sale,57.5,130.6,8273
E30000198,Cromer and Sheringham,2019,Sale,57.11,114.9,8123
E30000198,Cromer and Sheringham,2020,Sale,55.65,107.2,10902
E30000198,Cromer and Sheringham,2021,Sale,59.84,96.4,13541
E30000198,Cromer and Sheringham,2022,Sale,60.65,92.5,11963
E30000198,Cromer and Sheringham,2023,Sale,57.79,117.4,8796
E30000198,Cromer and Sheringham,2024,Sale,58.8,104.2,8305
E30000198,Cromer and Sheringham,2025,Sale,51.32,99.6,7510
E30000199,Darlington,2016,Rent,44.74,125.7,2821
E30000199,Darlington,2017,Rent,48.48,133.6,3292
E30000199,Darlington,2018,Rent,41.83,112.1,8518
E30000199,Darlington,2019,Rent,39.33,127.2,9033
E30000199,Darlington,2020,Rent,37.01,99.3,15057
E30000199,Darlington,2021,Rent,38.4,121.5,19191
E30000199,Darlington,2022,Rent,38.83,100.8,24876
E30000199,Darlington,2023,Rent,37.48,99.7,26644
E30000199,Darlington,2024,Rent,37.58,112.1,21829
E30000199,Darlington,2025,Rent,37.91,107.5,17151
E30000199,Darlington,2016,Sale,43.39,91.2,5478
E30000199,Darlington,2017,Sale,44.41,90.3,6609
E30000199,Darlington,2018,Sale,38.35,69.9,6149
E30000199,Darlington,2019,Sale,31.28,76.9,6492
E30000199,Darlington,2020,Sale,34.05,81.7,10721
E30000199,Darlington,2021,Sale,38.12,71.9,12788
E30000199,Darlington,2022,Sale,37.67,83.9,10558
E30000199,Darlington,2023,Sale,34.44,62.6,9027
E30000199,Darlington,2024,Sale,33.13,74.5,8668
E30000199,Darlington,2025,Sale,31.86,71.2,9162
E30000200,Derby,2016,Rent,35.23,92.8,13975
E30000200,Derby,2017,Rent,41.86,92.5,17466
E30000200,Derby,2018,Rent,33.4,78.7,45734
E30000200,Derby,2019,Rent,33.41,78.1,53530
E30000200,Derby,2020,Rent,32.49,78.7,83966
E30000200,Derby,2021,Rent,34.23,78.8,114063
E30000200,Derby,2022,Rent,33.51,83.1,157098
E30000200,Derby,2023,Rent,32.35,76.0,168182
E30000200,Derby,2024,Rent,33.33,75.8,129223
E30000200,Derby,2025,Rent,35.52,82.4,100294
E30000200,Derby,2016,Sale,41.36,98.7,34862
E30000200,Derby,2017,Sale,44.94,106.7,37440
E30000200,Derby,2018,Sale,37.0,79.3,36582
E30000200,Derby,2019,Sale,35.98,85.5,36971
E30000200,Derby,2020,Sale,34.37,79.9,57811
E30000200,Derby,2021,Sale,35.9,73.6,81176
E30000200,Derby,2022,Sale,34.94,72.8,74181
E30000200,Derby,2023,Sale,35.97,77.7,49138
E30000200,Derby,2024,Sale,34.51,80.7,52334
E30000200,Derby,2025,Sale,34.05,75.5,52666
E30000201,Doncaster,2016,Rent,40.67,96.3,6374
E30000201,Doncaster,2017,Rent,53.02,77.8,8078
E30000201,Doncaster,2018,Rent,35.38,74.3,20820
E30000201,Doncaster,2019,Rent,36.95,77.4,23934
E30000201,Doncaster,2020,Rent,34.13,71.8,40986
E30000201,Doncaster,2021,Rent,40.51,79.5,53785
E30000201,Doncaster,2022,Rent,40.54,82.2,57579
E30000201,Doncaster,2023,Rent,39.07,80.3,63067
E30000201,Doncaster,2024,Rent,39.63,75.4,50808
E30000201,Doncaster,2025,Rent,41.64,82.2,38085
E30000201,Doncaster,2016,Sale,35.56,80.0,13068
E30000201,Doncaster,2017,Sale,33.91,68.9,14821
E30000201,Doncaster,2018,Sale,33.95,68.5,16252
E30000201,Doncaster,2019,Sale,33.24,84.5,18698
E30000201,Doncaster,2020,Sale,32.56,67.6,28285
E30000201,Doncaster,2021,Sale,33.27,64.5,37339
E30000201,Doncaster,2022,Sale,35.81,69.4,32851
E30000201,Doncaster,2023,Sale,32.64,71.5,23724
E30000201,Doncaster,2024,Sale,34.25,64.8,24615
E30000201,Doncaster,2025,Sale,33.09,65.1,24349
E30000202,Dudley,2016,Rent,46.34,64.1,17095
E30000202,Dudley,2017,Rent,50.17,64.6,18343
E30000202,Dudley,2018,Rent,42.42,57.5,49784
E30000202,Dudley,2019,Rent,44.59,58.5,53385
E30000202,Dudley,2020,Rent,46.16,53.2,88196
E30000202,Dudley,2021,Rent,47.47,55.9,118296
E30000202,Dudley,2022,Rent,48.23,58.7,149984
E30000202,Dudley,2023,Rent,49.51,55.7,173318
E30000202,Dudley,2024,Rent,49.28,56.5,142806
E30000202,Dudley,2025,Rent,46.91,57.8,103246
E30000202,Dudley,2016,Sale,43.35,53.6,43782
E30000202,Dudley,2017,Sale,42.3,48.4,48449
E30000202,Dudley,2018,Sale,42.89,48.2,51393
E30000202,Dudley,2019,Sale,42.15,48.2,50961
E30000202,Dudley,2020,Sale,43.05,48.3,81443
E30000202,Dudley,2021,Sale,43.38,45.0,120889
E30000202,Dudley,2022,Sale,43.76,45.4,113866
E30000202,Dudley,2023,Sale,43.36,51.3,67977
E30000202,Dudley,2024,Sale,43.56,46.9,64534
E30000202,Dudley,2025,Sale,43.53,47.8,66649
E30000203,Durham and Bishop Auckland,2016,Rent,41.86,130.3,12287
E30000203,Durham and Bishop Auckland,2017,Rent,41.85,132.3,15329
E30000203,Durham and Bishop Auckland,2018,Rent,40.6,161.1,39181
E30000203,Durham and Bishop Auckland,2019,Rent,36.6,138.1,40173
E30000203,Durham and Bishop Auckland,2020,Rent,41.14,129.0,56065
E30000203,Durham and Bishop Auckland,2021,Rent,45.15,134.0,67145
E30000203,Durham and Bishop Auckland,2022,Rent,46.7,134.8,84164
E30000203,Durham and Bishop Auckland,2023,Rent,45.55,140.2,88967
E30000203,Durham and Bishop Auckland,2024,Rent,47.57,135.1,70922
E30000203,Durham and Bishop Auckland,2025,Rent,45.56,124.4,58478
E30000203,Durham and Bishop Auckland,2016,Sale,33.73,102.9,20182
E30000203,Durham and Bishop Auckland,2017,Sale,33.13,95.5,21848
E30000203,Durham and Bishop Auckland,2018,Sale,35.76,94.8,23836
E30000203,Durham and Bishop Auckland,2019,Sale,32.89,86.1,25240
E30000203,Durham and Bishop Auckland,2020,Sale,33.48,80.7,37162
E30000203,Durham and Bishop Auckland,2021,Sale,34.35,89.7,49458
E30000203,Durham and Bishop Auckland,2022,Sale,35.41,84.3,43096
E30000203,Durham and Bishop Auckland,2023,Sale,35.1,78.5,34096
E30000203,Durham and Bishop Auckland,2024,Sale,34.57,85.3,35812
E30000203,Durham and Bishop Auckland,2025,Sale,34.37,80.6,33488
E30000204,Eastbourne,2016,Rent,40.73,85.1,14213
E30000204,Eastbourne,2017,Rent,45.83,96.6,15569
E30000204,Eastbourne,2018,Rent,36.3,89.8,39977
E30000204,Eastbourne,2019,Rent,36.44,81.2,44658
E30000204,Eastbourne,2020,Rent,36.54,90.3,62185
E30000204,Eastbourne,2021,Rent,43.29,103.1,70160
E30000204,Eastbourne,2022,Rent,42.04,103.2,83466
E30000204,Eastbourne,2023,Rent,44.0,98.9,78015
E30000204,Eastbourne,2024,Rent,43.43,107.6,64636
E30000204,Eastbourne,2025,Rent,39.05,91.7,56413
E30000204,Eastbourne,2016,Sale,47.07,138.9,28550
E30000204,Eastbourne,2017,Sale,44.91,136.9,27952
E30000204,Eastbourne,2018,Sale,43.6,147.0,26282
E30000204,Eastbourne,2019,Sale,41.84,150.6,26174
E30000204,Eastbourne,2020,Sale,42.6,136.3,38544
E30000204,Eastbourne,2021,Sale,41.88,141.0,44471
E30000204,Eastbourne,2022,Sale,43.52,137.2,38796
E30000204,Eastbourne,2023,Sale,41.91,137.3,27998
E30000204,Eastbourne,2024,Sale,38.5,137.7,29655
E30000204,Eastbourne,2025,Sale,38.64,132.0,28374
E30000205,Evesham,2016,Rent,63.7,72.8,2992
E30000205,Evesham,2017,Rent,73.8,85.3,3175
E30000205,Evesham,2018,Rent,65.13,70.3,7401
E30000205,Evesham,2019,Rent,65.19,70.6,8435
E30000205,Evesham,2020,Rent,65.9,77.2,11684
E30000205,Evesham,2021,Rent,66.05,74.7,15318
E30000205,Evesham,2022,Rent,66.91,75.5,19105
E30000205,Evesham,2023,Rent,64.62,75.9,20067
E30000205,Evesham,2024,Rent,61.64,77.7,15231
E30000205,Evesham,2025,Rent,62.7,75.8,11256
E30000205,Evesham,2016,Sale,63.93,94.0,7295
E30000205,Evesham,2017,Sale,67.18,101.3,8751
E30000205,Evesham,2018,Sale,62.34,92.3,7847
E30000205,Evesham,2019,Sale,61.82,78.1,7763
E30000205,Evesham,2020,Sale,61.8,92.5,12473
E30000205,Evesham,2021,Sale,64.97,86.7,15412
E30000205,Evesham,2022,Sale,64.46,78.4,14920
E30000205,Evesham,2023,Sale,61.76,74.7,9981
E30000205,Evesham,2024,Sale,60.01,72.5,10343
E30000205,Evesham,2025,Sale,58.5,69.4,9982
E30000206,Exeter,2016,Rent,38.17,181.6,13825
E30000206,Exeter,2017,Rent,37.66,190.5,20189
E30000206,Exeter,2018,Rent,35.0,168.8,40812
E30000206,Exeter,2019,Rent,33.37,174.5,41483
E30000206,Exeter,2020,Rent,35.15,164.8,59905
E30000206,Exeter,2021,Rent,38.02,170.6,83378
E30000206,Exeter,2022,Rent,35.54,187.0,109262
E30000206,Exeter,2023,Rent,33.01,178.5,110010
E30000206,Exeter,2024,Rent,33.43,184.7,88804
E30000206,Exeter,2025,Rent,32.93,178.2,71989
E30000206,Exeter,2016,Sale,35.49,154.2,33596
E30000206,Exeter,2017,Sale,34.63,149.4,35899
E30000206,Exeter,2018,Sale,33.38,157.3,34648
E30000206,Exeter,2019,Sale,31.42,157.3,33230
E30000206,Exeter,2020,Sale,31.83,144.8,49588
E30000206,Exeter,2021,Sale,33.34,145.5,60650
E30000206,Exeter,2022,Sale,32.09,141.5,57423
E30000206,Exeter,2023,Sale,32.84,162.6,41968
E30000206,Exeter,2024,Sale,29.19,155.9,42853
E30000206,Exeter,2025,Sale,27.01,145.4,38977
E30000208,Folkestone and Dover,2016,Rent,40.39,98.0,3855
E30000208,Folkestone and Dover,2017,Rent,42.78,120.6,4631
E30000208,Folkestone and Dover,2018,Rent,41.16,99.9,9082
E30000208,Folkestone and Dover,2019,Rent,38.11,87.8,8685
E30000208,Folkestone and Dover,2020,Rent,42.22,96.1,14869
E30000208,Folkestone and Dover,2021,Rent,55.28,130.7,20171
E30000208,Folkestone and Dover,2022,Rent,43.96,88.7,20799
E30000208,Folkestone and Dover,2023,Rent,43.81,102.5,20708
E30000208,Folkestone and Dover,2024,Rent,48.47,98.9,16579
E30000208,Folkestone and Dover,2025,Rent,42.64,98.7,12601
E30000208,Folkestone and Dover,2016,Sale,48.4,131.0,7366
E30000208,Folkestone and Dover,2017,Sale,52.94,135.9,7662
E30000208,Folkestone and Dover,2018,Sale,48.17,127.0,6271
E30000208,Folkestone and Dover,2019,Sale,45.77,114.7,6406
E30000208,Folkestone and Dover,2020,Sale,47.14,116.8,10369
E30000208,Folkestone and Dover,2021,Sale,48.38,120.7,11787
E30000208,Folkestone and Dover,2022,Sale,50.85,137.1,11443
E30000208,Folkestone and Dover,2023,Sale,48.22,139.6,7971
E30000208,Folkestone and Dover,2024,Sale,40.57,116.1,7880
E30000208,Folkestone and Dover,2025,Sale,38.57,111.8,7809
E30000209,Gloucester,2016,Rent,39.38,87.9,9920
E30000209,Gloucester,2017,Rent,51.09,98.4,10379
E30000209,Gloucester,2018,Rent,41.0,84.2,26554
E30000209,Gloucester,2019,Rent,43.06,85.4,26125
E30000209,Gloucester,2020,Rent,45.5,77.7,36061
E30000209,Gloucester,2021,Rent,50.32,83.7,44771
E30000209,Gloucester,2022,Rent,48.33,89.8,59473
E30000209,Gloucester,2023,Rent,42.51,89.4,67625
E30000209,Gloucester,2024,Rent,45.36,86.5,55275
E30000209,Gloucester,2025,Rent,43.36,80.7,47175
E30000209,Gloucester,2016,Sale,46.48,104.8,23475
E30000209,Gloucester,2017,Sale,43.37,98.7,24683
E30000209,Gloucester,2018,Sale,47.36,100.9,24027
E30000209,Gloucester,2019,Sale,41.22,98.1,22424
E30000209,Gloucester,2020,Sale,42.92,99.9,34272
E30000209,Gloucester,2021,Sale,42.81,95.0,42264
E30000209,Gloucester,2022,Sale,40.8,91.9,38394
E30000209,Gloucester,2023,Sale,38.48,94.1,30162
E30000209,Gloucester,2024,Sale,36.73,96.8,32851
E30000209,Gloucester,2025,Sale,37.58,83.1,31127
E30000210,Great Yarmouth,2016,Rent,44.8,98.3,3567
E30000210,Great Yarmouth,2017,Rent,58.93,115.6,3173
E30000210,Great Yarmouth,2018,Rent,48.33,94.4,8302
E30000210,Great Yarmouth,2019,Rent,40.66,94.3,9795
E30000210,Great Yarmouth,2020,Rent,38.46,90.8,17351
E30000210,Great Yarmouth,2021,Rent,41.07,107.7,24027
E30000210,Great Yarmouth,2022,Rent,36.83,96.0,30784
E30000210,Great Yarmouth,2023,Rent,41.26,99.4,26899
E30000210,Great Yarmouth,2024,Rent,40.06,106.0,23861
E30000210,Great Yarmouth,2025,Rent,36.72,107.8,17316
E30000210,Great Yarmouth,2016,Sale,48.01,141.0,5818
E30000210,Great Yarmouth,2017,Sale,46.63,131.0,5904
E30000210,Great Yarmouth,2018,Sale,45.19,106.7,6694
E30000210,Great Yarmouth,2019,Sale,38.27,88.5,6478
E30000210,Great Yarmouth,2020,Sale,39.07,100.6,9309
E30000210,Great Yarmouth,2021,Sale,42.8,105.1,12535
E30000210,Great Yarmouth,2022,Sale,41.64,96.4,10797
E30000210,Great Yarmouth,2023,Sale,40.95,105.1,7265
E30000210,Great Yarmouth,2024,Sale,35.6,86.1,8394
E30000210,Great Yarmouth,2025,Sale,36.01,84.9,7237
E30000211,Grimsby,2016,Rent,35.77,112.2,4789
E30000211,Grimsby,2017,Rent,41.9,109.2,5935
E30000211,Grimsby,2018,Rent,31.63,107.4,15573
E30000211,Grimsby,2019,Rent,29.44,99.2,15670
E30000211,Grimsby,2020,Rent,29.72,106.5,26421
E30000211,Grimsby,2021,Rent,24.1,107.9,35160
E30000211,Grimsby,2022,Rent,26.25,113.9,40021
E30000211,Grimsby,2023,Rent,26.98,115.6,40586
E30000211,Grimsby,2024,Rent,25.73,118.5,37741
E30000211,Grimsby,2025,Rent,20.44,105.8,32543
E30000211,Grimsby,2016,Sale,25.25,108.9,6567
E30000211,Grimsby,2017,Sale,21.52,102.6,7421
E30000211,Grimsby,2018,Sale,22.42,95.2,8072
E30000211,Grimsby,2019,Sale,21.78,92.1,8159
E30000211,Grimsby,2020,Sale,20.97,95.1,12391
E30000211,Grimsby,2021,Sale,18.91,101.9,18345
E30000211,Grimsby,2022,Sale,17.56,96.8,17624
E30000211,Grimsby,2023,Sale,18.95,111.2,9932
E30000211,Grimsby,2024,Sale,20.81,94.1,11616
E30000211,Grimsby,2025,Sale,16.97,82.4,12331
E30000212,Guildford and Aldershot,2016,Rent,38.75,78.9,35638
E30000212,Guildford and Aldershot,2017,Rent,44.91,87.2,41892
E30000212,Guildford and Aldershot,2018,Rent,43.07,80.6,82874
E30000212,Guildford and Aldershot,2019,Rent,43.84,81.3,89447
E30000212,Guildford and Aldershot,2020,Rent,47.66,91.4,113437
E30000212,Guildford and Aldershot,2021,Rent,52.16,92.3,137230
E30000212,Guildford and Aldershot,2022,Rent,51.94,95.5,165258
E30000212,Guildford and Aldershot,2023,Rent,48.39,92.0,182827
E30000212,Guildford and Aldershot,2024,Rent,47.94,94.3,144689
E30000212,Guildford and Aldershot,2025,Rent,50.1,92.3,108788
E30000212,Guildford and Aldershot,2016,Sale,54.22,110.9,73419
E30000212,Guildford and Aldershot,2017,Sale,54.32,114.6,68561
E30000212,Guildford and Aldershot,2018,Sale,52.51,116.9,62680
E30000212,Guildford and Aldershot,2019,Sale,50.01,106.6,62286
E30000212,Guildford and Aldershot,2020,Sale,51.48,108.1,100188
E30000212,Guildford and Aldershot,2021,Sale,54.53,120.4,116355
E30000212,Guildford and Aldershot,2022,Sale,51.82,107.9,107635
E30000212,Guildford and Aldershot,2023,Sale,51.76,114.5,73468
E30000212,Guildford and Aldershot,2024,Sale,48.78,106.4,78300
E30000212,Guildford and Aldershot,2025,Sale,47.34,105.7,71041
E30000214,Harrogate,2016,Rent,40.25,103.0,17268
E30000214,Harrogate,2017,Rent,49.95,121.5,19221
E30000214,Harrogate,2018,Rent,43.5,109.3,44074
E30000214,Harrogate,2019,Rent,43.33,104.2,46446
E30000214,Harrogate,2020,Rent,44.91,106.0,65493
E30000214,Harrogate,2021,Rent,50.06,114.0,85426
E30000214,Harrogate,2022,Rent,48.27,103.3,94886
E30000214,Harrogate,2023,Rent,45.41,100.8,97888
E30000214,Harrogate,2024,Rent,46.96,108.1,79650
E30000214,Harrogate,2025,Rent,44.7,105.4,68523
E30000214,Harrogate,2016,Sale,47.3,113.6,35739
E30000214,Harrogate,2017,Sale,47.2,110.5,36795
E30000214,Harrogate,2018,Sale,46.23,109.2,35137
E30000214,Harrogate,2019,Sale,43.52,100.6,36118
E30000214,Harrogate,2020,Sale,41.8,98.3,53899
E30000214,Harrogate,2021,Sale,45.74,96.8,67454
E30000214,Harrogate,2022,Sale,45.22,98.5,61928
E30000214,Harrogate,2023,Sale,42.03,98.8,44710
E30000214,Harrogate,2024,Sale,41.64,100.9,45970
E30000214,Harrogate,2025,Sale,39.92,98.7,42701
E30000215,Hartlepool,2016,Rent,34.33,97.2,1768
E30000215,Hartlepool,2017,Rent,49.47,139.8,2252
E30000215,Hartlepool,2018,Rent,39.33,97.0,5378
E30000215,Hartlepool,2019,Rent,36.83,83.7,6011
E30000215,Hartlepool,2020,Rent,40.04,91.0,8968
E30000215,Hartlepool,2021,Rent,43.76,118.9,12645
E30000215,Hartlepool,2022,Rent,41.18,100.3,13767
E30000215,Hartlepool,2023,Rent,40.01,87.3,15091
E30000215,Hartlepool,2024,Rent,43.73,113.9,12954
E30000215,Hartlepool,2025,Rent,44.75,94.2,11237
E30000215,Hartlepool,2016,Sale,31.96,93.6,2519
E30000215,Hartlepool,2017,Sale,30.59,86.0,2573
E30000215,Hartlepool,2018,Sale,31.85,92.9,3074
E30000215,Hartlepool,2019,Sale,30.35,67.2,3387
E30000215,Hartlepool,2020,Sale,32.88,72.8,5340
E30000215,Hartlepool,2021,Sale,29.61,84.5,6568
E30000215,Hartlepool,2022,Sale,32.97,91.7,5120
E30000215,Hartlepool,2023,Sale,38.19,82.2,4140
E30000215,Hartlepool,2024,Sale,31.2,73.8,4215
E30000215,Hartlepool,2025,Sale,33.64,72.9,4519
E30000216,Hereford,2016,Rent,50.6,112.0,4654
E30000216,Hereford,2017,Rent,51.49,105.7,5432
E30000216,Hereford,2018,Rent,47.23,108.6,11501
E30000216,Hereford,2019,Rent,46.81,108.0,10877
E30000216,Hereford,2020,Rent,49.09,106.4,16836
E30000216,Hereford,2021,Rent,50.79,113.0,22327
E30000216,Hereford,2022,Rent,51.32,115.1,24316
E30000216,Hereford,2023,Rent,55.82,113.9,21451
E30000216,Hereford,2024,Rent,52.44,114.0,18519
E30000216,Hereford,2025,Rent,56.33,108.5,15543
E30000216,Hereford,2016,Sale,52.4,109.6,11422
E30000216,Hereford,2017,Sale,51.02,129.5,13701
E30000216,Hereford,2018,Sale,46.43,109.1,12205
E30000216,Hereford,2019,Sale,46.93,107.9,11711
E30000216,Hereford,2020,Sale,45.23,111.3,16853
E30000216,Hereford,2021,Sale,48.85,110.7,20363
E30000216,Hereford,2022,Sale,50.22,111.5,18814
E30000216,Hereford,2023,Sale,46.87,115.0,13622
E30000216,Hereford,2024,Sale,45.08,116.8,13887
E30000216,Hereford,2025,Sale,42.44,114.3,13579
E30000218,High Wycombe and Aylesbury,2016,Rent,54.16,76.1,21338
E30000218,High Wycombe and Aylesbury,2017,Rent,57.84,85.7,24245
E30000218,High Wycombe and Aylesbury,2018,Rent,51.05,80.8,49476
E30000218,High Wycombe and Aylesbury,2019,Rent,52.35,80.6,53401
E30000218,High Wycombe and Aylesbury,2020,Rent,54.19,84.7,73606
E30000218,High Wycombe and Aylesbury,2021,Rent,60.54,90.2,85794
E30000218,High Wycombe and Aylesbury,2022,Rent,60.72,90.3,105152
E30000218,High Wycombe and Aylesbury,2023,Rent,55.83,90.0,115849
E30000218,High Wycombe and Aylesbury,2024,Rent,56.44,89.8,94260
E30000218,High Wycombe and Aylesbury,2025,Rent,58.67,87.2,71739
E30000218,High Wycombe and Aylesbury,2016,Sale,56.72,108.5,57499
E30000218,High Wycombe and Aylesbury,2017,Sale,58.2,117.7,55361
E30000218,High Wycombe and Aylesbury,2018,Sale,55.75,114.3,48335
E30000218,High Wycombe and Aylesbury,2019,Sale,53.74,107.5,48053
E30000218,High Wycombe and Aylesbury,2020,Sale,54.25,111.6,79271
E30000218,High Wycombe and Aylesbury,2021,Sale,56.41,111.6,87416
E30000218,High Wycombe and Aylesbury,2022,Sale,58.41,103.8,82686
E30000218,High Wycombe and Aylesbury,2023,Sale,56.44,105.7,57800
E30000218,High Wycombe and Aylesbury,2024,Sale,53.87,101.7,61627
E30000218,High Wycombe and Aylesbury,2025,Sale,50.89,97.8,53370
E30000219,Huddersfield,2016,Rent,35.93,67.8,13892
E30000219,Huddersfield,2017,Rent,40.09,75.9,16302
E30000219,Huddersfield,2018,Rent,36.03,68.9,36897
E30000219,Huddersfield,2019,Rent,37.03,64.2,43732
E30000219,Huddersfield,2020,Rent,38.72,61.7,65271
E30000219,Huddersfield,2021,Rent,45.12,63.5,81632
E30000219,Huddersfield,2022,Rent,47.13,66.9,103549
E30000219,Huddersfield,2023,Rent,48.79,66.0,102875
E30000219,Huddersfield,2024,Rent,45.32,64.4,80771
E30000219,Huddersfield,2025,Rent,45.58,70.9,67551
E30000219,Huddersfield,2016,Sale,38.03,76.5,27539
E30000219,Huddersfield,2017,Sale,37.57,67.7,29561
E30000219,Huddersfield,2018,Sale,35.5,63.8,29086
E30000219,Huddersfield,2019,Sale,35.45,62.5,31609
E30000219,Huddersfield,2020,Sale,35.18,57.2,51587
E30000219,Huddersfield,2021,Sale,37.93,61.6,68595
E30000219,Huddersfield,2022,Sale,39.26,56.5,65044
E30000219,Huddersfield,2023,Sale,36.6,59.3,45263
E30000219,Huddersfield,2024,Sale,37.1,57.0,46608
E30000219,Huddersfield,2025,Sale,35.65,52.6,44226
E30000220,Hull,2016,Rent,30.98,125.5,16828
E30000220,Hull,2017,Rent,32.62,132.6,20914
E30000220,Hull,2018,Rent,24.25,135.0,49666
E30000220,Hull,2019,Rent,25.06,126.3,53290
E30000220,Hull,2020,Rent,25.66,121.6,83656
E30000220,Hull,2021,Rent,25.11,126.0,106890
E30000220,Hull,2022,Rent,24.95,139.0,144168
E30000220,Hull,2023,Rent,23.27,129.1,152430
E30000220,Hull,2024,Rent,23.33,134.9,118455
E30000220,Hull,2025,Rent,23.63,129.5,99377
E30000220,Hull,2016,Sale,29.37,134.9,28899
E30000220,Hull,2017,Sale,28.38,117.1,31291
E30000220,Hull,2018,Sale,24.94,119.7,32195
E30000220,Hull,2019,Sale,23.66,126.3,32677
E30000220,Hull,2020,Sale,23.24,115.5,48392
E30000220,Hull,2021,Sale,23.17,116.8,61651
E30000220,Hull,2022,Sale,22.14,109.9,55332
E30000220,Hull,2023,Sale,22.63,125.4,39963
E30000220,Hull,2024,Sale,22.93,107.4,39781
E30000220,Hull,2025,Sale,21.23,110.2,39599
E30000221,Huntingdon,2016,Rent,48.48,83.6,7991
E30000221,Huntingdon,2017,Rent,54.87,87.8,9121
E30000221,Huntingdon,2018,Rent,49.52,79.6,17636
E30000221,Huntingdon,2019,Rent,46.13,81.1,17756
E30000221,Huntingdon,2020,Rent,47.7,90.6,26780
E30000221,Huntingdon,2021,Rent,51.41,87.6,35531
E30000221,Huntingdon,2022,Rent,48.16,93.8,43360
E30000221,Huntingdon,2023,Rent,47.77,78.4,45137
E30000221,Huntingdon,2024,Rent,45.01,90.5,37866
E30000221,Huntingdon,2025,Rent,49.09,96.4,31245
E30000221,Huntingdon,2016,Sale,58.67,97.9,16286
E30000221,Huntingdon,2017,Sale,63.57,102.3,16072
E30000221,Huntingdon,2018,Sale,57.75,115.2,15821
E30000221,Huntingdon,2019,Sale,49.34,104.4,14114
E30000221,Huntingdon,2020,Sale,49.8,103.2,22688
E30000221,Huntingdon,2021,Sale,55.26,98.3,27133
E30000221,Huntingdon,2022,Sale,53.89,96.4,23799
E30000221,Huntingdon,2023,Sale,46.1,95.5,16664
E30000221,Huntingdon,2024,Sale,45.54,101.2,19624
E30000221,Huntingdon,2025,Sale,46.39,94.5,18643
E30000222,Ipswich,2016,Rent,30.61,124.2,18699
E30000222,Ipswich,2017,Rent,36.38,126.7,22151
E30000222,Ipswich,2018,Rent,29.07,120.4,54786
E30000222,Ipswich,2019,Rent,28.61,110.6,55651
E30000222,Ipswich,2020,Rent,28.88,115.5,84006
E30000222,Ipswich,2021,Rent,31.3,124.9,103524
E30000222,Ipswich,2022,Rent,31.21,132.6,125455
E30000222,Ipswich,2023,Rent,28.15,130.8,132938
E30000222,Ipswich,2024,Rent,29.22,134.8,109894
E30000222,Ipswich,2025,Rent,28.74,123.8,83957
E30000222,Ipswich,2016,Sale,36.5,148.5,41104
E30000222,Ipswich,2017,Sale,32.82,145.4,41182
E30000222,Ipswich,2018,Sale,31.96,143.5,39407
E30000222,Ipswich,2019,Sale,34.24,137.2,37835
E30000222,Ipswich,2020,Sale,31.27,134.0,60361
E30000222,Ipswich,2021,Sale,31.59,135.3,68771
E30000222,Ipswich,2022,Sale,31.9,131.6,63740
E30000222,Ipswich,2023,Sale,29.82,133.7,47179
E30000222,Ipswich,2024,Sale,28.07,130.0,47476
E30000222,Ipswich,2025,Sale,26.56,114.8,48201
E30000224,Kettering and Wellingborough,2016,Rent,41.24,93.2,13690
E30000224,Kettering and Wellingborough,2017,Rent,40.65,92.3,13902
E30000224,Kettering and Wellingborough,2018,Rent,33.27,91.9,34558
E30000224,Kettering and Wellingborough,2019,Rent,32.92,92.5,37882
E30000224,Kettering and Wellingborough,2020,Rent,32.76,90.7,60778
E30000224,Kettering and Wellingborough,2021,Rent,36.3,89.3,76665
E30000224,Kettering and Wellingborough,2022,Rent,41.72,93.4,84955
E30000224,Kettering and Wellingborough,2023,Rent,41.74,95.0,83370
E30000224,Kettering and Wellingborough,2024,Rent,40.49,87.4,66378
E30000224,Kettering and Wellingborough,2025,Rent,39.73,94.2,50662
E30000224,Kettering and Wellingborough,2016,Sale,43.07,114.2,25760
E30000224,Kettering and Wellingborough,2017,Sale,41.1,120.3,27476
E30000224,Kettering and Wellingborough,2018,Sale,42.13,124.3,25342
E30000224,Kettering and Wellingborough,2019,Sale,41.1,126.6,25482
E30000224,Kettering and Wellingborough,2020,Sale,42.43,112.0,37401
E30000224,Kettering and Wellingborough,2021,Sale,42.55,112.2,48953
E30000224,Kettering and Wellingborough,2022,Sale,43.52,110.6,42747
E30000224,Kettering and Wellingborough,2023,Sale,42.66,117.0,27793
E30000224,Kettering and Wellingborough,2024,Sale,37.24,101.6,29984
E30000224,Kettering and Wellingborough,2025,Sale,39.0,106.7,26990
E30000225,King's Lynn,2016,Rent,42.09,109.8,5926
E30000225,King's Lynn,2017,Rent,54.46,102.5,5674
E30000225,King's Lynn,2018,Rent,42.47,103.2,13630
E30000225,King's Lynn,2019,Rent,43.87,101.0,15025
E30000225,King's Lynn,2020,Rent,44.28,98.2,22353
E30000225,King's Lynn,2021,Rent,51.51,100.5,27102
E30000225,King's Lynn,2022,Rent,52.1,105.8,33075
E30000225,King's Lynn,2023,Rent,50.29,100.8,31722
E30000225,King's Lynn,2024,Rent,46.93,113.8,25305
E30000225,King's Lynn,2025,Rent,45.95,113.3,19398
E30000225,King's Lynn,2016,Sale,48.64,123.7,11284
E30000225,King's Lynn,2017,Sale,49.07,125.2,12312
E30000225,King's Lynn,2018,Sale,49.33,122.3,11850
E30000225,King's Lynn,2019,Sale,44.67,112.4,10344
E30000225,King's Lynn,2020,Sale,46.17,102.7,16579
E30000225,King's Lynn,2021,Sale,45.82,106.1,20523
E30000225,King's Lynn,2022,Sale,46.69,101.7,18448
E30000225,King's Lynn,2023,Sale,47.83,114.7,11282
E30000225,King's Lynn,2024,Sale,41.66,111.1,12476
E30000225,King's Lynn,2025,Sale,38.18,108.3,11402
E30000226,Kingsbridge and Dartmouth,2016,Rent,71.63,176.9,2859
E30000226,Kingsbridge and Dartmouth,2017,Rent,73.78,153.9,2586
E30000226,Kingsbridge and Dartmouth,2018,Rent,70.51,202.0,5829
E30000226,Kingsbridge and Dartmouth,2019,Rent,71.41,177.9,5327
E30000226,Kingsbridge and Dartmouth,2020,Rent,75.24,185.1,9180
E30000226,Kingsbridge and Dartmouth,2021,Rent,80.55,156.4,10074
E30000226,Kingsbridge and Dartmouth,2022,Rent,79.13,132.2,10995
E30000226,Kingsbridge and Dartmouth,2023,Rent,72.64,122.7,10231
E30000226,Kingsbridge and Dartmouth,2024,Rent,71.77,127.8,7622
E30000226,Kingsbridge and Dartmouth,2025,Rent,72.59,124.5,6487
E30000226,Kingsbridge and Dartmouth,2016,Sale,67.12,139.4,5015
E30000226,Kingsbridge and Dartmouth,2017,Sale,63.99,136.4,5360
E30000226,Kingsbridge and Dartmouth,2018,Sale,61.47,103.8,4864
E30000226,Kingsbridge and Dartmouth,2019,Sale,59.74,96.3,4920
E30000226,Kingsbridge and Dartmouth,2020,Sale,57.39,106.2,8299
E30000226,Kingsbridge and Dartmouth,2021,Sale,66.63,110.5,11548
E30000226,Kingsbridge and Dartmouth,2022,Sale,66.27,94.7,10269
E30000226,Kingsbridge and Dartmouth,2023,Sale,61.87,111.1,7409
E30000226,Kingsbridge and Dartmouth,2024,Sale,58.36,118.8,6780
E30000226,Kingsbridge and Dartmouth,2025,Sale,55.73,101.2,6094
E30000228,Leamington Spa,2016,Rent,46.82,90.5,13965
E30000228,Leamington Spa,2017,Rent,47.23,98.3,17719
E30000228,Leamington Spa,2018,Rent,42.02,93.4,34980
E30000228,Leamington Spa,2019,Rent,41.6,95.6,37373
E30000228,Leamington Spa,2020,Rent,43.91,103.0,48623
E30000228,Leamington Spa,2021,Rent,49.02,111.8,61747
E30000228,Leamington Spa,2022,Rent,46.3,104.6,81365
E30000228,Leamington Spa,2023,Rent,45.52,93.7,88183
E30000228,Leamington Spa,2024,Rent,45.82,92.3,72313
E30000228,Leamington Spa,2025,Rent,46.28,100.6,53977
E30000228,Leamington Spa,2016,Sale,48.97,89.7,32777
E30000228,Leamington Spa,2017,Sale,47.6,94.2,32637
E30000228,Leamington Spa,2018,Sale,43.31,97.5,31346
E30000228,Leamington Spa,2019,Sale,41.98,100.8,30546
E30000228,Leamington Spa,2020,Sale,43.96,102.1,43626
E30000228,Leamington Spa,2021,Sale,47.27,105.2,53290
E30000228,Leamington Spa,2022,Sale,45.37,97.7,57051
E30000228,Leamington Spa,2023,Sale,40.16,98.0,42563
E30000228,Leamington Spa,2024,Sale,40.22,94.3,45203
E30000228,Leamington Spa,2025,Sale,36.96,96.4,42743
E30000229,Leeds,2016,Rent,27.76,113.2,41064
E30000229,Leeds,2017,Rent,24.35,112.4,60017
E30000229,Leeds,2018,Rent,23.82,99.9,132696
E30000229,Leeds,2019,Rent,25.63,98.2,147296
E30000229,Leeds,2020,Rent,27.71,83.6,204252
E30000229,Leeds,2021,Rent,29.19,98.8,266546
E30000229,Leeds,2022,Rent,31.49,106.0,340634
E30000229,Leeds,2023,Rent,31.14,100.9,352742
E30000229,Leeds,2024,Rent,31.02,97.3,282986
E30000229,Leeds,2025,Rent,31.14,98.7,213128
E30000229,Leeds,2016,Sale,31.0,72.2,71248
E30000229,Leeds,2017,Sale,30.5,72.1,77044
E30000229,Leeds,2018,Sale,31.13,66.5,76608
E30000229,Leeds,2019,Sale,29.87,67.2,80121
E30000229,Leeds,2020,Sale,32.19,61.8,123167
E30000229,Leeds,2021,Sale,34.39,57.5,155967
E30000229,Leeds,2022,Sale,35.26,58.3,148237
E30000229,Leeds,2023,Sale,34.14,62.6,101201
E30000229,Leeds,2024,Sale,32.84,58.2,106840
E30000229,Leeds,2025,Sale,31.32,58.9,101792
E30000230,Leicester,2016,Rent,24.97,110.2,39069
E30000230,Leicester,2017,Rent,31.48,112.6,48550
E30000230,Leicester,2018,Rent,25.89,108.8,109348
E30000230,Leicester,2019,Rent,26.29,104.2,119720
E30000230,Leicester,2020,Rent,26.08,100.9,176647
E30000230,Leicester,2021,Rent,30.23,107.9,229219
E30000230,Leicester,2022,Rent,30.28,111.6,292107
E30000230,Leicester,2023,Rent,28.42,108.4,324405
E30000230,Leicester,2024,Rent,28.4,102.8,266321
E30000230,Leicester,2025,Rent,30.46,105.1,192987
E30000230,Leicester,2016,Sale,27.09,109.1,82399
E30000230,Leicester,2017,Sale,28.1,111.5,91094
E30000230,Leicester,2018,Sale,26.74,116.2,94925
E30000230,Leicester,2019,Sale,24.95,110.4,91256
E30000230,Leicester,2020,Sale,25.37,110.4,151370
E30000230,Leicester,2021,Sale,26.42,107.8,191727
E30000230,Leicester,2022,Sale,27.66,99.5,174392
E30000230,Leicester,2023,Sale,27.0,105.4,110617
E30000230,Leicester,2024,Sale,23.83,105.1,115464
E30000230,Leicester,2025,Sale,23.04,104.7,114179
E30000231,Lincoln,2016,Rent,34.87,118.3,16542
E30000231,Lincoln,2017,Rent,37.86,121.1,19930
E30000231,Lincoln,2018,Rent,33.62,103.7,46583
E30000231,Lincoln,2019,Rent,35.07,105.0,49127
E30000231,Lincoln,2020,Rent,34.38,102.6,73197
E30000231,Lincoln,2021,Rent,35.63,110.9,93594
E30000231,Lincoln,2022,Rent,34.83,106.9,118945
E30000231,Lincoln,2023,Rent,34.03,109.5,129235
E30000231,Lincoln,2024,Rent,28.99,107.0,113004
E30000231,Lincoln,2025,Rent,34.81,111.0,82251
E30000231,Lincoln,2016,Sale,40.29,121.9,31927
E30000231,Lincoln,2017,Sale,42.25,119.3,35794
E30000231,Lincoln,2018,Sale,46.92,126.3,39054
E30000231,Lincoln,2019,Sale,36.09,112.1,32491
E30000231,Lincoln,2020,Sale,34.71,113.2,51364
E30000231,Lincoln,2021,Sale,36.42,105.5,60960
E30000231,Lincoln,2022,Sale,37.51,103.6,55767
E30000231,Lincoln,2023,Sale,33.92,107.9,39659
E30000231,Lincoln,2024,Sale,32.55,101.7,41675
E30000231,Lincoln,2025,Sale,30.65,104.0,43521
E30000233,Liverpool,2016,Rent,23.85,102.7,46315
E30000233,Liverpool,2017,Rent,24.24,122.0,60410
E30000233,Liverpool,2018,Rent,16.92,106.9,169864
E30000233,Liverpool,2019,Rent,18.68,99.3,197749
E30000233,Liverpool,2020,Rent,19.09,89.8,285108
E30000233,Liverpool,2021,Rent,21.25,101.9,364985
E30000233,Liverpool,2022,Rent,23.23,106.3,456082
E30000233,Liverpool,2023,Rent,22.8,103.8,469045
E30000233,Liverpool,2024,Rent,22.93,100.8,382226
E30000233,Liverpool,2025,Rent,22.22,101.2,303924
E30000233,Liverpool,2016,Sale,19.51,87.4,61208
E30000233,Liverpool,2017,Sale,20.25,101.0,74565
E30000233,Liverpool,2018,Sale,17.64,82.3,75446
E30000233,Liverpool,2019,Sale,17.65,82.2,80135
E30000233,Liverpool,2020,Sale,18.58,73.7,137365
E30000233,Liverpool,2021,Sale,19.59,75.2,188873
E30000233,Liverpool,2022,Sale,18.58,74.5,169040
E30000233,Liverpool,2023,Sale,16.8,75.1,124235
E30000233,Liverpool,2024,Sale,17.04,76.1,133997
E30000233,Liverpool,2025,Sale,16.38,67.7,135660
E30000234,London,2016,Rent,20.05,122.8,724523
E30000234,London,2017,Rent,16.15,128.8,1145687
E30000234,London,2018,Rent,14.82,117.0,2266786
E30000234,London,2019,Rent,14.51,116.8,2605414
E30000234,London,2020,Rent,19.43,120.0,3233843
E30000234,London,2021,Rent,18.43,131.7,3963156
E30000234,London,2022,Rent,19.23,130.3,5180441
E30000234,London,2023,Rent,21.47,125.1,5235274
E30000234,London,2024,Rent,19.43,125.7,4158502
E30000234,London,2025,Rent,17.88,126.8,3292535
E30000234,London,2016,Sale,32.58,116.5,1491463
E30000234,London,2017,Sale,33.35,125.7,1327701
E30000234,London,2018,Sale,32.14,129.9,1226646
E30000234,London,2019,Sale,29.07,124.6,1316110
E30000234,London,2020,Sale,34.09,120.4,2078810
E30000234,London,2021,Sale,37.63,122.4,2221690
E30000234,London,2022,Sale,34.67,127.1,2107963
E30000234,London,2023,Sale,30.27,131.6,1534724
E30000234,London,2024,Sale,28.03,122.9,1692762
E30000234,London,2025,Sale,29.15,123.4,1435192
E30000237,Luton,2016,Rent,39.86,91.1,41144
E30000237,Luton,2017,Rent,47.34,85.4,48887
E30000237,Luton,2018,Rent,43.32,80.5,100818
E30000237,Luton,2019,Rent,42.78,83.0,106358
E30000237,Luton,2020,Rent,44.87,89.4,149660
E30000237,Luton,2021,Rent,48.42,88.9,192764
E30000237,Luton,2022,Rent,48.61,95.1,231043
E30000237,Luton,2023,Rent,48.48,91.9,266558
E30000237,Luton,2024,Rent,48.53,90.9,201947
E30000237,Luton,2025,Rent,49.26,88.8,158182
E30000237,Luton,2016,Sale,52.8,100.6,105459
E30000237,Luton,2017,Sale,53.63,108.2,102248
E30000237,Luton,2018,Sale,51.6,106.5,88487
E30000237,Luton,2019,Sale,48.9,108.6,85743
E30000237,Luton,2020,Sale,49.71,107.6,143904
E30000237,Luton,2021,Sale,53.48,106.1,168488
E30000237,Luton,2022,Sale,53.88,105.5,145078
E30000237,Luton,2023,Sale,52.21,112.4,101457
E30000237,Luton,2024,Sale,49.24,97.0,107775
E30000237,Luton,2025,Sale,46.84,98.6,100594
E30000239,Manchester,2016,Rent,17.94,132.3,141531
E30000239,Manchester,2017,Rent,19.62,133.5,183991
E30000239,Manchester,2018,Rent,15.59,124.4,422345
E30000239,Manchester,2019,Rent,15.16,120.5,505172
E30000239,Manchester,2020,Rent,17.1,104.2,754693
E30000239,Manchester,2021,Rent,18.25,116.6,942316
E30000239,Manchester,2022,Rent,17.62,123.4,1395674
E30000239,Manchester,2023,Rent,17.41,111.5,1595223
E30000239,Manchester,2024,Rent,17.76,111.9,1224630
E30000239,Manchester,2025,Rent,18.5,120.0,934063
E30000239,Manchester,2016,Sale,20.17,108.2,224649
E30000239,Manchester,2017,Sale,22.05,110.9,270919
E30000239,Manchester,2018,Sale,19.93,88.9,270721
E30000239,Manchester,2019,Sale,19.42,90.5,280743
E30000239,Manchester,2020,Sale,22.26,85.9,443118
E30000239,Manchester,2021,Sale,23.44,80.0,609537
E30000239,Manchester,2022,Sale,22.54,78.2,620187
E30000239,Manchester,2023,Sale,22.37,82.6,412336
E30000239,Manchester,2024,Sale,21.02,80.1,445581
E30000239,Manchester,2025,Sale,21.52,77.9,425887
E30000240,Mansfield,2016,Rent,45.46,83.5,7033
E30000240,Mansfield,2017,Rent,46.24,65.0,7252
E30000240,Mansfield,2018,Rent,40.81,63.0,22490
E30000240,Mansfield,2019,Rent,35.91,61.3,25611
E30000240,Mansfield,2020,Rent,39.54,55.8,45047
E30000240,Mansfield,2021,Rent,45.59,61.9,55281
E30000240,Mansfield,2022,Rent,46.19,64.5,58744
E30000240,Mansfield,2023,Rent,43.52,60.3,63267
E30000240,Mansfield,2024,Rent,45.65,58.4,56617
E30000240,Mansfield,2025,Rent,44.07,67.1,44786
E30000240,Mansfield,2016,Sale,45.54,103.9,17335
E30000240,Mansfield,2017,Sale,45.57,93.1,18382
E30000240,Mansfield,2018,Sale,42.56,71.7,17718
E30000240,Mansfield,2019,Sale,42.87,79.4,19279
E30000240,Mansfield,2020,Sale,38.78,61.9,29455
E30000240,Mansfield,2021,Sale,40.17,61.8,40778
E30000240,Mansfield,2022,Sale,40.43,58.5,36262
E30000240,Mansfield,2023,Sale,42.76,58.4,24800
E30000240,Mansfield,2024,Sale,40.7,57.2,25627
E30000240,Mansfield,2025,Sale,40.0,66.7,24437
E30000241,Margate and Ramsgate,2016,Rent,33.59,136.0,10001
E30000241,Margate and Ramsgate,2017,Rent,36.75,127.8,8863
E30000241,Margate and Ramsgate,2018,Rent,32.65,117.7,22538
E30000241,Margate and Ramsgate,2019,Rent,35.98,113.8,21444
E30000241,Margate and Ramsgate,2020,Rent,39.93,123.8,31436
E30000241,Margate and Ramsgate,2021,Rent,41.86,125.7,39542
E30000241,Margate and Ramsgate,2022,Rent,37.1,140.5,43096
E30000241,Margate and Ramsgate,2023,Rent,35.03,143.2,47707
E30000241,Margate and Ramsgate,2024,Rent,35.03,142.1,35735
E30000241,Margate and Ramsgate,2025,Rent,36.19,139.4,30376
E30000241,Margate and Ramsgate,2016,Sale,38.23,168.7,15557
E30000241,Margate and Ramsgate,2017,Sale,43.54,188.2,17098
E30000241,Margate and Ramsgate,2018,Sale,38.22,161.7,14641
E30000241,Margate and Ramsgate,2019,Sale,38.31,164.0,13766
E30000241,Margate and Ramsgate,2020,Sale,35.59,159.7,20392
E30000241,Margate and Ramsgate,2021,Sale,37.95,173.3,27765
E30000241,Margate and Ramsgate,2022,Sale,40.99,177.3,23307
E30000241,Margate and Ramsgate,2023,Sale,37.89,164.0,16347
E30000241,Margate and Ramsgate,2024,Sale,34.53,167.4,17794
E30000241,Margate and Ramsgate,2025,Sale,34.38,161.1,17822
E30000242,Medway,2016,Rent,30.78,95.8,28642
E30000242,Medway,2017,Rent,40.32,96.0,28914
E30000242,Medway,2018,Rent,35.3,98.3,63757
E30000242,Medway,2019,Rent,35.03,102.3,71985
E30000242,Medway,2020,Rent,35.1,105.6,106464
E30000242,Medway,2021,Rent,38.98,111.9,124542
E30000242,Medway,2022,Rent,41.14,115.1,148396
E30000242,Medway,2023,Rent,40.06,113.2,157086
E30000242,Medway,2024,Rent,40.9,114.8,127447
E30000242,Medway,2025,Rent,42.51,114.5,88586
E30000242,Medway,2016,Sale,35.61,127.8,62992
E30000242,Medway,2017,Sale,38.46,133.0,61565
E30000242,Medway,2018,Sale,37.24,133.3,59033
E30000242,Medway,2019,Sale,35.08,132.5,53873
E30000242,Medway,2020,Sale,35.16,127.3,85065
E30000242,Medway,2021,Sale,35.42,142.0,111100
E30000242,Medway,2022,Sale,35.93,137.1,96592
E30000242,Medway,2023,Sale,35.71,144.2,63330
E30000242,Medway,2024,Sale,34.26,137.8,73810
E30000242,Medway,2025,Sale,32.56,116.8,72357
E30000243,Milton Keynes,2016,Rent,40.72,92.4,23698
E30000243,Milton Keynes,2017,Rent,52.38,102.5,25531
E30000243,Milton Keynes,2018,Rent,46.08,104.9,54772
E30000243,Milton Keynes,2019,Rent,46.92,108.4,59581
E30000243,Milton Keynes,2020,Rent,44.75,102.8,75746
E30000243,Milton Keynes,2021,Rent,51.13,108.9,103723
E30000243,Milton Keynes,2022,Rent,48.22,107.3,132302
E30000243,Milton Keynes,2023,Rent,44.13,98.5,137342
E30000243,Milton Keynes,2024,Rent,43.79,94.3,100283
E30000243,Milton Keynes,2025,Rent,40.48,95.4,78809
E30000243,Milton Keynes,2016,Sale,54.28,123.0,49824
E30000243,Milton Keynes,2017,Sale,55.98,122.5,52516
E30000243,Milton Keynes,2018,Sale,51.16,117.9,45199
E30000243,Milton Keynes,2019,Sale,45.48,113.1,41924
E30000243,Milton Keynes,2020,Sale,45.13,112.2,66540
E30000243,Milton Keynes,2021,Sale,43.22,107.4,77677
E30000243,Milton Keynes,2022,Sale,42.71,101.6,71064
E30000243,Milton Keynes,2023,Sale,41.77,105.5,47098
E30000243,Milton Keynes,2024,Sale,39.61,102.2,53783
E30000243,Milton Keynes,2025,Sale,39.84,96.2,47316
E30000244,Newbury,2016,Rent,53.3,76.6,9822
E30000244,Newbury,2017,Rent,57.0,82.3,10180
E30000244,Newbury,2018,Rent,53.53,79.5,21817
E30000244,Newbury,2019,Rent,54.77,85.3,24329
E30000244,Newbury,2020,Rent,57.36,82.6,30114
E30000244,Newbury,2021,Rent,57.72,89.1,37447
E30000244,Newbury,2022,Rent,57.54,82.6,46907
E30000244,Newbury,2023,Rent,54.82,75.7,48145
E30000244,Newbury,2024,Rent,55.3,88.3,38100
E30000244,Newbury,2025,Rent,57.72,81.7,32961
E30000244,Newbury,2016,Sale,66.53,94.8,24577
E30000244,Newbury,2017,Sale,65.14,100.8,22172
E30000244,Newbury,2018,Sale,62.61,102.6,18716
E30000244,Newbury,2019,Sale,60.32,95.9,19142
E30000244,Newbury,2020,Sale,60.6,94.9,28179
E30000244,Newbury,2021,Sale,59.91,96.3,34270
E30000244,Newbury,2022,Sale,57.28,93.0,32590
E30000244,Newbury,2023,Sale,59.76,99.6,21921
E30000244,Newbury,2024,Sale,55.46,90.8,24457
E30000244,Newbury,2025,Sale,51.55,83.6,22576
E30000245,Newcastle,2016,Rent,24.15,201.7,27048
E30000245,Newcastle,2017,Rent,24.42,203.8,38501
E30000245,Newcastle,2018,Rent,22.62,197.0,81973
E30000245,Newcastle,2019,Rent,22.29,199.0,87944
E30000245,Newcastle,2020,Rent,22.21,164.3,126734
E30000245,Newcastle,2021,Rent,25.38,190.1,155421
E30000245,Newcastle,2022,Rent,26.95,186.8,210329
E30000245,Newcastle,2023,Rent,25.49,181.4,236738
E30000245,Newcastle,2024,Rent,23.78,180.9,189952
E30000245,Newcastle,2025,Rent,25.92,170.7,141778
E30000245,Newcastle,2016,Sale,24.41,113.0,42438
E30000245,Newcastle,2017,Sale,23.25,112.8,49350
E30000245,Newcastle,2018,Sale,22.56,108.9,49786
E30000245,Newcastle,2019,Sale,21.59,104.4,51825
E30000245,Newcastle,2020,Sale,24.09,110.5,84536
E30000245,Newcastle,2021,Sale,24.3,97.0,109377
E30000245,Newcastle,2022,Sale,22.62,88.7,102691
E30000245,Newcastle,2023,Sale,21.23,87.2,79267
E30000245,Newcastle,2024,Sale,20.91,88.6,85093
E30000245,Newcastle,2025,Sale,20.95,85.8,81452
E30000247,Northampton,2016,Rent,44.94,81.7,18858
E30000247,Northampton,2017,Rent,47.41,94.9,20201
E30000247,Northampton,2018,Rent,38.76,87.8,42130
E30000247,Northampton,2019,Rent,41.84,93.2,46779
E30000247,Northampton,2020,Rent,36.86,84.3,76137
E30000247,Northampton,2021,Rent,37.83,89.8,98911
E30000247,Northampton,2022,Rent,38.37,90.8,131654
E30000247,Northampton,2023,Rent,40.25,98.0,137627
E30000247,Northampton,2024,Rent,37.68,87.2,109741
E30000247,Northampton,2025,Rent,39.72,94.4,78092
E30000247,Northampton,2016,Sale,42.57,101.9,38616
E30000247,Northampton,2017,Sale,46.2,107.8,38233
E30000247,Northampton,2018,Sale,42.01,109.8,36748
E30000247,Northampton,2019,Sale,42.51,110.2,37005
E30000247,Northampton,2020,Sale,42.99,108.7,60535
E30000247,Northampton,2021,Sale,41.38,106.5,79701
E30000247,Northampton,2022,Sale,41.25,101.6,71494
E30000247,Northampton,2023,Sale,41.24,104.2,44082
E30000247,Northampton,2024,Sale,40.82,95.6,49739
E30000247,Northampton,2025,Sale,38.74,96.3,47849
E30000248,Norwich,2016,Rent,25.14,134.4,22019
E30000248,Norwich,2017,Rent,24.84,142.2,26386
E30000248,Norwich,2018,Rent,22.89,127.6,55308
E30000248,Norwich,2019,Rent,24.28,128.6,55467
E30000248,Norwich,2020,Rent,24.8,127.1,82755
E30000248,Norwich,2021,Rent,25.78,131.0,108871
E30000248,Norwich,2022,Rent,25.67,149.7,139075
E30000248,Norwich,2023,Rent,26.81,130.8,146237
E30000248,Norwich,2024,Rent,25.69,132.6,113205
E30000248,Norwich,2025,Rent,30.63,145.8,80143
E30000248,Norwich,2016,Sale,30.22,119.9,38493
E30000248,Norwich,2017,Sale,33.78,126.9,41026
E30000248,Norwich,2018,Sale,30.15,121.4,37309
E30000248,Norwich,2019,Sale,29.0,112.1,36747
E30000248,Norwich,2020,Sale,28.56,108.6,56979
E30000248,Norwich,2021,Sale,28.13,105.0,71048
E30000248,Norwich,2022,Sale,29.94,114.3,65057
E30000248,Norwich,2023,Sale,29.49,128.6,44782
E30000248,Norwich,2024,Sale,26.37,114.3,46975
E30000248,Norwich,2025,Sale,25.84,95.6,42581
E30000249,Nottingham,2016,Rent,22.43,97.7,41764
E30000249,Nottingham,2017,Rent,24.29,106.3,53708
E30000249,Nottingham,2018,Rent,22.76,96.8,128186
E30000249,Nottingham,2019,Rent,22.12,92.2,138135
E30000249,Nottingham,2020,Rent,23.42,85.5,209565
E30000249,Nottingham,2021,Rent,24.26,91.7,299435
E30000249,Nottingham,2022,Rent,26.16,98.0,379386
E30000249,Nottingham,2023,Rent,26.81,95.9,382863
E30000249,Nottingham,2024,Rent,26.7,93.9,293888
E30000249,Nottingham,2025,Rent,28.3,100.7,221084
E30000249,Nottingham,2016,Sale,27.35,91.7,68697
E30000249,Nottingham,2017,Sale,26.84,90.4,76258
E30000249,Nottingham,2018,Sale,25.37,83.4,74772
E30000249,Nottingham,2019,Sale,25.03,83.8,74829
E30000249,Nottingham,2020,Sale,27.25,88.1,118719
E30000249,Nottingham,2021,Sale,27.66,78.2,163701
E30000249,Nottingham,2022,Sale,27.5,79.0,159216
E30000249,Nottingham,2023,Sale,27.21,82.4,107830
E30000249,Nottingham,2024,Sale,25.77,79.4,105556
E30000249,Nottingham,2025,Sale,25.54,78.5,98099
E30000250,Oxford,2016,Rent,36.05,107.1,34817
E30000250,Oxford,2017,Rent,38.11,108.5,54663
E30000250,Oxford,2018,Rent,35.62,113.9,97837
E30000250,Oxford,2019,Rent,34.88,111.3,98569
E30000250,Oxford,2020,Rent,35.19,117.8,131906
E30000250,Oxford,2021,Rent,40.78,118.8,173390
E30000250,Oxford,2022,Rent,38.49,117.1,220611
E30000250,Oxford,2023,Rent,37.86,118.4,222879
E30000250,Oxford,2024,Rent,40.21,118.0,177101
E30000250,Oxford,2025,Rent,41.85,118.2,144611
E30000250,Oxford,2016,Sale,48.71,130.9,69297
E30000250,Oxford,2017,Sale,49.98,136.4,70421
E30000250,Oxford,2018,Sale,43.88,134.7,61160
E30000250,Oxford,2019,Sale,39.89,133.6,61790
E30000250,Oxford,2020,Sale,38.54,138.7,98383
E30000250,Oxford,2021,Sale,41.41,135.4,118707
E30000250,Oxford,2022,Sale,42.11,129.8,113731
E30000250,Oxford,2023,Sale,40.41,130.6,85465
E30000250,Oxford,2024,Sale,34.79,123.0,88201
E30000250,Oxford,2025,Sale,34.46,127.4,81300
E30000253,Plymouth,2016,Rent,30.42,179.8,9734
E30000253,Plymouth,2017,Rent,35.56,227.3,14220
E30000253,Plymouth,2018,Rent,31.15,186.6,28794
E30000253,Plymouth,2019,Rent,29.72,184.3,31090
E30000253,Plymouth,2020,Rent,27.86,186.3,48544
E30000253,Plymouth,2021,Rent,26.95,181.0,66866
E30000253,Plymouth,2022,Rent,27.62,187.7,93241
E30000253,Plymouth,2023,Rent,23.24,182.7,104342
E30000253,Plymouth,2024,Rent,21.14,188.4,91326
E30000253,Plymouth,2025,Rent,25.4,172.8,61717
E30000253,Plymouth,2016,Sale,34.41,158.8,20328
E30000253,Plymouth,2017,Sale,34.47,149.4,22997
E30000253,Plymouth,2018,Sale,29.71,146.2,21747
E30000253,Plymouth,2019,Sale,25.58,145.0,21281
E30000253,Plymouth,2020,Sale,26.62,138.8,35415
E30000253,Plymouth,2021,Sale,24.24,146.7,47018
E30000253,Plymouth,2022,Sale,21.67,145.8,45911
E30000253,Plymouth,2023,Sale,20.38,161.1,32172
E30000253,Plymouth,2024,Sale,21.38,165.0,33302
E30000253,Plymouth,2025,Sale,21.0,152.1,33345
E30000254,Portsmouth,2016,Rent,31.12,91.2,30157
E30000254,Portsmouth,2017,Rent,35.55,106.1,34573
E30000254,Portsmouth,2018,Rent,27.78,99.2,81157
E30000254,Portsmouth,2019,Rent,27.34,99.8,90828
E30000254,Portsmouth,2020,Rent,26.33,97.2,131623
E30000254,Portsmouth,2021,Rent,30.26,104.9,158914
E30000254,Portsmouth,2022,Rent,30.6,109.0,194345
E30000254,Portsmouth,2023,Rent,30.43,104.5,210734
E30000254,Portsmouth,2024,Rent,29.94,108.6,167515
E30000254,Portsmouth,2025,Rent,30.62,115.4,119747
E30000254,Portsmouth,2016,Sale,35.33,133.0,57932
E30000254,Portsmouth,2017,Sale,34.56,128.6,61305
E30000254,Portsmouth,2018,Sale,34.58,132.6,54004
E30000254,Portsmouth,2019,Sale,33.8,134.9,53416
E30000254,Portsmouth,2020,Sale,32.36,125.2,83378
E30000254,Portsmouth,2021,Sale,33.85,121.4,99994
E30000254,Portsmouth,2022,Sale,34.74,123.7,92014
E30000254,Portsmouth,2023,Sale,33.41,124.7,62080
E30000254,Portsmouth,2024,Sale,30.63,112.6,66827
E30000254,Portsmouth,2025,Sale,30.43,115.0,63687
E30000255,Preston,2016,Rent,30.22,101.9,13551
E30000255,Preston,2017,Rent,34.05,97.9,16102
E30000255,Preston,2018,Rent,31.54,87.6,32608
E30000255,Preston,2019,Rent,31.14,94.3,37894
E30000255,Preston,2020,Rent,31.7,82.0,67064
E30000255,Preston,2021,Rent,33.85,89.5,85887
E30000255,Preston,2022,Rent,35.66,88.5,108002
E30000255,Preston,2023,Rent,34.97,85.2,113744
E30000255,Preston,2024,Rent,37.39,88.7,85267
E30000255,Preston,2025,Rent,38.13,85.8,69120
E30000255,Preston,2016,Sale,39.42,80.1,21005
E30000255,Preston,2017,Sale,38.24,64.1,23797
E30000255,Preston,2018,Sale,35.66,68.8,23719
E30000255,Preston,2019,Sale,34.48,62.7,23431
E30000255,Preston,2020,Sale,34.82,56.5,42650
E30000255,Preston,2021,Sale,33.48,56.1,54713
E30000255,Preston,2022,Sale,33.07,60.4,48627
E30000255,Preston,2023,Sale,33.61,68.1,36570
E30000255,Preston,2024,Sale,31.35,67.8,38566
E30000255,Preston,2025,Sale,32.87,57.2,40435
E30000256,Reading,2016,Rent,36.22,95.1,28470
E30000256,Reading,2017,Rent,38.92,93.1,38825
E30000256,Reading,2018,Rent,34.7,86.9,81046
E30000256,Reading,2019,Rent,35.46,84.0,88303
E30000256,Reading,2020,Rent,36.57,86.8,107551
E30000256,Reading,2021,Rent,40.36,94.5,143347
E30000256,Reading,2022,Rent,39.16,101.7,212610
E30000256,Reading,2023,Rent,39.78,95.9,209652
E30000256,Reading,2024,Rent,40.29,95.8,154416
E30000256,Reading,2025,Rent,41.4,93.3,120317
E30000256,Reading,2016,Sale,49.48,91.5,65491
E30000256,Reading,2017,Sale,48.99,103.2,58853
E30000256,Reading,2018,Sale,46.79,109.1,54835
E30000256,Reading,2019,Sale,41.37,101.2,54751
E30000256,Reading,2020,Sale,45.14,100.1,89553
E30000256,Reading,2021,Sale,46.94,97.2,111599
E30000256,Reading,2022,Sale,44.21,99.5,120574
E30000256,Reading,2023,Sale,40.86,99.6,81836
E30000256,Reading,2024,Sale,40.71,87.9,86709
E30000256,Reading,2025,Sale,41.84,88.8,76431
E30000257,Redruth and Truro,2016,Rent,33.51,262.9,16178
E30000257,Redruth and Truro,2017,Rent,35.27,278.0,19157
E30000257,Redruth and Truro,2018,Rent,27.43,260.6,41870
E30000257,Redruth and Truro,2019,Rent,26.66,262.7,44056
E30000257,Redruth and Truro,2020,Rent,26.77,255.9,69390
E30000257,Redruth and Truro,2021,Rent,29.48,263.7,100444
E30000257,Redruth and Truro,2022,Rent,25.91,268.6,125790
E30000257,Redruth and Truro,2023,Rent,23.66,264.0,136550
E30000257,Redruth and Truro,2024,Rent,23.36,260.6,119398
E30000257,Redruth and Truro,2025,Rent,23.48,264.1,87636
E30000257,Redruth and Truro,2016,Sale,28.99,266.4,38034
E30000257,Redruth and Truro,2017,Sale,28.85,269.6,38985
E30000257,Redruth and Truro,2018,Sale,27.66,279.3,40313
E30000257,Redruth and Truro,2019,Sale,25.04,266.8,37681
E30000257,Redruth and Truro,2020,Sale,21.11,263.9,56987
E30000257,Redruth and Truro,2021,Sale,22.01,251.8,73264
E30000257,Redruth and Truro,2022,Sale,23.66,265.0,65545
E30000257,Redruth and Truro,2023,Sale,21.44,264.6,49403
E30000257,Redruth and Truro,2024,Sale,22.26,262.4,51208
E30000257,Redruth and Truro,2025,Sale,19.14,267.6,47340
E30000260,Scunthorpe,2016,Rent,58.69,94.7,2711
E30000260,Scunthorpe,2017,Rent,56.67,86.7,3545
E30000260,Scunthorpe,2018,Rent,53.2,86.2,8782
E30000260,Scunthorpe,2019,Rent,47.66,91.7,10863
E30000260,Scunthorpe,2020,Rent,54.92,86.6,15939
E30000260,Scunthorpe,2021,Rent,49.66,81.4,20795
E30000260,Scunthorpe,2022,Rent,46.14,88.3,27457
E30000260,Scunthorpe,2023,Rent,49.22,86.4,26225
E30000260,Scunthorpe,2024,Rent,50.27,88.0,21820
E30000260,Scunthorpe,2025,Rent,49.51,90.6,17916
E30000260,Scunthorpe,2016,Sale,47.58,86.8,6351
E30000260,Scunthorpe,2017,Sale,43.44,93.3,6538
E30000260,Scunthorpe,2018,Sale,43.92,94.7,6961
E30000260,Scunthorpe,2019,Sale,48.35,83.7,8067
E30000260,Scunthorpe,2020,Sale,47.42,86.2,12047
E30000260,Scunthorpe,2021,Sale,44.1,77.0,14897
E30000260,Scunthorpe,2022,Sale,46.86,75.5,13900
E30000260,Scunthorpe,2023,Sale,39.77,82.2,10178
E30000260,Scunthorpe,2024,Sale,40.73,88.6,9540
E30000260,Scunthorpe,2025,Sale,40.92,72.3,10503
E30000261,Sheffield,2016,Rent,28.55,151.6,26045
E30000261,Sheffield,2017,Rent,26.28,111.4,37438
E30000261,Sheffield,2018,Rent,25.81,106.0,83121
E30000261,Sheffield,2019,Rent,24.91,100.2,91593
E30000261,Sheffield,2020,Rent,25.95,92.3,142996
E30000261,Sheffield,2021,Rent,27.23,101.0,201326
E30000261,Sheffield,2022,Rent,27.84,101.4,283057
E30000261,Sheffield,2023,Rent,30.39,98.5,282651
E30000261,Sheffield,2024,Rent,30.59,93.8,209448
E30000261,Sheffield,2025,Rent,31.45,95.0,150920
E30000261,Sheffield,2016,Sale,26.69,83.8,51207
E30000261,Sheffield,2017,Sale,25.15,78.5,57477
E30000261,Sheffield,2018,Sale,23.22,69.3,59024
E30000261,Sheffield,2019,Sale,23.74,67.4,64377
E30000261,Sheffield,2020,Sale,23.87,66.7,103058
E30000261,Sheffield,2021,Sale,23.75,62.2,143550
E30000261,Sheffield,2022,Sale,23.46,63.1,139942
E30000261,Sheffield,2023,Sale,23.41,65.8,99807
E30000261,Sheffield,2024,Sale,22.71,67.5,97327
E30000261,Sheffield,2025,Sale,24.07,66.3,95224
E30000262,Shrewsbury,2016,Rent,41.18,98.8,9551
E30000262,Shrewsbury,2017,Rent,45.13,114.1,10645
E30000262,Shrewsbury,2018,Rent,38.09,102.2,24964
E30000262,Shrewsbury,2019,Rent,38.59,97.5,28590
E30000262,Shrewsbury,2020,Rent,37.5,95.5,48757
E30000262,Shrewsbury,2021,Rent,38.65,98.0,63178
E30000262,Shrewsbury,2022,Rent,40.09,99.3,70349
E30000262,Shrewsbury,2023,Rent,35.15,98.8,82485
E30000262,Shrewsbury,2024,Rent,35.57,94.4,69255
E30000262,Shrewsbury,2025,Rent,38.86,91.0,55708
E30000262,Shrewsbury,2016,Sale,53.56,107.1,19145
E30000262,Shrewsbury,2017,Sale,50.48,112.6,20839
E30000262,Shrewsbury,2018,Sale,48.78,104.9,20417
E30000262,Shrewsbury,2019,Sale,46.72,104.3,20272
E30000262,Shrewsbury,2020,Sale,47.21,99.7,31570
E30000262,Shrewsbury,2021,Sale,50.22,96.3,36029
E30000262,Shrewsbury,2022,Sale,50.25,93.4,33165
E30000262,Shrewsbury,2023,Sale,48.46,100.6,24924
E30000262,Shrewsbury,2024,Sale,46.22,100.5,25239
E30000262,Shrewsbury,2025,Sale,41.28,96.3,24895
E30000264,Skegness and Louth,2016,Rent,53.61,106.5,3645
E30000264,Skegness and Louth,2017,Rent,59.62,128.6,3252
E30000264,Skegness and Louth,2018,Rent,50.84,104.4,9593
E30000264,Skegness and Louth,2019,Rent,49.0,110.2,10136
E30000264,Skegness and Louth,2020,Rent,51.81,102.6,15750
E30000264,Skegness and Louth,2021,Rent,54.35,103.0,17813
E30000264,Skegness and Louth,2022,Rent,54.53,109.3,20671
E30000264,Skegness and Louth,2023,Rent,55.28,102.4,18910
E30000264,Skegness and Louth,2024,Rent,56.82,99.0,16536
E30000264,Skegness and Louth,2025,Rent,46.66,95.4,15781
E30000264,Skegness and Louth,2016,Sale,56.08,136.3,8311
E30000264,Skegness and Louth,2017,Sale,62.88,127.6,8765
E30000264,Skegness and Louth,2018,Sale,57.91,126.5,7719
E30000264,Skegness and Louth,2019,Sale,56.09,116.9,7467
E30000264,Skegness and Louth,2020,Sale,49.74,113.2,10239
E30000264,Skegness and Louth,2021,Sale,51.12,120.0,12669
E30000264,Skegness and Louth,2022,Sale,56.2,118.1,11462
E30000264,Skegness and Louth,2023,Sale,52.83,113.1,7857
E30000264,Skegness and Louth,2024,Sale,52.52,113.2,7683
E30000264,Skegness and Louth,2025,Sale,45.71,108.8,7077
E30000266,Slough and Heathrow,2016,Rent,45.46,78.3,91203
E30000266,Slough and Heathrow,2017,Rent,48.9,79.2,129161
E30000266,Slough and Heathrow,2018,Rent,45.64,71.6,258705
E30000266,Slough and Heathrow,2019,Rent,45.29,69.7,294586
E30000266,Slough and Heathrow,2020,Rent,47.19,83.4,364887
E30000266,Slough and Heathrow,2021,Rent,51.77,81.4,455657
E30000266,Slough and Heathrow,2022,Rent,52.01,79.9,586824
E30000266,Slough and Heathrow,2023,Rent,52.87,80.5,600195
E30000266,Slough and Heathrow,2024,Rent,51.76,80.5,460495
E30000266,Slough and Heathrow,2025,Rent,52.11,80.9,362527
E30000266,Slough and Heathrow,2016,Sale,54.78,88.2,251969
E30000266,Slough and Heathrow,2017,Sale,56.36,97.0,228437
E30000266,Slough and Heathrow,2018,Sale,52.55,93.2,202725
E30000266,Slough and Heathrow,2019,Sale,52.57,91.2,208852
E30000266,Slough and Heathrow,2020,Sale,54.98,90.9,344040
E30000266,Slough and Heathrow,2021,Sale,56.06,94.8,394298
E30000266,Slough and Heathrow,2022,Sale,55.04,94.0,371161
E30000266,Slough and Heathrow,2023,Sale,54.05,93.0,251430
E30000266,Slough and Heathrow,2024,Sale,51.51,85.3,272867
E30000266,Slough and Heathrow,2025,Sale,51.21,87.9,223955
E30000267,Southampton,2016,Rent,34.94,110.4,31417
E30000267,Southampton,2017,Rent,33.88,106.0,45288
E30000267,Southampton,2018,Rent,30.46,102.5,91996
E30000267,Southampton,2019,Rent,29.01,103.1,102127
E30000267,Southampton,2020,Rent,29.83,104.0,146610
E30000267,Southampton,2021,Rent,32.16,114.0,187709
E30000267,Southampton,2022,Rent,31.03,109.7,240401
E30000267,Southampton,2023,Rent,29.29,113.3,267403
E30000267,Southampton,2024,Rent,30.09,118.4,200822
E30000267,Southampton,2025,Rent,33.77,117.5,140354
E30000267,Southampton,2016,Sale,38.67,111.0,67970
E30000267,Southampton,2017,Sale,37.22,114.9,65186
E30000267,Southampton,2018,Sale,36.63,113.3,60440
E30000267,Southampton,2019,Sale,33.54,115.7,58302
E30000267,Southampton,2020,Sale,35.66,117.8,87971
E30000267,Southampton,2021,Sale,34.75,114.2,109277
E30000267,Southampton,2022,Sale,34.44,116.9,105076
E30000267,Southampton,2023,Sale,34.98,124.6,72125
E30000267,Southampton,2024,Sale,32.62,111.6,73755
E30000267,Southampton,2025,Sale,31.07,118.1,69022
E30000268,Southend,2016,Rent,31.46,89.9,24625
E30000268,Southend,2017,Rent,37.53,107.4,26086
E30000268,Southend,2018,Rent,28.25,95.6,70920
E30000268,Southend,2019,Rent,28.1,91.3,74850
E30000268,Southend,2020,Rent,29.61,92.2,115552
E30000268,Southend,2021,Rent,30.98,100.5,148602
E30000268,Southend,2022,Rent,30.3,98.9,160540
E30000268,Southend,2023,Rent,29.52,106.9,189354
E30000268,Southend,2024,Rent,30.39,106.7,163864
E30000268,Southend,2025,Rent,31.06,106.4,122054
E30000268,Southend,2016,Sale,35.83,113.0,59939
E30000268,Southend,2017,Sale,36.28,145.3,59555
E30000268,Southend,2018,Sale,35.82,130.7,56255
E30000268,Southend,2019,Sale,34.71,117.6,54957
E30000268,Southend,2020,Sale,36.33,120.1,86271
E30000268,Southend,2021,Sale,37.26,114.9,102235
E30000268,Southend,2022,Sale,38.3,123.2,89548
E30000268,Southend,2023,Sale,36.54,122.8,58439
E30000268,Southend,2024,Sale,33.64,107.2,65470
E30000268,Southend,2025,Sale,33.95,106.7,63808
E30000271,Stafford,2016,Rent,40.41,85.3,4274
E30000271,Stafford,2017,Rent,53.79,96.7,5012
E30000271,Stafford,2018,Rent,44.52,87.7,10084
E30000271,Stafford,2019,Rent,43.51,85.2,11484
E30000271,Stafford,2020,Rent,41.87,78.8,17289
E30000271,Stafford,2021,Rent,47.84,77.6,21925
E30000271,Stafford,2022,Rent,47.58,86.7,28379
E30000271,Stafford,2023,Rent,44.59,81.6,31858
E30000271,Stafford,2024,Rent,44.26,80.3,25870
E30000271,Stafford,2025,Rent,43.74,81.3,20131
E30000271,Stafford,2016,Sale,44.73,86.3,8920
E30000271,Stafford,2017,Sale,45.57,91.5,9229
E30000271,Stafford,2018,Sale,45.75,79.7,10147
E30000271,Stafford,2019,Sale,44.46,79.0,9086
E30000271,Stafford,2020,Sale,46.72,84.1,14898
E30000271,Stafford,2021,Sale,50.77,80.7,17773
E30000271,Stafford,2022,Sale,50.39,83.7,16311
E30000271,Stafford,2023,Sale,45.78,93.2,11796
E30000271,Stafford,2024,Sale,45.2,82.4,12277
E30000271,Stafford,2025,Sale,45.69,82.9,12487
E30000272,Stevenage and Welwyn Garden City,2016,Rent,45.98,84.6,14962
E30000272,Stevenage and Welwyn Garden City,2017,Rent,47.46,81.5,18880
E30000272,Stevenage and Welwyn Garden City,2018,Rent,46.02,79.9,39014
E30000272,Stevenage and Welwyn Garden City,2019,Rent,46.18,79.2,40790
E30000272,Stevenage and Welwyn Garden City,2020,Rent,48.24,76.9,60528
E30000272,Stevenage and Welwyn Garden City,2021,Rent,49.57,81.1,80948
E30000272,Stevenage and Welwyn Garden City,2022,Rent,50.09,81.6,105685
E30000272,Stevenage and Welwyn Garden City,2023,Rent,52.52,87.1,121186
E30000272,Stevenage and Welwyn Garden City,2024,Rent,52.69,87.7,92873
E30000272,Stevenage and Welwyn Garden City,2025,Rent,50.93,83.9,64906
E30000272,Stevenage and Welwyn Garden City,2016,Sale,55.18,94.8,36524
E30000272,Stevenage and Welwyn Garden City,2017,Sale,56.59,99.0,36963
E30000272,Stevenage and Welwyn Garden City,2018,Sale,53.43,98.4,32964
E30000272,Stevenage and Welwyn Garden City,2019,Sale,51.25,97.7,32333
E30000272,Stevenage and Welwyn Garden City,2020,Sale,53.12,92.5,55221
E30000272,Stevenage and Welwyn Garden City,2021,Sale,56.17,89.5,58631
E30000272,Stevenage and Welwyn Garden City,2022,Sale,57.69,100.7,53230
E30000272,Stevenage and Welwyn Garden City,2023,Sale,54.31,95.6,36600
E30000272,Stevenage and Welwyn Garden City,2024,Sale,50.81,87.1,41515
E30000272,Stevenage and Welwyn Garden City,2025,Sale,47.05,85.6,39126
E30000273,Stoke-on-Trent,2016,Rent,37.42,89.2,12438
E30000273,Stoke-on-Trent,2017,Rent,38.04,100.0,14094
E30000273,Stoke-on-Trent,2018,Rent,30.51,87.8,36756
E30000273,Stoke-on-Trent,2019,Rent,30.3,85.8,41320
E30000273,Stoke-on-Trent,2020,Rent,27.87,84.7,62726
E30000273,Stoke-on-Trent,2021,Rent,32.27,85.6,80785
E30000273,Stoke-on-Trent,2022,Rent,32.45,88.5,103075
E30000273,Stoke-on-Trent,2023,Rent,28.95,89.2,126758
E30000273,Stoke-on-Trent,2024,Rent,32.74,87.6,92625
E30000273,Stoke-on-Trent,2025,Rent,34.37,99.0,66596
E30000273,Stoke-on-Trent,2016,Sale,31.43,99.3,25866
E30000273,Stoke-on-Trent,2017,Sale,32.05,100.5,26678
E30000273,Stoke-on-Trent,2018,Sale,28.62,94.5,27464
E30000273,Stoke-on-Trent,2019,Sale,27.15,91.7,28273
E30000273,Stoke-on-Trent,2020,Sale,24.74,92.6,46426
E30000273,Stoke-on-Trent,2021,Sale,22.25,96.9,63235
E30000273,Stoke-on-Trent,2022,Sale,24.84,87.7,60744
E30000273,Stoke-on-Trent,2023,Sale,25.53,96.5,40888
E30000273,Stoke-on-Trent,2024,Sale,23.64,86.7,42441
E30000273,Stoke-on-Trent,2025,Sale,21.49,81.4,42352
E30000275,Sunderland,2016,Rent,38.83,114.5,6475
E30000275,Sunderland,2017,Rent,38.62,112.8,8024
E30000275,Sunderland,2018,Rent,32.18,110.4,20481
E30000275,Sunderland,2019,Rent,35.37,118.4,22389
E30000275,Sunderland,2020,Rent,33.67,89.7,32123
E30000275,Sunderland,2021,Rent,39.2,108.0,39971
E30000275,Sunderland,2022,Rent,44.68,114.8,59012
E30000275,Sunderland,2023,Rent,42.37,115.3,68074
E30000275,Sunderland,2024,Rent,43.62,116.4,49651
E30000275,Sunderland,2025,Rent,40.47,103.1,35661
E30000275,Sunderland,2016,Sale,30.22,81.0,10425
E30000275,Sunderland,2017,Sale,32.57,65.9,11384
E30000275,Sunderland,2018,Sale,31.49,62.4,13190
E30000275,Sunderland,2019,Sale,30.62,60.6,13845
E30000275,Sunderland,2020,Sale,32.93,52.0,22215
E30000275,Sunderland,2021,Sale,35.36,58.0,27591
E30000275,Sunderland,2022,Sale,36.03,67.1,25566
E30000275,Sunderland,2023,Sale,33.85,76.0,19727
E30000275,Sunderland,2024,Sale,30.77,60.6,20434
E30000275,Sunderland,2025,Sale,30.63,60.9,20535
E30000276,Swindon,2016,Rent,34.87,87.6,12496
E30000276,Swindon,2017,Rent,41.81,98.5,17244
E30000276,Swindon,2018,Rent,35.8,93.0,38008
E30000276,Swindon,2019,Rent,35.37,93.2,39453
E30000276,Swindon,2020,Rent,38.24,96.3,51172
E30000276,Swindon,2021,Rent,40.68,104.8,70384
E30000276,Swindon,2022,Rent,40.45,108.2,84486
E30000276,Swindon,2023,Rent,41.41,105.4,81924
E30000276,Swindon,2024,Rent,39.96,103.8,67622
E30000276,Swindon,2025,Rent,40.33,103.0,51344
E30000276,Swindon,2016,Sale,42.35,100.8,28252
E30000276,Swindon,2017,Sale,41.69,105.8,29019
E30000276,Swindon,2018,Sale,41.31,101.0,28646
E30000276,Swindon,2019,Sale,39.75,103.5,28973
E30000276,Swindon,2020,Sale,40.94,102.0,45485
E30000276,Swindon,2021,Sale,37.85,110.2,60310
E30000276,Swindon,2022,Sale,36.63,102.4,58541
E30000276,Swindon,2023,Sale,37.78,99.2,37084
E30000276,Swindon,2024,Sale,36.0,94.8,40019
E30000276,Swindon,2025,Sale,35.23,90.8,37628
E30000278,Telford,2016,Rent,37.63,90.0,6142
E30000278,Telford,2017,Rent,42.91,100.2,7213
E30000278,Telford,2018,Rent,28.9,84.8,21636
E30000278,Telford,2019,Rent,30.79,78.9,22122
E30000278,Telford,2020,Rent,32.56,69.9,32721
E30000278,Telford,2021,Rent,35.89,80.3,41121
E30000278,Telford,2022,Rent,38.81,79.7,50191
E30000278,Telford,2023,Rent,34.39,71.9,62962
E30000278,Telford,2024,Rent,29.73,62.7,57138
E30000278,Telford,2025,Rent,31.26,80.7,42410
E30000278,Telford,2016,Sale,39.44,86.5,8871
E30000278,Telford,2017,Sale,44.86,79.8,9667
E30000278,Telford,2018,Sale,39.71,90.8,10613
E30000278,Telford,2019,Sale,35.13,94.6,10477
E30000278,Telford,2020,Sale,37.39,83.1,14645
E30000278,Telford,2021,Sale,37.49,82.5,18812
E30000278,Telford,2022,Sale,39.5,81.7,18372
E30000278,Telford,2023,Sale,35.11,84.3,13940
E30000278,Telford,2024,Sale,31.71,77.6,14376
E30000278,Telford,2025,Sale,31.91,77.4,14213
E30000279,Torquay and Paignton,2016,Rent,41.29,150.6,3592
E30000279,Torquay and Paignton,2017,Rent,47.57,144.2,4179
E30000279,Torquay and Paignton,2018,Rent,39.36,128.5,9930
E30000279,Torquay and Paignton,2019,Rent,37.71,132.0,10554
E30000279,Torquay and Paignton,2020,Rent,45.38,126.7,18677
E30000279,Torquay and Paignton,2021,Rent,47.23,136.3,23334
E30000279,Torquay and Paignton,2022,Rent,42.67,119.8,28740
E30000279,Torquay and Paignton,2023,Rent,42.5,123.8,29189
E30000279,Torquay and Paignton,2024,Rent,41.05,133.6,21776
E30000279,Torquay and Paignton,2025,Rent,39.58,135.2,17514
E30000279,Torquay and Paignton,2016,Sale,43.97,138.3,7232
E30000279,Torquay and Paignton,2017,Sale,37.65,129.5,8718
E30000279,Torquay and Paignton,2018,Sale,36.61,128.2,8168
E30000279,Torquay and Paignton,2019,Sale,38.42,123.1,8387
E30000279,Torquay and Paignton,2020,Sale,43.55,143.5,11863
E30000279,Torquay and Paignton,2021,Sale,42.66,137.2,16319
E30000279,Torquay and Paignton,2022,Sale,43.49,135.9,14559
E30000279,Torquay and Paignton,2023,Sale,45.65,134.7,9434
E30000279,Torquay and Paignton,2024,Sale,42.19,140.9,9498
E30000279,Torquay and Paignton,2025,Sale,36.49,134.0,8444
E30000280,Trowbridge,2016,Rent,45.25,108.3,16874
E30000280,Trowbridge,2017,Rent,51.87,104.9,19076
E30000280,Trowbridge,2018,Rent,40.97,99.3,43809
E30000280,Trowbridge,2019,Rent,41.97,98.5,46021
E30000280,Trowbridge,2020,Rent,43.51,101.8,71712
E30000280,Trowbridge,2021,Rent,46.84,98.7,88901
E30000280,Trowbridge,2022,Rent,44.66,105.6,105223
E30000280,Trowbridge,2023,Rent,39.53,105.6,119752
E30000280,Trowbridge,2024,Rent,39.3,101.1,100686
E30000280,Trowbridge,2025,Rent,40.8,99.1,78279
E30000280,Trowbridge,2016,Sale,51.45,125.7,40525
E30000280,Trowbridge,2017,Sale,50.75,120.9,40533
E30000280,Trowbridge,2018,Sale,48.12,120.3,38899
E30000280,Trowbridge,2019,Sale,48.94,121.0,38588
E30000280,Trowbridge,2020,Sale,48.44,124.8,56770
E30000280,Trowbridge,2021,Sale,51.72,124.2,68677
E30000280,Trowbridge,2022,Sale,50.65,114.0,60254
E30000280,Trowbridge,2023,Sale,47.24,119.2,44797
E30000280,Trowbridge,2024,Sale,45.4,117.9,48586
E30000280,Trowbridge,2025,Sale,41.79,116.8,46728
E30000281,Tunbridge Wells,2016,Rent,63.95,65.2,8739
E30000281,Tunbridge Wells,2017,Rent,62.53,91.5,10443
E30000281,Tunbridge Wells,2018,Rent,59.77,67.7,22977
E30000281,Tunbridge Wells,2019,Rent,62.11,64.7,22252
E30000281,Tunbridge Wells,2020,Rent,62.57,79.1,33694
E30000281,Tunbridge Wells,2021,Rent,66.8,80.4,41349
E30000281,Tunbridge Wells,2022,Rent,65.17,83.5,47200
E30000281,Tunbridge Wells,2023,Rent,61.48,81.8,48658
E30000281,Tunbridge Wells,2024,Rent,60.0,84.9,41535
E30000281,Tunbridge Wells,2025,Rent,61.04,80.9,34122
E30000281,Tunbridge Wells,2016,Sale,68.63,88.9,25531
E30000281,Tunbridge Wells,2017,Sale,66.47,86.5,23068
E30000281,Tunbridge Wells,2018,Sale,61.73,87.9,22193
E30000281,Tunbridge Wells,2019,Sale,62.27,85.9,21563
E30000281,Tunbridge Wells,2020,Sale,63.47,89.8,33870
E30000281,Tunbridge Wells,2021,Sale,66.04,91.8,38370
E30000281,Tunbridge Wells,2022,Sale,64.03,95.2,35380
E30000281,Tunbridge Wells,2023,Sale,60.56,98.6,27253
E30000281,Tunbridge Wells,2024,Sale,59.05,80.2,29581
E30000281,Tunbridge Wells,2025,Sale,57.78,80.9,28283
E30000283,Wakefield and Castleford,2016,Rent,38.97,76.0,7880
E30000283,Wakefield and Castleford,2017,Rent,51.16,75.9,8721
E30000283,Wakefield and Castleford,2018,Rent,41.54,70.4,25492
E30000283,Wakefield and Castleford,2019,Rent,42.32,63.2,28857
E30000283,Wakefield and Castleford,2020,Rent,37.14,56.9,53868
E30000283,Wakefield and Castleford,2021,Rent,44.63,60.5,61274
E30000283,Wakefield and Castleford,2022,Rent,45.23,61.3,67426
E30000283,Wakefield and Castleford,2023,Rent,42.57,66.3,68454
E30000283,Wakefield and Castleford,2024,Rent,45.64,62.5,57269
E30000283,Wakefield and Castleford,2025,Rent,45.15,67.7,44124
E30000283,Wakefield and Castleford,2016,Sale,42.77,70.0,16000
E30000283,Wakefield and Castleford,2017,Sale,40.4,61.1,17913
E30000283,Wakefield and Castleford,2018,Sale,41.41,57.1,20919
E30000283,Wakefield and Castleford,2019,Sale,41.97,56.2,22175
E30000283,Wakefield and Castleford,2020,Sale,40.74,53.0,34982
E30000283,Wakefield and Castleford,2021,Sale,39.81,55.0,48008
E30000283,Wakefield and Castleford,2022,Sale,41.93,55.8,41603
E30000283,Wakefield and Castleford,2023,Sale,41.53,58.3,30559
E30000283,Wakefield and Castleford,2024,Sale,42.3,53.2,34186
E30000283,Wakefield and Castleford,2025,Sale,40.82,50.2,33293
E30000284,Warrington and Wigan,2016,Rent,31.21,82.1,28874
E30000284,Warrington and Wigan,2017,Rent,35.49,83.6,33365
E30000284,Warrington and Wigan,2018,Rent,28.16,75.8,84932
E30000284,Warrington and Wigan,2019,Rent,28.41,69.5,97358
E30000284,Warrington and Wigan,2020,Rent,25.93,68.4,163597
E30000284,Warrington and Wigan,2021,Rent,30.61,76.9,193180
E30000284,Warrington and Wigan,2022,Rent,33.5,75.6,226247
E30000284,Warrington and Wigan,2023,Rent,33.37,70.7,231872
E30000284,Warrington and Wigan,2024,Rent,34.06,68.9,196121
E30000284,Warrington and Wigan,2025,Rent,33.56,69.5,149878
E30000284,Warrington and Wigan,2016,Sale,32.11,69.9,52245
E30000284,Warrington and Wigan,2017,Sale,31.45,67.2,57064
E30000284,Warrington and Wigan,2018,Sale,28.8,67.6,59282
E30000284,Warrington and Wigan,2019,Sale,28.9,62.2,60613
E30000284,Warrington and Wigan,2020,Sale,31.73,68.3,96312
E30000284,Warrington and Wigan,2021,Sale,31.42,64.9,137793
E30000284,Warrington and Wigan,2022,Sale,32.88,65.3,130092
E30000284,Warrington and Wigan,2023,Sale,30.18,61.3,89688
E30000284,Warrington and Wigan,2024,Sale,28.34,56.7,97670
E30000284,Warrington and Wigan,2025,Sale,27.98,56.6,99159
E30000285,Weston-super-Mare,2016,Rent,42.45,89.0,6756
E30000285,Weston-super-Mare,2017,Rent,47.96,100.9,7713
E30000285,Weston-super-Mare,2018,Rent,38.65,80.8,19650
E30000285,Weston-super-Mare,2019,Rent,42.1,91.0,21083
E30000285,Weston-super-Mare,2020,Rent,46.05,83.4,30831
E30000285,Weston-super-Mare,2021,Rent,51.48,83.1,35759
E30000285,Weston-super-Mare,2022,Rent,44.61,90.2,43003
E30000285,Weston-super-Mare,2023,Rent,45.02,96.5,50465
E30000285,Weston-super-Mare,2024,Rent,43.41,91.4,40703
E30000285,Weston-super-Mare,2025,Rent,45.78,93.1,31279
E30000285,Weston-super-Mare,2016,Sale,54.26,98.4,18393
E30000285,Weston-super-Mare,2017,Sale,49.59,94.4,18053
E30000285,Weston-super-Mare,2018,Sale,46.11,87.0,18826
E30000285,Weston-super-Mare,2019,Sale,44.12,90.3,18609
E30000285,Weston-super-Mare,2020,Sale,45.37,86.6,29639
E30000285,Weston-super-Mare,2021,Sale,48.91,91.2,35573
E30000285,Weston-super-Mare,2022,Sale,49.46,88.2,29527
E30000285,Weston-super-Mare,2023,Sale,43.06,82.9,22698
E30000285,Weston-super-Mare,2024,Sale,41.23,86.5,23400
E30000285,Weston-super-Mare,2025,Sale,38.7,92.0,22777
E30000287,Wisbech,2016,Rent,74.41,73.6,6397
E30000287,Wisbech,2017,Rent,69.95,82.6,4762
E30000287,Wisbech,2018,Rent,58.0,75.5,10656
E30000287,Wisbech,2019,Rent,55.78,74.2,13070
E30000287,Wisbech,2020,Rent,57.39,73.2,21488
E30000287,Wisbech,2021,Rent,58.51,75.3,25146
E30000287,Wisbech,2022,Rent,60.16,79.4,28443
E30000287,Wisbech,2023,Rent,60.05,81.2,27042
E30000287,Wisbech,2024,Rent,61.59,80.9,23179
E30000287,Wisbech,2025,Rent,59.21,90.7,18651
E30000287,Wisbech,2016,Sale,67.7,103.2,11121
E30000287,Wisbech,2017,Sale,64.9,99.6,10913
E30000287,Wisbech,2018,Sale,62.17,94.7,9759
E30000287,Wisbech,2019,Sale,59.38,95.9,9234
E30000287,Wisbech,2020,Sale,63.15,91.9,15303
E30000287,Wisbech,2021,Sale,61.03,86.4,18016
E30000287,Wisbech,2022,Sale,61.35,84.1,17977
E30000287,Wisbech,2023,Sale,60.97,85.2,10942
E30000287,Wisbech,2024,Sale,57.73,81.3,11787
E30000287,Wisbech,2025,Sale,58.07,80.4,12080
E30000288,Wolverhampton and Walsall,2016,Rent,39.6,87.4,21929
E30000288,Wolverhampton and Walsall,2017,Rent,44.44,81.7,23985
E30000288,Wolverhampton and Walsall,2018,Rent,38.38,77.4,62179
E30000288,Wolverhampton and Walsall,2019,Rent,36.72,74.0,68033
E30000288,Wolverhampton and Walsall,2020,Rent,35.46,68.4,115969
E30000288,Wolverhampton and Walsall,2021,Rent,38.34,70.9,153577
E30000288,Wolverhampton and Walsall,2022,Rent,40.73,67.5,189278
E30000288,Wolverhampton and Walsall,2023,Rent,40.98,69.3,211454
E30000288,Wolverhampton and Walsall,2024,Rent,41.76,68.5,164217
E30000288,Wolverhampton and Walsall,2025,Rent,41.17,70.2,121456
E30000288,Wolverhampton and Walsall,2016,Sale,39.87,77.3,51582
E30000288,Wolverhampton and Walsall,2017,Sale,39.63,72.1,54908
E30000288,Wolverhampton and Walsall,2018,Sale,37.39,67.2,56009
E30000288,Wolverhampton and Walsall,2019,Sale,36.35,71.6,54714
E30000288,Wolverhampton and Walsall,2020,Sale,35.69,66.5,89214
E30000288,Wolverhampton and Walsall,2021,Sale,35.51,65.7,118615
E30000288,Wolverhampton and Walsall,2022,Sale,38.84,62.5,107637
E30000288,Wolverhampton and Walsall,2023,Sale,37.27,69.7,68812
E30000288,Wolverhampton and Walsall,2024,Sale,37.03,67.8,70191
E30000288,Wolverhampton and Walsall,2025,Sale,37.91,66.9,72075
E30000289,Worcester and Kidderminster,2016,Rent,43.91,104.1,10352
E30000289,Worcester and Kidderminster,2017,Rent,38.04,95.2,12012
E30000289,Worcester and Kidderminster,2018,Rent,32.89,89.8,27374
E30000289,Worcester and Kidderminster,2019,Rent,33.41,91.4,29467
E30000289,Worcester and Kidderminster,2020,Rent,31.5,85.2,46586
E30000289,Worcester and Kidderminster,2021,Rent,34.97,93.5,57856
E30000289,Worcester and Kidderminster,2022,Rent,33.54,90.3,71179
E30000289,Worcester and Kidderminster,2023,Rent,35.12,86.9,73549
E30000289,Worcester and Kidderminster,2024,Rent,34.6,87.1,55373
E30000289,Worcester and Kidderminster,2025,Rent,36.02,94.6,39020
E30000289,Worcester and Kidderminster,2016,Sale,41.05,96.9,21302
E30000289,Worcester and Kidderminster,2017,Sale,38.6,96.4,21754
E30000289,Worcester and Kidderminster,2018,Sale,37.03,95.9,23476
E30000289,Worcester and Kidderminster,2019,Sale,38.02,95.9,24717
E30000289,Worcester and Kidderminster,2020,Sale,34.39,96.0,35033
E30000289,Worcester and Kidderminster,2021,Sale,35.07,98.2,42555
E30000289,Worcester and Kidderminster,2022,Sale,35.42,85.1,41379
E30000289,Worcester and Kidderminster,2023,Sale,33.47,91.9,29728
E30000289,Worcester and Kidderminster,2024,Sale,32.75,89.5,32272
E30000289,Worcester and Kidderminster,2025,Sale,32.17,90.8,30251
E30000291,Worksop and Retford,2016,Rent,54.23,82.7,2591
E30000291,Worksop and Retford,2017,Rent,59.4,87.2,2852
E30000291,Worksop and Retford,2018,Rent,49.98,73.8,8278
E30000291,Worksop and Retford,2019,Rent,51.12,74.5,9120
E30000291,Worksop and Retford,2020,Rent,50.21,63.6,14914
E30000291,Worksop and Retford,2021,Rent,53.84,71.7,17853
E30000291,Worksop and Retford,2022,Rent,51.05,71.2,19689
E30000291,Worksop and Retford,2023,Rent,50.72,67.8,18937
E30000291,Worksop and Retford,2024,Rent,50.43,77.8,19108
E30000291,Worksop and Retford,2025,Rent,50.13,74.8,14426
E30000291,Worksop and Retford,2016,Sale,49.48,82.3,5906
E30000291,Worksop and Retford,2017,Sale,48.05,84.7,6504
E30000291,Worksop and Retford,2018,Sale,53.88,99.9,7353
E30000291,Worksop and Retford,2019,Sale,52.38,100.6,7558
E30000291,Worksop and Retford,2020,Sale,50.74,69.0,11353
E30000291,Worksop and Retford,2021,Sale,51.74,70.3,13196
E30000291,Worksop and Retford,2022,Sale,52.7,68.8,13633
E30000291,Worksop and Retford,2023,Sale,53.67,72.1,9338
E30000291,Worksop and Retford,2024,Sale,47.98,69.5,9963
E30000291,Worksop and Retford,2025,Sale,49.54,62.7,10497
E30000292,Worthing,2016,Rent,50.27,66.6,8389
E30000292,Worthing,2017,Rent,49.25,86.5,8941
E30000292,Worthing,2018,Rent,41.16,71.4,21557
E30000292,Worthing,2019,Rent,43.8,63.0,21915
E30000292,Worthing,2020,Rent,42.43,76.9,31120
E30000292,Worthing,2021,Rent,45.32,79.4,40849
E30000292,Worthing,2022,Rent,42.47,79.7,50440
E30000292,Worthing,2023,Rent,43.14,83.1,44699
E30000292,Worthing,2024,Rent,41.31,72.3,40057
E30000292,Worthing,2025,Rent,40.5,86.2,31987
E30000292,Worthing,2016,Sale,44.53,111.5,14993
E30000292,Worthing,2017,Sale,46.63,125.1,14678
E30000292,Worthing,2018,Sale,41.81,116.1,14843
E30000292,Worthing,2019,Sale,42.1,105.2,13507
E30000292,Worthing,2020,Sale,45.94,113.3,20604
E30000292,Worthing,2021,Sale,46.53,112.2,26476
E30000292,Worthing,2022,Sale,45.83,112.6,23391
E30000292,Worthing,2023,Sale,43.48,108.5,16222
E30000292,Worthing,2024,Sale,41.15,106.0,17212
E30000292,Worthing,2025,Sale,43.47,109.6,16181
E30000293,Yeovil,2016,Rent,36.55,125.9,18050
E30000293,Yeovil,2017,Rent,39.65,123.7,20393
E30000293,Yeovil,2018,Rent,33.12,117.9,50478
E30000293,Yeovil,2019,Rent,30.99,117.3,55944
E30000293,Yeovil,2020,Rent,32.43,115.1,84080
E30000293,Yeovil,2021,Rent,35.33,119.6,108692
E30000293,Yeovil,2022,Rent,33.8,126.2,124328
E30000293,Yeovil,2023,Rent,33.65,126.7,130114
E30000293,Yeovil,2024,Rent,31.33,119.8,109447
E30000293,Yeovil,2025,Rent,34.38,129.6,88751
E30000293,Yeovil,2016,Sale,44.12,127.9,37899
E30000293,Yeovil,2017,Sale,42.88,125.2,39567
E30000293,Yeovil,2018,Sale,41.24,129.0,41495
E30000293,Yeovil,2019,Sale,37.86,128.8,38161
E30000293,Yeovil,2020,Sale,35.59,125.3,56235
E30000293,Yeovil,2021,Sale,38.38,129.2,72739
E30000293,Yeovil,2022,Sale,39.97,132.7,63834
E30000293,Yeovil,2023,Sale,38.37,138.3,45969
E30000293,Yeovil,2024,Sale,34.44,132.9,50225
E30000293,Yeovil,2025,Sale,32.5,129.2,49547
E30000294,York,2016,Rent,41.14,110.3,10151
E30000294,York,2017,Rent,36.05,141.6,15915
E30000294,York,2018,Rent,33.28,121.9,32727
E30000294,York,2019,Rent,32.6,120.2,33771
E30000294,York,2020,Rent,36.47,106.7,40543
E30000294,York,2021,Rent,39.6,111.2,61575
E30000294,York,2022,Rent,41.51,125.5,80594
E30000294,York,2023,Rent,37.61,111.9,84616
E30000294,York,2024,Rent,38.26,118.1,67141
E30000294,York,2025,Rent,39.25,109.1,51000
E30000294,York,2016,Sale,43.81,94.2,17134
E30000294,York,2017,Sale,44.54,92.4,19097
E30000294,York,2018,Sale,41.04,97.6,20122
E30000294,York,2019,Sale,37.98,84.1,20108
E30000294,York,2020,Sale,40.6,83.2,30674
E30000294,York,2021,Sale,44.85,81.6,34850
E30000294,York,2022,Sale,43.27,81.3,33580
E30000294,York,2023,Sale,41.05,84.9,23783
E30000294,York,2024,Sale,37.51,83.7,26015
E30000294,York,2025,Sale,37.48,77.1,22025
K01000005,Cinderford and Ross-on-Wye,2016,Rent,73.35,72.9,1865
K01000005,Cinderford and Ross-on-Wye,2017,Rent,76.99,94.5,1921
K01000005,Cinderford and Ross-on-Wye,2018,Rent,67.68,75.8,4220
K01000005,Cinderford and Ross-on-Wye,2019,Rent,67.64,68.0,5225
K01000005,Cinderford and Ross-on-Wye,2020,Rent,66.15,73.4,7392
K01000005,Cinderford and Ross-on-Wye,2021,Rent,72.68,82.6,8513
K01000005,Cinderford and Ross-on-Wye,2022,Rent,70.75,87.3,10103
K01000005,Cinderford and Ross-on-Wye,2023,Rent,64.7,77.3,7971
K01000005,Cinderford and Ross-on-Wye,2024,Rent,66.35,76.3,6943
K01000005,Cinderford and Ross-on-Wye,2025,Rent,57.58,73.6,6658
K01000005,Cinderford and Ross-on-Wye,2016,Sale,61.4,85.6,4744
K01000005,Cinderford and Ross-on-Wye,2017,Sale,64.86,89.6,5134
K01000005,Cinderford and Ross-on-Wye,2018,Sale,67.72,105.8,5052
K01000005,Cinderford and Ross-on-Wye,2019,Sale,63.6,83.7,4621
K01000005,Cinderford and Ross-on-Wye,2020,Sale,64.0,91.8,6939
K01000005,Cinderford and Ross-on-Wye,2021,Sale,65.27,85.5,8384
K01000005,Cinderford and Ross-on-Wye,2022,Sale,67.26,83.8,7352
K01000005,Cinderford and Ross-on-Wye,2023,Sale,63.18,90.7,5880
K01000005,Cinderford and Ross-on-Wye,2024,Sale,61.48,78.4,6074
K01000005,Cinderford and Ross-on-Wye,2025,Sale,60.13,67.5,6115
K01000010,Carlisle,2016,Rent,38.45,198.2,5402
K01000010,Carlisle,2017,Rent,49.48,190.0,5618
K01000010,Carlisle,2018,Rent,36.65,202.3,13734
K01000010,Carlisle,2019,Rent,34.8,190.2,14556
K01000010,Carlisle,2020,Rent,30.1,206.8,20651
K01000010,Carlisle,2021,Rent,33.4,194.3,30254
K01000010,Carlisle,2022,Rent,38.93,201.8,37267
K01000010,Carlisle,2023,Rent,28.47,196.4,43719
K01000010,Carlisle,2024,Rent,31.78,199.7,35470
K01000010,Carlisle,2025,Rent,29.4,191.2,32037
K01000010,Carlisle,2016,Sale,28.73,179.6,10596
K01000010,Carlisle,2017,Sale,25.34,172.0,11742
K01000010,Carlisle,2018,Sale,24.09,189.4,11445
K01000010,Carlisle,2019,Sale,22.07,168.7,12852
K01000010,Carlisle,2020,Sale,20.94,172.9,18839
K01000010,Carlisle,2021,Sale,25.73,165.4,24060
K01000010,Carlisle,2022,Sale,26.82,152.6,22539
K01000010,Carlisle,2023,Sale,22.44,169.9,18640
K01000010,Carlisle,2024,Sale,21.91,166.7,19420
K01000010,Carlisle,2025,Sale,21.02,174.4,21603
K01000011,Chester,2016,Rent,38.03,85.2,20171
K01000011,Chester,2017,Rent,41.73,90.5,25382
K01000011,Chester,2018,Rent,35.35,82.2,62943
K01000011,Chester,2019,Rent,33.92,82.6,68205
K01000011,Chester,2020,Rent,35.27,81.2,98918
K01000011,Chester,2021,Rent,41.22,80.7,121805
K01000011,Chester,2022,Rent,39.4,82.3,156030
K01000011,Chester,2023,Rent,38.01,74.2,162373
K01000011,Chester,2024,Rent,34.62,74.8,141706
K01000011,Chester,2025,Rent,36.56,75.3,120693
K01000011,Chester,2016,Sale,33.31,80.4,41412
K01000011,Chester,2017,Sale,31.67,75.6,44249
K01000011,Chester,2018,Sale,32.59,82.8,45102
K01000011,Chester,2019,Sale,32.1,76.0,47414
K01000011,Chester,2020,Sale,32.1,77.0,72449
K01000011,Chester,2021,Sale,33.15,75.9,89279
K01000011,Chester,2022,Sale,33.49,69.2,86068
K01000011,Chester,2023,Sale,31.32,71.5,60152
K01000011,Chester,2024,Sale,28.47,69.5,65503
K01000011,Chester,2025,Sale,29.48,67.3,65958
K01000013,Newport,2016,Rent,30.88,97.3,9995
K01000013,Newport,2017,Rent,40.93,97.7,10716
K01000013,Newport,2018,Rent,29.5,84.0,31791
K01000013,Newport,2019,Rent,31.28,84.3,33252
K01000013,Newport,2020,Rent,32.49,78.4,51531
K01000013,Newport,2021,Rent,36.77,84.2,62850
K01000013,Newport,2022,Rent,42.35,86.3,68393
K01000013,Newport,2023,Rent,44.88,90.3,66528
K01000013,Newport,2024,Rent,45.2,80.2,50616
K01000013,Newport,2025,Rent,48.14,91.7,35659
K01000013,Newport,2016,Sale,32.81,82.7,20429
K01000013,Newport,2017,Sale,32.96,80.8,23282
K01000013,Newport,2018,Sale,33.12,78.4,26594
K01000013,Newport,2019,Sale,34.44,72.7,25851
K01000013,Newport,2020,Sale,34.2,68.6,38490
K01000013,Newport,2021,Sale,34.47,67.6,55763
K01000013,Newport,2022,Sale,33.67,67.1,50801
K01000013,Newport,2023,Sale,36.13,76.3,33100
K01000013,Newport,2024,Sale,33.56,65.8,35422
K01000013,Newport,2025,Sale,31.27,63.7,34459
S22000013,Western Isles,2016,Rent,100.0,377.5,799
S22000013,Western Isles,2017,Rent,100.0,330.0,558
S22000013,Western Isles,2018,Rent,100.0,348.6,878
S22000013,Western Isles,2019,Rent,100.0,337.8,800
S22000013,Western Isles,2020,Rent,100.0,341.4,775
S22000013,Western Isles,2021,Rent,100.0,324.4,1905
S22000013,Western Isles,2022,Rent,100.0,334.7,1706
S22000013,Western Isles,2023,Rent,100.0,335.5,2033
S22000013,Western Isles,2024,Rent,100.0,304.9,1653
S22000013,Western Isles,2025,Rent,100.0,311.4,801
S22000013,Western Isles,2016,Sale,92.84,342.1,726
S22000013,Western Isles,2017,Sale,95.27,351.3,719
S22000013,Western Isles,2018,Sale,98.48,316.9,725
S22000013,Western Isles,2019,Sale,98.51,291.1,940
S22000013,Western Isles,2020,Sale,96.62,293.8,857
S22000013,Western Isles,2021,Sale,97.12,282.0,1040
S22000013,Western Isles,2022,Sale,98.35,308.5,1270
S22000013,Western Isles,2023,Sale,97.22,293.4,1260
S22000013,Western Isles,2024,Sale,97.45,295.0,1293
S22000013,Western Isles,2025,Sale,94.41,294.3,876
S22000035,Orkney Islands,2016,Rent,100.0,382.8,268
S22000035,Orkney Islands,2017,Rent,100.0,397.7,172
S22000035,Orkney Islands,2018,Rent,100.0,413.3,489
S22000035,Orkney Islands,2019,Rent,100.0,447.1,323
S22000035,Orkney Islands,2020,Rent,100.0,349.2,613
S22000035,Orkney Islands,2021,Rent,100.0,383.6,1018
S22000035,Orkney Islands,2022,Rent,100.0,338.0,1704
S22000035,Orkney Islands,2023,Rent,100.0,404.4,1276
S22000035,Orkney Islands,2024,Rent,100.0,518.8,929
S22000035,Orkney Islands,2025,Rent,99.41,392.4,506
S22000035,Orkney Islands,2016,Sale,93.52,357.9,571
S22000035,Orkney Islands,2017,Sale,92.64,337.8,435
S22000035,Orkney Islands,2018,Sale,94.07,295.6,388
S22000035,Orkney Islands,2019,Sale,94.49,387.9,399
S22000035,Orkney Islands,2020,Sale,82.75,328.6,400
S22000035,Orkney Islands,2021,Sale,91.25,347.7,811
S22000035,Orkney Islands,2022,Sale,88.82,366.8,787
S22000035,Orkney Islands,2023,Sale,85.99,361.3,835
S22000035,Orkney Islands,2024,Sale,80.07,307.9,547
S22000035,Orkney Islands,2025,Sale,85.71,324.5,483
S22000039,Shetland Islands,2016,Rent,100.0,593.3,200
S22000039,Shetland Islands,2017,Rent,100.0,619.9,310
S22000039,Shetland Islands,2018,Rent,100.0,563.5,444
S22000039,Shetland Islands,2019,Rent,100.0,625.5,321
S22000039,Shetland Islands,2020,Rent,100.0,527.6,474
S22000039,Shetland Islands,2021,Rent,100.0,538.1,1130
S22000039,Shetland Islands,2022,Rent,100.0,543.0,1500
S22000039,Shetland Islands,2023,Rent,100.0,553.7,1099
S22000039,Shetland Islands,2024,Rent,100.0,542.7,831
S22000039,Shetland Islands,2025,Rent,100.0,552.2,508
S22000039,Shetland Islands,2016,Sale,96.12,521.2,361
S22000039,Shetland Islands,2017,Sale,97.71,518.4,393
S22000039,Shetland Islands,2018,Sale,98.55,748.1,2002
S22000039,Shetland Islands,2019,Sale,95.76,534.0,330
S22000039,Shetland Islands,2020,Sale,97.39,506.1,459
S22000039,Shetland Islands,2021,Sale,96.97,536.8,659
S22000039,Shetland Islands,2022,Sale,96.76,518.5,586
S22000039,Shetland Islands,2023,Sale,96.93,495.5,586
S22000039,Shetland Islands,2024,Sale,86.55,511.3,461
S22000039,Shetland Islands,2025,Sale,75.18,506.6,282
S22000047,Aberdeen,2016,Rent,48.85,356.9,12824
S22000047,Aberdeen,2017,Rent,37.73,332.2,18152
S22000047,Aberdeen,2018,Rent,34.97,344.7,30599
S22000047,Aberdeen,2019,Rent,35.5,328.5,30199
S22000047,Aberdeen,2020,Rent,43.72,286.0,38535
S22000047,Aberdeen,2021,Rent,54.4,288.4,49480
S22000047,Aberdeen,2022,Rent,54.77,275.7,78427
S22000047,Aberdeen,2023,Rent,53.21,295.1,74166
S22000047,Aberdeen,2024,Rent,51.49,295.5,50589
S22000047,Aberdeen,2025,Rent,51.93,286.1,39158
S22000047,Aberdeen,2016,Sale,85.98,234.9,10848
S22000047,Aberdeen,2017,Sale,83.21,219.7,10651
S22000047,Aberdeen,2018,Sale,76.87,252.4,10888
S22000047,Aberdeen,2019,Sale,68.39,231.9,10221
S22000047,Aberdeen,2020,Sale,67.91,240.0,12045
S22000047,Aberdeen,2021,Sale,73.42,227.3,15941
S22000047,Aberdeen,2022,Sale,71.1,220.8,15216
S22000047,Aberdeen,2023,Sale,67.2,230.9,13600
S22000047,Aberdeen,2024,Sale,69.86,218.3,13950
S22000047,Aberdeen,2025,Sale,65.95,198.9,14391
S22000051,Ayr,2016,Rent,45.39,119.9,3750
S22000051,Ayr,2017,Rent,51.17,122.5,4403
S22000051,Ayr,2018,Rent,41.18,90.5,11800
S22000051,Ayr,2019,Rent,39.86,108.4,11762
S22000051,Ayr,2020,Rent,43.2,100.3,16601
S22000051,Ayr,2021,Rent,54.01,91.6,19338
S22000051,Ayr,2022,Rent,55.56,87.8,22795
S22000051,Ayr,2023,Rent,50.37,99.1,22992
S22000051,Ayr,2024,Rent,50.15,84.2,18625
S22000051,Ayr,2025,Rent,54.04,90.3,15267
S22000051,Ayr,2016,Sale,40.92,76.1,8806
S22000051,Ayr,2017,Sale,44.29,69.8,9759
S22000051,Ayr,2018,Sale,44.57,70.8,10206
S22000051,Ayr,2019,Sale,44.97,65.3,11237
S22000051,Ayr,2020,Sale,41.31,68.8,14112
S22000051,Ayr,2021,Sale,48.03,72.2,18406
S22000051,Ayr,2022,Sale,47.04,77.5,19636
S22000051,Ayr,2023,Sale,45.41,64.0,18269
S22000051,Ayr,2024,Sale,44.64,68.5,17784
S22000051,Ayr,2025,Sale,48.87,67.5,18492
S22000054,Dumbarton and Helensburgh,2016,Rent,64.58,114.3,3873
S22000054,Dumbarton and Helensburgh,2017,Rent,65.68,123.5,4613
S22000054,Dumbarton and Helensburgh,2018,Rent,63.58,114.7,12017
S22000054,Dumbarton and Helensburgh,2019,Rent,60.88,104.3,13324
S22000054,Dumbarton and Helensburgh,2020,Rent,58.92,97.2,18575
S22000054,Dumbarton and Helensburgh,2021,Rent,67.05,102.7,21983
S22000054,Dumbarton and Helensburgh,2022,Rent,74.9,80.3,28825
S22000054,Dumbarton and Helensburgh,2023,Rent,75.72,102.2,27358
S22000054,Dumbarton and Helensburgh,2024,Rent,71.54,101.2,20360
S22000054,Dumbarton and Helensburgh,2025,Rent,71.8,90.4,15530
S22000054,Dumbarton and Helensburgh,2016,Sale,53.01,91.6,13934
S22000054,Dumbarton and Helensburgh,2017,Sale,54.15,74.4,16483
S22000054,Dumbarton and Helensburgh,2018,Sale,52.53,71.5,17563
S22000054,Dumbarton and Helensburgh,2019,Sale,53.09,73.7,19496
S22000054,Dumbarton and Helensburgh,2020,Sale,51.76,71.8,25321
S22000054,Dumbarton and Helensburgh,2021,Sale,54.21,66.5,32305
S22000054,Dumbarton and Helensburgh,2022,Sale,57.71,68.9,29719
S22000054,Dumbarton and Helensburgh,2023,Sale,55.21,68.0,28559
S22000054,Dumbarton and Helensburgh,2024,Sale,56.33,57.4,31198
S22000054,Dumbarton and Helensburgh,2025,Sale,54.08,58.3,31559
S22000055,Dumfries,2016,Rent,75.25,170.4,1875
S22000055,Dumfries,2017,Rent,77.74,152.6,2453
S22000055,Dumfries,2018,Rent,84.23,144.0,5408
S22000055,Dumfries,2019,Rent,83.44,133.8,4571
S22000055,Dumfries,2020,Rent,88.46,134.7,7186
S22000055,Dumfries,2021,Rent,88.38,129.4,9796
S22000055,Dumfries,2022,Rent,88.31,123.3,13783
S22000055,Dumfries,2023,Rent,85.65,120.8,12868
S22000055,Dumfries,2024,Rent,84.52,117.4,9806
S22000055,Dumfries,2025,Rent,84.1,124.4,7668
S22000055,Dumfries,2016,Sale,61.54,129.4,4574
S22000055,Dumfries,2017,Sale,60.2,144.6,5473
S22000055,Dumfries,2018,Sale,61.27,126.4,5608
S22000055,Dumfries,2019,Sale,63.03,134.6,5328
S22000055,Dumfries,2020,Sale,59.59,137.6,5863
S22000055,Dumfries,2021,Sale,66.48,124.4,7720
S22000055,Dumfries,2022,Sale,71.19,137.7,7417
S22000055,Dumfries,2023,Sale,74.14,118.4,7351
S22000055,Dumfries,2024,Sale,69.67,107.2,7227
S22000055,Dumfries,2025,Sale,63.54,119.1,6870
S22000056,Dundee,2016,Rent,42.38,253.1,5637
S22000056,Dundee,2017,Rent,48.1,221.7,7305
S22000056,Dundee,2018,Rent,38.59,202.0,14649
S22000056,Dundee,2019,Rent,48.06,190.5,12986
S22000056,Dundee,2020,Rent,50.68,189.0,17153
S22000056,Dundee,2021,Rent,52.9,194.6,24097
S22000056,Dundee,2022,Rent,53.5,189.8,38730
S22000056,Dundee,2023,Rent,62.29,204.1,34450
S22000056,Dundee,2024,Rent,62.65,208.2,22331
S22000056,Dundee,2025,Rent,61.17,219.2,18060
S22000056,Dundee,2016,Sale,55.66,163.6,5352
S22000056,Dundee,2017,Sale,55.36,138.8,6227
S22000056,Dundee,2018,Sale,46.52,147.2,5742
S22000056,Dundee,2019,Sale,47.18,140.6,6427
S22000056,Dundee,2020,Sale,46.0,145.4,8871
S22000056,Dundee,2021,Sale,49.26,147.4,11265
S22000056,Dundee,2022,Sale,46.59,135.3,12653
S22000056,Dundee,2023,Sale,47.7,133.2,10868
S22000056,Dundee,2024,Sale,47.51,132.2,11972
S22000056,Dundee,2025,Sale,47.16,123.0,11867
S22000057,Dunfermline and Kirkcaldy,2016,Rent,39.98,208.8,7813
S22000057,Dunfermline and Kirkcaldy,2017,Rent,52.62,194.9,8824
S22000057,Dunfermline and Kirkcaldy,2018,Rent,40.57,200.7,21969
S22000057,Dunfermline and Kirkcaldy,2019,Rent,46.0,180.0,21670
S22000057,Dunfermline and Kirkcaldy,2020,Rent,43.05,152.8,32048
S22000057,Dunfermline and Kirkcaldy,2021,Rent,54.31,147.4,39221
S22000057,Dunfermline and Kirkcaldy,2022,Rent,62.21,147.3,50885
S22000057,Dunfermline and Kirkcaldy,2023,Rent,60.88,163.3,49423
S22000057,Dunfermline and Kirkcaldy,2024,Rent,67.47,159.9,34583
S22000057,Dunfermline and Kirkcaldy,2025,Rent,65.21,161.5,27769
S22000057,Dunfermline and Kirkcaldy,2016,Sale,31.13,114.2,22495
S22000057,Dunfermline and Kirkcaldy,2017,Sale,29.58,110.1,23477
S22000057,Dunfermline and Kirkcaldy,2018,Sale,31.5,116.4,23667
S22000057,Dunfermline and Kirkcaldy,2019,Sale,28.8,108.8,25902
S22000057,Dunfermline and Kirkcaldy,2020,Sale,28.22,106.6,33862
S22000057,Dunfermline and Kirkcaldy,2021,Sale,30.26,108.6,44927
S22000057,Dunfermline and Kirkcaldy,2022,Sale,32.27,102.4,42697
S22000057,Dunfermline and Kirkcaldy,2023,Sale,34.04,110.7,37066
S22000057,Dunfermline and Kirkcaldy,2024,Sale,32.05,91.6,41104
S22000057,Dunfermline and Kirkcaldy,2025,Sale,29.91,87.9,40844
S22000059,Edinburgh,2016,Rent,25.92,236.6,30328
S22000059,Edinburgh,2017,Rent,26.94,267.0,51290
S22000059,Edinburgh,2018,Rent,24.96,239.6,91962
S22000059,Edinburgh,2019,Rent,20.84,231.8,119014
S22000059,Edinburgh,2020,Rent,25.28,193.2,142608
S22000059,Edinburgh,2021,Rent,26.83,224.8,215806
S22000059,Edinburgh,2022,Rent,21.98,214.8,410598
S22000059,Edinburgh,2023,Rent,22.53,207.6,388866
S22000059,Edinburgh,2024,Rent,20.71,214.2,299237
S22000059,Edinburgh,2025,Rent,22.46,220.9,224013
S22000059,Edinburgh,2016,Sale,37.56,118.5,52921
S22000059,Edinburgh,2017,Sale,39.97,106.4,63072
S22000059,Edinburgh,2018,Sale,42.26,100.5,61423
S22000059,Edinburgh,2019,Sale,41.81,100.2,62676
S22000059,Edinburgh,2020,Sale,44.87,101.7,84933
S22000059,Edinburgh,2021,Sale,47.32,98.7,110968
S22000059,Edinburgh,2022,Sale,46.24,101.6,111821
S22000059,Edinburgh,2023,Sale,40.65,102.3,98969
S22000059,Edinburgh,2024,Sale,36.99,104.8,107825
S22000059,Edinburgh,2025,Sale,36.06,107.3,105608
S22000060,Elgin,2016,Rent,88.15,295.3,928
S22000060,Elgin,2017,Rent,84.25,251.9,1003
S22000060,Elgin,2018,Rent,76.12,246.4,2337
S22000060,Elgin,2019,Rent,79.16,247.5,2428
S22000060,Elgin,2020,Rent,82.11,250.7,3236
S22000060,Elgin,2021,Rent,87.81,222.8,4735
S22000060,Elgin,2022,Rent,91.42,205.0,5924
S22000060,Elgin,2023,Rent,88.18,227.8,4821
S22000060,Elgin,2024,Rent,85.71,255.1,3995
S22000060,Elgin,2025,Rent,89.63,218.4,2767
S22000060,Elgin,2016,Sale,41.99,237.1,4694
S22000060,Elgin,2017,Sale,44.95,227.7,4612
S22000060,Elgin,2018,Sale,39.91,238.2,4931
S22000060,Elgin,2019,Sale,35.58,223.4,4919
S22000060,Elgin,2020,Sale,35.2,192.9,5718
S22000060,Elgin,2021,Sale,38.61,204.1,7996
S22000060,Elgin,2022,Sale,42.57,186.6,7637
S22000060,Elgin,2023,Sale,37.94,185.1,6228
S22000060,Elgin,2024,Sale,37.21,184.5,6939
S22000060,Elgin,2025,Sale,34.39,184.4,7139
S22000061,Falkirk and Stirling,2016,Rent,36.43,180.0,7332
S22000061,Falkirk and Stirling,2017,Rent,39.22,163.1,10063
S22000061,Falkirk and Stirling,2018,Rent,36.86,146.9,26832
S22000061,Falkirk and Stirling,2019,Rent,37.19,129.4,29038
S22000061,Falkirk and Stirling,2020,Rent,39.59,108.9,36882
S22000061,Falkirk and Stirling,2021,Rent,47.94,119.7,48710
S22000061,Falkirk and Stirling,2022,Rent,53.32,114.3,64048
S22000061,Falkirk and Stirling,2023,Rent,52.19,115.8,66957
S22000061,Falkirk and Stirling,2024,Rent,44.22,113.6,52937
S22000061,Falkirk and Stirling,2025,Rent,47.24,141.9,39877
S22000061,Falkirk and Stirling,2016,Sale,31.92,87.5,25961
S22000061,Falkirk and Stirling,2017,Sale,32.62,93.2,30103
S22000061,Falkirk and Stirling,2018,Sale,33.83,84.2,31392
S22000061,Falkirk and Stirling,2019,Sale,37.13,84.5,33588
S22000061,Falkirk and Stirling,2020,Sale,36.1,86.5,44761
S22000061,Falkirk and Stirling,2021,Sale,38.14,75.9,57949
S22000061,Falkirk and Stirling,2022,Sale,39.06,78.7,51760
S22000061,Falkirk and Stirling,2023,Sale,39.8,75.9,46567
S22000061,Falkirk and Stirling,2024,Sale,40.29,75.2,49568
S22000061,Falkirk and Stirling,2025,Sale,40.67,74.4,49254
S22000063,Galashiels and Peebles,2016,Rent,60.09,224.1,2295
S22000063,Galashiels and Peebles,2017,Rent,65.6,114.8,2480
S22000063,Galashiels and Peebles,2018,Rent,60.44,129.7,5874
S22000063,Galashiels and Peebles,2019,Rent,61.94,127.1,5746
S22000063,Galashiels and Peebles,2020,Rent,74.83,114.7,8267
S22000063,Galashiels and Peebles,2021,Rent,80.04,117.1,11237
S22000063,Galashiels and Peebles,2022,Rent,83.54,103.9,13102
S22000063,Galashiels and Peebles,2023,Rent,68.55,117.5,13672
S22000063,Galashiels and Peebles,2024,Rent,67.36,121.3,9841
S22000063,Galashiels and Peebles,2025,Rent,64.94,119.5,9419
S22000063,Galashiels and Peebles,2016,Sale,54.24,125.7,4543
S22000063,Galashiels and Peebles,2017,Sale,54.52,132.6,6344
S22000063,Galashiels and Peebles,2018,Sale,49.85,135.9,6195
S22000063,Galashiels and Peebles,2019,Sale,46.76,117.7,5935
S22000063,Galashiels and Peebles,2020,Sale,47.27,108.5,7396
S22000063,Galashiels and Peebles,2021,Sale,52.98,114.2,9750
S22000063,Galashiels and Peebles,2022,Sale,53.54,105.1,9410
S22000063,Galashiels and Peebles,2023,Sale,49.78,105.5,9334
S22000063,Galashiels and Peebles,2024,Sale,55.49,96.9,8571
S22000063,Galashiels and Peebles,2025,Sale,48.53,107.2,7984
S22000065,Glasgow,2016,Rent,20.23,184.0,53023
S22000065,Glasgow,2017,Rent,18.88,227.8,75853
S22000065,Glasgow,2018,Rent,17.89,180.7,173939
S22000065,Glasgow,2019,Rent,18.51,179.0,188415
S22000065,Glasgow,2020,Rent,21.39,148.1,250301
S22000065,Glasgow,2021,Rent,20.6,180.5,382418
S22000065,Glasgow,2022,Rent,21.08,174.3,670677
S22000065,Glasgow,2023,Rent,22.65,167.8,632491
S22000065,Glasgow,2024,Rent,22.71,163.7,459699
S22000065,Glasgow,2025,Rent,22.55,160.0,364441
S22000065,Glasgow,2016,Sale,19.35,80.1,164883
S22000065,Glasgow,2017,Sale,18.43,74.8,195375
S22000065,Glasgow,2018,Sale,20.33,87.0,224569
S22000065,Glasgow,2019,Sale,19.25,71.0,250969
S22000065,Glasgow,2020,Sale,21.51,63.7,335826
S22000065,Glasgow,2021,Sale,24.65,61.1,459868
S22000065,Glasgow,2022,Sale,21.55,66.0,443196
S22000065,Glasgow,2023,Sale,20.86,66.1,390565
S22000065,Glasgow,2024,Sale,20.78,62.9,420924
S22000065,Glasgow,2025,Sale,20.97,63.7,420851
S22000068,Inverness,2016,Rent,68.11,273.6,4055
S22000068,Inverness,2017,Rent,62.41,285.6,4163
S22000068,Inverness,2018,Rent,50.99,261.7,9289
S22000068,Inverness,2019,Rent,54.12,262.3,9890
S22000068,Inverness,2020,Rent,60.43,246.2,14378
S22000068,Inverness,2021,Rent,66.19,249.2,18745
S22000068,Inverness,2022,Rent,70.51,238.5,25561
S22000068,Inverness,2023,Rent,64.05,237.8,23785
S22000068,Inverness,2024,Rent,53.3,269.8,22045
S22000068,Inverness,2025,Rent,49.52,262.8,17355
S22000068,Inverness,2016,Sale,42.15,279.2,11569
S22000068,Inverness,2017,Sale,39.55,233.1,12499
S22000068,Inverness,2018,Sale,36.8,226.3,12112
S22000068,Inverness,2019,Sale,38.46,221.1,11059
S22000068,Inverness,2020,Sale,39.44,239.3,13284
S22000068,Inverness,2021,Sale,36.1,238.4,18083
S22000068,Inverness,2022,Sale,39.83,220.1,17814
S22000068,Inverness,2023,Sale,44.06,222.8,15545
S22000068,Inverness,2024,Sale,42.3,226.8,16095
S22000068,Inverness,2025,Sale,38.81,214.5,15544
S22000069,Kilmarnock and Irvine,2016,Rent,42.22,135.4,8096
S22000069,Kilmarnock and Irvine,2017,Rent,46.36,101.7,9184
S22000069,Kilmarnock and Irvine,2018,Rent,33.92,86.2,29015
S22000069,Kilmarnock and Irvine,2019,Rent,35.34,81.1,33073
S22000069,Kilmarnock and Irvine,2020,Rent,37.82,86.9,43974
S22000069,Kilmarnock and Irvine,2021,Rent,39.59,91.9,52283
S22000069,Kilmarnock and Irvine,2022,Rent,45.52,81.5,58391
S22000069,Kilmarnock and Irvine,2023,Rent,41.92,86.8,50029
S22000069,Kilmarnock and Irvine,2024,Rent,40.88,85.9,44090
S22000069,Kilmarnock and Irvine,2025,Rent,39.14,91.7,36531
S22000069,Kilmarnock and Irvine,2016,Sale,34.06,59.0,19947
S22000069,Kilmarnock and Irvine,2017,Sale,33.96,60.6,23273
S22000069,Kilmarnock and Irvine,2018,Sale,35.91,60.7,26645
S22000069,Kilmarnock and Irvine,2019,Sale,35.52,53.6,28649
S22000069,Kilmarnock and Irvine,2020,Sale,33.56,55.9,38338
S22000069,Kilmarnock and Irvine,2021,Sale,35.19,55.4,52071
S22000069,Kilmarnock and Irvine,2022,Sale,38.96,61.0,50664
S22000069,Kilmarnock and Irvine,2023,Sale,37.03,63.7,44227
S22000069,Kilmarnock and Irvine,2024,Sale,38.47,53.4,45217
S22000069,Kilmarnock and Irvine,2025,Sale,38.95,57.2,46778
S22000070,Livingston,2016,Rent,43.85,143.1,4878
S22000070,Livingston,2017,Rent,53.11,119.2,4451
S22000070,Livingston,2018,Rent,47.12,91.2,10929
S22000070,Livingston,2019,Rent,58.21,101.4,11028
S22000070,Livingston,2020,Rent,60.62,87.5,16264
S22000070,Livingston,2021,Rent,63.88,106.0,19896
S22000070,Livingston,2022,Rent,65.34,85.1,27018
S22000070,Livingston,2023,Rent,59.02,91.4,30033
S22000070,Livingston,2024,Rent,59.41,79.4,25052
S22000070,Livingston,2025,Rent,61.35,80.8,19014
S22000070,Livingston,2016,Sale,40.47,71.0,12475
S22000070,Livingston,2017,Sale,41.03,71.8,15606
S22000070,Livingston,2018,Sale,43.35,70.9,15561
S22000070,Livingston,2019,Sale,49.37,67.6,16715
S22000070,Livingston,2020,Sale,51.63,57.7,24670
S22000070,Livingston,2021,Sale,51.17,63.0,30910
S22000070,Livingston,2022,Sale,52.69,60.5,29774
S22000070,Livingston,2023,Sale,53.33,60.6,25241
S22000070,Livingston,2024,Sale,53.73,58.5,25279
S22000070,Livingston,2025,Sale,55.35,55.3,27345
S22000071,Motherwell and Airdrie,2016,Rent,39.43,120.5,16275
S22000071,Motherwell and Airdrie,2017,Rent,43.35,128.4,18034
S22000071,Motherwell and Airdrie,2018,Rent,33.76,109.8,53820
S22000071,Motherwell and Airdrie,2019,Rent,34.81,109.5,60338
S22000071,Motherwell and Airdrie,2020,Rent,35.91,85.3,83191
S22000071,Motherwell and Airdrie,2021,Rent,42.15,97.8,95250
S22000071,Motherwell and Airdrie,2022,Rent,46.59,96.4,114358
S22000071,Motherwell and Airdrie,2023,Rent,46.51,92.6,128437
S22000071,Motherwell and Airdrie,2024,Rent,43.17,96.6,102229
S22000071,Motherwell and Airdrie,2025,Rent,40.7,98.4,85602
S22000071,Motherwell and Airdrie,2016,Sale,34.22,64.9,55922
S22000071,Motherwell and Airdrie,2017,Sale,36.29,65.6,68311
S22000071,Motherwell and Airdrie,2018,Sale,34.84,61.6,73490
S22000071,Motherwell and Airdrie,2019,Sale,34.44,61.8,80108
S22000071,Motherwell and Airdrie,2020,Sale,34.14,64.7,120374
S22000071,Motherwell and Airdrie,2021,Sale,34.33,62.1,172606
S22000071,Motherwell and Airdrie,2022,Sale,37.04,58.9,151631
S22000071,Motherwell and Airdrie,2023,Sale,39.52,59.3,133764
S22000071,Motherwell and Airdrie,2024,Sale,39.53,57.0,144991
S22000071,Motherwell and Airdrie,2025,Sale,39.23,58.8,148984
S22000074,Perth,2016,Rent,65.38,155.9,2097
S22000074,Perth,2017,Rent,62.15,161.8,2927
S22000074,Perth,2018,Rent,60.45,160.4,6720
S22000074,Perth,2019,Rent,70.62,173.3,6580
S22000074,Perth,2020,Rent,68.9,139.3,9429
S22000074,Perth,2021,Rent,71.75,147.3,13649
S22000074,Perth,2022,Rent,80.92,130.7,19159
S22000074,Perth,2023,Rent,72.29,153.0,15288
S22000074,Perth,2024,Rent,72.35,158.4,11710
S22000074,Perth,2025,Rent,76.82,148.0,8739
S22000074,Perth,2016,Sale,57.56,108.8,7888
S22000074,Perth,2017,Sale,49.43,115.5,8469
S22000074,Perth,2018,Sale,57.36,163.5,10133
S22000074,Perth,2019,Sale,53.82,138.1,9359
S22000074,Perth,2020,Sale,55.61,163.7,12888
S22000074,Perth,2021,Sale,57.58,150.9,16742
S22000074,Perth,2022,Sale,57.85,122.9,16898
S22000074,Perth,2023,Sale,49.81,102.9,14412
S22000074,Perth,2024,Sale,49.41,90.1,13909
S22000074,Perth,2025,Sale,50.75,87.9,14376
S22000085,Greenock,2016,Rent,47.51,85.9,2210
S22000085,Greenock,2017,Rent,59.53,135.6,2110
S22000085,Greenock,2018,Rent,45.93,89.2,6062
S22000085,Greenock,2019,Rent,44.64,113.2,6017
S22000085,Greenock,2020,Rent,52.27,78.3,9089
S22000085,Greenock,2021,Rent,62.85,87.6,9833
S22000085,Greenock,2022,Rent,67.41,83.5,12631
S22000085,Greenock,2023,Rent,66.85,73.6,13911
S22000085,Greenock,2024,Rent,59.2,112.1,11914
S22000085,Greenock,2025,Rent,60.62,67.2,9605
S22000085,Greenock,2016,Sale,39.52,57.5,7004
S22000085,Greenock,2017,Sale,38.93,45.6,7342
S22000085,Greenock,2018,Sale,37.48,49.9,9025
S22000085,Greenock,2019,Sale,34.71,40.0,9278
S22000085,Greenock,2020,Sale,36.6,42.7,12527
S22000085,Greenock,2021,Sale,41.4,41.8,17655
S22000085,Greenock,2022,Sale,46.36,31.7,15150
S22000085,Greenock,2023,Sale,46.07,35.8,13662
S22000085,Greenock,2024,Sale,49.07,38.4,14338
S22000085,Greenock,2025,Sale,45.12,33.9,14661
W22000003,Bridgend,2016,Rent,57.0,105.9,2335
W22000003,Bridgend,2017,Rent,61.51,102.6,2351
W22000003,Bridgend,2018,Rent,46.24,82.5,5519
W22000003,Bridgend,2019,Rent,47.78,82.1,5494
W22000003,Bridgend,2020,Rent,51.65,92.4,8569
W22000003,Bridgend,2021,Rent,63.14,92.9,9842
W22000003,Bridgend,2022,Rent,60.28,76.4,11740
W22000003,Bridgend,2023,Rent,60.72,94.2,10972
W22000003,Bridgend,2024,Rent,56.45,94.3,9245
W22000003,Bridgend,2025,Rent,59.2,96.8,7932
W22000003,Bridgend,2016,Sale,44.35,74.0,4045
W22000003,Bridgend,2017,Sale,42.38,67.3,4884
W22000003,Bridgend,2018,Sale,42.54,57.2,5468
W22000003,Bridgend,2019,Sale,37.51,68.7,5852
W22000003,Bridgend,2020,Sale,42.6,72.0,9154
W22000003,Bridgend,2021,Sale,41.27,59.0,11628
W22000003,Bridgend,2022,Sale,37.78,59.3,11100
W22000003,Bridgend,2023,Sale,36.12,64.4,8367
W22000003,Bridgend,2024,Sale,38.68,61.6,8823
W22000003,Bridgend,2025,Sale,36.66,55.5,8005
W22000009,Haverfordwest and Milford Haven,2016,Rent,89.82,214.3,1140
W22000009,Haverfordwest and Milford Haven,2017,Rent,94.53,202.6,895
W22000009,Haverfordwest and Milford Haven,2018,Rent,93.54,213.5,1842
W22000009,Haverfordwest and Milford Haven,2019,Rent,90.74,215.9,1825
W22000009,Haverfordwest and Milford Haven,2020,Rent,85.97,215.1,3272
W22000009,Haverfordwest and Milford Haven,2021,Rent,90.12,202.8,4057
W22000009,Haverfordwest and Milford Haven,2022,Rent,91.56,216.8,5095
W22000009,Haverfordwest and Milford Haven,2023,Rent,87.51,197.4,4211
W22000009,Haverfordwest and Milford Haven,2024,Rent,74.14,217.4,4582
W22000009,Haverfordwest and Milford Haven,2025,Rent,72.0,213.6,3450
W22000009,Haverfordwest and Milford Haven,2016,Sale,78.66,212.2,2399
W22000009,Haverfordwest and Milford Haven,2017,Sale,79.56,224.6,2617
W22000009,Haverfordwest and Milford Haven,2018,Sale,53.08,187.8,1882
W22000009,Haverfordwest and Milford Haven,2019,Sale,50.06,187.3,2411
W22000009,Haverfordwest and Milford Haven,2020,Sale,47.26,176.6,3663
W22000009,Haverfordwest and Milford Haven,2021,Sale,44.65,169.1,4905
W22000009,Haverfordwest and Milford Haven,2022,Sale,51.7,180.6,4565
W22000009,Haverfordwest and Milford Haven,2023,Sale,42.75,195.6,3249
W22000009,Haverfordwest and Milford Haven,2024,Sale,37.36,180.4,3322
W22000009,Haverfordwest and Milford Haven,2025,Sale,36.9,185.0,3163
W22000015,Newtown and Welshpool,2016,Rent,91.36,164.3,2915
W22000015,Newtown and Welshpool,2017,Rent,83.42,126.2,1912
W22000015,Newtown and Welshpool,2018,Rent,79.93,114.9,4419
W22000015,Newtown and Welshpool,2019,Rent,78.5,124.0,4302
W22000015,Newtown and Welshpool,2020,Rent,74.54,121.0,7061
W22000015,Newtown and Welshpool,2021,Rent,79.19,124.4,8427
W22000015,Newtown and Welshpool,2022,Rent,74.01,122.2,10992
W22000015,Newtown and Welshpool,2023,Rent,71.53,116.7,11923
W22000015,Newtown and Welshpool,2024,Rent,67.72,108.9,9681
W22000015,Newtown and Welshpool,2025,Rent,68.81,118.4,7082
W22000015,Newtown and Welshpool,2016,Sale,70.92,144.5,7057
W22000015,Newtown and Welshpool,2017,Sale,71.4,135.0,7698
W22000015,Newtown and Welshpool,2018,Sale,64.55,118.4,6511
W22000015,Newtown and Welshpool,2019,Sale,62.72,125.5,5461
W22000015,Newtown and Welshpool,2020,Sale,61.64,120.8,7592
W22000015,Newtown and Welshpool,2021,Sale,63.87,122.8,9418
W22000015,Newtown and Welshpool,2022,Sale,64.34,115.1,7695
W22000015,Newtown and Welshpool,2023,Sale,63.33,124.8,6026
W22000015,Newtown and Welshpool,2024,Sale,62.73,121.5,5984
W22000015,Newtown and Welshpool,2025,Sale,62.88,131.1,6279
W22000021,Aberystwyth,2016,Rent,97.61,164.9,1128
W22000021,Aberystwyth,2017,Rent,97.23,151.0,1372
W22000021,Aberystwyth,2018,Rent,97.56,175.5,1969
W22000021,Aberystwyth,2019,Rent,99.29,171.2,1974
W22000021,Aberystwyth,2020,Rent,99.06,172.2,2564
W22000021,Aberystwyth,2021,Rent,97.88,162.6,3731
W22000021,Aberystwyth,2022,Rent,97.02,165.2,4495
W22000021,Aberystwyth,2023,Rent,97.81,157.9,4570
W22000021,Aberystwyth,2024,Rent,96.67,179.8,3275
W22000021,Aberystwyth,2025,Rent,95.44,178.9,2829
W22000021,Aberystwyth,2016,Sale,77.43,164.9,2087
W22000021,Aberystwyth,2017,Sale,72.22,147.9,1645
W22000021,Aberystwyth,2018,Sale,76.97,144.8,1381
W22000021,Aberystwyth,2019,Sale,73.12,160.8,1715
W22000021,Aberystwyth,2020,Sale,67.3,157.2,2355
W22000021,Aberystwyth,2021,Sale,62.86,130.6,2822
W22000021,Aberystwyth,2022,Sale,69.44,144.8,2745
W22000021,Aberystwyth,2023,Sale,67.27,137.3,2172
W22000021,Aberystwyth,2024,Sale,63.6,151.9,1923
W22000021,Aberystwyth,2025,Sale,62.6,134.9,2067
W22000022,Bangor and Holyhead,2016,Rent,56.5,146.3,3377
W22000022,Bangor and Holyhead,2017,Rent,72.97,155.6,4862
W22000022,Bangor and Holyhead,2018,Rent,58.88,157.7,7986
W22000022,Bangor and Holyhead,2019,Rent,60.64,160.9,8174
W22000022,Bangor and Holyhead,2020,Rent,63.48,159.1,10720
W22000022,Bangor and Holyhead,2021,Rent,70.58,168.4,13961
W22000022,Bangor and Holyhead,2022,Rent,67.83,165.8,19361
W22000022,Bangor and Holyhead,2023,Rent,69.74,163.2,24954
W22000022,Bangor and Holyhead,2024,Rent,67.34,154.3,17649
W22000022,Bangor and Holyhead,2025,Rent,65.68,140.5,12812
W22000022,Bangor and Holyhead,2016,Sale,38.38,154.5,8236
W22000022,Bangor and Holyhead,2017,Sale,37.08,160.0,8389
W22000022,Bangor and Holyhead,2018,Sale,32.72,153.8,8961
W22000022,Bangor and Holyhead,2019,Sale,32.78,137.9,9458
W22000022,Bangor and Holyhead,2020,Sale,31.5,141.4,12723
W22000022,Bangor and Holyhead,2021,Sale,35.06,144.5,16828
W22000022,Bangor and Holyhead,2022,Sale,37.3,149.2,14846
W22000022,Bangor and Holyhead,2023,Sale,36.5,158.9,10589
W22000022,Bangor and Holyhead,2024,Sale,36.39,145.7,10417
W22000022,Bangor and Holyhead,2025,Sale,34.31,138.9,10228
W22000024,Cardiff,2016,Rent,23.99,122.3,28904
W22000024,Cardiff,2017,Rent,24.17,136.4,37967
W22000024,Cardiff,2018,Rent,22.53,129.2,87244
W22000024,Cardiff,2019,Rent,21.93,124.4,94384
W22000024,Cardiff,2020,Rent,20.93,118.7,144161
W22000024,Cardiff,2021,Rent,22.28,128.8,204799
W22000024,Cardiff,2022,Rent,22.76,139.1,291090
W22000024,Cardiff,2023,Rent,22.95,138.4,277214
W22000024,Cardiff,2024,Rent,22.79,136.5,207416
W22000024,Cardiff,2025,Rent,24.29,149.1,156401
W22000024,Cardiff,2016,Sale,20.01,99.7,58450
W22000024,Cardiff,2017,Sale,18.91,97.4,65595
W22000024,Cardiff,2018,Sale,18.95,98.8,69710
W22000024,Cardiff,2019,Sale,18.15,88.1,67799
W22000024,Cardiff,2020,Sale,20.04,90.0,107244
W22000024,Cardiff,2021,Sale,20.9,79.6,145689
W22000024,Cardiff,2022,Sale,21.07,87.4,130894
W22000024,Cardiff,2023,Sale,20.23,90.6,88450
W22000024,Cardiff,2024,Sale,20.37,93.8,89770
W22000024,Cardiff,2025,Sale,19.28,85.1,89212
W22000026,Colwyn Bay,2016,Rent,35.04,102.4,3916
W22000026,Colwyn Bay,2017,Rent,42.6,104.1,5211
W22000026,Colwyn Bay,2018,Rent,29.46,97.4,14089
W22000026,Colwyn Bay,2019,Rent,33.41,97.0,13758
W22000026,Colwyn Bay,2020,Rent,42.9,104.4,15374
W22000026,Colwyn Bay,2021,Rent,53.31,115.1,15529
W22000026,Colwyn Bay,2022,Rent,59.73,109.7,16820
W22000026,Colwyn Bay,2023,Rent,54.39,104.1,18321
W22000026,Colwyn Bay,2024,Rent,53.63,93.0,17518
W22000026,Colwyn Bay,2025,Rent,48.38,109.4,14284
W22000026,Colwyn Bay,2016,Sale,39.7,105.1,6764
W22000026,Colwyn Bay,2017,Sale,38.0,94.2,7171
W22000026,Colwyn Bay,2018,Sale,37.11,87.1,7314
W22000026,Colwyn Bay,2019,Sale,36.09,91.1,7439
W22000026,Colwyn Bay,2020,Sale,39.73,99.2,11148
W22000026,Colwyn Bay,2021,Sale,39.14,96.9,14925
W22000026,Colwyn Bay,2022,Sale,39.5,85.9,11407
W22000026,Colwyn Bay,2023,Sale,39.16,83.3,8926
W22000026,Colwyn Bay,2024,Sale,32.98,90.4,9659
W22000026,Colwyn Bay,2025,Sale,31.12,86.2,9037
W22000028,Llanelli,2016,Rent,91.93,199.2,1537
W22000028,Llanelli,2017,Rent,89.41,153.6,1435
W22000028,Llanelli,2018,Rent,95.38,149.4,2444
W22000028,Llanelli,2019,Rent,93.28,157.1,2725
W22000028,Llanelli,2020,Rent,93.1,147.9,4200
W22000028,Llanelli,2021,Rent,91.87,142.9,5865
W22000028,Llanelli,2022,Rent,87.51,150.3,7112
W22000028,Llanelli,2023,Rent,86.34,161.9,7461
W22000028,Llanelli,2024,Rent,84.53,169.5,5236
W22000028,Llanelli,2025,Rent,85.17,173.5,4234
W22000028,Llanelli,2016,Sale,68.56,149.7,3200
W22000028,Llanelli,2017,Sale,71.51,160.6,3328
W22000028,Llanelli,2018,Sale,68.12,134.0,2883
W22000028,Llanelli,2019,Sale,67.03,135.6,2845
W22000028,Llanelli,2020,Sale,62.97,135.2,4089
W22000028,Llanelli,2021,Sale,65.76,133.9,5651
W22000028,Llanelli,2022,Sale,70.0,136.3,5233
W22000028,Llanelli,2023,Sale,66.83,122.8,3962
W22000028,Llanelli,2024,Sale,69.57,164.7,4048
W22000028,Llanelli,2025,Sale,62.16,152.8,3763
W22000029,Merthyr Tydfil,2016,Rent,42.71,62.1,2037
W22000029,Merthyr Tydfil,2017,Rent,55.81,70.7,2589
W22000029,Merthyr Tydfil,2018,Rent,40.52,56.4,6937
W22000029,Merthyr Tydfil,2019,Rent,41.7,64.5,7038
W22000029,Merthyr Tydfil,2020,Rent,45.93,62.5,12206
W22000029,Merthyr Tydfil,2021,Rent,48.81,61.0,14398
W22000029,Merthyr Tydfil,2022,Rent,52.08,69.9,15366
W22000029,Merthyr Tydfil,2023,Rent,54.01,72.3,14150
W22000029,Merthyr Tydfil,2024,Rent,44.92,65.2,10637
W22000029,Merthyr Tydfil,2025,Rent,53.16,88.6,8793
W22000029,Merthyr Tydfil,2016,Sale,37.69,60.5,4797
W22000029,Merthyr Tydfil,2017,Sale,39.84,64.1,5781
W22000029,Merthyr Tydfil,2018,Sale,43.07,59.9,6041
W22000029,Merthyr Tydfil,2019,Sale,40.13,47.3,6532
W22000029,Merthyr Tydfil,2020,Sale,40.28,54.1,10384
W22000029,Merthyr Tydfil,2021,Sale,38.8,47.6,14526
W22000029,Merthyr Tydfil,2022,Sale,44.57,47.2,12239
W22000029,Merthyr Tydfil,2023,Sale,38.51,57.7,7948
W22000029,Merthyr Tydfil,2024,Sale,42.65,53.5,8219
W22000029,Merthyr Tydfil,2025,Sale,40.59,64.2,7726
W22000031,Rhyl,2016,Rent,62.33,120.2,3855
W22000031,Rhyl,2017,Rent,55.64,93.4,3778
W22000031,Rhyl,2018,Rent,54.2,70.1,10168
W22000031,Rhyl,2019,Rent,50.89,79.2,10522
W22000031,Rhyl,2020,Rent,60.38,79.3,14849
W22000031,Rhyl,2021,Rent,62.54,80.1,18689
W22000031,Rhyl,2022,Rent,65.09,84.7,21177
W22000031,Rhyl,2023,Rent,63.83,88.4,20346
W22000031,Rhyl,2024,Rent,55.56,79.8,16308
W22000031,Rhyl,2025,Rent,58.64,82.4,15042
W22000031,Rhyl,2016,Sale,55.12,78.8,5820
W22000031,Rhyl,2017,Sale,50.09,70.3,6019
W22000031,Rhyl,2018,Sale,50.87,68.0,5897
W22000031,Rhyl,2019,Sale,49.18,74.3,6487
W22000031,Rhyl,2020,Sale,46.83,76.1,10427
W22000031,Rhyl,2021,Sale,49.49,81.4,13713
W22000031,Rhyl,2022,Sale,48.48,65.3,11257
W22000031,Rhyl,2023,Sale,49.62,76.4,7994
W22000031,Rhyl,2024,Sale,46.34,77.5,7827
W22000031,Rhyl,2025,Sale,42.92,63.6,8613
W22000032,Swansea,2016,Rent,44.97,153.1,4434
W22000032,Swansea,2017,Rent,40.35,160.6,7051
W22000032,Swansea,2018,Rent,34.97,155.5,16480
W22000032,Swansea,2019,Rent,35.26,158.7,16895
W22000032,Swansea,2020,Rent,42.36,146.3,22703
W22000032,Swansea,2021,Rent,49.18,149.0,26783
W22000032,Swansea,2022,Rent,56.79,152.4,35513
W22000032,Swansea,2023,Rent,59.38,156.8,34151
W22000032,Swansea,2024,Rent,65.11,157.0,22491
W22000032,Swansea,2025,Rent,68.59,157.7,15249
W22000032,Swansea,2016,Sale,35.74,106.7,6556
W22000032,Swansea,2017,Sale,34.97,102.9,6874
W22000032,Swansea,2018,Sale,39.61,114.9,7120
W22000032,Swansea,2019,Sale,42.3,104.2,7336
W22000032,Swansea,2020,Sale,37.19,105.0,11198
W22000032,Swansea,2021,Sale,36.79,111.4,15070
W22000032,Swansea,2022,Sale,37.21,118.4,13404
W22000032,Swansea,2023,Sale,34.12,107.4,10072
W22000032,Swansea,2024,Sale,33.4,108.4,9595
W22000032,Swansea,2025,Sale,33.71,101.4,10504
W22000034,Wrexham,2016,Rent,31.08,82.6,5077
W22000034,Wrexham,2017,Rent,40.97,71.0,5162
W22000034,Wrexham,2018,Rent,33.23,77.5,14883
W22000034,Wrexham,2019,Rent,30.83,67.0,15775
W22000034,Wrexham,2020,Rent,32.95,66.6,24925
W22000034,Wrexham,2021,Rent,28.82,77.7,36853
W22000034,Wrexham,2022,Rent,28.96,75.8,43379
W22000034,Wrexham,2023,Rent,32.87,62.6,46466
W22000034,Wrexham,2024,Rent,29.57,63.3,40414
W22000034,Wrexham,2025,Rent,26.98,63.5,32601
W22000034,Wrexham,2016,Sale,43.16,78.4,8439
W22000034,Wrexham,2017,Sale,34.13,59.4,8843
W22000034,Wrexham,2018,Sale,33.87,55.7,9679
W22000034,Wrexham,2019,Sale,36.08,58.4,10338
W22000034,Wrexham,2020,Sale,36.86,55.7,15865
W22000034,Wrexham,2021,Sale,36.12,51.8,18821
W22000034,Wrexham,2022,Sale,34.41,48.8,16569
W22000034,Wrexham,2023,Sale,30.55,55.3,13356
W22000034,Wrexham,2024,Sale,30.47,50.9,13438
W22000034,Wrexham,2025,Sale,29.6,53.2,15123
