{"type": "FeatureCollection", "features": [{"type": "Feature", "properties": {"cd": "E30000004", "nm": "Barnsley"}, "geometry": {"type": "Polygon", "coordinates": [[[-1.447, 53.613], [-1.364, 53.602], [-1.327, 53.558], [-1.289, 53.544], [-1.294, 53.536], [-1.277, 53.521], [-1.313, 53.514], [-1.307, 53.494], [-1.344, 53.483], [-1.396, 53.505], [-1.452, 53.485], [-1.455, 53.472], [-1.495, 53.486], [-1.532, 53.438], [-1.551, 53.446], [-1.539, 53.462], [-1.566, 53.486], [-1.701, 53.503], [-1.738, 53.477], [-1.801, 53.481], [-1.796, 53.503], [-1.823, 53.52], [-1.804, 53.537], [-1.741, 53.541], [-1.723, 53.56], [-1.67, 53.553], [-1.616, 53.563], [-1.596, 53.577], [-1.59, 53.607], [-1.484, 53.595], [-1.447, 53.613]]]}}, {"type": "Feature", "properties": {"cd": "E30000018", "nm": "Bradford"}, "geometry": {"type": "Polygon", "coordinates": [[[-1.944, 53.956], [-1.898, 53.924], [-1.818, 53.9], [-1.761, 53.864], [-1.695, 53.858], [-1.712, 53.783], [-1.641, 53.78], [-1.682, 53.756], [-1.667, 53.723], [-1.737, 53.708], [-1.754, 53.726], [-1.773, 53.724], [-1.809, 53.764], [-1.855, 53.748], [-1.873, 53.755], [-1.873, 53.779], [-1.981, 53.786], [-2.061, 53.826], [-2.047, 53.83], [-2.046, 53.85], [-2.022, 53.871], [-1.98, 53.871], [-1.979, 53.901], [-1.953, 53.904], [-1.977, 53.926], [-1.963, 53.933], [-1.971, 53.943], [-1.944, 53.956]]]}}, {"type": "Feature", "properties": {"cd": "E30000029", "nm": "Halifax"}, "geometry": {"type": "Polygon", "coordinates": [[[-2.033, 53.81], [-1.981, 53.786], [-1.873, 53.779], [-1.873, 53.755], [-1.855, 53.748], [-1.809, 53.764], [-1.773, 53.724], [-1.736, 53.713], [-1.727, 53.683], [-1.748, 53.694], [-1.854, 53.673], [-1.844, 53.666], [-1.895, 53.645], [-1.934, 53.648], [-1.98, 53.623], [-2.023, 53.616], [-2.051, 53.684], [-2.093, 53.67], [-2.134, 53.686], [-2.142, 53.678], [-2.173, 53.723], [-2.131, 53.751], [-2.128, 53.799], [-2.061, 53.826], [-2.033, 53.81]]]}}, {"type": "Feature", "properties": {"cd": "E30000039", "nm": "Skipton"}, "geometry": {"type": "Polygon", "coordinates": [[[-2.307, 54.25], [-2.293, 54.253], [-2.283, 54.239], [-2.221, 54.251], [-2.172, 54.228], [-2.144, 54.235], [-2.14, 54.225], [-2.1, 54.232], [-2.061, 54.21], [-2.046, 54.182], [-2.005, 54.173], [-1.992, 54.155], [-1.972, 54.158], [-1.947, 54.125], [-1.906, 54.122], [-1.867, 54.098], [-1.862, 54.081], [-1.841, 54.071], [-1.872, 54.036], [-1.835, 54.014], [-1.817, 53.978], [-1.87, 53.954], [-1.882, 53.963], [-1.966, 53.952], [-1.963, 53.933], [-1.977, 53.926], [-1.953, 53.904], [-1.979, 53.901], [-1.982, 53.869], [-2.022, 53.871], [-2.046, 53.85], [-2.09, 53.868], [-2.082, 53.878], [-2.124, 53.923], [-2.182, 53.935], [-2.196, 53.97], [-2.226, 53.961], [-2.232, 53.971], [-2.221, 53.978], [-2.23, 53.982], [-2.294, 53.974], [-2.319, 53.994], [-2.34, 53.989], [-2.354, 54.004], [-2.339, 54.009], [-2.344, 54.017], [-2.357, 54.019], [-2.374, 54.049], [-2.459, 54.04], [-2.471, 54.051], [-2.464, 54.075], [-2.524, 54.095], [-2.563, 54.123], [-2.561, 54.153], [-2.535, 54.157], [-2.461, 54.227], [-2.406, 54.225], [-2.372, 54.248], [-2.338, 54.238], [-2.319, 54.257], [-2.307, 54.25]]]}}, {"type": "Feature", "properties": {"cd": "E30000046", "nm": "Dorchester and Weymouth"}, "geometry": {"type": "MultiPolygon", "coordinates": [[[[-2.226, 50.616], [-2.226, 50.617], [-2.226, 50.616], [-2.226, 50.616]]], [[[-2.225, 50.616], [-2.225, 50.616], [-2.225, 50.616], [-2.225, 50.616]]], [[[-2.458, 50.513], [-2.45, 50.561], [-2.653, 50.67], [-2.628, 50.68], [-2.63, 50.703], [-2.665, 50.706], [-2.664, 50.727], [-2.648, 50.725], [-2.635, 50.742], [-2.657, 50.792], [-2.689, 50.79], [-2.676, 50.814], [-2.63, 50.837], [-2.596, 50.827], [-2.58, 50.837], [-2.52, 50.832], [-2.507, 50.856], [-2.487, 50.859], [-2.491, 50.876], [-2.456, 50.862], [-2.396, 50.862], [-2.399, 50.837], [-2.361, 50.847], [-2.354, 50.828], [-2.324, 50.82], [-2.333, 50.812], [-2.307, 50.809], [-2.317, 50.799], [-2.294, 50.774], [-2.306, 50.763], [-2.242, 50.755], [-2.225, 50.733], [-2.237, 50.718], [-2.172, 50.703], [-2.149, 50.692], [-2.151, 50.679], [-2.126, 50.676], [-2.122, 50.662], [-2.134, 50.655], [-2.176, 50.663], [-2.186, 50.626], [-2.229, 50.616], [-2.426, 50.635], [-2.452, 50.614], [-2.432, 50.596], [-2.45, 50.601], [-2.47, 50.583], [-2.517, 50.618], [-2.611, 50.654], [-2.46, 50.571], [-2.422, 50.569], [-2.418, 50.543], [-2.458, 50.513]]]]}}, {"type": "Feature", "properties": {"cd": "E30000051", "nm": "Falmouth"}, "geometry": {"type": "MultiPolygon", "coordinates": [[[[-5.266, 50.011], [-5.267, 50.012], [-5.269, 50.012], [-5.267, 50.013], [-5.266, 50.011]]], [[[-5.202, 49.959], [-5.246, 49.976], [-5.269, 50.005], [-5.256, 50.022], [-5.262, 50.034], [-5.316, 50.085], [-5.42, 50.11], [-5.38, 50.132], [-5.358, 50.119], [-5.291, 50.149], [-5.27, 50.146], [-5.255, 50.188], [-5.228, 50.205], [-5.188, 50.197], [-5.152, 50.207], [-5.086, 50.188], [-5.101, 50.166], [-5.049, 50.156], [-5.042, 50.144], [-5.067, 50.145], [-5.094, 50.126], [-5.082, 50.109], [-5.124, 50.099], [-5.14, 50.1], [-5.13, 50.11], [-5.138, 50.112], [-5.143, 50.099], [-5.163, 50.097], [-5.159, 50.108], [-5.164, 50.113], [-5.169, 50.1], [-5.159, 50.094], [-5.211, 50.094], [-5.186, 50.088], [-5.195, 50.083], [-5.192, 50.08], [-5.105, 50.095], [-5.093, 50.089], [-5.102, 50.089], [-5.116, 50.085], [-5.118, 50.082], [-5.076, 50.086], [-5.08, 50.069], [-5.058, 50.053], [-5.069, 50.035], [-5.096, 50.027], [-5.101, 50.004], [-5.167, 50.004], [-5.186, 49.963], [-5.202, 49.959]]]]}}, {"type": "Feature", "properties": {"cd": "E30000054", "nm": "Grantham"}, "geometry": {"type": "Polygon", "coordinates": [[[-0.689, 53.059], [-0.523, 53.05], [-0.526, 52.969], [-0.543, 52.972], [-0.554, 52.954], [-0.494, 52.954], [-0.479, 52.931], [-0.489, 52.913], [-0.445, 52.901], [-0.424, 52.866], [-0.437, 52.864], [-0.442, 52.842], [-0.413, 52.815], [-0.407, 52.761], [-0.486, 52.752], [-0.494, 52.759], [-0.486, 52.779], [-0.505, 52.784], [-0.629, 52.79], [-0.646, 52.773], [-0.609, 52.76], [-0.829, 52.729], [-0.826, 52.76], [-0.852, 52.754], [-0.848, 52.769], [-0.828, 52.791], [-0.794, 52.796], [-0.8, 52.829], [-0.817, 52.838], [-0.836, 52.822], [-0.885, 52.823], [-0.89, 52.83], [-0.862, 52.853], [-0.894, 52.89], [-0.858, 52.906], [-0.863, 52.913], [-0.824, 52.942], [-0.834, 52.946], [-0.82, 52.96], [-0.777, 52.978], [-0.804, 53.006], [-0.788, 53.026], [-0.761, 53.029], [-0.75, 53.055], [-0.689, 53.059]]]}}, {"type": "Feature", "properties": {"cd": "E30000061", "nm": "Hastings"}, "geometry": {"type": "Polygon", "coordinates": [[[0.508, 51.024], [0.568, 51.004], [0.661, 51.018], [0.707, 50.994], [0.773, 50.993], [0.813, 50.942], [0.844, 50.957], [0.868, 50.933], [0.855, 50.924], [0.772, 50.931], [0.764, 50.94], [0.738, 50.951], [0.74, 50.953], [0.739, 50.957], [0.748, 50.964], [0.75, 50.97], [0.728, 50.95], [0.775, 50.928], [0.667, 50.872], [0.378, 50.82], [0.352, 50.851], [0.334, 50.849], [0.351, 50.863], [0.35, 50.877], [0.336, 50.878], [0.345, 50.891], [0.374, 50.898], [0.358, 50.917], [0.37, 50.937], [0.421, 50.933], [0.427, 50.941], [0.414, 50.943], [0.413, 50.956], [0.452, 50.976], [0.442, 50.991], [0.508, 51.024]]]}}, {"type": "Feature", "properties": {"cd": "E30000064", "nm": "Hexham"}, "geometry": {"type": "Polygon", "coordinates": [[[-2.329, 55.368], [-2.281, 55.333], [-2.25, 55.333], [-2.244, 55.318], [-2.172, 55.311], [-2.149, 55.287], [-2.159, 55.259], [-2.116, 55.236], [-2.154, 55.215], [-2.167, 55.185], [-2.096, 55.196], [-2.102, 55.186], [-2.069, 55.175], [-2.005, 55.196], [-1.98, 55.154], [-1.959, 55.146], [-1.954, 55.128], [-1.998, 55.093], [-1.99, 55.077], [-2.019, 55.066], [-1.975, 55.051], [-1.982, 55.04], [-1.961, 55.035], [-1.947, 55.009], [-1.96, 55.003], [-1.961, 54.983], [-1.986, 54.972], [-1.986, 54.957], [-1.937, 54.945], [-2.009, 54.933], [-2.018, 54.908], [-2.001, 54.889], [-2.088, 54.88], [-2.106, 54.853], [-2.131, 54.851], [-2.135, 54.849], [-2.122, 54.841], [-2.14, 54.842], [-2.169, 54.804], [-2.199, 54.807], [-2.215, 54.784], [-2.283, 54.798], [-2.314, 54.79], [-2.308, 54.774], [-2.322, 54.764], [-2.326, 54.727], [-2.356, 54.696], [-2.411, 54.707], [-2.467, 54.701], [-2.466, 54.713], [-2.44, 54.72], [-2.45, 54.739], [-2.487, 54.753], [-2.504, 54.779], [-2.544, 54.778], [-2.543, 54.812], [-2.568, 54.824], [-2.583, 54.846], [-2.573, 54.854], [-2.605, 54.884], [-2.545, 54.929], [-2.568, 54.941], [-2.568, 54.958], [-2.6, 54.974], [-2.573, 54.988], [-2.573, 55.016], [-2.483, 55.04], [-2.504, 55.062], [-2.486, 55.083], [-2.562, 55.083], [-2.594, 55.105], [-2.599, 55.125], [-2.657, 55.136], [-2.69, 55.189], [-2.667, 55.222], [-2.631, 55.224], [-2.63, 55.245], [-2.611, 55.247], [-2.647, 55.26], [-2.573, 55.297], [-2.559, 55.318], [-2.521, 55.323], [-2.485, 55.353], [-2.415, 55.359], [-2.393, 55.347], [-2.329, 55.368]]]}}, {"type": "Feature", "properties": {"cd": "E30000070", "nm": "Isle of Wight"}, "geometry": {"type": "MultiPolygon", "coordinates": [[[[-1.095, 50.74], [-1.095, 50.74], [-1.094, 50.74], [-1.095, 50.74]]], [[[-1.084, 50.705], [-1.084, 50.705], [-1.083, 50.705], [-1.084, 50.705]]], [[[-1.59, 50.663], [-1.59, 50.663], [-1.589, 50.663], [-1.59, 50.663]]], [[[-1.592, 50.662], [-1.591, 50.662], [-1.59, 50.662], [-1.592, 50.662]]], [[[-1.295, 50.575], [-1.485, 50.667], [-1.586, 50.663], [-1.548, 50.678], [-1.522, 50.707], [-1.501, 50.707], [-1.51, 50.706], [-1.5, 50.698], [-1.508, 50.696], [-1.508, 50.683], [-1.497, 50.701], [-1.501, 50.702], [-1.504, 50.706], [-1.429, 50.726], [-1.412, 50.721], [-1.435, 50.704], [-1.4, 50.711], [-1.409, 50.715], [-1.41, 50.717], [-1.409, 50.721], [-1.408, 50.721], [-1.406, 50.722], [-1.405, 50.724], [-1.404, 50.724], [-1.403, 50.725], [-1.401, 50.723], [-1.408, 50.721], [-1.407, 50.718], [-1.408, 50.718], [-1.41, 50.717], [-1.409, 50.716], [-1.377, 50.711], [-1.37, 50.72], [-1.41, 50.726], [-1.354, 50.739], [-1.313, 50.767], [-1.292, 50.758], [-1.293, 50.746], [-1.283, 50.73], [-1.294, 50.702], [-1.29, 50.698], [-1.276, 50.732], [-1.292, 50.765], [-1.274, 50.766], [-1.242, 50.739], [-1.214, 50.738], [-1.224, 50.731], [-1.225, 50.725], [-1.211, 50.735], [-1.13, 50.727], [-1.098, 50.706], [-1.108, 50.694], [-1.07, 50.687], [-1.098, 50.665], [-1.159, 50.651], [-1.185, 50.597], [-1.295, 50.575]]]]}}, {"type": "Feature", "properties": {"cd": "E30000076", "nm": "Lancaster and Morecambe"}, "geometry": {"type": "MultiPolygon", "coordinates": [[[[-2.828, 54.141], [-2.831, 54.141], [-2.829, 54.142], [-2.828, 54.141]]], [[[-2.805, 54.12], [-2.803, 54.124], [-2.8, 54.123], [-2.801, 54.122], [-2.805, 54.12]]], [[[-2.793, 54.06], [-2.795, 54.061], [-2.793, 54.062], [-2.793, 54.062], [-2.793, 54.06]]], [[[-2.835, 54.017], [-2.836, 54.019], [-2.841, 54.022], [-2.834, 54.023], [-2.835, 54.017]]], [[[-2.9, 53.988], [-2.899, 53.991], [-2.893, 53.989], [-2.898, 53.988], [-2.9, 53.988]]], [[[-2.885, 53.946], [-2.888, 53.946], [-2.889, 53.947], [-2.883, 53.946], [-2.885, 53.946]]], [[[-2.864, 53.918], [-2.883, 53.947], [-2.857, 53.965], [-2.842, 53.956], [-2.836, 53.954], [-2.854, 53.965], [-2.846, 53.961], [-2.836, 53.964], [-2.879, 53.979], [-2.856, 53.999], [-2.834, 53.999], [-2.832, 53.995], [-2.83, 53.997], [-2.83, 53.995], [-2.827, 53.996], [-2.828, 53.995], [-2.825, 53.995], [-2.823, 53.995], [-2.833, 53.999], [-2.828, 54.036], [-2.83, 54.038], [-2.83, 54.034], [-2.833, 54.033], [-2.842, 54.045], [-2.8, 54.052], [-2.792, 54.058], [-2.792, 54.062], [-2.794, 54.063], [-2.796, 54.061], [-2.8, 54.053], [-2.811, 54.056], [-2.839, 54.05], [-2.85, 54.043], [-2.833, 54.029], [-2.844, 54.021], [-2.834, 54.012], [-2.861, 54.004], [-2.863, 54.009], [-2.867, 54.012], [-2.87, 54.01], [-2.867, 54.014], [-2.871, 54.015], [-2.87, 54.008], [-2.865, 54.007], [-2.869, 54.006], [-2.865, 54.005], [-2.878, 54.006], [-2.881, 53.989], [-2.883, 53.99], [-2.885, 53.998], [-2.888, 54.002], [-2.886, 53.991], [-2.9, 53.992], [-2.903, 54.021], [-2.924, 54.031], [-2.879, 54.075], [-2.847, 54.078], [-2.82, 54.089], [-2.827, 54.1], [-2.785, 54.135], [-2.821, 54.123], [-2.842, 54.147], [-2.836, 54.151], [-2.864, 54.156], [-2.869, 54.177], [-2.837, 54.174], [-2.799, 54.198], [-2.734, 54.184], [-2.736, 54.169], [-2.68, 54.161], [-2.64, 54.202], [-2.558, 54.199], [-2.46, 54.24], [-2.48, 54.202], [-2.535, 54.157], [-2.561, 54.153], [-2.563, 54.14], [-2.563, 54.123], [-2.525, 54.095], [-2.464, 54.075], [-2.47, 54.046], [-2.492, 54.04], [-2.498, 54.022], [-2.572, 54.015], [-2.581, 54.0], [-2.558, 53.975], [-2.617, 53.952], [-2.637, 53.958], [-2.702, 53.944], [-2.716, 53.98], [-2.755, 53.952], [-2.758, 53.963], [-2.799, 53.975], [-2.814, 53.946], [-2.804, 53.936], [-2.864, 53.918]]]]}}, {"type": "Feature", "properties": {"cd": "E30000093", "nm": "Middlesbrough and Stockton"}, "geometry": {"type": "MultiPolygon", "coordinates": [[[[-1.151, 54.632], [-1.151, 54.635], [-1.15, 54.635], [-1.15, 54.632], [-1.151, 54.632]]], [[[-1.225, 54.626], [-1.224, 54.626], [-1.223, 54.626], [-1.225, 54.626]]], [[[-1.417, 54.477], [-1.436, 54.491], [-1.421, 54.52], [-1.45, 54.533], [-1.447, 54.556], [-1.411, 54.565], [-1.407, 54.594], [-1.423, 54.603], [-1.438, 54.595], [-1.451, 54.611], [-1.413, 54.617], [-1.381, 54.644], [-1.335, 54.631], [-1.316, 54.645], [-1.299, 54.628], [-1.257, 54.623], [-1.174, 54.622], [-1.171, 54.63], [-1.159, 54.618], [-1.203, 54.583], [-1.246, 54.594], [-1.258, 54.59], [-1.262, 54.573], [-1.264, 54.576], [-1.268, 54.578], [-1.283, 54.585], [-1.297, 54.587], [-1.298, 54.59], [-1.299, 54.59], [-1.298, 54.588], [-1.297, 54.587], [-1.296, 54.587], [-1.268, 54.578], [-1.262, 54.572], [-1.309, 54.566], [-1.311, 54.562], [-1.308, 54.558], [-1.311, 54.555], [-1.312, 54.55], [-1.309, 54.547], [-1.312, 54.543], [-1.308, 54.539], [-1.316, 54.541], [-1.318, 54.54], [-1.314, 54.534], [-1.321, 54.535], [-1.33, 54.532], [-1.33, 54.535], [-1.332, 54.536], [-1.336, 54.536], [-1.341, 54.529], [-1.339, 54.507], [-1.348, 54.504], [-1.349, 54.504], [-1.352, 54.51], [-1.354, 54.512], [-1.358, 54.513], [-1.359, 54.512], [-1.378, 54.502], [-1.384, 54.487], [-1.407, 54.494], [-1.417, 54.477]]], [[[-1.103, 54.329], [-1.122, 54.331], [-1.122, 54.345], [-1.158, 54.349], [-1.172, 54.382], [-1.209, 54.374], [-1.291, 54.392], [-1.298, 54.382], [-1.324, 54.386], [-1.343, 54.413], [-1.319, 54.425], [-1.329, 54.443], [-1.276, 54.464], [-1.303, 54.478], [-1.364, 54.466], [-1.378, 54.501], [-1.359, 54.512], [-1.349, 54.504], [-1.315, 54.502], [-1.337, 54.509], [-1.34, 54.529], [-1.335, 54.536], [-1.331, 54.532], [-1.314, 54.534], [-1.307, 54.539], [-1.311, 54.543], [-1.308, 54.547], [-1.31, 54.554], [-1.306, 54.558], [-1.309, 54.565], [-1.262, 54.57], [-1.256, 54.589], [-1.205, 54.58], [-1.204, 54.577], [-1.219, 54.576], [-1.22, 54.573], [-1.218, 54.576], [-1.209, 54.575], [-1.211, 54.576], [-1.204, 54.577], [-1.203, 54.58], [-1.202, 54.579], [-1.2, 54.577], [-1.194, 54.574], [-1.191, 54.575], [-1.202, 54.58], [-1.164, 54.602], [-1.151, 54.596], [-1.163, 54.602], [-1.147, 54.599], [-1.158, 54.605], [-1.155, 54.628], [-1.135, 54.63], [-1.142, 54.638], [-1.137, 54.648], [-1.119, 54.629], [-1.001, 54.593], [-0.788, 54.561], [-0.849, 54.53], [-0.849, 54.488], [-0.881, 54.497], [-0.953, 54.488], [-1.003, 54.503], [-1.037, 54.494], [-1.016, 54.477], [-0.984, 54.479], [-0.972, 54.461], [-1.053, 54.449], [-1.059, 54.413], [-1.082, 54.405], [-1.066, 54.363], [-1.103, 54.329]]]]}}, {"type": "Feature", "properties": {"cd": "E30000095", "nm": "Minehead"}, "geometry": {"type": "Polygon", "coordinates": [[[-3.716, 51.232], [-3.622, 51.217], [-3.543, 51.232], [-3.444, 51.207], [-3.404, 51.183], [-3.277, 51.18], [-3.229, 51.192], [-3.225, 51.154], [-3.23, 51.139], [-3.254, 51.131], [-3.316, 51.152], [-3.323, 51.141], [-3.311, 51.129], [-3.345, 51.119], [-3.343, 51.098], [-3.429, 51.088], [-3.469, 51.058], [-3.474, 51.039], [-3.52, 51.026], [-3.528, 51.006], [-3.61, 51.008], [-3.594, 51.055], [-3.72, 51.081], [-3.834, 51.138], [-3.84, 51.177], [-3.725, 51.179], [-3.733, 51.223], [-3.716, 51.232]]]}}, {"type": "Feature", "properties": {"cd": "E30000106", "nm": "Penrith"}, "geometry": {"type": "Polygon", "coordinates": [[[-2.653, 54.854], [-2.583, 54.846], [-2.543, 54.812], [-2.544, 54.778], [-2.504, 54.779], [-2.487, 54.753], [-2.451, 54.74], [-2.44, 54.72], [-2.466, 54.713], [-2.467, 54.701], [-2.389, 54.705], [-2.293, 54.664], [-2.288, 54.65], [-2.325, 54.632], [-2.305, 54.596], [-2.209, 54.552], [-2.198, 54.533], [-2.173, 54.532], [-2.162, 54.465], [-2.189, 54.449], [-2.25, 54.452], [-2.293, 54.439], [-2.308, 54.421], [-2.306, 54.397], [-2.292, 54.391], [-2.297, 54.377], [-2.364, 54.355], [-2.382, 54.371], [-2.484, 54.377], [-2.514, 54.368], [-2.537, 54.394], [-2.583, 54.388], [-2.604, 54.407], [-2.64, 54.404], [-2.689, 54.428], [-2.689, 54.446], [-2.703, 54.432], [-2.807, 54.482], [-2.84, 54.476], [-2.865, 54.49], [-2.906, 54.481], [-2.92, 54.465], [-2.98, 54.496], [-3.014, 54.495], [-3.015, 54.526], [-3.026, 54.53], [-3.017, 54.562], [-3.029, 54.567], [-3.018, 54.575], [-3.037, 54.581], [-3.008, 54.595], [-3.045, 54.614], [-3.092, 54.617], [-3.091, 54.659], [-3.055, 54.68], [-3.087, 54.686], [-3.082, 54.695], [-2.992, 54.696], [-2.984, 54.721], [-3.026, 54.748], [-2.991, 54.761], [-2.984, 54.776], [-2.945, 54.784], [-2.921, 54.809], [-2.904, 54.813], [-2.893, 54.793], [-2.912, 54.78], [-2.883, 54.763], [-2.827, 54.772], [-2.782, 54.761], [-2.811, 54.778], [-2.807, 54.791], [-2.774, 54.801], [-2.751, 54.829], [-2.69, 54.819], [-2.701, 54.834], [-2.653, 54.854]]]}}, {"type": "Feature", "properties": {"cd": "E30000108", "nm": "Peterborough"}, "geometry": {"type": "Polygon", "coordinates": [[[-0.31, 52.915], [-0.256, 52.906], [-0.27, 52.877], [-0.257, 52.867], [-0.271, 52.872], [-0.276, 52.862], [-0.261, 52.771], [-0.307, 52.745], [-0.267, 52.699], [-0.193, 52.652], [-0.18, 52.661], [-0.141, 52.652], [-0.102, 52.672], [-0.032, 52.665], [-0.013, 52.594], [-0.081, 52.584], [-0.083, 52.583], [-0.086, 52.583], [-0.124, 52.577], [-0.008, 52.589], [-0.068, 52.574], [-0.07, 52.563], [-0.059, 52.56], [-0.089, 52.551], [-0.072, 52.542], [-0.096, 52.531], [-0.085, 52.522], [-0.101, 52.513], [-0.075, 52.504], [-0.114, 52.489], [-0.143, 52.511], [-0.176, 52.496], [-0.168, 52.483], [-0.18, 52.468], [-0.267, 52.478], [-0.335, 52.469], [-0.363, 52.451], [-0.372, 52.437], [-0.362, 52.434], [-0.417, 52.412], [-0.442, 52.385], [-0.496, 52.38], [-0.493, 52.394], [-0.534, 52.409], [-0.5, 52.421], [-0.519, 52.436], [-0.47, 52.464], [-0.528, 52.481], [-0.5, 52.494], [-0.547, 52.513], [-0.596, 52.497], [-0.606, 52.514], [-0.672, 52.507], [-0.636, 52.524], [-0.675, 52.559], [-0.721, 52.526], [-0.742, 52.539], [-0.765, 52.583], [-0.792, 52.598], [-0.821, 52.596], [-0.806, 52.621], [-0.81, 52.644], [-0.782, 52.669], [-0.786, 52.695], [-0.822, 52.716], [-0.813, 52.729], [-0.776, 52.744], [-0.752, 52.737], [-0.684, 52.756], [-0.609, 52.76], [-0.646, 52.773], [-0.629, 52.79], [-0.505, 52.784], [-0.486, 52.779], [-0.494, 52.759], [-0.486, 52.752], [-0.407, 52.761], [-0.413, 52.815], [-0.442, 52.842], [-0.437, 52.864], [-0.424, 52.866], [-0.437, 52.887], [-0.366, 52.898], [-0.358, 52.916], [-0.31, 52.915]]]}}, {"type": "Feature", "properties": {"cd": "E30000110", "nm": "Poole"}, "geometry": {"type": "MultiPolygon", "coordinates": [[[[-2.002, 50.731], [-2.003, 50.732], [-2.0, 50.734], [-1.999, 50.733], [-2.002, 50.731]]], [[[-2.072, 50.691], [-2.073, 50.691], [-2.074, 50.692], [-2.073, 50.692], [-2.072, 50.691]]], [[[-2.072, 50.689], [-2.072, 50.69], [-2.073, 50.691], [-2.071, 50.69], [-2.072, 50.689]]], [[[-1.967, 50.686], [-1.984, 50.687], [-1.988, 50.692], [-1.957, 50.694], [-1.967, 50.686]]], [[[-2.017, 50.684], [-2.02, 50.687], [-2.022, 50.694], [-2.012, 50.688], [-2.017, 50.684]]], [[[-2.005, 50.683], [-2.007, 50.685], [-2.01, 50.684], [-2.004, 50.685], [-2.005, 50.683]]], [[[-2.009, 50.683], [-2.01, 50.683], [-2.012, 50.684], [-2.011, 50.684], [-2.009, 50.683], [-2.009, 50.683]]], [[[-1.989, 50.682], [-1.991, 50.684], [-1.98, 50.683], [-1.982, 50.682], [-1.989, 50.682]]], [[[-2.001, 50.68], [-2.003, 50.682], [-2.001, 50.685], [-1.999, 50.683], [-2.001, 50.68]]], [[[-2.005, 50.679], [-2.006, 50.68], [-2.008, 50.682], [-2.005, 50.681], [-2.005, 50.679]]], [[[-1.991, 50.677], [-1.991, 50.678], [-1.994, 50.678], [-1.997, 50.681], [-1.987, 50.679], [-1.991, 50.677]]], [[[-1.993, 50.676], [-1.995, 50.676], [-1.995, 50.678], [-1.991, 50.678], [-1.993, 50.676]]], [[[-1.979, 50.665], [-1.98, 50.666], [-1.981, 50.666], [-1.978, 50.666], [-1.979, 50.665]]], [[[-2.056, 50.577], [-2.064, 50.594], [-2.188, 50.615], [-2.182, 50.659], [-2.134, 50.655], [-2.122, 50.662], [-2.126, 50.676], [-2.151, 50.679], [-2.149, 50.692], [-2.172, 50.703], [-2.237, 50.718], [-2.227, 50.743], [-2.268, 50.765], [-2.232, 50.781], [-2.197, 50.766], [-2.135, 50.774], [-2.163, 50.802], [-2.129, 50.805], [-2.065, 50.841], [-2.04, 50.865], [-2.066, 50.891], [-2.062, 50.911], [-1.981, 50.946], [-1.984, 50.907], [-1.967, 50.896], [-1.979, 50.882], [-1.93, 50.865], [-1.899, 50.87], [-1.886, 50.858], [-1.905, 50.823], [-1.933, 50.821], [-1.928, 50.807], [-1.932, 50.807], [-1.945, 50.801], [-1.927, 50.798], [-1.939, 50.786], [-1.919, 50.775], [-1.949, 50.771], [-1.941, 50.762], [-1.953, 50.757], [-1.902, 50.745], [-1.902, 50.735], [-1.922, 50.728], [-1.909, 50.724], [-1.917, 50.719], [-1.91, 50.706], [-1.946, 50.683], [-1.933, 50.699], [-1.958, 50.716], [-1.992, 50.713], [-1.984, 50.719], [-2.005, 50.73], [-1.992, 50.73], [-1.996, 50.737], [-2.011, 50.727], [-1.994, 50.718], [-1.995, 50.713], [-1.987, 50.711], [-1.986, 50.71], [-1.987, 50.708], [-2.038, 50.718], [-2.027, 50.729], [-2.041, 50.732], [-2.053, 50.729], [-2.042, 50.714], [-2.063, 50.717], [-2.072, 50.708], [-2.065, 50.708], [-2.058, 50.706], [-2.071, 50.698], [-2.083, 50.693], [-2.085, 50.695], [-2.086, 50.695], [-2.087, 50.696], [-2.091, 50.697], [-2.092, 50.697], [-2.093, 50.696], [-2.095, 50.697], [-2.102, 50.695], [-2.093, 50.696], [-2.091, 50.697], [-2.084, 50.693], [-2.08, 50.694], [-2.078, 50.689], [-2.084, 50.691], [-2.09, 50.689], [-2.091, 50.689], [-2.091, 50.688], [-2.088, 50.685], [-2.092, 50.686], [-2.095, 50.685], [-2.099, 50.68], [-2.102, 50.683], [-2.105, 50.683], [-2.11, 50.684], [-2.112, 50.683], [-2.116, 50.681], [-2.116, 50.679], [-2.115, 50.678], [-2.118, 50.678], [-2.117, 50.677], [-2.115, 50.678], [-2.115, 50.68], [-2.11, 50.684], [-2.099, 50.68], [-2.089, 50.683], [-2.084, 50.691], [-2.081, 50.686], [-2.066, 50.687], [-2.026, 50.707], [-2.024, 50.688], [-2.053, 50.678], [-2.025, 50.685], [-2.027, 50.678], [-2.035, 50.672], [-2.041, 50.672], [-2.045, 50.671], [-2.045, 50.671], [-2.027, 50.668], [-2.012, 50.683], [-1.996, 50.667], [-1.978, 50.677], [-1.985, 50.67], [-1.978, 50.659], [-1.95, 50.68], [-1.949, 50.646], [-1.924, 50.642], [-1.956, 50.618], [-1.944, 50.608], [-1.951, 50.594], [-2.056, 50.577]]]]}}, {"type": "Feature", "properties": {"cd": "E30000124", "nm": "Spalding"}, "geometry": {"type": "MultiPolygon", "coordinates": [[[[0.215, 52.824], [0.215, 52.824], [0.213, 52.825], [0.215, 52.826], [0.215, 52.824]]], [[[0.186, 52.735], [0.172, 52.738], [0.198, 52.769], [0.208, 52.788], [0.215, 52.817], [0.266, 52.81], [0.245, 52.785], [0.272, 52.773], [0.186, 52.735]]], [[[-0.141, 52.652], [-0.18, 52.661], [-0.193, 52.652], [-0.206, 52.668], [-0.223, 52.667], [-0.307, 52.743], [-0.261, 52.771], [-0.276, 52.862], [-0.271, 52.872], [-0.257, 52.867], [-0.27, 52.877], [-0.247, 52.929], [-0.172, 52.918], [-0.143, 52.885], [-0.07, 52.864], [-0.09, 52.854], [-0.101, 52.846], [-0.135, 52.8], [-0.09, 52.853], [0.042, 52.905], [0.038, 52.898], [0.146, 52.882], [0.144, 52.881], [0.136, 52.875], [0.171, 52.876], [0.209, 52.829], [0.198, 52.83], [0.214, 52.827], [0.201, 52.776], [0.171, 52.738], [0.064, 52.727], [0.044, 52.714], [0.049, 52.682], [0.022, 52.665], [-0.102, 52.672], [-0.141, 52.652]]]]}}, {"type": "Feature", "properties": {"cd": "E30000135", "nm": "Thetford and Mildenhall"}, "geometry": {"type": "Polygon", "coordinates": [[[0.878, 52.601], [0.974, 52.555], [1.093, 52.521], [1.079, 52.507], [1.095, 52.46], [1.073, 52.455], [1.063, 52.433], [1.002, 52.448], [0.967, 52.434], [0.968, 52.416], [0.979, 52.416], [0.962, 52.399], [0.973, 52.39], [0.941, 52.382], [0.856, 52.397], [0.838, 52.336], [0.804, 52.322], [0.781, 52.339], [0.793, 52.341], [0.794, 52.344], [0.676, 52.361], [0.622, 52.308], [0.602, 52.318], [0.588, 52.3], [0.601, 52.285], [0.595, 52.265], [0.563, 52.266], [0.553, 52.224], [0.529, 52.245], [0.507, 52.238], [0.494, 52.248], [0.512, 52.244], [0.504, 52.255], [0.517, 52.281], [0.458, 52.316], [0.431, 52.316], [0.424, 52.329], [0.443, 52.349], [0.407, 52.362], [0.375, 52.41], [0.429, 52.436], [0.429, 52.455], [0.372, 52.49], [0.404, 52.496], [0.409, 52.509], [0.447, 52.502], [0.401, 52.536], [0.422, 52.555], [0.491, 52.547], [0.512, 52.568], [0.567, 52.565], [0.598, 52.543], [0.616, 52.556], [0.667, 52.551], [0.642, 52.572], [0.67, 52.595], [0.696, 52.591], [0.708, 52.578], [0.7, 52.568], [0.726, 52.571], [0.763, 52.542], [0.797, 52.548], [0.792, 52.559], [0.806, 52.566], [0.761, 52.573], [0.772, 52.587], [0.863, 52.609], [0.878, 52.601]]]}}, {"type": "Feature", "properties": {"cd": "E30000147", "nm": "Whitby"}, "geometry": {"type": "Polygon", "coordinates": [[[-0.792, 54.559], [-0.745, 54.529], [-0.716, 54.534], [-0.682, 54.519], [-0.67, 54.501], [-0.613, 54.494], [-0.615, 54.475], [-0.616, 54.474], [-0.622, 54.475], [-0.623, 54.475], [-0.634, 54.468], [-0.621, 54.471], [-0.623, 54.474], [-0.615, 54.474], [-0.607, 54.48], [-0.612, 54.494], [-0.569, 54.48], [-0.521, 54.446], [-0.532, 54.428], [-0.503, 54.407], [-0.509, 54.388], [-0.545, 54.369], [-0.587, 54.37], [-0.588, 54.361], [-0.675, 54.375], [-0.711, 54.357], [-0.74, 54.356], [-0.753, 54.369], [-0.794, 54.354], [-0.824, 54.383], [-0.95, 54.409], [-0.988, 54.396], [-1.065, 54.421], [-1.039, 54.457], [-0.972, 54.461], [-0.984, 54.479], [-1.018, 54.477], [-1.037, 54.494], [-1.024, 54.502], [-0.953, 54.488], [-0.881, 54.497], [-0.849, 54.488], [-0.849, 54.53], [-0.792, 54.559]]]}}, {"type": "Feature", "properties": {"cd": "E30000159", "nm": "Andover"}, "geometry": {"type": "Polygon", "coordinates": [[[-1.516, 51.339], [-1.495, 51.329], [-1.42, 51.338], [-1.362, 51.309], [-1.39, 51.298], [-1.391, 51.287], [-1.34, 51.267], [-1.295, 51.282], [-1.29, 51.246], [-1.316, 51.24], [-1.32, 51.228], [-1.308, 51.2], [-1.277, 51.187], [-1.303, 51.152], [-1.291, 51.151], [-1.296, 51.125], [-1.351, 51.132], [-1.412, 51.111], [-1.437, 51.127], [-1.459, 51.116], [-1.445, 51.108], [-1.495, 51.101], [-1.498, 51.109], [-1.51, 51.095], [-1.506, 51.073], [-1.536, 51.051], [-1.543, 51.068], [-1.601, 51.102], [-1.636, 51.093], [-1.626, 51.117], [-1.663, 51.127], [-1.654, 51.156], [-1.672, 51.179], [-1.669, 51.191], [-1.694, 51.204], [-1.69, 51.215], [-1.634, 51.218], [-1.622, 51.234], [-1.652, 51.237], [-1.639, 51.254], [-1.651, 51.26], [-1.722, 51.267], [-1.751, 51.298], [-1.692, 51.319], [-1.631, 51.321], [-1.618, 51.305], [-1.592, 51.304], [-1.603, 51.285], [-1.585, 51.279], [-1.578, 51.256], [-1.544, 51.245], [-1.53, 51.261], [-1.541, 51.261], [-1.543, 51.281], [-1.52, 51.295], [-1.532, 51.328], [-1.516, 51.339]]]}}, {"type": "Feature", "properties": {"cd": "E30000160", "nm": "Ashford"}, "geometry": {"type": "Polygon", "coordinates": [[[0.955, 51.27], [0.998, 51.252], [0.986, 51.236], [1.005, 51.209], [0.99, 51.188], [1.004, 51.18], [0.998, 51.165], [1.017, 51.161], [1.009, 51.145], [1.029, 51.133], [0.98, 51.112], [0.985, 51.097], [0.969, 51.063], [0.903, 51.05], [0.894, 51.037], [0.87, 51.052], [0.855, 51.032], [0.839, 51.031], [0.831, 51.049], [0.779, 50.989], [0.738, 51.001], [0.707, 50.994], [0.661, 51.018], [0.605, 51.012], [0.597, 51.021], [0.594, 51.042], [0.647, 51.083], [0.597, 51.09], [0.59, 51.111], [0.609, 51.118], [0.604, 51.132], [0.65, 51.145], [0.665, 51.171], [0.685, 51.179], [0.683, 51.191], [0.717, 51.211], [0.747, 51.21], [0.782, 51.239], [0.821, 51.224], [0.842, 51.237], [0.86, 51.231], [0.924, 51.259], [0.949, 51.256], [0.955, 51.27]]]}}, {"type": "Feature", "properties": {"cd": "E30000161", "nm": "Banbury"}, "geometry": {"type": "Polygon", "coordinates": [[[-1.149, 52.228], [-1.111, 52.228], [-1.124, 52.211], [-1.113, 52.202], [-1.134, 52.193], [-1.121, 52.174], [-1.157, 52.164], [-1.133, 52.141], [-1.111, 52.15], [-1.114, 52.129], [-1.075, 52.112], [-1.026, 52.131], [-1.035, 52.114], [-1.025, 52.098], [-1.058, 52.086], [-1.026, 52.08], [-1.042, 52.074], [-1.026, 52.064], [-1.12, 52.046], [-1.137, 52.022], [-1.118, 52.015], [-1.134, 51.997], [-1.217, 51.973], [-1.235, 51.939], [-1.279, 51.924], [-1.325, 51.923], [-1.34, 51.935], [-1.332, 51.942], [-1.362, 51.948], [-1.361, 51.969], [-1.378, 51.98], [-1.41, 51.973], [-1.437, 51.989], [-1.494, 51.975], [-1.521, 51.993], [-1.502, 52.072], [-1.462, 52.12], [-1.479, 52.134], [-1.48, 52.166], [-1.445, 52.174], [-1.45, 52.193], [-1.4, 52.193], [-1.334, 52.159], [-1.313, 52.19], [-1.255, 52.198], [-1.26, 52.212], [-1.159, 52.216], [-1.149, 52.228]]]}}, {"type": "Feature", "properties": {"cd": "E30000162", "nm": "Barnstaple"}, "geometry": {"type": "Polygon", "coordinates": [[[-3.785, 51.246], [-3.721, 51.233], [-3.733, 51.223], [-3.724, 51.181], [-3.84, 51.177], [-3.834, 51.138], [-3.72, 51.081], [-3.594, 51.055], [-3.615, 51.015], [-3.6, 50.992], [-3.629, 51.006], [-3.62, 50.968], [-3.598, 50.967], [-3.599, 50.941], [-3.627, 50.92], [-3.728, 50.911], [-3.755, 50.876], [-3.783, 50.902], [-3.817, 50.902], [-3.817, 50.915], [-3.902, 50.903], [-3.905, 50.927], [-3.954, 50.918], [-3.996, 50.926], [-3.994, 50.948], [-3.962, 50.955], [-3.953, 50.976], [-3.984, 50.982], [-4.019, 50.969], [-4.036, 50.981], [-4.034, 51.008], [-4.086, 51.003], [-4.121, 51.011], [-4.116, 51.019], [-4.198, 51.021], [-4.18, 51.068], [-4.154, 51.08], [-4.123, 51.079], [-4.123, 51.077], [-4.119, 51.074], [-4.114, 51.074], [-4.114, 51.073], [-4.111, 51.073], [-4.122, 51.078], [-4.118, 51.09], [-4.057, 51.075], [-4.058, 51.058], [-4.05, 51.043], [-4.055, 51.075], [-4.067, 51.081], [-4.049, 51.087], [-4.076, 51.08], [-4.121, 51.094], [-4.165, 51.084], [-4.163, 51.101], [-4.167, 51.081], [-4.191, 51.065], [-4.218, 51.078], [-4.223, 51.118], [-4.262, 51.143], [-4.22, 51.147], [-4.21, 51.173], [-4.231, 51.188], [-4.201, 51.201], [-4.08, 51.218], [-4.039, 51.207], [-3.926, 51.232], [-3.814, 51.231], [-3.785, 51.246]]]}}, {"type": "Feature", "properties": {"cd": "E30000163", "nm": "Barrow-in-Furness"}, "geometry": {"type": "MultiPolygon", "coordinates": [[[[-3.151, 54.065], [-3.178, 54.075], [-3.194, 54.104], [-3.22, 54.09], [-3.242, 54.109], [-3.237, 54.155], [-3.257, 54.169], [-3.217, 54.177], [-3.212, 54.209], [-3.18, 54.239], [-3.197, 54.229], [-3.21, 54.254], [-3.229, 54.26], [-3.224, 54.26], [-3.222, 54.263], [-3.222, 54.28], [-3.238, 54.291], [-3.231, 54.315], [-3.242, 54.323], [-3.195, 54.354], [-3.159, 54.407], [-3.032, 54.418], [-3.027, 54.429], [-2.973, 54.424], [-2.982, 54.411], [-2.945, 54.385], [-2.938, 54.353], [-2.961, 54.311], [-2.955, 54.275], [-2.958, 54.275], [-2.971, 54.269], [-2.966, 54.269], [-2.955, 54.273], [-2.952, 54.276], [-2.936, 54.333], [-2.902, 54.337], [-2.908, 54.309], [-2.884, 54.288], [-2.886, 54.268], [-2.916, 54.268], [-2.935, 54.254], [-2.922, 54.242], [-2.93, 54.223], [-2.903, 54.215], [-2.933, 54.202], [-2.95, 54.205], [-2.96, 54.226], [-3.008, 54.228], [-3.025, 54.218], [-3.046, 54.227], [-3.033, 54.244], [-3.029, 54.242], [-3.032, 54.239], [-3.03, 54.237], [-3.014, 54.24], [-3.032, 54.239], [-3.027, 54.242], [-3.031, 54.246], [-3.029, 54.246], [-3.028, 54.247], [-3.03, 54.25], [-3.029, 54.252], [-3.03, 54.253], [-3.029, 54.253], [-3.025, 54.255], [-3.025, 54.256], [-3.024, 54.256], [-3.023, 54.256], [-3.015, 54.26], [-3.013, 54.262], [-3.01, 54.266], [-3.008, 54.269], [-3.031, 54.253], [-3.037, 54.24], [-3.052, 54.236], [-3.053, 54.221], [-3.032, 54.211], [-3.063, 54.186], [-3.061, 54.162], [-3.105, 54.12], [-3.172, 54.082], [-3.151, 54.065]]], [[[-3.174, 54.062], [-3.177, 54.064], [-3.174, 54.066], [-3.172, 54.064], [-3.174, 54.062]]], [[[-3.196, 54.044], [-3.211, 54.048], [-3.269, 54.107], [-3.272, 54.148], [-3.252, 54.152], [-3.266, 54.144], [-3.246, 54.11], [-3.243, 54.099], [-3.253, 54.099], [-3.221, 54.08], [-3.223, 54.067], [-3.198, 54.049], [-3.171, 54.055], [-3.196, 54.044]]]]}}, {"type": "Feature", "properties": {"cd": "E30000164", "nm": "Basingstoke"}, "geometry": {"type": "Polygon", "coordinates": [[[-1.164, 51.4], [-1.136, 51.4], [-1.114, 51.375], [-1.087, 51.384], [-1.05, 51.358], [-0.918, 51.365], [-0.907, 51.36], [-0.907, 51.339], [-0.869, 51.321], [-0.839, 51.322], [-0.834, 51.299], [-0.797, 51.302], [-0.802, 51.293], [-0.79, 51.282], [-0.808, 51.275], [-0.805, 51.245], [-0.84, 51.215], [-0.884, 51.21], [-0.901, 51.191], [-0.892, 51.18], [-0.958, 51.155], [-0.966, 51.101], [-1.022, 51.103], [-1.033, 51.117], [-1.094, 51.108], [-1.095, 51.14], [-1.178, 51.134], [-1.214, 51.152], [-1.186, 51.164], [-1.192, 51.185], [-1.304, 51.197], [-1.32, 51.228], [-1.316, 51.24], [-1.29, 51.246], [-1.295, 51.282], [-1.266, 51.292], [-1.245, 51.265], [-1.178, 51.282], [-1.177, 51.297], [-1.222, 51.322], [-1.167, 51.363], [-1.162, 51.383], [-1.181, 51.397], [-1.164, 51.4]]]}}, {"type": "Feature", "properties": {"cd": "E30000165", "nm": "Bath"}, "geometry": {"type": "Polygon", "coordinates": [[[-2.304, 51.486], [-2.29, 51.487], [-2.296, 51.459], [-2.241, 51.473], [-2.227, 51.462], [-2.233, 51.446], [-2.218, 51.439], [-2.252, 51.42], [-2.258, 51.398], [-2.297, 51.395], [-2.297, 51.364], [-2.344, 51.346], [-2.298, 51.343], [-2.3, 51.332], [-2.273, 51.323], [-2.277, 51.311], [-2.317, 51.299], [-2.295, 51.266], [-2.341, 51.247], [-2.408, 51.264], [-2.431, 51.24], [-2.458, 51.232], [-2.499, 51.232], [-2.534, 51.247], [-2.497, 51.291], [-2.575, 51.308], [-2.573, 51.331], [-2.554, 51.342], [-2.596, 51.367], [-2.564, 51.378], [-2.547, 51.356], [-2.533, 51.357], [-2.527, 51.383], [-2.546, 51.396], [-2.529, 51.412], [-2.518, 51.416], [-2.522, 51.404], [-2.508, 51.409], [-2.494, 51.4], [-2.498, 51.392], [-2.479, 51.39], [-2.456, 51.418], [-2.344, 51.439], [-2.338, 51.456], [-2.367, 51.458], [-2.369, 51.468], [-2.304, 51.486]]]}}, {"type": "Feature", "properties": {"cd": "E30000166", "nm": "Bedford"}, "geometry": {"type": "Polygon", "coordinates": [[[-0.458, 52.32], [-0.436, 52.314], [-0.422, 52.285], [-0.375, 52.28], [-0.374, 52.233], [-0.286, 52.237], [-0.296, 52.21], [-0.262, 52.21], [-0.241, 52.19], [-0.261, 52.176], [-0.217, 52.159], [-0.235, 52.145], [-0.151, 52.144], [-0.149, 52.093], [-0.218, 52.122], [-0.273, 52.111], [-0.276, 52.059], [-0.316, 52.04], [-0.339, 52.052], [-0.363, 52.043], [-0.353, 52.027], [-0.379, 51.997], [-0.422, 51.982], [-0.447, 52.002], [-0.444, 52.018], [-0.522, 51.985], [-0.55, 52.008], [-0.548, 52.022], [-0.669, 52.049], [-0.592, 52.111], [-0.607, 52.133], [-0.635, 52.138], [-0.641, 52.153], [-0.631, 52.155], [-0.627, 52.182], [-0.668, 52.194], [-0.661, 52.208], [-0.637, 52.227], [-0.541, 52.257], [-0.531, 52.27], [-0.542, 52.29], [-0.52, 52.318], [-0.458, 52.32]]]}}, {"type": "Feature", "properties": {"cd": "E30000167", "nm": "Bideford"}, "geometry": {"type": "MultiPolygon", "coordinates": [[[[-4.671, 51.158], [-4.681, 51.172], [-4.678, 51.203], [-4.653, 51.162], [-4.671, 51.158]]], [[[-3.94, 50.826], [-3.961, 50.856], [-3.989, 50.85], [-3.995, 50.869], [-4.036, 50.859], [-4.069, 50.875], [-4.09, 50.867], [-4.103, 50.836], [-4.157, 50.858], [-4.187, 50.852], [-4.185, 50.835], [-4.216, 50.836], [-4.243, 50.862], [-4.266, 50.856], [-4.274, 50.867], [-4.332, 50.849], [-4.326, 50.88], [-4.338, 50.898], [-4.355, 50.896], [-4.365, 50.93], [-4.417, 50.941], [-4.414, 50.969], [-4.426, 50.969], [-4.447, 50.956], [-4.45, 50.956], [-4.446, 50.975], [-4.492, 50.977], [-4.504, 50.97], [-4.491, 50.966], [-4.497, 50.958], [-4.526, 50.953], [-4.536, 50.957], [-4.535, 51.009], [-4.526, 51.022], [-4.47, 51.022], [-4.374, 50.99], [-4.318, 50.993], [-4.217, 51.065], [-4.21, 51.052], [-4.191, 51.055], [-4.207, 51.008], [-4.205, 51.005], [-4.193, 51.0], [-4.204, 50.991], [-4.178, 50.997], [-4.183, 50.992], [-4.19, 50.992], [-4.194, 50.992], [-4.198, 50.989], [-4.193, 50.985], [-4.189, 50.984], [-4.188, 50.983], [-4.19, 50.982], [-4.189, 50.978], [-4.186, 50.976], [-4.188, 50.984], [-4.197, 50.989], [-4.182, 50.992], [-4.177, 50.995], [-4.178, 50.999], [-4.204, 51.008], [-4.199, 51.021], [-4.178, 51.024], [-4.166, 51.015], [-4.116, 51.019], [-4.121, 51.011], [-4.086, 51.003], [-4.034, 51.008], [-4.036, 50.981], [-4.019, 50.969], [-3.959, 50.982], [-3.961, 50.956], [-3.994, 50.948], [-3.997, 50.926], [-3.954, 50.918], [-3.902, 50.926], [-3.904, 50.905], [-3.92, 50.899], [-3.899, 50.878], [-3.926, 50.87], [-3.904, 50.848], [-3.884, 50.848], [-3.906, 50.83], [-3.94, 50.826]]]]}}, {"type": "Feature", "properties": {"cd": "E30000168", "nm": "Birkenhead"}, "geometry": {"type": "MultiPolygon", "coordinates": [[[[-3.224, 53.38], [-3.228, 53.382], [-3.229, 53.385], [-3.224, 53.38], [-3.224, 53.38]]], [[[-3.217, 53.376], [-3.219, 53.377], [-3.222, 53.379], [-3.221, 53.379], [-3.217, 53.376]]], [[[-3.204, 53.37], [-3.207, 53.371], [-3.207, 53.372], [-3.206, 53.372], [-3.204, 53.37]]], [[[-3.026, 53.248], [-3.097, 53.264], [-3.097, 53.272], [-3.078, 53.269], [-3.092, 53.278], [-3.064, 53.273], [-3.091, 53.285], [-3.084, 53.29], [-3.109, 53.29], [-3.097, 53.297], [-3.111, 53.296], [-3.122, 53.323], [-3.085, 53.296], [-3.116, 53.321], [-3.186, 53.364], [-3.2, 53.388], [-3.04, 53.443], [-3.003, 53.375], [-2.929, 53.308], [-3.026, 53.248]]]]}}, {"type": "Feature", "properties": {"cd": "E30000169", "nm": "Birmingham"}, "geometry": {"type": "Polygon", "coordinates": [[[-1.705, 52.731], [-1.657, 52.722], [-1.655, 52.699], [-1.591, 52.698], [-1.552, 52.667], [-1.545, 52.644], [-1.571, 52.635], [-1.554, 52.615], [-1.561, 52.596], [-1.548, 52.592], [-1.562, 52.585], [-1.554, 52.564], [-1.604, 52.532], [-1.626, 52.54], [-1.649, 52.521], [-1.71, 52.519], [-1.673, 52.481], [-1.709, 52.466], [-1.677, 52.438], [-1.688, 52.417], [-1.678, 52.407], [-1.698, 52.383], [-1.716, 52.393], [-1.72, 52.373], [-1.744, 52.355], [-1.78, 52.364], [-1.772, 52.356], [-1.776, 52.35], [-1.768, 52.328], [-1.769, 52.319], [-1.786, 52.322], [-1.776, 52.307], [-1.798, 52.299], [-1.795, 52.287], [-1.831, 52.277], [-1.84, 52.254], [-1.855, 52.251], [-1.848, 52.234], [-1.874, 52.225], [-1.874, 52.235], [-1.897, 52.233], [-1.925, 52.251], [-1.92, 52.21], [-1.996, 52.197], [-2.031, 52.224], [-2.004, 52.231], [-2.019, 52.241], [-2.016, 52.27], [-2.002, 52.28], [-2.092, 52.289], [-2.085, 52.313], [-2.124, 52.315], [-2.113, 52.337], [-2.137, 52.35], [-2.082, 52.389], [-1.986, 52.417], [-2.015, 52.429], [-2.018, 52.474], [-1.964, 52.501], [-1.957, 52.536], [-1.98, 52.543], [-1.969, 52.547], [-1.978, 52.558], [-1.952, 52.565], [-1.964, 52.577], [-1.941, 52.588], [-1.906, 52.582], [-1.908, 52.601], [-1.89, 52.598], [-1.86, 52.619], [-1.819, 52.606], [-1.823, 52.636], [-1.809, 52.647], [-1.833, 52.659], [-1.805, 52.672], [-1.774, 52.656], [-1.733, 52.654], [-1.714, 52.679], [-1.746, 52.697], [-1.726, 52.729], [-1.705, 52.731]]]}}, {"type": "Feature", "properties": {"cd": "E30000170", "nm": "Blackburn"}, "geometry": {"type": "Polygon", "coordinates": [[[-2.367, 54.044], [-2.339, 54.009], [-2.352, 54.011], [-2.352, 53.995], [-2.319, 53.994], [-2.294, 53.974], [-2.23, 53.982], [-2.221, 53.978], [-2.232, 53.971], [-2.226, 53.961], [-2.196, 53.97], [-2.185, 53.952], [-2.246, 53.933], [-2.224, 53.891], [-2.319, 53.862], [-2.318, 53.847], [-2.325, 53.842], [-2.332, 53.842], [-2.334, 53.841], [-2.302, 53.834], [-2.342, 53.795], [-2.328, 53.76], [-2.314, 53.747], [-2.271, 53.742], [-2.252, 53.755], [-2.233, 53.738], [-2.185, 53.731], [-2.163, 53.699], [-2.262, 53.654], [-2.27, 53.645], [-2.257, 53.62], [-2.266, 53.615], [-2.283, 53.621], [-2.299, 53.667], [-2.316, 53.655], [-2.353, 53.658], [-2.371, 53.667], [-2.374, 53.687], [-2.403, 53.696], [-2.425, 53.672], [-2.448, 53.67], [-2.454, 53.622], [-2.508, 53.625], [-2.532, 53.665], [-2.516, 53.692], [-2.54, 53.702], [-2.54, 53.718], [-2.565, 53.742], [-2.551, 53.756], [-2.564, 53.762], [-2.548, 53.776], [-2.581, 53.776], [-2.602, 53.79], [-2.575, 53.79], [-2.578, 53.801], [-2.53, 53.804], [-2.515, 53.815], [-2.528, 53.814], [-2.535, 53.832], [-2.528, 53.873], [-2.543, 53.888], [-2.52, 53.918], [-2.529, 53.934], [-2.501, 53.947], [-2.51, 53.969], [-2.498, 53.989], [-2.452, 54.009], [-2.432, 53.995], [-2.414, 54.004], [-2.44, 54.026], [-2.491, 54.041], [-2.367, 54.044]]]}}, {"type": "Feature", "properties": {"cd": "E30000171", "nm": "Blackpool"}, "geometry": {"type": "MultiPolygon", "coordinates": [[[[-2.953, 53.858], [-2.959, 53.863], [-2.972, 53.865], [-2.966, 53.877], [-2.963, 53.877], [-2.963, 53.878], [-2.992, 53.896], [-2.996, 53.905], [-2.985, 53.904], [-2.999, 53.929], [-2.928, 53.95], [-2.927, 53.939], [-2.944, 53.934], [-2.94, 53.916], [-2.902, 53.905], [-2.938, 53.89], [-2.935, 53.87], [-2.953, 53.858]]], [[[-2.924, 53.731], [-2.952, 53.734], [-2.912, 53.737], [-2.916, 53.744], [-3.007, 53.737], [-3.055, 53.762], [-3.049, 53.921], [-3.006, 53.928], [-3.006, 53.903], [-3.008, 53.908], [-3.015, 53.904], [-2.969, 53.875], [-2.983, 53.858], [-2.944, 53.85], [-2.886, 53.863], [-2.876, 53.858], [-2.89, 53.846], [-2.858, 53.843], [-2.883, 53.824], [-2.868, 53.812], [-2.867, 53.779], [-2.896, 53.781], [-2.88, 53.77], [-2.879, 53.753], [-2.886, 53.752], [-2.892, 53.757], [-2.898, 53.755], [-2.884, 53.735], [-2.924, 53.731]]]]}}, {"type": "Feature", "properties": {"cd": "E30000172", "nm": "Blandford Forum and Gillingham"}, "geometry": {"type": "Polygon", "coordinates": [[[-2.277, 51.155], [-2.248, 51.162], [-2.253, 51.124], [-2.213, 51.11], [-2.235, 51.081], [-2.202, 51.078], [-2.218, 51.055], [-2.189, 51.025], [-2.083, 51.041], [-2.098, 51.027], [-2.089, 51.019], [-2.038, 51.029], [-2.026, 51.016], [-2.035, 50.972], [-2.068, 50.951], [-2.051, 50.918], [-2.066, 50.891], [-2.04, 50.865], [-2.113, 50.813], [-2.163, 50.802], [-2.134, 50.78], [-2.15, 50.767], [-2.197, 50.766], [-2.232, 50.781], [-2.258, 50.778], [-2.266, 50.759], [-2.306, 50.763], [-2.294, 50.774], [-2.317, 50.799], [-2.307, 50.809], [-2.333, 50.812], [-2.324, 50.82], [-2.354, 50.828], [-2.361, 50.847], [-2.399, 50.837], [-2.396, 50.862], [-2.456, 50.862], [-2.48, 50.876], [-2.459, 50.894], [-2.427, 50.885], [-2.403, 50.893], [-2.409, 50.922], [-2.447, 50.934], [-2.43, 50.939], [-2.424, 50.959], [-2.344, 50.98], [-2.382, 51.002], [-2.33, 51.042], [-2.35, 51.069], [-2.326, 51.08], [-2.361, 51.099], [-2.364, 51.119], [-2.345, 51.125], [-2.301, 51.174], [-2.282, 51.17], [-2.277, 51.155]]]}}, {"type": "Feature", "properties": {"cd": "E30000173", "nm": "Blyth and Ashington"}, "geometry": {"type": "MultiPolygon", "coordinates": [[[[-1.538, 55.333], [-1.541, 55.334], [-1.54, 55.337], [-1.537, 55.335], [-1.538, 55.333]]], [[[-1.612, 55.064], [-1.638, 55.065], [-1.648, 55.079], [-1.715, 55.074], [-1.713, 55.094], [-1.822, 55.093], [-1.827, 55.105], [-1.812, 55.116], [-1.831, 55.136], [-1.765, 55.14], [-1.764, 55.161], [-1.742, 55.171], [-1.756, 55.218], [-1.816, 55.236], [-1.863, 55.235], [-1.861, 55.215], [-1.914, 55.214], [-1.909, 55.178], [-1.983, 55.179], [-2.005, 55.196], [-2.069, 55.175], [-2.102, 55.186], [-2.096, 55.196], [-2.167, 55.185], [-2.154, 55.215], [-2.116, 55.236], [-2.159, 55.259], [-2.149, 55.287], [-2.172, 55.311], [-2.211, 55.31], [-2.244, 55.318], [-2.25, 55.333], [-2.288, 55.337], [-2.3, 55.354], [-2.346, 55.373], [-2.33, 55.381], [-2.345, 55.399], [-2.261, 55.433], [-2.206, 55.438], [-2.188, 55.462], [-2.155, 55.469], [-2.107, 55.437], [-2.011, 55.432], [-2.008, 55.42], [-1.984, 55.414], [-1.92, 55.418], [-1.907, 55.443], [-1.918, 55.468], [-1.826, 55.481], [-1.793, 55.497], [-1.807, 55.514], [-1.721, 55.501], [-1.729, 55.509], [-1.649, 55.526], [-1.638, 55.541], [-1.611, 55.522], [-1.614, 55.498], [-1.591, 55.492], [-1.593, 55.44], [-1.575, 55.431], [-1.58, 55.407], [-1.61, 55.386], [-1.621, 55.388], [-1.609, 55.395], [-1.612, 55.398], [-1.618, 55.4], [-1.61, 55.395], [-1.623, 55.39], [-1.615, 55.38], [-1.609, 55.384], [-1.589, 55.345], [-1.571, 55.34], [-1.61, 55.35], [-1.627, 55.349], [-1.572, 55.339], [-1.549, 55.322], [-1.573, 55.275], [-1.499, 55.186], [-1.54, 55.162], [-1.525, 55.161], [-1.487, 55.116], [-1.499, 55.128], [-1.516, 55.136], [-1.519, 55.143], [-1.559, 55.147], [-1.534, 55.138], [-1.563, 55.134], [-1.567, 55.134], [-1.569, 55.131], [-1.518, 55.135], [-1.493, 55.119], [-1.495, 55.102], [-1.567, 55.099], [-1.581, 55.119], [-1.619, 55.114], [-1.595, 55.098], [-1.599, 55.064], [-1.612, 55.064]]]]}}, {"type": "Feature", "properties": {"cd": "E30000174", "nm": "Boston"}, "geometry": {"type": "MultiPolygon", "coordinates": [[[[-0.085, 52.865], [-0.143, 52.885], [-0.157, 52.912], [-0.247, 52.929], [-0.19, 52.996], [-0.225, 53.029], [-0.195, 53.081], [-0.214, 53.089], [-0.226, 53.119], [-0.194, 53.14], [-0.165, 53.146], [-0.172, 53.138], [-0.149, 53.133], [-0.138, 53.148], [-0.113, 53.145], [-0.107, 53.162], [-0.035, 53.172], [-0.007, 53.165], [-0.03, 53.144], [-0.034, 53.118], [0.0, 53.117], [0.014, 53.132], [0.035, 53.122], [0.104, 53.127], [0.121, 53.11], [0.137, 53.113], [0.13, 53.103], [0.147, 53.061], [0.197, 53.034], [0.106, 52.974], [0.074, 52.932], [0.025, 52.939], [-0.009, 52.967], [-0.013, 52.968], [-0.024, 52.967], [-0.022, 52.973], [-0.023, 52.976], [-0.03, 52.982], [-0.026, 52.967], [0.026, 52.938], [0.05, 52.931], [0.078, 52.932], [0.052, 52.919], [0.041, 52.93], [0.049, 52.918], [0.041, 52.923], [0.037, 52.924], [0.033, 52.924], [0.033, 52.926], [0.032, 52.927], [0.03, 52.921], [0.046, 52.916], [0.027, 52.899], [-0.085, 52.865]]], [[[-0.066, 52.863], [-0.069, 52.864], [-0.035, 52.87], [-0.059, 52.864], [-0.066, 52.863]]]]}}, {"type": "Feature", "properties": {"cd": "E30000175", "nm": "Bournemouth"}, "geometry": {"type": "MultiPolygon", "coordinates": [[[[-1.77, 50.731], [-1.772, 50.733], [-1.774, 50.735], [-1.772, 50.736], [-1.77, 50.731]]], [[[-1.91, 50.706], [-1.917, 50.719], [-1.909, 50.724], [-1.922, 50.728], [-1.902, 50.745], [-1.953, 50.757], [-1.941, 50.762], [-1.949, 50.771], [-1.919, 50.775], [-1.939, 50.786], [-1.927, 50.798], [-1.945, 50.801], [-1.928, 50.807], [-1.933, 50.821], [-1.905, 50.823], [-1.886, 50.858], [-1.899, 50.87], [-1.93, 50.865], [-1.979, 50.882], [-1.967, 50.896], [-1.984, 50.907], [-1.99, 50.966], [-1.977, 50.968], [-1.963, 50.944], [-1.961, 50.954], [-1.921, 50.961], [-1.874, 50.917], [-1.842, 50.932], [-1.811, 50.928], [-1.877, 50.901], [-1.849, 50.89], [-1.798, 50.909], [-1.789, 50.894], [-1.751, 50.905], [-1.741, 50.89], [-1.683, 50.911], [-1.686, 50.879], [-1.635, 50.857], [-1.689, 50.784], [-1.643, 50.785], [-1.62, 50.734], [-1.705, 50.737], [-1.76, 50.723], [-1.772, 50.729], [-1.769, 50.73], [-1.769, 50.731], [-1.772, 50.737], [-1.774, 50.738], [-1.771, 50.739], [-1.771, 50.739], [-1.773, 50.741], [-1.779, 50.739], [-1.77, 50.73], [-1.775, 50.731], [-1.787, 50.73], [-1.794, 50.731], [-1.792, 50.732], [-1.791, 50.733], [-1.793, 50.737], [-1.796, 50.74], [-1.799, 50.739], [-1.804, 50.741], [-1.806, 50.741], [-1.794, 50.731], [-1.788, 50.729], [-1.774, 50.73], [-1.769, 50.727], [-1.763, 50.719], [-1.74, 50.722], [-1.749, 50.711], [-1.828, 50.721], [-1.91, 50.706]]]]}}, {"type": "Feature", "properties": {"cd": "E30000176", "nm": "Bridgwater"}, "geometry": {"type": "MultiPolygon", "coordinates": [[[[-3.016, 51.232], [-3.019, 51.233], [-3.02, 51.234], [-3.016, 51.233], [-3.016, 51.232]]], [[[-3.015, 51.223], [-3.018, 51.228], [-3.019, 51.228], [-3.013, 51.227], [-3.015, 51.223]]], [[[-2.888, 51.069], [-2.912, 51.085], [-2.939, 51.085], [-2.94, 51.086], [-2.943, 51.088], [-2.945, 51.091], [-2.966, 51.1], [-2.966, 51.103], [-2.97, 51.105], [-2.974, 51.111], [-2.979, 51.115], [-2.984, 51.117], [-2.994, 51.117], [-3.001, 51.132], [-3.003, 51.134], [-3.002, 51.135], [-3.002, 51.137], [-2.993, 51.141], [-2.992, 51.143], [-2.99, 51.163], [-3.002, 51.162], [-3.002, 51.167], [-3.006, 51.173], [-3.022, 51.177], [-3.03, 51.176], [-3.04, 51.164], [-3.055, 51.177], [-3.026, 51.194], [-3.002, 51.226], [-2.999, 51.222], [-2.985, 51.22], [-2.984, 51.221], [-3.0, 51.227], [-3.004, 51.226], [-3.0, 51.242], [-3.022, 51.266], [-3.012, 51.322], [-3.036, 51.329], [-2.994, 51.321], [-2.986, 51.313], [-2.995, 51.303], [-2.948, 51.271], [-2.947, 51.254], [-2.879, 51.244], [-2.878, 51.229], [-2.858, 51.224], [-2.868, 51.207], [-2.837, 51.191], [-2.853, 51.149], [-2.894, 51.114], [-2.85, 51.103], [-2.857, 51.078], [-2.877, 51.081], [-2.888, 51.069]]], [[[-2.982, 51.041], [-2.997, 51.054], [-3.031, 51.048], [-3.025, 51.06], [-3.049, 51.066], [-3.139, 51.073], [-3.16, 51.091], [-3.142, 51.109], [-3.194, 51.112], [-3.236, 51.142], [-3.225, 51.154], [-3.229, 51.192], [-3.126, 51.211], [-3.065, 51.203], [-3.02, 51.219], [-3.061, 51.174], [-3.057, 51.175], [-3.044, 51.164], [-3.035, 51.163], [-3.02, 51.176], [-3.002, 51.161], [-2.991, 51.162], [-2.993, 51.142], [-3.002, 51.138], [-3.004, 51.134], [-2.996, 51.119], [-2.993, 51.117], [-2.979, 51.115], [-2.966, 51.1], [-2.959, 51.095], [-2.945, 51.091], [-2.943, 51.088], [-2.939, 51.084], [-2.935, 51.083], [-2.948, 51.073], [-2.927, 51.062], [-2.982, 51.041]]]]}}, {"type": "Feature", "properties": {"cd": "E30000177", "nm": "Bridlington"}, "geometry": {"type": "Polygon", "coordinates": [[[-0.388, 54.175], [-0.375, 54.154], [-0.324, 54.15], [-0.304, 54.136], [-0.23, 54.132], [-0.213, 54.158], [-0.076, 54.115], [-0.166, 54.099], [-0.198, 54.078], [-0.215, 54.024], [-0.189, 53.96], [-0.244, 53.968], [-0.259, 53.963], [-0.253, 53.942], [-0.287, 53.94], [-0.28, 53.95], [-0.296, 53.955], [-0.278, 53.973], [-0.314, 53.973], [-0.304, 53.99], [-0.283, 53.994], [-0.315, 54.037], [-0.34, 54.03], [-0.337, 53.994], [-0.352, 53.992], [-0.401, 54.059], [-0.461, 54.053], [-0.494, 54.087], [-0.497, 54.097], [-0.427, 54.137], [-0.433, 54.164], [-0.388, 54.175]]]}}, {"type": "Feature", "properties": {"cd": "E30000178", "nm": "Bridport"}, "geometry": {"type": "Polygon", "coordinates": [[[-2.757, 50.867], [-2.715, 50.864], [-2.724, 50.853], [-2.713, 50.835], [-2.687, 50.829], [-2.701, 50.812], [-2.676, 50.801], [-2.689, 50.79], [-2.65, 50.784], [-2.653, 50.768], [-2.635, 50.742], [-2.648, 50.725], [-2.664, 50.727], [-2.666, 50.707], [-2.631, 50.706], [-2.629, 50.68], [-2.647, 50.669], [-2.762, 50.711], [-2.916, 50.732], [-2.956, 50.764], [-2.887, 50.793], [-2.893, 50.805], [-2.961, 50.816], [-2.942, 50.836], [-2.886, 50.851], [-2.828, 50.849], [-2.811, 50.863], [-2.789, 50.853], [-2.757, 50.867]]]}}, {"type": "Feature", "properties": {"cd": "E30000179", "nm": "Brighton"}, "geometry": {"type": "MultiPolygon", "coordinates": [[[[0.049, 50.795], [0.047, 50.797], [0.049, 50.798], [0.051, 50.795], [0.049, 50.795]]], [[[0.058, 50.782], [0.045, 50.808], [0.043, 50.81], [0.034, 50.81], [0.031, 50.814], [0.027, 50.816], [0.034, 50.845], [0.038, 50.845], [0.049, 50.854], [0.046, 50.857], [0.115, 50.871], [0.125, 50.846], [0.098, 50.82], [0.112, 50.802], [0.058, 50.782]]], [[[0.059, 50.776], [-0.136, 50.819], [-0.247, 50.826], [-0.237, 50.829], [-0.252, 50.831], [-0.244, 50.841], [-0.276, 50.863], [-0.241, 50.865], [-0.244, 50.907], [-0.193, 50.922], [-0.196, 50.936], [-0.183, 50.942], [-0.157, 50.939], [-0.162, 50.913], [-0.133, 50.894], [-0.118, 50.945], [-0.105, 50.943], [-0.106, 50.963], [-0.082, 50.963], [-0.077, 50.94], [-0.093, 50.892], [-0.022, 50.884], [-0.031, 50.874], [-0.023, 50.863], [0.03, 50.856], [0.038, 50.846], [0.034, 50.845], [0.026, 50.834], [0.027, 50.815], [0.034, 50.81], [0.044, 50.808], [0.052, 50.781], [0.059, 50.776]]]]}}, {"type": "Feature", "properties": {"cd": "E30000180", "nm": "Bristol"}, "geometry": {"type": "Polygon", "coordinates": [[[-2.337, 51.73], [-2.3, 51.708], [-2.257, 51.709], [-2.252, 51.696], [-2.287, 51.681], [-2.283, 51.666], [-2.324, 51.633], [-2.294, 51.633], [-2.277, 51.619], [-2.294, 51.589], [-2.26, 51.57], [-2.267, 51.536], [-2.252, 51.527], [-2.324, 51.498], [-2.315, 51.482], [-2.365, 51.472], [-2.367, 51.458], [-2.338, 51.456], [-2.344, 51.439], [-2.456, 51.418], [-2.479, 51.39], [-2.498, 51.392], [-2.494, 51.4], [-2.508, 51.409], [-2.522, 51.404], [-2.52, 51.416], [-2.546, 51.396], [-2.527, 51.383], [-2.533, 51.357], [-2.547, 51.356], [-2.564, 51.378], [-2.596, 51.367], [-2.554, 51.342], [-2.579, 51.317], [-2.563, 51.299], [-2.625, 51.282], [-2.695, 51.318], [-2.687, 51.33], [-2.708, 51.338], [-2.69, 51.353], [-2.7, 51.389], [-2.764, 51.393], [-2.816, 51.423], [-2.811, 51.451], [-2.846, 51.457], [-2.8, 51.485], [-2.733, 51.493], [-2.735, 51.494], [-2.727, 51.498], [-2.731, 51.502], [-2.73, 51.502], [-2.729, 51.503], [-2.685, 51.481], [-2.675, 51.48], [-2.661, 51.486], [-2.651, 51.474], [-2.646, 51.47], [-2.634, 51.467], [-2.631, 51.458], [-2.625, 51.447], [-2.622, 51.446], [-2.571, 51.443], [-2.562, 51.445], [-2.558, 51.446], [-2.622, 51.446], [-2.633, 51.467], [-2.65, 51.475], [-2.648, 51.481], [-2.663, 51.488], [-2.681, 51.482], [-2.718, 51.508], [-2.68, 51.535], [-2.663, 51.574], [-2.628, 51.606], [-2.581, 51.633], [-2.579, 51.631], [-2.567, 51.629], [-2.58, 51.634], [-2.558, 51.666], [-2.483, 51.697], [-2.482, 51.726], [-2.428, 51.739], [-2.419, 51.72], [-2.389, 51.708], [-2.353, 51.725], [-2.364, 51.732], [-2.354, 51.742], [-2.337, 51.73]]]}}, {"type": "Feature", "properties": {"cd": "E30000181", "nm": "Bude"}, "geometry": {"type": "Polygon", "coordinates": [[[-4.474, 50.978], [-4.446, 50.975], [-4.45, 50.956], [-4.414, 50.969], [-4.417, 50.941], [-4.365, 50.93], [-4.355, 50.896], [-4.338, 50.898], [-4.326, 50.88], [-4.332, 50.849], [-4.274, 50.867], [-4.266, 50.856], [-4.243, 50.862], [-4.216, 50.836], [-4.185, 50.835], [-4.187, 50.852], [-4.157, 50.858], [-4.103, 50.836], [-4.09, 50.867], [-4.069, 50.875], [-4.051, 50.862], [-4.06, 50.846], [-4.02, 50.832], [-4.011, 50.816], [-4.049, 50.81], [-4.035, 50.785], [-4.103, 50.796], [-4.101, 50.813], [-4.149, 50.794], [-4.184, 50.796], [-4.191, 50.79], [-4.166, 50.787], [-4.206, 50.775], [-4.186, 50.758], [-4.265, 50.747], [-4.28, 50.733], [-4.267, 50.72], [-4.306, 50.696], [-4.307, 50.717], [-4.327, 50.729], [-4.307, 50.745], [-4.325, 50.776], [-4.308, 50.784], [-4.379, 50.792], [-4.393, 50.778], [-4.362, 50.719], [-4.367, 50.699], [-4.417, 50.693], [-4.449, 50.724], [-4.537, 50.7], [-4.583, 50.722], [-4.562, 50.74], [-4.582, 50.748], [-4.59, 50.767], [-4.563, 50.781], [-4.559, 50.829], [-4.557, 50.831], [-4.55, 50.829], [-4.547, 50.83], [-4.57, 50.904], [-4.546, 50.928], [-4.536, 50.962], [-4.526, 50.953], [-4.499, 50.957], [-4.491, 50.966], [-4.501, 50.972], [-4.474, 50.978]]]}}, {"type": "Feature", "properties": {"cd": "E30000182", "nm": "Burnley"}, "geometry": {"type": "Polygon", "coordinates": [[[-2.179, 53.946], [-2.182, 53.935], [-2.113, 53.915], [-2.081, 53.876], [-2.09, 53.868], [-2.046, 53.85], [-2.047, 53.83], [-2.128, 53.799], [-2.131, 53.751], [-2.173, 53.723], [-2.233, 53.738], [-2.252, 53.755], [-2.269, 53.742], [-2.314, 53.747], [-2.342, 53.795], [-2.302, 53.834], [-2.334, 53.841], [-2.305, 53.871], [-2.224, 53.891], [-2.246, 53.933], [-2.179, 53.946]]]}}, {"type": "Feature", "properties": {"cd": "E30000183", "nm": "Burton upon Trent"}, "geometry": {"type": "Polygon", "coordinates": [[[-1.641, 52.948], [-1.606, 52.946], [-1.593, 52.915], [-1.609, 52.899], [-1.631, 52.905], [-1.665, 52.858], [-1.627, 52.854], [-1.59, 52.831], [-1.579, 52.839], [-1.522, 52.801], [-1.479, 52.829], [-1.441, 52.801], [-1.455, 52.787], [-1.441, 52.78], [-1.434, 52.756], [-1.444, 52.741], [-1.472, 52.743], [-1.489, 52.712], [-1.434, 52.703], [-1.451, 52.688], [-1.43, 52.68], [-1.446, 52.664], [-1.477, 52.678], [-1.494, 52.669], [-1.465, 52.659], [-1.487, 52.648], [-1.471, 52.63], [-1.496, 52.62], [-1.496, 52.604], [-1.534, 52.589], [-1.561, 52.596], [-1.554, 52.615], [-1.571, 52.635], [-1.542, 52.654], [-1.591, 52.698], [-1.655, 52.699], [-1.657, 52.722], [-1.704, 52.732], [-1.747, 52.724], [-1.754, 52.73], [-1.741, 52.738], [-1.767, 52.751], [-1.818, 52.755], [-1.828, 52.769], [-1.81, 52.783], [-1.818, 52.793], [-1.842, 52.796], [-1.854, 52.782], [-1.89, 52.8], [-1.951, 52.807], [-1.968, 52.824], [-1.933, 52.854], [-1.936, 52.871], [-1.961, 52.87], [-1.97, 52.885], [-1.879, 52.859], [-1.867, 52.861], [-1.873, 52.87], [-1.824, 52.883], [-1.857, 52.923], [-1.836, 52.945], [-1.818, 52.943], [-1.824, 52.931], [-1.81, 52.923], [-1.809, 52.902], [-1.792, 52.9], [-1.793, 52.924], [-1.776, 52.927], [-1.719, 52.909], [-1.708, 52.922], [-1.678, 52.922], [-1.658, 52.903], [-1.641, 52.948]]]}}, {"type": "Feature", "properties": {"cd": "E30000184", "nm": "Bury St Edmunds"}, "geometry": {"type": "Polygon", "coordinates": [[[0.863, 52.391], [0.93, 52.389], [0.967, 52.37], [1.068, 52.378], [1.087, 52.346], [1.05, 52.323], [1.068, 52.31], [1.038, 52.305], [1.046, 52.283], [0.95, 52.254], [0.926, 52.235], [0.917, 52.224], [0.928, 52.22], [0.925, 52.197], [0.896, 52.182], [0.894, 52.158], [0.854, 52.162], [0.845, 52.134], [0.909, 52.1], [0.899, 52.081], [0.863, 52.065], [0.855, 52.089], [0.832, 52.086], [0.824, 52.075], [0.841, 52.063], [0.769, 52.041], [0.785, 52.017], [0.707, 52.03], [0.713, 52.035], [0.696, 52.039], [0.716, 52.049], [0.703, 52.065], [0.713, 52.071], [0.684, 52.087], [0.548, 52.072], [0.541, 52.092], [0.572, 52.105], [0.556, 52.134], [0.564, 52.146], [0.554, 52.156], [0.528, 52.151], [0.535, 52.175], [0.494, 52.185], [0.513, 52.215], [0.543, 52.216], [0.564, 52.203], [0.554, 52.226], [0.563, 52.266], [0.595, 52.265], [0.601, 52.285], [0.588, 52.3], [0.602, 52.318], [0.622, 52.308], [0.676, 52.361], [0.794, 52.344], [0.781, 52.339], [0.804, 52.322], [0.838, 52.336], [0.848, 52.359], [0.84, 52.37], [0.856, 52.397], [0.863, 52.391]]]}}, {"type": "Feature", "properties": {"cd": "E30000185", "nm": "Buxton"}, "geometry": {"type": "Polygon", "coordinates": [[[-1.801, 53.481], [-1.745, 53.462], [-1.74, 53.421], [-1.654, 53.392], [-1.673, 53.369], [-1.703, 53.371], [-1.713, 53.341], [-1.735, 53.335], [-1.725, 53.331], [-1.724, 53.301], [-1.682, 53.302], [-1.708, 53.297], [-1.703, 53.272], [-1.762, 53.295], [-1.771, 53.256], [-1.737, 53.243], [-1.81, 53.195], [-1.746, 53.152], [-1.794, 53.142], [-1.79, 53.11], [-1.821, 53.136], [-1.812, 53.153], [-1.832, 53.173], [-1.874, 53.195], [-1.957, 53.214], [-1.962, 53.226], [-1.987, 53.214], [-1.975, 53.231], [-2.009, 53.261], [-2.002, 53.319], [-1.989, 53.298], [-1.96, 53.305], [-1.986, 53.351], [-1.88, 53.364], [-1.883, 53.38], [-1.858, 53.39], [-1.91, 53.411], [-1.865, 53.426], [-1.853, 53.447], [-1.863, 53.46], [-1.828, 53.463], [-1.801, 53.481]]]}}, {"type": "Feature", "properties": {"cd": "E30000186", "nm": "Cambridge"}, "geometry": {"type": "MultiPolygon", "coordinates": [[[[0.051, 52.358], [0.034, 52.386], [0.056, 52.398], [0.044, 52.418], [0.126, 52.438], [0.124, 52.421], [0.239, 52.509], [0.246, 52.501], [0.112, 52.409], [0.051, 52.358]]], [[[0.134, 51.728], [0.114, 51.741], [0.084, 51.735], [0.055, 51.766], [0.059, 51.78], [0.012, 51.765], [0.002, 51.776], [0.009, 51.792], [-0.016, 51.791], [-0.023, 51.774], [-0.048, 51.769], [-0.058, 51.735], [-0.099, 51.736], [-0.086, 51.748], [-0.096, 51.75], [-0.086, 51.779], [-0.112, 51.787], [-0.105, 51.796], [-0.115, 51.81], [-0.063, 51.823], [-0.035, 51.847], [-0.042, 51.862], [-0.085, 51.864], [-0.087, 51.89], [-0.057, 51.915], [-0.107, 51.954], [-0.075, 51.971], [-0.066, 51.957], [-0.039, 51.971], [-0.073, 52.006], [-0.127, 52.021], [-0.134, 52.046], [-0.155, 52.053], [-0.151, 52.144], [-0.235, 52.145], [-0.19, 52.169], [-0.156, 52.167], [-0.142, 52.184], [-0.1, 52.183], [-0.108, 52.207], [-0.153, 52.212], [-0.173, 52.198], [-0.192, 52.201], [-0.187, 52.229], [-0.149, 52.226], [-0.132, 52.243], [-0.103, 52.228], [-0.1, 52.252], [-0.115, 52.264], [-0.102, 52.278], [-0.076, 52.279], [-0.046, 52.315], [-0.007, 52.317], [0.01, 52.342], [0.045, 52.352], [0.256, 52.508], [0.309, 52.514], [0.367, 52.501], [0.381, 52.479], [0.429, 52.455], [0.425, 52.43], [0.375, 52.41], [0.407, 52.362], [0.443, 52.349], [0.424, 52.329], [0.431, 52.316], [0.458, 52.316], [0.517, 52.281], [0.504, 52.255], [0.513, 52.25], [0.512, 52.244], [0.494, 52.248], [0.507, 52.238], [0.529, 52.245], [0.566, 52.218], [0.564, 52.203], [0.543, 52.216], [0.509, 52.214], [0.494, 52.185], [0.535, 52.175], [0.528, 52.151], [0.56, 52.153], [0.556, 52.134], [0.572, 52.105], [0.541, 52.092], [0.548, 52.072], [0.563, 52.073], [0.563, 52.071], [0.542, 52.058], [0.487, 52.06], [0.47, 52.015], [0.414, 52.012], [0.424, 51.973], [0.379, 51.961], [0.325, 51.979], [0.312, 51.972], [0.281, 51.945], [0.296, 51.926], [0.274, 51.927], [0.265, 51.913], [0.274, 51.909], [0.232, 51.869], [0.29, 51.872], [0.299, 51.851], [0.327, 51.855], [0.336, 51.844], [0.25, 51.813], [0.237, 51.776], [0.181, 51.771], [0.161, 51.758], [0.174, 51.736], [0.134, 51.728]]]]}}, {"type": "Feature", "properties": {"cd": "E30000187", "nm": "Canterbury"}, "geometry": {"type": "MultiPolygon", "coordinates": [[[[0.831, 51.356], [0.824, 51.357], [0.822, 51.359], [0.834, 51.356], [0.831, 51.356]]], [[[1.124, 51.296], [1.122, 51.296], [1.125, 51.296], [1.124, 51.296]]], [[[1.021, 51.179], [0.99, 51.188], [1.005, 51.209], [0.986, 51.236], [0.998, 51.251], [0.972, 51.269], [0.822, 51.224], [0.791, 51.231], [0.791, 51.262], [0.75, 51.259], [0.771, 51.297], [0.81, 51.303], [0.814, 51.335], [0.791, 51.334], [0.817, 51.356], [0.874, 51.354], [0.898, 51.344], [0.88, 51.329], [0.915, 51.329], [0.915, 51.327], [0.911, 51.327], [0.893, 51.32], [0.894, 51.321], [0.888, 51.317], [0.916, 51.327], [0.916, 51.33], [0.911, 51.335], [0.896, 51.34], [0.917, 51.345], [1.224, 51.379], [1.229, 51.365], [1.212, 51.366], [1.214, 51.356], [1.25, 51.329], [1.233, 51.332], [1.117, 51.297], [1.159, 51.301], [1.233, 51.332], [1.255, 51.325], [1.25, 51.326], [1.248, 51.326], [1.236, 51.324], [1.229, 51.321], [1.345, 51.308], [1.331, 51.282], [1.265, 51.272], [1.274, 51.263], [1.258, 51.253], [1.288, 51.247], [1.261, 51.227], [1.273, 51.223], [1.268, 51.216], [1.241, 51.214], [1.232, 51.195], [1.216, 51.201], [1.192, 51.184], [1.154, 51.191], [1.148, 51.177], [1.116, 51.188], [1.118, 51.196], [1.091, 51.189], [1.058, 51.205], [1.05, 51.185], [1.021, 51.179]]]]}}, {"type": "Feature", "properties": {"cd": "E30000188", "nm": "Chelmsford"}, "geometry": {"type": "MultiPolygon", "coordinates": [[[[0.881, 51.761], [0.873, 51.763], [0.872, 51.764], [0.884, 51.761], [0.881, 51.761]]], [[[0.842, 51.738], [0.843, 51.74], [0.845, 51.739], [0.843, 51.738], [0.842, 51.738]]], [[[0.878, 51.731], [0.884, 51.737], [0.887, 51.738], [0.886, 51.737], [0.878, 51.731]]], [[[0.772, 51.719], [0.757, 51.722], [0.755, 51.725], [0.788, 51.722], [0.772, 51.719]]], [[[0.848, 51.716], [0.849, 51.717], [0.852, 51.716], [0.85, 51.717], [0.848, 51.716]]], [[[0.724, 51.717], [0.722, 51.719], [0.708, 51.72], [0.721, 51.731], [0.724, 51.717]]], [[[0.739, 51.691], [0.739, 51.692], [0.741, 51.693], [0.741, 51.692], [0.739, 51.691]]], [[[0.696, 51.638], [0.696, 51.639], [0.698, 51.638], [0.697, 51.638], [0.696, 51.638]]], [[[0.75, 51.636], [0.759, 51.641], [0.752, 51.641], [0.751, 51.642], [0.761, 51.642], [0.763, 51.64], [0.75, 51.636]]], [[[0.739, 51.635], [0.737, 51.635], [0.737, 51.636], [0.738, 51.636], [0.739, 51.635]]], [[[0.739, 51.634], [0.739, 51.635], [0.752, 51.636], [0.746, 51.634], [0.739, 51.634]]], [[[0.738, 51.634], [0.733, 51.635], [0.726, 51.638], [0.712, 51.638], [0.718, 51.642], [0.732, 51.642], [0.745, 51.64], [0.744, 51.641], [0.748, 51.642], [0.75, 51.642], [0.746, 51.64], [0.733, 51.641], [0.738, 51.634]]], [[[0.554, 51.617], [0.554, 51.617], [0.555, 51.617], [0.554, 51.617]]], [[[0.29, 51.564], [0.27, 51.6], [0.254, 51.602], [0.264, 51.608], [0.258, 51.614], [0.224, 51.632], [0.2, 51.625], [0.177, 51.652], [0.208, 51.661], [0.215, 51.675], [0.239, 51.674], [0.232, 51.683], [0.246, 51.688], [0.19, 51.705], [0.206, 51.716], [0.179, 51.713], [0.19, 51.733], [0.161, 51.758], [0.181, 51.771], [0.237, 51.776], [0.25, 51.813], [0.336, 51.844], [0.327, 51.855], [0.299, 51.851], [0.29, 51.872], [0.232, 51.869], [0.274, 51.909], [0.265, 51.913], [0.274, 51.927], [0.296, 51.926], [0.283, 51.948], [0.321, 51.979], [0.379, 51.961], [0.424, 51.973], [0.414, 52.012], [0.47, 52.015], [0.488, 52.06], [0.542, 52.058], [0.636, 52.087], [0.707, 52.077], [0.716, 52.049], [0.696, 52.039], [0.712, 52.028], [0.679, 51.998], [0.687, 51.987], [0.66, 51.939], [0.68, 51.926], [0.659, 51.918], [0.711, 51.895], [0.719, 51.87], [0.753, 51.863], [0.733, 51.848], [0.742, 51.84], [0.712, 51.835], [0.721, 51.83], [0.709, 51.819], [0.722, 51.81], [0.718, 51.797], [0.759, 51.776], [0.774, 51.783], [0.765, 51.777], [0.775, 51.769], [0.858, 51.784], [0.895, 51.766], [0.837, 51.774], [0.861, 51.764], [0.856, 51.764], [0.85, 51.757], [0.883, 51.758], [0.847, 51.747], [0.842, 51.739], [0.777, 51.744], [0.736, 51.729], [0.713, 51.738], [0.715, 51.734], [0.708, 51.725], [0.705, 51.724], [0.691, 51.736], [0.664, 51.739], [0.711, 51.713], [0.769, 51.708], [0.738, 51.694], [0.738, 51.687], [0.767, 51.703], [0.773, 51.701], [0.773, 51.688], [0.778, 51.685], [0.78, 51.693], [0.772, 51.704], [0.798, 51.708], [0.793, 51.718], [0.852, 51.716], [0.922, 51.748], [0.951, 51.731], [0.937, 51.636], [0.911, 51.624], [0.795, 51.626], [0.762, 51.644], [0.746, 51.646], [0.664, 51.637], [0.667, 51.643], [0.65, 51.648], [0.658, 51.638], [0.628, 51.642], [0.647, 51.637], [0.608, 51.63], [0.603, 51.638], [0.598, 51.638], [0.595, 51.637], [0.595, 51.638], [0.597, 51.639], [0.6, 51.642], [0.601, 51.644], [0.601, 51.646], [0.596, 51.649], [0.594, 51.637], [0.606, 51.63], [0.556, 51.617], [0.552, 51.631], [0.535, 51.631], [0.55, 51.644], [0.517, 51.646], [0.505, 51.622], [0.461, 51.624], [0.447, 51.627], [0.443, 51.647], [0.402, 51.651], [0.375, 51.615], [0.386, 51.588], [0.29, 51.564]]]]}}, {"type": "Feature", "properties": {"cd": "E30000189", "nm": "Cheltenham"}, "geometry": {"type": "Polygon", "coordinates": [[[-2.091, 52.062], [-2.033, 52.051], [-2.046, 52.016], [-2.029, 52.01], [-2.074, 52.005], [-2.055, 51.989], [-2.023, 51.986], [-1.989, 52.01], [-1.975, 51.99], [-1.992, 51.99], [-1.962, 51.978], [-1.954, 51.988], [-1.934, 51.983], [-1.931, 52.001], [-1.869, 51.994], [-1.883, 51.984], [-1.868, 51.981], [-1.874, 51.965], [-1.911, 51.969], [-1.931, 51.954], [-1.923, 51.935], [-1.887, 51.926], [-1.888, 51.912], [-1.869, 51.908], [-1.881, 51.897], [-1.812, 51.889], [-1.832, 51.867], [-1.803, 51.856], [-1.82, 51.849], [-1.798, 51.81], [-1.805, 51.795], [-1.853, 51.803], [-1.858, 51.822], [-1.933, 51.763], [-1.944, 51.726], [-1.962, 51.738], [-1.984, 51.733], [-2.0, 51.77], [-2.027, 51.795], [-2.016, 51.82], [-2.095, 51.844], [-2.121, 51.82], [-2.153, 51.823], [-2.141, 51.836], [-2.149, 51.875], [-2.185, 51.923], [-2.154, 51.946], [-2.202, 51.94], [-2.196, 51.949], [-2.206, 51.953], [-2.176, 51.997], [-2.221, 51.995], [-2.251, 51.967], [-2.3, 51.967], [-2.327, 51.976], [-2.327, 52.006], [-2.353, 52.014], [-2.348, 52.03], [-2.277, 52.014], [-2.261, 52.029], [-2.273, 52.038], [-2.267, 52.051], [-2.209, 52.043], [-2.183, 52.02], [-2.176, 52.046], [-2.118, 52.042], [-2.119, 52.057], [-2.091, 52.062]]]}}, {"type": "Feature", "properties": {"cd": "E30000190", "nm": "Chesterfield"}, "geometry": {"type": "Polygon", "coordinates": [[[-1.581, 53.313], [-1.525, 53.31], [-1.468, 53.283], [-1.442, 53.309], [-1.425, 53.309], [-1.323, 53.281], [-1.324, 53.295], [-1.311, 53.298], [-1.322, 53.309], [-1.274, 53.311], [-1.239, 53.281], [-1.274, 53.243], [-1.22, 53.241], [-1.282, 53.221], [-1.285, 53.205], [-1.268, 53.195], [-1.267, 53.178], [-1.26, 53.17], [-1.26, 53.165], [-1.323, 53.162], [-1.319, 53.14], [-1.375, 53.124], [-1.371, 53.109], [-1.393, 53.105], [-1.448, 53.104], [-1.495, 53.134], [-1.526, 53.113], [-1.555, 53.119], [-1.606, 53.105], [-1.661, 53.134], [-1.721, 53.135], [-1.81, 53.195], [-1.737, 53.243], [-1.771, 53.256], [-1.762, 53.295], [-1.703, 53.272], [-1.701, 53.281], [-1.664, 53.277], [-1.636, 53.281], [-1.633, 53.296], [-1.597, 53.296], [-1.599, 53.311], [-1.587, 53.322], [-1.581, 53.313]]]}}, {"type": "Feature", "properties": {"cd": "E30000191", "nm": "Chichester and Bognor Regis"}, "geometry": {"type": "MultiPolygon", "coordinates": [[[[-0.543, 50.913], [-0.54, 50.914], [-0.539, 50.915], [-0.537, 50.916], [-0.536, 50.914], [-0.543, 50.913]]], [[[-0.544, 50.896], [-0.544, 50.897], [-0.544, 50.897], [-0.544, 50.896]]], [[[-0.545, 50.889], [-0.549, 50.893], [-0.543, 50.896], [-0.543, 50.892], [-0.545, 50.889]]], [[[-0.532, 50.864], [-0.539, 50.866], [-0.537, 50.866], [-0.536, 50.868], [-0.536, 50.872], [-0.537, 50.874], [-0.526, 50.869], [-0.532, 50.864]]], [[[-0.889, 50.811], [-0.883, 50.812], [-0.888, 50.811], [-0.889, 50.811]]], [[[-0.542, 50.801], [-0.545, 50.808], [-0.552, 50.811], [-0.559, 50.812], [-0.562, 50.819], [-0.566, 50.819], [-0.571, 50.816], [-0.572, 50.823], [-0.576, 50.827], [-0.567, 50.829], [-0.566, 50.83], [-0.568, 50.832], [-0.571, 50.834], [-0.563, 50.838], [-0.56, 50.852], [-0.546, 50.851], [-0.542, 50.853], [-0.539, 50.856], [-0.539, 50.859], [-0.546, 50.86], [-0.544, 50.866], [-0.533, 50.864], [-0.525, 50.867], [-0.525, 50.869], [-0.527, 50.87], [-0.531, 50.873], [-0.54, 50.874], [-0.539, 50.88], [-0.54, 50.882], [-0.542, 50.882], [-0.544, 50.881], [-0.547, 50.884], [-0.529, 50.881], [-0.5, 50.9], [-0.491, 50.885], [-0.48, 50.898], [-0.498, 50.846], [-0.525, 50.848], [-0.53, 50.83], [-0.469, 50.818], [-0.476, 50.803], [-0.542, 50.801]]], [[[-0.912, 50.803], [-0.942, 50.815], [-0.94, 50.83], [-0.912, 50.827], [-0.912, 50.803]]], [[[-0.908, 50.799], [-0.912, 50.8], [-0.912, 50.802], [-0.907, 50.801], [-0.908, 50.799]]], [[[-0.789, 50.723], [-0.917, 50.78], [-0.878, 50.808], [-0.845, 50.799], [-0.825, 50.804], [-0.808, 50.831], [-0.843, 50.805], [-0.869, 50.814], [-0.851, 50.828], [-0.861, 50.828], [-0.859, 50.84], [-0.871, 50.84], [-0.877, 50.811], [-0.892, 50.819], [-0.894, 50.838], [-0.938, 50.832], [-0.935, 50.861], [-0.954, 50.868], [-0.939, 50.874], [-0.958, 50.891], [-0.924, 50.924], [-0.942, 50.943], [-0.901, 51.001], [-0.822, 50.995], [-0.826, 51.016], [-0.771, 51.019], [-0.78, 51.041], [-0.751, 51.023], [-0.704, 51.02], [-0.685, 51.038], [-0.674, 51.019], [-0.635, 51.018], [-0.647, 51.036], [-0.586, 51.054], [-0.586, 51.038], [-0.566, 51.02], [-0.57, 51.002], [-0.538, 50.996], [-0.552, 50.986], [-0.527, 50.974], [-0.534, 50.95], [-0.569, 50.942], [-0.537, 50.916], [-0.552, 50.913], [-0.544, 50.898], [-0.561, 50.888], [-0.555, 50.882], [-0.549, 50.88], [-0.54, 50.881], [-0.541, 50.875], [-0.54, 50.874], [-0.537, 50.874], [-0.536, 50.872], [-0.537, 50.867], [-0.545, 50.866], [-0.547, 50.86], [-0.541, 50.854], [-0.552, 50.854], [-0.56, 50.852], [-0.561, 50.851], [-0.577, 50.826], [-0.573, 50.817], [-0.542, 50.8], [-0.702, 50.778], [-0.753, 50.758], [-0.755, 50.772], [-0.782, 50.768], [-0.787, 50.76], [-0.754, 50.756], [-0.789, 50.723]]]]}}, {"type": "Feature", "properties": {"cd": "E30000192", "nm": "Clacton"}, "geometry": {"type": "MultiPolygon", "coordinates": [[[[1.229, 51.896], [1.223, 51.897], [1.218, 51.898], [1.227, 51.898], [1.229, 51.896]]], [[[1.243, 51.887], [1.231, 51.889], [1.231, 51.902], [1.235, 51.897], [1.245, 51.896], [1.235, 51.891], [1.243, 51.887]]], [[[1.208, 51.882], [1.205, 51.883], [1.205, 51.884], [1.206, 51.884], [1.208, 51.882]]], [[[1.212, 51.882], [1.211, 51.882], [1.21, 51.882], [1.212, 51.882], [1.212, 51.882]]], [[[1.214, 51.881], [1.212, 51.881], [1.216, 51.882], [1.221, 51.882], [1.221, 51.883], [1.222, 51.884], [1.23, 51.885], [1.221, 51.888], [1.23, 51.885], [1.23, 51.885], [1.225, 51.884], [1.223, 51.884], [1.221, 51.882], [1.214, 51.881]]], [[[1.283, 51.876], [1.271, 51.877], [1.263, 51.885], [1.285, 51.877], [1.283, 51.876]]], [[[1.264, 51.873], [1.255, 51.875], [1.255, 51.876], [1.26, 51.876], [1.262, 51.881], [1.264, 51.873]]], [[[1.245, 51.869], [1.228, 51.881], [1.259, 51.884], [1.259, 51.876], [1.25, 51.877], [1.245, 51.869]]], [[[1.263, 51.864], [1.252, 51.869], [1.253, 51.873], [1.265, 51.872], [1.263, 51.864]]], [[[1.269, 51.859], [1.268, 51.859], [1.268, 51.86], [1.268, 51.86], [1.27, 51.859], [1.269, 51.859]]], [[[1.043, 51.77], [1.033, 51.778], [1.029, 51.789], [1.039, 51.774], [1.037, 51.791], [1.018, 51.801], [1.067, 51.797], [1.044, 51.803], [1.068, 51.821], [1.039, 51.853], [1.06, 51.904], [1.072, 51.904], [1.055, 51.939], [1.25, 51.948], [1.278, 51.939], [1.282, 51.945], [1.292, 51.949], [1.297, 51.936], [1.253, 51.918], [1.247, 51.896], [1.231, 51.903], [1.239, 51.902], [1.24, 51.903], [1.23, 51.905], [1.226, 51.904], [1.212, 51.897], [1.228, 51.891], [1.213, 51.89], [1.199, 51.885], [1.21, 51.878], [1.178, 51.872], [1.224, 51.881], [1.213, 51.87], [1.228, 51.873], [1.232, 51.855], [1.27, 51.864], [1.266, 51.862], [1.266, 51.854], [1.269, 51.852], [1.275, 51.855], [1.268, 51.877], [1.291, 51.874], [1.287, 51.859], [1.237, 51.819], [1.132, 51.777], [1.043, 51.77]]]]}}, {"type": "Feature", "properties": {"cd": "E30000193", "nm": "Colchester"}, "geometry": {"type": "MultiPolygon", "coordinates": [[[[0.983, 51.813], [0.978, 51.815], [0.975, 51.817], [0.982, 51.816], [0.983, 51.813]]], [[[0.977, 51.808], [0.976, 51.808], [0.969, 51.811], [0.973, 51.811], [0.977, 51.808]]], [[[1.031, 51.802], [1.026, 51.803], [1.04, 51.804], [1.034, 51.802], [1.031, 51.802]]], [[[0.92, 51.773], [0.898, 51.78], [0.943, 51.807], [1.006, 51.799], [0.92, 51.773]]], [[[0.895, 51.772], [0.895, 51.774], [0.895, 51.775], [0.896, 51.774], [0.895, 51.772]]], [[[0.892, 51.772], [0.885, 51.777], [0.884, 51.779], [0.891, 51.776], [0.892, 51.772]]], [[[0.775, 51.769], [0.765, 51.777], [0.774, 51.783], [0.759, 51.776], [0.718, 51.797], [0.722, 51.81], [0.709, 51.819], [0.721, 51.83], [0.712, 51.835], [0.742, 51.84], [0.733, 51.848], [0.753, 51.863], [0.719, 51.87], [0.711, 51.895], [0.659, 51.918], [0.68, 51.926], [0.66, 51.938], [0.675, 51.951], [0.664, 51.956], [0.699, 52.02], [0.739, 52.032], [0.742, 52.016], [0.785, 52.017], [0.769, 52.041], [0.802, 52.052], [0.835, 52.032], [0.834, 52.013], [0.855, 52.013], [0.852, 52.004], [0.876, 52.009], [0.893, 51.993], [0.943, 52.001], [0.964, 51.973], [0.976, 51.987], [0.968, 51.999], [1.003, 52.003], [0.993, 52.006], [1.015, 52.034], [1.053, 52.023], [1.02, 52.009], [1.026, 51.992], [0.997, 51.981], [1.008, 51.956], [1.048, 51.959], [1.062, 51.946], [1.098, 51.944], [1.084, 51.933], [1.08, 51.943], [1.055, 51.939], [1.072, 51.904], [1.06, 51.904], [1.039, 51.853], [1.064, 51.819], [1.049, 51.823], [1.046, 51.823], [1.045, 51.819], [1.062, 51.813], [1.011, 51.806], [0.983, 51.831], [0.99, 51.838], [1.011, 51.832], [1.014, 51.834], [1.02, 51.834], [1.021, 51.835], [0.985, 51.839], [0.98, 51.848], [0.962, 51.854], [0.951, 51.855], [0.951, 51.863], [0.926, 51.886], [0.915, 51.891], [0.947, 51.866], [0.949, 51.856], [0.95, 51.855], [0.955, 51.853], [0.952, 51.851], [0.951, 51.85], [0.952, 51.849], [0.947, 51.849], [0.945, 51.847], [0.938, 51.848], [0.931, 51.845], [0.928, 51.846], [0.917, 51.845], [0.916, 51.846], [0.913, 51.845], [0.93, 51.845], [0.932, 51.845], [0.933, 51.846], [0.938, 51.848], [0.946, 51.847], [0.953, 51.849], [0.951, 51.851], [0.956, 51.852], [0.955, 51.854], [0.975, 51.847], [0.982, 51.817], [0.966, 51.823], [0.964, 51.829], [0.961, 51.831], [0.953, 51.833], [0.964, 51.822], [0.949, 51.825], [0.944, 51.822], [0.991, 51.807], [0.916, 51.811], [0.937, 51.806], [0.896, 51.782], [0.912, 51.8], [0.908, 51.802], [0.905, 51.802], [0.906, 51.803], [0.906, 51.804], [0.904, 51.804], [0.905, 51.802], [0.909, 51.801], [0.908, 51.799], [0.894, 51.79], [0.893, 51.774], [0.868, 51.792], [0.872, 51.783], [0.833, 51.79], [0.844, 51.779], [0.814, 51.784], [0.775, 51.769]]]]}}, {"type": "Feature", "properties": {"cd": "E30000194", "nm": "Corby"}, "geometry": {"type": "Polygon", "coordinates": [[[-0.666, 52.552], [-0.636, 52.523], [-0.672, 52.507], [-0.606, 52.514], [-0.596, 52.497], [-0.547, 52.513], [-0.499, 52.491], [-0.573, 52.456], [-0.561, 52.428], [-0.589, 52.417], [-0.606, 52.428], [-0.62, 52.422], [-0.628, 52.435], [-0.659, 52.434], [-0.654, 52.448], [-0.684, 52.462], [-0.674, 52.475], [-0.738, 52.458], [-0.808, 52.507], [-0.716, 52.522], [-0.678, 52.558], [-0.666, 52.552]]]}}, {"type": "Feature", "properties": {"cd": "E30000195", "nm": "Coventry"}, "geometry": {"type": "Polygon", "coordinates": [[[-1.453, 52.633], [-1.438, 52.628], [-1.444, 52.613], [-1.428, 52.604], [-1.366, 52.607], [-1.386, 52.566], [-1.416, 52.558], [-1.417, 52.534], [-1.307, 52.494], [-1.175, 52.364], [-1.116, 52.359], [-1.094, 52.376], [-1.061, 52.372], [-1.048, 52.359], [-1.159, 52.322], [-1.133, 52.313], [-1.116, 52.29], [-1.144, 52.28], [-1.177, 52.286], [-1.176, 52.301], [-1.194, 52.314], [-1.265, 52.328], [-1.297, 52.31], [-1.379, 52.318], [-1.384, 52.3], [-1.419, 52.304], [-1.407, 52.319], [-1.436, 52.328], [-1.462, 52.359], [-1.497, 52.348], [-1.472, 52.336], [-1.487, 52.324], [-1.528, 52.319], [-1.564, 52.332], [-1.535, 52.36], [-1.594, 52.357], [-1.592, 52.335], [-1.617, 52.336], [-1.617, 52.348], [-1.661, 52.366], [-1.694, 52.351], [-1.72, 52.357], [-1.722, 52.387], [-1.707, 52.395], [-1.708, 52.385], [-1.693, 52.386], [-1.675, 52.433], [-1.709, 52.464], [-1.673, 52.481], [-1.71, 52.519], [-1.649, 52.521], [-1.626, 52.54], [-1.604, 52.532], [-1.554, 52.564], [-1.562, 52.585], [-1.512, 52.597], [-1.493, 52.607], [-1.496, 52.62], [-1.453, 52.633]]]}}, {"type": "Feature", "properties": {"cd": "E30000196", "nm": "Crawley"}, "geometry": {"type": "MultiPolygon", "coordinates": [[[[-0.545, 50.92], [-0.568, 50.934], [-0.564, 50.949], [-0.504, 50.955], [-0.504, 50.954], [-0.502, 50.952], [-0.503, 50.95], [-0.503, 50.946], [-0.506, 50.944], [-0.51, 50.944], [-0.512, 50.943], [-0.514, 50.942], [-0.512, 50.936], [-0.526, 50.938], [-0.529, 50.938], [-0.534, 50.937], [-0.548, 50.929], [-0.548, 50.925], [-0.545, 50.92]]], [[[-0.44, 50.878], [-0.452, 50.895], [-0.477, 50.885], [-0.483, 50.899], [-0.491, 50.885], [-0.5, 50.9], [-0.529, 50.881], [-0.559, 50.885], [-0.543, 50.892], [-0.551, 50.913], [-0.536, 50.914], [-0.547, 50.929], [-0.512, 50.936], [-0.511, 50.936], [-0.511, 50.938], [-0.514, 50.942], [-0.506, 50.943], [-0.503, 50.946], [-0.502, 50.952], [-0.501, 50.951], [-0.5, 50.951], [-0.497, 50.953], [-0.494, 50.952], [-0.492, 50.952], [-0.486, 50.952], [-0.509, 50.957], [-0.534, 50.954], [-0.523, 50.982], [-0.57, 51.002], [-0.566, 51.02], [-0.586, 51.038], [-0.587, 51.059], [-0.633, 51.074], [-0.629, 51.089], [-0.539, 51.082], [-0.535, 51.094], [-0.503, 51.089], [-0.342, 51.12], [-0.329, 51.176], [-0.35, 51.185], [-0.339, 51.221], [-0.354, 51.229], [-0.336, 51.243], [-0.351, 51.257], [-0.389, 51.256], [-0.397, 51.313], [-0.36, 51.312], [-0.331, 51.329], [-0.303, 51.294], [-0.253, 51.299], [-0.249, 51.288], [-0.23, 51.288], [-0.188, 51.3], [-0.198, 51.272], [-0.188, 51.269], [-0.157, 51.278], [-0.153, 51.302], [-0.118, 51.287], [-0.086, 51.305], [-0.047, 51.262], [-0.024, 51.272], [-0.027, 51.29], [-0.017, 51.289], [0.018, 51.264], [0.053, 51.261], [0.057, 51.244], [0.034, 51.214], [0.061, 51.203], [0.041, 51.196], [0.053, 51.18], [0.05, 51.143], [0.126, 51.147], [0.123, 51.109], [0.105, 51.092], [0.088, 51.091], [0.078, 51.072], [0.072, 51.082], [0.032, 51.072], [0.067, 51.061], [0.066, 51.048], [0.084, 51.038], [0.073, 51.016], [0.047, 51.009], [0.045, 51.027], [0.065, 51.028], [0.046, 51.039], [0.024, 51.024], [-0.021, 51.027], [-0.025, 50.98], [-0.054, 50.979], [-0.072, 50.95], [-0.083, 50.949], [-0.082, 50.963], [-0.106, 50.963], [-0.105, 50.943], [-0.118, 50.945], [-0.133, 50.894], [-0.162, 50.913], [-0.157, 50.939], [-0.182, 50.942], [-0.196, 50.936], [-0.193, 50.922], [-0.277, 50.898], [-0.31, 50.928], [-0.309, 50.931], [-0.303, 50.935], [-0.293, 50.945], [-0.293, 50.947], [-0.279, 50.95], [-0.275, 50.952], [-0.275, 50.955], [-0.293, 50.947], [-0.301, 50.937], [-0.32, 50.949], [-0.352, 50.941], [-0.361, 50.924], [-0.345, 50.92], [-0.347, 50.895], [-0.38, 50.886], [-0.393, 50.893], [-0.413, 50.88], [-0.431, 50.893], [-0.44, 50.878]]]]}}, {"type": "Feature", "properties": {"cd": "E30000197", "nm": "Crewe"}, "geometry": {"type": "Polygon", "coordinates": [[[-2.378, 53.319], [-2.35, 53.319], [-2.342, 53.305], [-2.267, 53.28], [-2.305, 53.267], [-2.291, 53.252], [-2.309, 53.246], [-2.306, 53.23], [-2.225, 53.198], [-2.21, 53.176], [-2.251, 53.166], [-2.187, 53.136], [-2.211, 53.116], [-2.245, 53.124], [-2.256, 53.103], [-2.237, 53.104], [-2.247, 53.09], [-2.318, 53.081], [-2.348, 53.056], [-2.381, 53.053], [-2.384, 53.026], [-2.37, 53.015], [-2.38, 52.999], [-2.438, 52.986], [-2.435, 52.97], [-2.481, 52.959], [-2.521, 52.974], [-2.532, 52.947], [-2.561, 52.965], [-2.587, 52.956], [-2.595, 52.98], [-2.633, 52.997], [-2.675, 52.986], [-2.699, 52.995], [-2.669, 53.039], [-2.702, 53.054], [-2.718, 53.044], [-2.753, 53.069], [-2.732, 53.092], [-2.711, 53.094], [-2.706, 53.118], [-2.671, 53.116], [-2.623, 53.151], [-2.591, 53.145], [-2.597, 53.159], [-2.562, 53.163], [-2.543, 53.15], [-2.487, 53.171], [-2.511, 53.183], [-2.522, 53.17], [-2.543, 53.181], [-2.561, 53.173], [-2.584, 53.199], [-2.652, 53.205], [-2.667, 53.238], [-2.604, 53.252], [-2.607, 53.262], [-2.591, 53.271], [-2.604, 53.281], [-2.588, 53.299], [-2.53, 53.298], [-2.505, 53.27], [-2.478, 53.29], [-2.393, 53.283], [-2.388, 53.308], [-2.398, 53.312], [-2.378, 53.319]]]}}, {"type": "Feature", "properties": {"cd": "E30000198", "nm": "Cromer and Sheringham"}, "geometry": {"type": "MultiPolygon", "coordinates": [[[[1.045, 52.965], [1.045, 52.965], [1.044, 52.965], [1.044, 52.966], [1.045, 52.965], [1.045, 52.965]]], [[[1.027, 52.965], [1.026, 52.965], [1.028, 52.966], [1.027, 52.965]]], [[[1.025, 52.965], [1.024, 52.965], [1.026, 52.966], [1.025, 52.965]]], [[[0.946, 52.959], [0.947, 52.964], [0.963, 52.96], [0.959, 52.961], [0.946, 52.959]]], [[[0.872, 52.96], [0.864, 52.962], [0.864, 52.966], [0.875, 52.967], [0.872, 52.96]]], [[[0.998, 52.956], [0.996, 52.957], [0.992, 52.958], [0.998, 52.959], [0.998, 52.958], [0.999, 52.958], [0.998, 52.958], [0.999, 52.957], [0.998, 52.956]]], [[[1.016, 52.956], [1.013, 52.959], [1.01, 52.96], [1.013, 52.958], [1.01, 52.958], [1.01, 52.959], [1.008, 52.959], [1.007, 52.956], [1.005, 52.958], [1.003, 52.958], [1.001, 52.958], [1.001, 52.957], [1.0, 52.958], [0.998, 52.958], [0.998, 52.959], [0.997, 52.959], [0.998, 52.961], [0.99, 52.96], [0.987, 52.963], [1.014, 52.964], [1.016, 52.956]]], [[[0.872, 52.959], [0.875, 52.964], [0.88, 52.963], [0.885, 52.964], [0.875, 52.964], [0.876, 52.967], [0.88, 52.967], [0.881, 52.965], [0.884, 52.965], [0.89, 52.967], [0.893, 52.969], [0.893, 52.97], [0.905, 52.963], [0.898, 52.961], [0.897, 52.96], [0.896, 52.961], [0.892, 52.962], [0.888, 52.96], [0.887, 52.959], [0.885, 52.96], [0.88, 52.959], [0.879, 52.96], [0.875, 52.961], [0.872, 52.959]]], [[[0.854, 52.958], [0.854, 52.964], [0.863, 52.968], [0.855, 52.968], [0.868, 52.98], [0.892, 52.97], [0.865, 52.97], [0.854, 52.958]]], [[[0.857, 52.958], [0.864, 52.961], [0.871, 52.96], [0.869, 52.958], [0.857, 52.958]]], [[[0.99, 52.798], [0.934, 52.827], [0.878, 52.824], [0.89, 52.864], [0.925, 52.874], [0.91, 52.886], [0.907, 52.925], [0.849, 52.935], [0.788, 52.908], [0.781, 52.977], [0.844, 52.977], [0.851, 52.958], [0.87, 52.955], [0.923, 52.96], [0.92, 52.966], [0.937, 52.961], [0.929, 52.957], [1.016, 52.956], [1.036, 52.967], [1.041, 52.953], [1.046, 52.96], [1.046, 52.966], [0.996, 52.977], [0.958, 52.969], [0.978, 52.98], [0.994, 52.978], [1.124, 52.951], [1.251, 52.942], [1.342, 52.92], [1.445, 52.874], [1.409, 52.831], [1.363, 52.842], [1.336, 52.83], [1.328, 52.85], [1.303, 52.846], [1.31, 52.805], [1.218, 52.829], [1.193, 52.815], [1.167, 52.83], [1.145, 52.824], [1.15, 52.812], [1.102, 52.829], [1.09, 52.817], [0.99, 52.798]]]]}}, {"type": "Feature", "properties": {"cd": "E30000199", "nm": "Darlington"}, "geometry": {"type": "Polygon", "coordinates": [[[-1.634, 54.616], [-1.586, 54.616], [-1.593, 54.595], [-1.576, 54.58], [-1.526, 54.596], [-1.469, 54.601], [-1.444, 54.59], [-1.423, 54.603], [-1.408, 54.594], [-1.411, 54.565], [-1.447, 54.556], [-1.45, 54.533], [-1.421, 54.52], [-1.433, 54.489], [-1.46, 54.504], [-1.475, 54.499], [-1.458, 54.493], [-1.455, 54.453], [-1.546, 54.445], [-1.544, 54.424], [-1.576, 54.418], [-1.589, 54.427], [-1.577, 54.448], [-1.609, 54.441], [-1.617, 54.457], [-1.652, 54.463], [-1.698, 54.454], [-1.762, 54.473], [-1.755, 54.482], [-1.815, 54.474], [-1.859, 54.451], [-1.943, 54.453], [-1.859, 54.482], [-1.858, 54.504], [-1.839, 54.508], [-1.793, 54.484], [-1.776, 54.507], [-1.78, 54.532], [-1.733, 54.528], [-1.722, 54.542], [-1.754, 54.552], [-1.812, 54.529], [-1.815, 54.546], [-1.853, 54.551], [-1.856, 54.562], [-1.817, 54.557], [-1.793, 54.566], [-1.795, 54.575], [-1.761, 54.576], [-1.774, 54.587], [-1.767, 54.603], [-1.681, 54.598], [-1.682, 54.618], [-1.634, 54.616]]]}}, {"type": "Feature", "properties": {"cd": "E30000200", "nm": "Derby"}, "geometry": {"type": "Polygon", "coordinates": [[[-1.729, 53.141], [-1.634, 53.126], [-1.606, 53.105], [-1.555, 53.119], [-1.526, 53.113], [-1.495, 53.134], [-1.448, 53.104], [-1.405, 53.107], [-1.407, 53.089], [-1.366, 53.079], [-1.36, 53.061], [-1.336, 53.054], [-1.387, 53.027], [-1.376, 53.019], [-1.402, 52.993], [-1.401, 52.982], [-1.372, 52.973], [-1.325, 52.971], [-1.341, 52.963], [-1.326, 52.949], [-1.342, 52.942], [-1.325, 52.939], [-1.358, 52.927], [-1.362, 52.907], [-1.341, 52.914], [-1.328, 52.875], [-1.271, 52.875], [-1.272, 52.859], [-1.303, 52.846], [-1.375, 52.783], [-1.445, 52.803], [-1.479, 52.829], [-1.522, 52.801], [-1.579, 52.839], [-1.59, 52.831], [-1.627, 52.854], [-1.665, 52.858], [-1.631, 52.905], [-1.609, 52.899], [-1.593, 52.915], [-1.607, 52.947], [-1.65, 52.945], [-1.658, 52.903], [-1.678, 52.922], [-1.708, 52.922], [-1.719, 52.909], [-1.776, 52.927], [-1.793, 52.924], [-1.789, 52.901], [-1.809, 52.902], [-1.81, 52.923], [-1.824, 52.931], [-1.818, 52.943], [-1.834, 52.955], [-1.826, 52.977], [-1.87, 52.987], [-1.886, 53.017], [-1.831, 53.033], [-1.796, 53.013], [-1.785, 53.025], [-1.795, 53.039], [-1.776, 53.059], [-1.794, 53.088], [-1.783, 53.097], [-1.794, 53.142], [-1.746, 53.152], [-1.729, 53.141]]]}}, {"type": "Feature", "properties": {"cd": "E30000201", "nm": "Doncaster"}, "geometry": {"type": "Polygon", "coordinates": [[[-0.993, 53.655], [-0.987, 53.617], [-1.087, 53.595], [-1.091, 53.592], [-1.091, 53.591], [-1.082, 53.571], [-1.091, 53.564], [-1.093, 53.554], [-1.091, 53.563], [-1.082, 53.567], [-1.081, 53.572], [-1.091, 53.592], [-0.992, 53.613], [-0.986, 53.617], [-0.982, 53.624], [-0.99, 53.659], [-0.947, 53.659], [-0.865, 53.638], [-0.898, 53.583], [-0.892, 53.538], [-0.944, 53.531], [-0.95, 53.514], [-0.932, 53.511], [-0.935, 53.503], [-0.986, 53.472], [-0.996, 53.437], [-1.023, 53.424], [-1.087, 53.426], [-1.108, 53.406], [-1.146, 53.412], [-1.136, 53.424], [-1.17, 53.435], [-1.238, 53.433], [-1.258, 53.454], [-1.255, 53.481], [-1.299, 53.476], [-1.29, 53.491], [-1.31, 53.498], [-1.313, 53.514], [-1.281, 53.517], [-1.286, 53.527], [-1.276, 53.53], [-1.349, 53.583], [-1.308, 53.575], [-1.258, 53.592], [-1.248, 53.616], [-1.217, 53.624], [-1.21, 53.643], [-1.135, 53.633], [-1.122, 53.647], [-0.993, 53.655]]]}}, {"type": "Feature", "properties": {"cd": "E30000202", "nm": "Dudley"}, "geometry": {"type": "Polygon", "coordinates": [[[-2.017, 52.569], [-1.979, 52.559], [-1.969, 52.547], [-1.98, 52.543], [-1.957, 52.535], [-1.964, 52.501], [-2.018, 52.476], [-2.015, 52.429], [-1.986, 52.417], [-1.998, 52.41], [-2.082, 52.389], [-2.119, 52.359], [-2.133, 52.392], [-2.191, 52.397], [-2.191, 52.409], [-2.159, 52.411], [-2.168, 52.424], [-2.212, 52.433], [-2.206, 52.424], [-2.242, 52.415], [-2.251, 52.428], [-2.242, 52.437], [-2.295, 52.449], [-2.288, 52.461], [-2.239, 52.465], [-2.239, 52.49], [-2.216, 52.495], [-2.241, 52.528], [-2.189, 52.521], [-2.166, 52.544], [-2.131, 52.543], [-2.122, 52.557], [-2.086, 52.534], [-2.087, 52.543], [-2.017, 52.569]]]}}, {"type": "Feature", "properties": {"cd": "E30000203", "nm": "Durham and Bishop Auckland"}, "geometry": {"type": "Polygon", "coordinates": [[[-1.99, 54.87], [-1.952, 54.852], [-2.014, 54.829], [-2.032, 54.8], [-1.975, 54.771], [-1.945, 54.797], [-1.881, 54.778], [-1.868, 54.794], [-1.822, 54.805], [-1.791, 54.801], [-1.804, 54.794], [-1.796, 54.789], [-1.779, 54.799], [-1.747, 54.794], [-1.702, 54.773], [-1.648, 54.783], [-1.657, 54.792], [-1.646, 54.795], [-1.604, 54.777], [-1.606, 54.789], [-1.545, 54.791], [-1.525, 54.805], [-1.54, 54.814], [-1.529, 54.819], [-1.535, 54.828], [-1.504, 54.837], [-1.482, 54.81], [-1.494, 54.8], [-1.438, 54.801], [-1.468, 54.791], [-1.472, 54.779], [-1.406, 54.769], [-1.411, 54.753], [-1.443, 54.754], [-1.463, 54.734], [-1.409, 54.728], [-1.395, 54.719], [-1.394, 54.685], [-1.335, 54.689], [-1.333, 54.673], [-1.348, 54.662], [-1.341, 54.65], [-1.384, 54.646], [-1.413, 54.617], [-1.451, 54.611], [-1.443, 54.591], [-1.485, 54.6], [-1.583, 54.581], [-1.593, 54.595], [-1.585, 54.615], [-1.619, 54.619], [-1.682, 54.618], [-1.681, 54.598], [-1.774, 54.601], [-1.761, 54.576], [-1.795, 54.575], [-1.793, 54.566], [-1.817, 54.557], [-1.857, 54.561], [-1.815, 54.546], [-1.812, 54.529], [-1.754, 54.552], [-1.722, 54.542], [-1.733, 54.528], [-1.78, 54.532], [-1.776, 54.507], [-1.793, 54.484], [-1.839, 54.508], [-1.858, 54.504], [-1.859, 54.482], [-1.943, 54.453], [-1.97, 54.452], [-2.045, 54.475], [-2.043, 54.484], [-2.17, 54.458], [-2.159, 54.472], [-2.173, 54.532], [-2.198, 54.533], [-2.209, 54.552], [-2.305, 54.596], [-2.325, 54.632], [-2.288, 54.65], [-2.293, 54.664], [-2.327, 54.671], [-2.356, 54.698], [-2.326, 54.727], [-2.312, 54.791], [-2.283, 54.798], [-2.219, 54.782], [-2.199, 54.807], [-2.169, 54.804], [-2.14, 54.842], [-2.082, 54.838], [-1.99, 54.87]]]}}, {"type": "Feature", "properties": {"cd": "E30000204", "nm": "Eastbourne"}, "geometry": {"type": "MultiPolygon", "coordinates": [[[[0.011, 50.887], [0.009, 50.888], [0.005, 50.889], [0.003, 50.889], [0.001, 50.889], [0.0, 50.89], [0.01, 50.895], [0.011, 50.887]]], [[[0.241, 50.735], [0.149, 50.759], [0.15, 50.766], [0.146, 50.774], [0.142, 50.777], [0.143, 50.778], [0.142, 50.779], [0.148, 50.786], [0.147, 50.788], [0.145, 50.79], [0.154, 50.792], [0.157, 50.794], [0.165, 50.816], [0.144, 50.79], [0.148, 50.785], [0.142, 50.779], [0.142, 50.777], [0.148, 50.759], [0.067, 50.782], [0.112, 50.802], [0.098, 50.82], [0.127, 50.857], [0.097, 50.872], [0.038, 50.847], [0.023, 50.872], [-0.002, 50.887], [-0.0, 50.889], [0.011, 50.886], [0.016, 50.888], [0.01, 50.895], [0.019, 50.897], [0.021, 50.899], [0.022, 50.901], [0.02, 50.902], [0.024, 50.904], [0.025, 50.905], [0.03, 50.904], [0.033, 50.904], [0.034, 50.905], [0.033, 50.915], [0.034, 50.915], [0.036, 50.915], [0.036, 50.915], [0.038, 50.914], [0.042, 50.913], [0.043, 50.914], [0.037, 50.916], [0.033, 50.916], [0.031, 50.914], [0.034, 50.906], [0.025, 50.905], [0.02, 50.902], [0.019, 50.898], [0.011, 50.897], [-0.001, 50.889], [-0.003, 50.887], [-0.002, 50.886], [0.0, 50.885], [0.001, 50.884], [0.007, 50.879], [0.023, 50.871], [0.018, 50.86], [-0.023, 50.863], [-0.031, 50.874], [-0.022, 50.884], [-0.093, 50.892], [-0.076, 50.95], [-0.059, 50.961], [-0.064, 50.971], [-0.02, 50.985], [-0.022, 51.027], [0.024, 51.024], [0.046, 51.039], [0.065, 51.028], [0.045, 51.027], [0.047, 51.009], [0.118, 51.012], [0.133, 50.999], [0.127, 50.982], [0.144, 50.998], [0.153, 50.991], [0.184, 51.002], [0.219, 50.984], [0.178, 50.978], [0.183, 50.967], [0.209, 50.973], [0.231, 50.948], [0.275, 50.943], [0.324, 50.964], [0.344, 50.959], [0.338, 50.948], [0.367, 50.933], [0.358, 50.913], [0.374, 50.898], [0.345, 50.891], [0.336, 50.878], [0.35, 50.877], [0.351, 50.863], [0.334, 50.849], [0.352, 50.851], [0.378, 50.82], [0.241, 50.735]]]]}}, {"type": "Feature", "properties": {"cd": "E30000205", "nm": "Evesham"}, "geometry": {"type": "Polygon", "coordinates": [[[-2.031, 52.171], [-2.0, 52.167], [-1.983, 52.151], [-1.993, 52.133], [-1.975, 52.125], [-1.944, 52.155], [-1.922, 52.153], [-1.903, 52.133], [-1.885, 52.147], [-1.889, 52.156], [-1.854, 52.139], [-1.84, 52.153], [-1.823, 52.136], [-1.786, 52.132], [-1.791, 52.12], [-1.757, 52.116], [-1.79, 52.106], [-1.78, 52.085], [-1.729, 52.1], [-1.731, 52.073], [-1.702, 52.073], [-1.694, 52.04], [-1.664, 52.031], [-1.624, 52.039], [-1.619, 52.029], [-1.67, 51.993], [-1.662, 51.964], [-1.615, 51.938], [-1.646, 51.922], [-1.633, 51.899], [-1.662, 51.894], [-1.687, 51.866], [-1.679, 51.853], [-1.712, 51.84], [-1.73, 51.838], [-1.741, 51.858], [-1.811, 51.855], [-1.832, 51.867], [-1.812, 51.889], [-1.881, 51.897], [-1.869, 51.908], [-1.888, 51.912], [-1.887, 51.926], [-1.923, 51.935], [-1.932, 51.957], [-1.911, 51.969], [-1.874, 51.965], [-1.868, 51.981], [-1.883, 51.984], [-1.869, 51.994], [-1.931, 52.001], [-1.934, 51.983], [-1.954, 51.988], [-1.962, 51.978], [-1.992, 51.99], [-1.975, 51.99], [-1.989, 52.01], [-2.037, 51.983], [-2.074, 52.005], [-2.029, 52.01], [-2.046, 52.016], [-2.033, 52.051], [-2.092, 52.063], [-2.119, 52.057], [-2.118, 52.042], [-2.171, 52.048], [-2.175, 52.059], [-2.15, 52.075], [-2.158, 52.085], [-2.144, 52.123], [-2.113, 52.116], [-2.078, 52.131], [-2.09, 52.147], [-2.055, 52.148], [-2.057, 52.158], [-2.031, 52.171]]]}}, {"type": "Feature", "properties": {"cd": "E30000206", "nm": "Exeter"}, "geometry": {"type": "Polygon", "coordinates": [[[-3.478, 51.032], [-3.415, 51.027], [-3.411, 50.985], [-3.453, 50.976], [-3.444, 50.952], [-3.381, 50.963], [-3.371, 50.95], [-3.335, 50.949], [-3.331, 50.938], [-3.316, 50.945], [-3.323, 50.934], [-3.303, 50.926], [-3.315, 50.924], [-3.308, 50.905], [-3.324, 50.884], [-3.283, 50.888], [-3.278, 50.868], [-3.233, 50.895], [-3.209, 50.877], [-3.182, 50.876], [-3.11, 50.902], [-3.11, 50.885], [-3.093, 50.878], [-3.096, 50.848], [-3.06, 50.847], [-3.044, 50.808], [-3.157, 50.801], [-3.197, 50.756], [-3.234, 50.763], [-3.249, 50.739], [-3.322, 50.737], [-3.337, 50.7], [-3.324, 50.69], [-3.288, 50.698], [-3.294, 50.682], [-3.271, 50.686], [-3.262, 50.672], [-3.301, 50.631], [-3.309, 50.648], [-3.307, 50.63], [-3.349, 50.62], [-3.359, 50.607], [-3.426, 50.618], [-3.416, 50.63], [-3.45, 50.684], [-3.459, 50.686], [-3.458, 50.688], [-3.459, 50.69], [-3.46, 50.69], [-3.46, 50.691], [-3.459, 50.693], [-3.461, 50.695], [-3.458, 50.696], [-3.459, 50.693], [-3.458, 50.693], [-3.457, 50.693], [-3.455, 50.697], [-3.456, 50.697], [-3.459, 50.697], [-3.459, 50.697], [-3.457, 50.698], [-3.457, 50.7], [-3.463, 50.702], [-3.46, 50.685], [-3.452, 50.682], [-3.456, 50.675], [-3.479, 50.69], [-3.486, 50.69], [-3.491, 50.694], [-3.497, 50.694], [-3.501, 50.698], [-3.501, 50.7], [-3.504, 50.703], [-3.511, 50.701], [-3.502, 50.699], [-3.502, 50.698], [-3.498, 50.694], [-3.469, 50.682], [-3.444, 50.602], [-3.425, 50.611], [-3.467, 50.578], [-3.469, 50.563], [-3.5, 50.541], [-3.613, 50.541], [-3.59, 50.534], [-3.595, 50.525], [-3.595, 50.524], [-3.586, 50.536], [-3.57, 50.516], [-3.627, 50.515], [-3.63, 50.498], [-3.602, 50.496], [-3.614, 50.469], [-3.728, 50.46], [-3.786, 50.425], [-3.843, 50.436], [-3.873, 50.424], [-3.901, 50.452], [-3.899, 50.474], [-3.88, 50.487], [-3.893, 50.514], [-3.875, 50.545], [-3.87, 50.571], [-3.883, 50.594], [-3.872, 50.613], [-3.897, 50.655], [-3.937, 50.66], [-3.936, 50.689], [-3.973, 50.706], [-4.019, 50.673], [-4.046, 50.695], [-4.062, 50.687], [-4.044, 50.729], [-4.131, 50.729], [-4.206, 50.775], [-4.166, 50.787], [-4.191, 50.79], [-4.184, 50.796], [-4.149, 50.794], [-4.101, 50.813], [-4.103, 50.796], [-4.035, 50.785], [-4.049, 50.81], [-4.011, 50.816], [-4.02, 50.832], [-4.06, 50.846], [-4.04, 50.869], [-4.036, 50.859], [-3.995, 50.869], [-3.997, 50.855], [-3.989, 50.85], [-3.961, 50.856], [-3.94, 50.826], [-3.906, 50.83], [-3.884, 50.848], [-3.904, 50.848], [-3.925, 50.868], [-3.899, 50.878], [-3.92, 50.898], [-3.912, 50.904], [-3.817, 50.915], [-3.817, 50.902], [-3.783, 50.902], [-3.755, 50.876], [-3.728, 50.911], [-3.621, 50.922], [-3.596, 50.944], [-3.598, 50.967], [-3.62, 50.968], [-3.629, 51.006], [-3.605, 50.99], [-3.603, 51.007], [-3.535, 51.003], [-3.52, 51.026], [-3.478, 51.032]]]}}, {"type": "Feature", "properties": {"cd": "E30000208", "nm": "Folkestone and Dover"}, "geometry": {"type": "Polygon", "coordinates": [[[1.372, 51.204], [1.386, 51.196], [1.365, 51.182], [1.369, 51.174], [1.401, 51.165], [1.343, 51.122], [1.338, 51.129], [1.31, 51.117], [1.328, 51.111], [1.216, 51.097], [1.186, 51.079], [1.195, 51.076], [1.076, 51.063], [0.996, 51.024], [0.964, 50.968], [0.978, 50.913], [0.855, 50.924], [0.868, 50.933], [0.856, 50.953], [0.841, 50.958], [0.813, 50.942], [0.777, 50.975], [0.831, 51.049], [0.839, 51.031], [0.855, 51.032], [0.87, 51.052], [0.894, 51.037], [0.903, 51.05], [0.969, 51.063], [0.985, 51.097], [0.98, 51.112], [1.029, 51.133], [1.009, 51.145], [1.017, 51.161], [0.998, 51.165], [1.003, 51.179], [1.05, 51.185], [1.058, 51.205], [1.091, 51.189], [1.118, 51.196], [1.116, 51.188], [1.148, 51.177], [1.154, 51.191], [1.196, 51.184], [1.216, 51.201], [1.241, 51.191], [1.232, 51.181], [1.258, 51.191], [1.279, 51.185], [1.286, 51.17], [1.335, 51.187], [1.34, 51.178], [1.356, 51.195], [1.351, 51.206], [1.372, 51.204]]]}}, {"type": "Feature", "properties": {"cd": "E30000209", "nm": "Gloucester"}, "geometry": {"type": "Polygon", "coordinates": [[[-2.471, 52.024], [-2.436, 52.015], [-2.437, 51.997], [-2.421, 51.994], [-2.351, 52.021], [-2.325, 52.004], [-2.327, 51.976], [-2.3, 51.967], [-2.251, 51.967], [-2.221, 51.995], [-2.176, 51.997], [-2.205, 51.958], [-2.203, 51.941], [-2.154, 51.946], [-2.185, 51.923], [-2.149, 51.875], [-2.141, 51.836], [-2.153, 51.823], [-2.084, 51.789], [-2.073, 51.77], [-2.103, 51.767], [-2.107, 51.748], [-2.069, 51.738], [-2.134, 51.723], [-2.124, 51.705], [-2.15, 51.689], [-2.201, 51.693], [-2.212, 51.682], [-2.188, 51.67], [-2.192, 51.66], [-2.233, 51.661], [-2.273, 51.685], [-2.252, 51.696], [-2.257, 51.709], [-2.3, 51.708], [-2.354, 51.742], [-2.364, 51.732], [-2.353, 51.725], [-2.38, 51.709], [-2.419, 51.72], [-2.428, 51.739], [-2.379, 51.766], [-2.445, 51.79], [-2.435, 51.81], [-2.424, 51.815], [-2.413, 51.805], [-2.374, 51.793], [-2.354, 51.794], [-2.347, 51.798], [-2.346, 51.804], [-2.362, 51.822], [-2.349, 51.829], [-2.351, 51.846], [-2.309, 51.847], [-2.301, 51.834], [-2.295, 51.832], [-2.29, 51.835], [-2.29, 51.839], [-2.279, 51.845], [-2.288, 51.859], [-2.26, 51.862], [-2.268, 51.889], [-2.27, 51.868], [-2.289, 51.86], [-2.28, 51.845], [-2.29, 51.84], [-2.292, 51.834], [-2.308, 51.847], [-2.352, 51.847], [-2.35, 51.83], [-2.363, 51.825], [-2.362, 51.811], [-2.348, 51.803], [-2.361, 51.795], [-2.423, 51.819], [-2.409, 51.823], [-2.41, 51.834], [-2.429, 51.847], [-2.453, 51.828], [-2.474, 51.832], [-2.466, 51.852], [-2.481, 51.886], [-2.446, 51.894], [-2.439, 51.9], [-2.466, 51.928], [-2.465, 51.952], [-2.501, 51.961], [-2.495, 51.981], [-2.471, 51.995], [-2.491, 52.01], [-2.471, 52.024]]]}}, {"type": "Feature", "properties": {"cd": "E30000210", "nm": "Great Yarmouth"}, "geometry": {"type": "MultiPolygon", "coordinates": [[[[1.541, 52.704], [1.541, 52.704], [1.54, 52.705], [1.541, 52.705], [1.542, 52.704], [1.541, 52.704]]], [[[1.539, 52.704], [1.538, 52.705], [1.536, 52.707], [1.54, 52.705], [1.539, 52.704]]], [[[1.549, 52.7], [1.542, 52.702], [1.539, 52.704], [1.542, 52.704], [1.545, 52.702], [1.549, 52.7]]], [[[1.62, 52.624], [1.617, 52.632], [1.627, 52.631], [1.63, 52.632], [1.633, 52.633], [1.62, 52.624]]], [[[1.645, 52.589], [1.631, 52.593], [1.643, 52.605], [1.678, 52.612], [1.644, 52.63], [1.692, 52.621], [1.726, 52.625], [1.722, 52.62], [1.721, 52.616], [1.723, 52.614], [1.722, 52.612], [1.695, 52.618], [1.658, 52.604], [1.645, 52.589]]], [[[1.735, 52.573], [1.726, 52.603], [1.72, 52.61], [1.723, 52.612], [1.724, 52.614], [1.722, 52.62], [1.727, 52.624], [1.726, 52.627], [1.721, 52.63], [1.693, 52.622], [1.679, 52.63], [1.622, 52.634], [1.616, 52.632], [1.612, 52.626], [1.605, 52.624], [1.558, 52.651], [1.562, 52.668], [1.545, 52.696], [1.571, 52.701], [1.577, 52.704], [1.581, 52.71], [1.585, 52.711], [1.612, 52.715], [1.619, 52.717], [1.633, 52.726], [1.607, 52.721], [1.612, 52.716], [1.597, 52.714], [1.58, 52.71], [1.571, 52.702], [1.551, 52.7], [1.538, 52.707], [1.518, 52.709], [1.564, 52.735], [1.621, 52.734], [1.627, 52.725], [1.675, 52.743], [1.7, 52.719], [1.744, 52.628], [1.744, 52.575], [1.735, 52.573]]], [[[1.621, 52.533], [1.579, 52.556], [1.645, 52.588], [1.649, 52.577], [1.638, 52.575], [1.635, 52.573], [1.633, 52.571], [1.633, 52.561], [1.61, 52.551], [1.607, 52.548], [1.606, 52.545], [1.606, 52.543], [1.609, 52.541], [1.613, 52.54], [1.619, 52.541], [1.621, 52.54], [1.618, 52.534], [1.621, 52.533]]], [[[1.629, 52.526], [1.621, 52.54], [1.606, 52.546], [1.634, 52.561], [1.637, 52.574], [1.651, 52.576], [1.651, 52.594], [1.724, 52.605], [1.74, 52.532], [1.668, 52.55], [1.629, 52.526]]], [[[1.627, 52.463], [1.559, 52.489], [1.555, 52.525], [1.53, 52.528], [1.529, 52.546], [1.575, 52.558], [1.654, 52.501], [1.682, 52.495], [1.659, 52.469], [1.627, 52.463]]]]}}, {"type": "Feature", "properties": {"cd": "E30000211", "nm": "Grimsby"}, "geometry": {"type": "MultiPolygon", "coordinates": [[[[0.118, 53.495], [0.108, 53.503], [0.108, 53.504], [0.125, 53.499], [0.118, 53.495]]], [[[0.111, 53.49], [0.11, 53.49], [0.111, 53.49], [0.111, 53.49]]], [[[0.11, 53.489], [0.108, 53.49], [0.106, 53.49], [0.104, 53.492], [0.11, 53.489]]], [[[0.108, 53.488], [0.106, 53.489], [0.105, 53.49], [0.107, 53.49], [0.11, 53.489], [0.108, 53.488]]], [[[0.104, 53.486], [0.104, 53.487], [0.105, 53.488], [0.105, 53.489], [0.106, 53.488], [0.104, 53.486]]], [[[0.103, 53.484], [0.102, 53.485], [0.105, 53.486], [0.106, 53.488], [0.106, 53.489], [0.108, 53.488], [0.103, 53.484]]], [[[0.106, 53.483], [0.106, 53.485], [0.11, 53.483], [0.109, 53.483], [0.106, 53.483]]], [[[-0.119, 53.363], [-0.146, 53.375], [-0.141, 53.403], [-0.174, 53.397], [-0.206, 53.41], [-0.229, 53.398], [-0.284, 53.449], [-0.308, 53.419], [-0.34, 53.428], [-0.358, 53.455], [-0.386, 53.451], [-0.402, 53.466], [-0.465, 53.454], [-0.488, 53.483], [-0.488, 53.505], [-0.405, 53.518], [-0.408, 53.532], [-0.431, 53.546], [-0.5, 53.539], [-0.429, 53.574], [-0.42, 53.564], [-0.346, 53.558], [-0.358, 53.586], [-0.447, 53.639], [-0.36, 53.666], [-0.303, 53.668], [-0.29, 53.686], [-0.263, 53.691], [-0.204, 53.638], [-0.093, 53.581], [-0.062, 53.583], [0.041, 53.508], [0.045, 53.514], [0.052, 53.505], [0.062, 53.511], [0.038, 53.527], [0.088, 53.515], [0.078, 53.507], [0.093, 53.494], [0.081, 53.495], [0.115, 53.478], [0.099, 53.463], [0.116, 53.435], [0.055, 53.396], [-0.018, 53.388], [-0.064, 53.41], [-0.082, 53.407], [-0.102, 53.4], [-0.095, 53.39], [-0.112, 53.386], [-0.107, 53.371], [-0.119, 53.363]]]]}}, {"type": "Feature", "properties": {"cd": "E30000212", "nm": "Guildford and Aldershot"}, "geometry": {"type": "Polygon", "coordinates": [[[-0.598, 51.386], [-0.522, 51.375], [-0.521, 51.354], [-0.498, 51.354], [-0.497, 51.367], [-0.457, 51.362], [-0.455, 51.352], [-0.45, 51.358], [-0.442, 51.361], [-0.435, 51.332], [-0.446, 51.327], [-0.422, 51.327], [-0.408, 51.354], [-0.391, 51.345], [-0.328, 51.352], [-0.334, 51.326], [-0.36, 51.312], [-0.398, 51.312], [-0.389, 51.256], [-0.351, 51.257], [-0.336, 51.243], [-0.354, 51.229], [-0.339, 51.221], [-0.35, 51.185], [-0.329, 51.176], [-0.342, 51.12], [-0.503, 51.089], [-0.535, 51.094], [-0.539, 51.082], [-0.631, 51.088], [-0.628, 51.066], [-0.586, 51.056], [-0.647, 51.036], [-0.633, 51.021], [-0.656, 51.017], [-0.674, 51.019], [-0.685, 51.038], [-0.704, 51.02], [-0.751, 51.023], [-0.78, 51.041], [-0.771, 51.019], [-0.826, 51.016], [-0.838, 51.023], [-0.836, 51.045], [-0.863, 51.038], [-0.855, 51.064], [-0.881, 51.058], [-0.883, 51.079], [-0.958, 51.084], [-0.968, 51.111], [-0.958, 51.155], [-0.892, 51.18], [-0.901, 51.191], [-0.884, 51.21], [-0.849, 51.211], [-0.805, 51.245], [-0.808, 51.275], [-0.79, 51.282], [-0.802, 51.293], [-0.797, 51.302], [-0.834, 51.299], [-0.839, 51.322], [-0.664, 51.386], [-0.598, 51.386]]]}}, {"type": "Feature", "properties": {"cd": "E30000214", "nm": "Harrogate"}, "geometry": {"type": "Polygon", "coordinates": [[[-1.886, 54.21], [-1.832, 54.194], [-1.816, 54.171], [-1.783, 54.166], [-1.709, 54.178], [-1.662, 54.171], [-1.656, 54.18], [-1.619, 54.168], [-1.632, 54.187], [-1.596, 54.19], [-1.589, 54.197], [-1.598, 54.201], [-1.58, 54.205], [-1.56, 54.191], [-1.541, 54.195], [-1.546, 54.186], [-1.51, 54.16], [-1.522, 54.152], [-1.431, 54.145], [-1.409, 54.122], [-1.342, 54.139], [-1.333, 54.122], [-1.341, 54.108], [-1.328, 54.102], [-1.346, 54.101], [-1.345, 54.09], [-1.287, 54.059], [-1.32, 54.031], [-1.317, 54.022], [-1.288, 54.019], [-1.322, 54.002], [-1.258, 53.995], [-1.275, 53.993], [-1.273, 53.981], [-1.3, 53.987], [-1.309, 53.97], [-1.363, 53.966], [-1.34, 53.946], [-1.371, 53.908], [-1.386, 53.91], [-1.378, 53.906], [-1.399, 53.915], [-1.392, 53.932], [-1.402, 53.937], [-1.399, 53.929], [-1.434, 53.926], [-1.434, 53.91], [-1.5, 53.915], [-1.587, 53.901], [-1.707, 53.919], [-1.729, 53.91], [-1.805, 53.939], [-1.861, 53.933], [-1.879, 53.954], [-1.817, 53.978], [-1.835, 54.014], [-1.872, 54.036], [-1.841, 54.071], [-1.906, 54.122], [-1.95, 54.126], [-1.964, 54.152], [-1.992, 54.155], [-2.005, 54.173], [-1.886, 54.21]]]}}, {"type": "Feature", "properties": {"cd": "E30000215", "nm": "Hartlepool"}, "geometry": {"type": "Polygon", "coordinates": [[[-1.289, 54.758], [-1.246, 54.723], [-1.178, 54.699], [-1.174, 54.692], [-1.193, 54.7], [-1.196, 54.699], [-1.188, 54.694], [-1.199, 54.681], [-1.158, 54.648], [-1.169, 54.644], [-1.161, 54.635], [-1.257, 54.623], [-1.299, 54.628], [-1.316, 54.645], [-1.335, 54.631], [-1.383, 54.644], [-1.341, 54.65], [-1.348, 54.662], [-1.331, 54.681], [-1.345, 54.691], [-1.319, 54.691], [-1.301, 54.708], [-1.306, 54.718], [-1.272, 54.726], [-1.315, 54.753], [-1.289, 54.758]]]}}, {"type": "Feature", "properties": {"cd": "E30000216", "nm": "Hereford"}, "geometry": {"type": "Polygon", "coordinates": [[[-2.78, 52.302], [-2.762, 52.287], [-2.819, 52.276], [-2.778, 52.268], [-2.729, 52.284], [-2.725, 52.296], [-2.706, 52.295], [-2.69, 52.289], [-2.702, 52.279], [-2.694, 52.263], [-2.634, 52.251], [-2.629, 52.24], [-2.496, 52.257], [-2.504, 52.275], [-2.483, 52.284], [-2.434, 52.276], [-2.428, 52.271], [-2.47, 52.255], [-2.475, 52.241], [-2.384, 52.225], [-2.404, 52.221], [-2.393, 52.209], [-2.435, 52.168], [-2.415, 52.145], [-2.379, 52.155], [-2.351, 52.145], [-2.352, 52.103], [-2.338, 52.09], [-2.351, 52.021], [-2.393, 52.013], [-2.399, 51.996], [-2.413, 51.994], [-2.437, 51.997], [-2.436, 52.015], [-2.479, 52.023], [-2.492, 52.008], [-2.471, 51.995], [-2.495, 51.981], [-2.501, 51.961], [-2.465, 51.952], [-2.466, 51.937], [-2.595, 51.921], [-2.609, 51.937], [-2.592, 51.963], [-2.656, 51.947], [-2.668, 51.909], [-2.628, 51.899], [-2.629, 51.885], [-2.642, 51.869], [-2.698, 51.857], [-2.707, 51.839], [-2.757, 51.846], [-2.779, 51.867], [-2.768, 51.88], [-2.842, 51.918], [-2.862, 51.914], [-2.845, 51.922], [-2.878, 51.934], [-2.968, 51.905], [-2.977, 51.928], [-3.008, 51.927], [-3.013, 51.945], [-3.067, 51.983], [-3.099, 52.023], [-3.091, 52.051], [-3.126, 52.078], [-3.123, 52.103], [-3.105, 52.105], [-3.105, 52.117], [-3.137, 52.123], [-3.136, 52.138], [-3.072, 52.158], [-3.122, 52.163], [-3.095, 52.184], [-3.102, 52.203], [-3.072, 52.213], [-3.073, 52.236], [-3.044, 52.238], [-3.048, 52.25], [-3.036, 52.257], [-2.999, 52.264], [-2.921, 52.254], [-2.911, 52.272], [-2.885, 52.277], [-2.847, 52.265], [-2.817, 52.295], [-2.78, 52.302]]]}}, {"type": "Feature", "properties": {"cd": "E30000218", "nm": "High Wycombe and Aylesbury"}, "geometry": {"type": "Polygon", "coordinates": [[[-0.859, 51.859], [-0.849, 51.848], [-0.796, 51.86], [-0.758, 51.848], [-0.723, 51.818], [-0.701, 51.815], [-0.669, 51.766], [-0.613, 51.747], [-0.586, 51.752], [-0.554, 51.734], [-0.563, 51.712], [-0.544, 51.697], [-0.549, 51.683], [-0.505, 51.673], [-0.537, 51.661], [-0.539, 51.638], [-0.523, 51.605], [-0.529, 51.578], [-0.508, 51.562], [-0.626, 51.593], [-0.627, 51.579], [-0.673, 51.581], [-0.678, 51.564], [-0.694, 51.562], [-0.693, 51.544], [-0.759, 51.547], [-0.783, 51.516], [-0.794, 51.551], [-0.847, 51.545], [-0.881, 51.562], [-0.897, 51.545], [-0.939, 51.571], [-0.941, 51.585], [-0.917, 51.599], [-0.943, 51.605], [-0.95, 51.629], [-0.935, 51.637], [-0.951, 51.651], [-0.927, 51.651], [-0.932, 51.665], [-0.918, 51.672], [-0.878, 51.668], [-0.947, 51.726], [-0.91, 51.737], [-0.984, 51.761], [-0.958, 51.778], [-0.982, 51.801], [-0.964, 51.804], [-0.948, 51.789], [-0.938, 51.802], [-0.867, 51.817], [-0.863, 51.834], [-0.881, 51.856], [-0.859, 51.859]]]}}, {"type": "Feature", "properties": {"cd": "E30000219", "nm": "Huddersfield"}, "geometry": {"type": "Polygon", "coordinates": [[[-1.655, 53.727], [-1.584, 53.703], [-1.615, 53.677], [-1.591, 53.66], [-1.625, 53.654], [-1.614, 53.625], [-1.585, 53.6], [-1.616, 53.563], [-1.67, 53.553], [-1.723, 53.56], [-1.741, 53.541], [-1.804, 53.537], [-1.842, 53.52], [-1.873, 53.54], [-1.91, 53.538], [-1.913, 53.552], [-1.943, 53.562], [-2.009, 53.617], [-1.934, 53.648], [-1.898, 53.645], [-1.844, 53.666], [-1.854, 53.673], [-1.748, 53.694], [-1.731, 53.68], [-1.737, 53.708], [-1.703, 53.708], [-1.7, 53.718], [-1.654, 53.719], [-1.655, 53.727]]]}}, {"type": "Feature", "properties": {"cd": "E30000220", "nm": "Hull"}, "geometry": {"type": "MultiPolygon", "coordinates": [[[[-0.862, 53.723], [-0.862, 53.726], [-0.859, 53.725], [-0.86, 53.724], [-0.862, 53.723]]], [[[-0.985, 53.675], [-0.988, 53.697], [-0.962, 53.701], [-0.958, 53.714], [-0.905, 53.717], [-0.905, 53.727], [-0.861, 53.722], [-0.856, 53.731], [-0.845, 53.721], [-0.846, 53.71], [-0.864, 53.704], [-0.866, 53.697], [-0.869, 53.697], [-0.892, 53.693], [-0.946, 53.68], [-0.985, 53.675]]], [[[-0.848, 53.633], [-0.976, 53.676], [-0.946, 53.679], [-0.869, 53.697], [-0.856, 53.686], [-0.848, 53.685], [-0.808, 53.705], [-0.775, 53.695], [-0.699, 53.698], [-0.7, 53.696], [-0.706, 53.697], [-0.71, 53.696], [-0.7, 53.696], [-0.702, 53.677], [-0.848, 53.633]]], [[[0.108, 53.572], [0.147, 53.603], [0.105, 53.632], [0.001, 53.655], [0.017, 53.645], [-0.054, 53.629], [-0.104, 53.635], [-0.227, 53.708], [-0.23, 53.734], [-0.331, 53.738], [-0.327, 53.745], [-0.333, 53.751], [-0.329, 53.753], [-0.329, 53.754], [-0.33, 53.756], [-0.336, 53.76], [-0.333, 53.764], [-0.329, 53.764], [-0.328, 53.765], [-0.328, 53.766], [-0.331, 53.77], [-0.333, 53.771], [-0.34, 53.771], [-0.342, 53.773], [-0.341, 53.775], [-0.342, 53.775], [-0.344, 53.776], [-0.347, 53.775], [-0.348, 53.776], [-0.347, 53.781], [-0.348, 53.782], [-0.352, 53.784], [-0.348, 53.786], [-0.348, 53.786], [-0.348, 53.787], [-0.365, 53.798], [-0.365, 53.804], [-0.357, 53.806], [-0.355, 53.807], [-0.354, 53.809], [-0.354, 53.812], [-0.354, 53.814], [-0.385, 53.839], [-0.4, 53.844], [-0.399, 53.846], [-0.396, 53.848], [-0.393, 53.853], [-0.393, 53.856], [-0.399, 53.878], [-0.408, 53.882], [-0.407, 53.885], [-0.401, 53.883], [-0.395, 53.885], [-0.394, 53.888], [-0.395, 53.896], [-0.383, 53.901], [-0.381, 53.904], [-0.384, 53.91], [-0.376, 53.913], [-0.371, 53.912], [-0.367, 53.913], [-0.356, 53.925], [-0.356, 53.934], [-0.367, 53.914], [-0.376, 53.914], [-0.382, 53.911], [-0.393, 53.919], [-0.412, 53.925], [-0.422, 53.927], [-0.383, 53.911], [-0.385, 53.909], [-0.383, 53.902], [-0.392, 53.899], [-0.396, 53.896], [-0.398, 53.896], [-0.399, 53.896], [-0.404, 53.896], [-0.406, 53.897], [-0.408, 53.897], [-0.416, 53.902], [-0.419, 53.902], [-0.435, 53.907], [-0.437, 53.906], [-0.417, 53.902], [-0.408, 53.897], [-0.404, 53.895], [-0.396, 53.896], [-0.395, 53.885], [-0.407, 53.885], [-0.408, 53.882], [-0.407, 53.881], [-0.408, 53.881], [-0.414, 53.883], [-0.4, 53.878], [-0.4, 53.843], [-0.355, 53.815], [-0.366, 53.803], [-0.365, 53.799], [-0.364, 53.796], [-0.348, 53.775], [-0.339, 53.771], [-0.332, 53.771], [-0.328, 53.765], [-0.329, 53.765], [-0.332, 53.765], [-0.334, 53.764], [-0.337, 53.76], [-0.334, 53.757], [-0.33, 53.756], [-0.333, 53.752], [-0.329, 53.745], [-0.341, 53.735], [-0.543, 53.708], [-0.583, 53.727], [-0.63, 53.734], [-0.637, 53.729], [-0.618, 53.731], [-0.672, 53.722], [-0.696, 53.704], [-0.778, 53.697], [-0.811, 53.707], [-0.852, 53.686], [-0.864, 53.701], [-0.842, 53.709], [-0.842, 53.724], [-0.849, 53.731], [-0.858, 53.732], [-0.872, 53.724], [-0.91, 53.728], [-0.961, 53.737], [-0.973, 53.75], [-0.932, 53.762], [-0.897, 53.746], [-0.869, 53.769], [-0.785, 53.79], [-0.716, 53.783], [-0.709, 53.8], [-0.721, 53.827], [-0.701, 53.837], [-0.728, 53.875], [-0.623, 53.899], [-0.617, 53.905], [-0.644, 53.922], [-0.629, 53.935], [-0.56, 53.941], [-0.567, 53.98], [-0.591, 53.984], [-0.584, 54.002], [-0.543, 54.009], [-0.558, 54.04], [-0.632, 54.019], [-0.659, 54.037], [-0.645, 54.055], [-0.66, 54.063], [-0.563, 54.094], [-0.525, 54.085], [-0.497, 54.097], [-0.461, 54.053], [-0.401, 54.059], [-0.352, 53.992], [-0.337, 53.994], [-0.34, 54.03], [-0.315, 54.037], [-0.283, 53.994], [-0.304, 53.99], [-0.314, 53.973], [-0.278, 53.973], [-0.296, 53.955], [-0.28, 53.95], [-0.287, 53.94], [-0.253, 53.942], [-0.259, 53.963], [-0.244, 53.968], [-0.189, 53.96], [-0.119, 53.863], [0.125, 53.653], [0.149, 53.606], [0.137, 53.59], [0.108, 53.572]]]]}}, {"type": "Feature", "properties": {"cd": "E30000221", "nm": "Huntingdon"}, "geometry": {"type": "MultiPolygon", "coordinates": [[[[0.03, 52.352], [0.031, 52.353], [0.032, 52.353], [0.032, 52.353], [0.03, 52.352]]], [[[-0.217, 52.159], [-0.261, 52.176], [-0.241, 52.19], [-0.262, 52.21], [-0.296, 52.21], [-0.286, 52.237], [-0.374, 52.233], [-0.375, 52.28], [-0.431, 52.292], [-0.436, 52.314], [-0.465, 52.323], [-0.467, 52.339], [-0.499, 52.36], [-0.489, 52.374], [-0.496, 52.38], [-0.442, 52.385], [-0.417, 52.412], [-0.362, 52.434], [-0.372, 52.437], [-0.363, 52.451], [-0.335, 52.469], [-0.267, 52.478], [-0.18, 52.468], [-0.168, 52.483], [-0.176, 52.496], [-0.143, 52.511], [-0.114, 52.489], [-0.071, 52.506], [-0.07, 52.517], [-0.048, 52.511], [-0.039, 52.473], [0.023, 52.442], [0.014, 52.468], [0.038, 52.486], [0.09, 52.491], [0.151, 52.475], [0.125, 52.458], [0.165, 52.448], [0.124, 52.421], [0.126, 52.438], [0.044, 52.418], [0.056, 52.398], [0.034, 52.386], [0.051, 52.358], [0.009, 52.341], [-0.015, 52.313], [-0.046, 52.315], [-0.067, 52.285], [-0.114, 52.266], [-0.1, 52.252], [-0.103, 52.228], [-0.132, 52.243], [-0.149, 52.226], [-0.187, 52.229], [-0.192, 52.201], [-0.173, 52.198], [-0.153, 52.212], [-0.108, 52.207], [-0.1, 52.183], [-0.138, 52.184], [-0.156, 52.167], [-0.217, 52.159]]]]}}, {"type": "Feature", "properties": {"cd": "E30000222", "nm": "Ipswich"}, "geometry": {"type": "MultiPolygon", "coordinates": [[[[1.348, 52.103], [1.349, 52.104], [1.349, 52.103], [1.348, 52.103]]], [[[1.5, 52.065], [1.514, 52.069], [1.526, 52.08], [1.538, 52.079], [1.515, 52.068], [1.5, 52.065]]], [[[1.475, 52.055], [1.48, 52.059], [1.482, 52.059], [1.484, 52.061], [1.486, 52.06], [1.475, 52.055]]], [[[1.332, 52.055], [1.332, 52.056], [1.333, 52.056], [1.332, 52.055]]], [[[1.461, 52.045], [1.461, 52.047], [1.463, 52.048], [1.463, 52.048], [1.461, 52.045]]], [[[1.319, 51.932], [1.32, 51.951], [1.283, 51.966], [1.28, 51.993], [1.188, 52.015], [1.16, 52.032], [1.16, 52.049], [1.158, 52.051], [1.154, 52.052], [1.142, 52.052], [1.14, 52.054], [1.137, 52.055], [1.135, 52.058], [1.136, 52.054], [1.142, 52.051], [1.158, 52.05], [1.15, 52.034], [1.182, 52.009], [1.267, 51.988], [1.279, 51.959], [1.187, 51.956], [1.164, 51.971], [1.13, 51.954], [1.019, 51.953], [0.997, 51.981], [1.026, 51.992], [1.02, 52.009], [1.054, 52.019], [1.048, 52.026], [1.015, 52.034], [0.993, 52.006], [1.003, 52.003], [0.968, 51.999], [0.976, 51.987], [0.972, 51.975], [0.964, 51.973], [0.943, 52.001], [0.893, 51.993], [0.876, 52.009], [0.852, 52.004], [0.855, 52.013], [0.834, 52.013], [0.835, 52.032], [0.81, 52.05], [0.841, 52.063], [0.824, 52.075], [0.841, 52.091], [0.858, 52.087], [0.863, 52.065], [0.899, 52.081], [0.909, 52.1], [0.845, 52.134], [0.854, 52.162], [0.894, 52.158], [0.896, 52.182], [0.925, 52.197], [0.928, 52.22], [0.917, 52.224], [0.945, 52.251], [1.046, 52.283], [1.038, 52.305], [1.068, 52.31], [1.05, 52.323], [1.087, 52.346], [1.081, 52.373], [1.213, 52.355], [1.256, 52.371], [1.29, 52.366], [1.304, 52.336], [1.338, 52.319], [1.357, 52.322], [1.37, 52.346], [1.437, 52.366], [1.487, 52.349], [1.485, 52.333], [1.497, 52.324], [1.49, 52.28], [1.472, 52.253], [1.5, 52.255], [1.532, 52.236], [1.629, 52.246], [1.622, 52.186], [1.58, 52.086], [1.462, 52.041], [1.581, 52.092], [1.542, 52.079], [1.539, 52.088], [1.554, 52.09], [1.569, 52.098], [1.599, 52.144], [1.574, 52.145], [1.58, 52.155], [1.552, 52.167], [1.511, 52.155], [1.509, 52.164], [1.495, 52.165], [1.511, 52.151], [1.568, 52.156], [1.573, 52.143], [1.595, 52.141], [1.566, 52.1], [1.537, 52.09], [1.51, 52.069], [1.491, 52.073], [1.498, 52.086], [1.498, 52.091], [1.494, 52.095], [1.496, 52.097], [1.496, 52.099], [1.492, 52.103], [1.483, 52.104], [1.487, 52.106], [1.485, 52.109], [1.487, 52.109], [1.486, 52.112], [1.486, 52.112], [1.486, 52.113], [1.487, 52.113], [1.486, 52.114], [1.486, 52.114], [1.484, 52.114], [1.483, 52.103], [1.497, 52.087], [1.489, 52.074], [1.494, 52.071], [1.501, 52.071], [1.451, 52.044], [1.462, 52.045], [1.435, 52.009], [1.402, 51.99], [1.365, 52.009], [1.363, 52.022], [1.344, 52.032], [1.353, 52.038], [1.344, 52.064], [1.319, 52.081], [1.332, 52.098], [1.337, 52.102], [1.347, 52.102], [1.349, 52.103], [1.353, 52.109], [1.353, 52.111], [1.353, 52.111], [1.355, 52.112], [1.352, 52.113], [1.348, 52.104], [1.331, 52.101], [1.314, 52.078], [1.295, 52.078], [1.317, 52.076], [1.347, 52.042], [1.338, 52.045], [1.338, 52.024], [1.356, 52.022], [1.362, 52.006], [1.391, 51.989], [1.319, 51.932]]]]}}, {"type": "Feature", "properties": {"cd": "E30000223", "nm": "Kendal"}, "geometry": {"type": "MultiPolygon", "coordinates": [[[[-2.968, 54.146], [-3.006, 54.157], [-2.993, 54.17], [-2.995, 54.172], [-2.993, 54.172], [-2.992, 54.173], [-2.993, 54.177], [-2.994, 54.178], [-2.996, 54.177], [-2.996, 54.178], [-2.995, 54.178], [-2.989, 54.179], [-2.997, 54.179], [-2.994, 54.178], [-2.996, 54.178], [-2.996, 54.178], [-2.996, 54.177], [-2.994, 54.177], [-2.994, 54.177], [-2.994, 54.172], [-3.007, 54.172], [-3.039, 54.197], [-3.023, 54.192], [-3.035, 54.197], [-3.014, 54.204], [-3.025, 54.218], [-2.989, 54.23], [-2.96, 54.226], [-2.95, 54.205], [-2.913, 54.204], [-2.903, 54.215], [-2.93, 54.223], [-2.922, 54.242], [-2.935, 54.254], [-2.916, 54.268], [-2.886, 54.268], [-2.884, 54.288], [-2.908, 54.309], [-2.902, 54.337], [-2.936, 54.333], [-2.952, 54.276], [-2.955, 54.273], [-2.959, 54.273], [-2.966, 54.269], [-2.97, 54.268], [-2.958, 54.275], [-2.955, 54.275], [-2.961, 54.311], [-2.938, 54.353], [-2.945, 54.385], [-2.982, 54.411], [-2.971, 54.422], [-3.027, 54.429], [-3.032, 54.418], [-3.115, 54.415], [-3.124, 54.428], [-3.16, 54.434], [-3.167, 54.454], [-3.146, 54.468], [-3.113, 54.461], [-3.109, 54.474], [-3.076, 54.489], [-3.023, 54.5], [-2.98, 54.496], [-2.92, 54.465], [-2.906, 54.481], [-2.865, 54.49], [-2.84, 54.476], [-2.807, 54.482], [-2.703, 54.432], [-2.689, 54.446], [-2.691, 54.429], [-2.64, 54.404], [-2.604, 54.407], [-2.583, 54.388], [-2.537, 54.394], [-2.514, 54.368], [-2.484, 54.377], [-2.382, 54.371], [-2.31, 54.324], [-2.324, 54.303], [-2.319, 54.257], [-2.336, 54.238], [-2.372, 54.248], [-2.404, 54.226], [-2.435, 54.223], [-2.461, 54.227], [-2.46, 54.24], [-2.558, 54.199], [-2.64, 54.202], [-2.68, 54.161], [-2.736, 54.169], [-2.734, 54.184], [-2.799, 54.198], [-2.837, 54.174], [-2.869, 54.177], [-2.857, 54.179], [-2.864, 54.192], [-2.786, 54.226], [-2.801, 54.246], [-2.813, 54.245], [-2.794, 54.252], [-2.812, 54.261], [-2.815, 54.245], [-2.801, 54.244], [-2.794, 54.227], [-2.905, 54.195], [-2.935, 54.167], [-2.932, 54.151], [-2.947, 54.164], [-2.939, 54.157], [-2.968, 54.146]]], [[[-3.011, 54.131], [-3.0, 54.152], [-2.972, 54.146], [-2.985, 54.137], [-3.011, 54.131]]]]}}, {"type": "Feature", "properties": {"cd": "E30000224", "nm": "Kettering and Wellingborough"}, "geometry": {"type": "Polygon", "coordinates": [[[-0.863, 52.528], [-0.796, 52.516], [-0.808, 52.507], [-0.781, 52.479], [-0.742, 52.47], [-0.738, 52.458], [-0.674, 52.475], [-0.684, 52.462], [-0.654, 52.448], [-0.659, 52.434], [-0.628, 52.435], [-0.616, 52.42], [-0.561, 52.428], [-0.573, 52.456], [-0.544, 52.472], [-0.474, 52.469], [-0.493, 52.442], [-0.519, 52.436], [-0.5, 52.421], [-0.534, 52.409], [-0.493, 52.394], [-0.499, 52.36], [-0.467, 52.339], [-0.465, 52.323], [-0.52, 52.318], [-0.542, 52.29], [-0.531, 52.27], [-0.541, 52.257], [-0.637, 52.227], [-0.668, 52.195], [-0.705, 52.192], [-0.727, 52.238], [-0.762, 52.249], [-0.791, 52.242], [-0.801, 52.253], [-0.818, 52.31], [-0.786, 52.33], [-0.806, 52.366], [-0.798, 52.388], [-0.781, 52.395], [-0.797, 52.403], [-0.789, 52.406], [-0.807, 52.414], [-0.836, 52.404], [-0.842, 52.416], [-0.828, 52.419], [-0.859, 52.431], [-0.851, 52.437], [-0.904, 52.442], [-0.906, 52.455], [-0.882, 52.471], [-0.897, 52.491], [-0.882, 52.493], [-0.883, 52.514], [-0.863, 52.528]]]}}, {"type": "Feature", "properties": {"cd": "E30000225", "nm": "King's Lynn"}, "geometry": {"type": "MultiPolygon", "coordinates": [[[[0.681, 52.977], [0.684, 52.988], [0.662, 52.986], [0.678, 52.988], [0.696, 52.988], [0.751, 52.978], [0.698, 52.984], [0.681, 52.977]]], [[[0.717, 52.972], [0.706, 52.977], [0.726, 52.978], [0.735, 52.976], [0.721, 52.975], [0.719, 52.974], [0.717, 52.972]]], [[[0.533, 52.969], [0.531, 52.969], [0.531, 52.97], [0.534, 52.97], [0.533, 52.969]]], [[[0.731, 52.961], [0.73, 52.962], [0.731, 52.964], [0.735, 52.967], [0.738, 52.966], [0.732, 52.965], [0.731, 52.961]]], [[[0.3, 52.547], [0.298, 52.55], [0.308, 52.554], [0.3, 52.547]]], [[[0.275, 52.544], [0.246, 52.569], [0.25, 52.583], [0.288, 52.591], [0.263, 52.626], [0.321, 52.629], [0.294, 52.676], [0.257, 52.678], [0.252, 52.736], [0.261, 52.747], [0.248, 52.765], [0.272, 52.773], [0.245, 52.785], [0.266, 52.81], [0.317, 52.817], [0.367, 52.791], [0.392, 52.747], [0.357, 52.72], [0.349, 52.702], [0.371, 52.692], [0.36, 52.665], [0.364, 52.61], [0.341, 52.591], [0.319, 52.564], [0.275, 52.544]]], [[[0.372, 52.49], [0.367, 52.501], [0.318, 52.508], [0.294, 52.525], [0.3, 52.546], [0.342, 52.584], [0.365, 52.61], [0.361, 52.667], [0.373, 52.688], [0.373, 52.693], [0.356, 52.707], [0.354, 52.713], [0.397, 52.75], [0.368, 52.802], [0.394, 52.83], [0.431, 52.846], [0.451, 52.841], [0.445, 52.874], [0.49, 52.947], [0.542, 52.976], [0.568, 52.975], [0.572, 52.964], [0.604, 52.968], [0.59, 52.977], [0.675, 52.974], [0.636, 52.968], [0.644, 52.966], [0.685, 52.967], [0.702, 52.973], [0.681, 52.969], [0.675, 52.972], [0.696, 52.978], [0.716, 52.972], [0.735, 52.975], [0.752, 52.973], [0.732, 52.973], [0.735, 52.968], [0.731, 52.965], [0.729, 52.962], [0.732, 52.961], [0.773, 52.979], [0.788, 52.908], [0.849, 52.935], [0.907, 52.925], [0.91, 52.886], [0.925, 52.874], [0.89, 52.864], [0.878, 52.824], [0.934, 52.827], [0.967, 52.803], [0.951, 52.805], [0.938, 52.788], [0.918, 52.803], [0.883, 52.789], [0.89, 52.771], [0.871, 52.76], [0.883, 52.745], [0.869, 52.733], [0.854, 52.754], [0.803, 52.735], [0.812, 52.719], [0.875, 52.731], [0.888, 52.714], [0.846, 52.718], [0.841, 52.695], [0.782, 52.688], [0.783, 52.676], [0.755, 52.673], [0.75, 52.652], [0.764, 52.639], [0.702, 52.624], [0.75, 52.609], [0.744, 52.595], [0.761, 52.573], [0.803, 52.571], [0.797, 52.548], [0.751, 52.541], [0.726, 52.571], [0.7, 52.568], [0.708, 52.578], [0.696, 52.591], [0.667, 52.595], [0.642, 52.572], [0.667, 52.551], [0.616, 52.556], [0.598, 52.543], [0.567, 52.565], [0.512, 52.568], [0.491, 52.547], [0.422, 52.555], [0.401, 52.536], [0.447, 52.502], [0.409, 52.509], [0.404, 52.496], [0.372, 52.49]]]]}}, {"type": "Feature", "properties": {"cd": "E30000226", "nm": "Kingsbridge and Dartmouth"}, "geometry": {"type": "MultiPolygon", "coordinates": [[[[-3.929, 50.335], [-3.928, 50.34], [-3.926, 50.34], [-3.927, 50.337], [-3.929, 50.335]]], [[[-3.932, 50.333], [-3.934, 50.333], [-3.929, 50.334], [-3.932, 50.333]]], [[[-3.901, 50.278], [-3.901, 50.281], [-3.897, 50.279], [-3.9, 50.279], [-3.901, 50.278]]], [[[-3.721, 50.202], [-3.773, 50.224], [-3.761, 50.236], [-3.726, 50.237], [-3.739, 50.241], [-3.734, 50.242], [-3.727, 50.248], [-3.72, 50.248], [-3.728, 50.248], [-3.752, 50.24], [-3.757, 50.25], [-3.72, 50.271], [-3.757, 50.255], [-3.758, 50.284], [-3.765, 50.272], [-3.776, 50.282], [-3.767, 50.263], [-3.786, 50.266], [-3.774, 50.257], [-3.788, 50.255], [-3.765, 50.254], [-3.759, 50.24], [-3.768, 50.244], [-3.775, 50.244], [-3.766, 50.236], [-3.782, 50.23], [-3.787, 50.21], [-3.823, 50.217], [-3.871, 50.241], [-3.859, 50.242], [-3.858, 50.261], [-3.882, 50.276], [-3.88, 50.282], [-3.868, 50.279], [-3.852, 50.291], [-3.86, 50.297], [-3.845, 50.308], [-3.838, 50.307], [-3.831, 50.31], [-3.826, 50.31], [-3.826, 50.311], [-3.84, 50.313], [-3.849, 50.307], [-3.855, 50.309], [-3.871, 50.281], [-3.944, 50.296], [-3.947, 50.307], [-3.935, 50.323], [-3.928, 50.324], [-3.929, 50.325], [-3.922, 50.329], [-3.921, 50.33], [-3.92, 50.332], [-3.936, 50.325], [-3.927, 50.337], [-3.925, 50.347], [-3.926, 50.348], [-3.849, 50.381], [-3.831, 50.37], [-3.806, 50.378], [-3.835, 50.391], [-3.819, 50.396], [-3.819, 50.414], [-3.759, 50.41], [-3.757, 50.418], [-3.786, 50.424], [-3.751, 50.425], [-3.724, 50.441], [-3.701, 50.412], [-3.671, 50.42], [-3.634, 50.405], [-3.672, 50.397], [-3.663, 50.392], [-3.594, 50.39], [-3.581, 50.372], [-3.601, 50.356], [-3.579, 50.36], [-3.564, 50.335], [-3.612, 50.319], [-3.642, 50.291], [-3.659, 50.236], [-3.64, 50.222], [-3.681, 50.222], [-3.721, 50.202]]]]}}, {"type": "Feature", "properties": {"cd": "E30000227", "nm": "Launceston"}, "geometry": {"type": "Polygon", "coordinates": [[[-4.362, 50.784], [-4.308, 50.784], [-4.325, 50.776], [-4.307, 50.745], [-4.327, 50.729], [-4.307, 50.717], [-4.308, 50.696], [-4.267, 50.72], [-4.28, 50.733], [-4.265, 50.747], [-4.186, 50.758], [-4.127, 50.728], [-4.044, 50.729], [-4.062, 50.687], [-4.046, 50.695], [-4.019, 50.673], [-4.051, 50.657], [-4.093, 50.657], [-4.156, 50.629], [-4.192, 50.628], [-4.166, 50.602], [-4.216, 50.591], [-4.263, 50.557], [-4.268, 50.542], [-4.295, 50.543], [-4.285, 50.556], [-4.306, 50.564], [-4.319, 50.55], [-4.357, 50.547], [-4.364, 50.556], [-4.351, 50.569], [-4.393, 50.575], [-4.394, 50.555], [-4.421, 50.542], [-4.481, 50.541], [-4.507, 50.559], [-4.534, 50.543], [-4.554, 50.562], [-4.586, 50.549], [-4.604, 50.567], [-4.584, 50.575], [-4.615, 50.614], [-4.676, 50.585], [-4.701, 50.59], [-4.642, 50.646], [-4.663, 50.667], [-4.629, 50.662], [-4.615, 50.673], [-4.624, 50.709], [-4.591, 50.713], [-4.599, 50.724], [-4.57, 50.722], [-4.53, 50.697], [-4.513, 50.699], [-4.521, 50.712], [-4.449, 50.724], [-4.417, 50.693], [-4.367, 50.699], [-4.362, 50.719], [-4.393, 50.778], [-4.379, 50.792], [-4.362, 50.784]]]}}, {"type": "Feature", "properties": {"cd": "E30000228", "nm": "Leamington Spa"}, "geometry": {"type": "Polygon", "coordinates": [[[-1.72, 52.373], [-1.718, 52.368], [-1.721, 52.359], [-1.719, 52.356], [-1.694, 52.351], [-1.661, 52.366], [-1.617, 52.348], [-1.615, 52.336], [-1.589, 52.335], [-1.594, 52.357], [-1.584, 52.361], [-1.535, 52.36], [-1.564, 52.332], [-1.528, 52.319], [-1.487, 52.324], [-1.472, 52.336], [-1.497, 52.348], [-1.451, 52.357], [-1.456, 52.347], [-1.436, 52.328], [-1.407, 52.319], [-1.419, 52.304], [-1.387, 52.299], [-1.374, 52.306], [-1.379, 52.318], [-1.301, 52.31], [-1.261, 52.328], [-1.209, 52.315], [-1.234, 52.29], [-1.216, 52.264], [-1.267, 52.235], [-1.285, 52.239], [-1.255, 52.198], [-1.313, 52.19], [-1.334, 52.159], [-1.4, 52.193], [-1.45, 52.193], [-1.445, 52.174], [-1.48, 52.166], [-1.479, 52.134], [-1.462, 52.12], [-1.502, 52.072], [-1.525, 51.993], [-1.6, 51.977], [-1.592, 51.97], [-1.612, 51.955], [-1.67, 51.993], [-1.617, 52.033], [-1.694, 52.04], [-1.702, 52.073], [-1.731, 52.073], [-1.729, 52.1], [-1.78, 52.085], [-1.79, 52.106], [-1.757, 52.116], [-1.791, 52.12], [-1.786, 52.132], [-1.823, 52.136], [-1.84, 52.153], [-1.854, 52.139], [-1.886, 52.156], [-1.903, 52.133], [-1.922, 52.153], [-1.944, 52.155], [-1.975, 52.125], [-1.993, 52.133], [-1.983, 52.151], [-2.0, 52.167], [-2.026, 52.17], [-1.997, 52.198], [-1.92, 52.21], [-1.925, 52.251], [-1.897, 52.233], [-1.874, 52.235], [-1.874, 52.225], [-1.848, 52.234], [-1.855, 52.251], [-1.84, 52.254], [-1.831, 52.277], [-1.795, 52.287], [-1.798, 52.299], [-1.776, 52.307], [-1.786, 52.322], [-1.769, 52.319], [-1.78, 52.364], [-1.747, 52.355], [-1.72, 52.373]]]}}, {"type": "Feature", "properties": {"cd": "E30000229", "nm": "Leeds"}, "geometry": {"type": "Polygon", "coordinates": [[[-1.88, 53.955], [-1.852, 53.931], [-1.836, 53.931], [-1.848, 53.941], [-1.805, 53.939], [-1.729, 53.91], [-1.707, 53.919], [-1.587, 53.901], [-1.5, 53.915], [-1.452, 53.907], [-1.433, 53.911], [-1.432, 53.928], [-1.393, 53.935], [-1.399, 53.915], [-1.39, 53.908], [-1.37, 53.916], [-1.318, 53.898], [-1.313, 53.865], [-1.353, 53.857], [-1.327, 53.84], [-1.336, 53.834], [-1.249, 53.804], [-1.264, 53.787], [-1.253, 53.779], [-1.178, 53.788], [-1.196, 53.771], [-1.166, 53.746], [-1.175, 53.739], [-1.165, 53.731], [-1.2, 53.732], [-1.227, 53.71], [-1.269, 53.715], [-1.3, 53.742], [-1.399, 53.719], [-1.541, 53.734], [-1.558, 53.72], [-1.543, 53.712], [-1.559, 53.699], [-1.627, 53.724], [-1.67, 53.722], [-1.68, 53.737], [-1.667, 53.741], [-1.682, 53.756], [-1.641, 53.78], [-1.712, 53.783], [-1.695, 53.858], [-1.761, 53.864], [-1.818, 53.9], [-1.898, 53.924], [-1.931, 53.95], [-1.885, 53.963], [-1.88, 53.955]]]}}, {"type": "Feature", "properties": {"cd": "E30000230", "nm": "Leicester"}, "geometry": {"type": "Polygon", "coordinates": [[[-0.893, 52.888], [-0.862, 52.853], [-0.89, 52.83], [-0.885, 52.823], [-0.836, 52.822], [-0.817, 52.838], [-0.797, 52.822], [-0.794, 52.796], [-0.832, 52.789], [-0.852, 52.754], [-0.826, 52.76], [-0.822, 52.716], [-0.786, 52.694], [-0.782, 52.669], [-0.81, 52.644], [-0.806, 52.621], [-0.821, 52.596], [-0.792, 52.598], [-0.765, 52.583], [-0.742, 52.539], [-0.716, 52.522], [-0.757, 52.511], [-0.869, 52.527], [-0.883, 52.514], [-0.882, 52.493], [-0.898, 52.487], [-0.882, 52.471], [-0.901, 52.46], [-0.952, 52.477], [-1.001, 52.471], [-1.045, 52.446], [-1.035, 52.436], [-1.05, 52.422], [-1.085, 52.436], [-1.142, 52.4], [-1.184, 52.392], [-1.307, 52.494], [-1.417, 52.534], [-1.416, 52.558], [-1.386, 52.566], [-1.366, 52.607], [-1.428, 52.604], [-1.444, 52.613], [-1.438, 52.628], [-1.471, 52.631], [-1.487, 52.648], [-1.465, 52.659], [-1.494, 52.669], [-1.477, 52.678], [-1.446, 52.664], [-1.43, 52.68], [-1.451, 52.688], [-1.434, 52.703], [-1.489, 52.712], [-1.472, 52.743], [-1.444, 52.741], [-1.434, 52.756], [-1.441, 52.78], [-1.455, 52.787], [-1.444, 52.803], [-1.375, 52.783], [-1.299, 52.848], [-1.284, 52.826], [-1.271, 52.832], [-1.26, 52.807], [-1.226, 52.792], [-1.198, 52.789], [-1.079, 52.824], [-1.072, 52.814], [-0.989, 52.818], [-0.977, 52.841], [-0.928, 52.866], [-0.941, 52.877], [-0.893, 52.888]]]}}, {"type": "Feature", "properties": {"cd": "E30000231", "nm": "Lincoln"}, "geometry": {"type": "MultiPolygon", "coordinates": [[[[-0.821, 53.382], [-0.871, 53.391], [-0.869, 53.427], [-0.911, 53.436], [-0.907, 53.46], [-0.921, 53.458], [-0.872, 53.466], [-0.798, 53.455], [-0.82, 53.441], [-0.818, 53.426], [-0.804, 53.417], [-0.795, 53.414], [-0.789, 53.415], [-0.792, 53.412], [-0.791, 53.408], [-0.777, 53.391], [-0.821, 53.382]]], [[[-0.776, 53.379], [-0.777, 53.38], [-0.781, 53.383], [-0.777, 53.38], [-0.776, 53.379]]], [[[-0.437, 52.887], [-0.445, 52.901], [-0.489, 52.913], [-0.479, 52.931], [-0.494, 52.954], [-0.554, 52.954], [-0.543, 52.972], [-0.526, 52.969], [-0.523, 53.05], [-0.75, 53.055], [-0.761, 53.029], [-0.804, 53.013], [-0.777, 52.979], [-0.797, 52.976], [-0.814, 52.957], [-0.836, 52.968], [-0.815, 52.986], [-0.83, 53.007], [-0.88, 53.006], [-0.91, 53.03], [-0.903, 53.051], [-0.876, 53.044], [-0.854, 53.064], [-0.941, 53.079], [-0.911, 53.096], [-0.917, 53.11], [-0.835, 53.1], [-0.822, 53.107], [-0.803, 53.097], [-0.793, 53.108], [-0.808, 53.123], [-0.791, 53.142], [-0.868, 53.134], [-0.912, 53.161], [-0.853, 53.16], [-0.84, 53.174], [-0.853, 53.186], [-0.843, 53.191], [-0.879, 53.199], [-0.869, 53.217], [-0.831, 53.218], [-0.822, 53.201], [-0.786, 53.204], [-0.782, 53.191], [-0.791, 53.19], [-0.796, 53.181], [-0.785, 53.176], [-0.795, 53.181], [-0.78, 53.191], [-0.776, 53.2], [-0.783, 53.228], [-0.764, 53.272], [-0.777, 53.284], [-0.762, 53.299], [-0.758, 53.293], [-0.745, 53.293], [-0.75, 53.325], [-0.766, 53.33], [-0.758, 53.354], [-0.79, 53.364], [-0.775, 53.378], [-0.79, 53.386], [-0.777, 53.389], [-0.776, 53.391], [-0.776, 53.397], [-0.788, 53.415], [-0.808, 53.42], [-0.8, 53.43], [-0.811, 53.436], [-0.75, 53.408], [-0.718, 53.428], [-0.678, 53.428], [-0.676, 53.443], [-0.637, 53.441], [-0.63, 53.458], [-0.472, 53.475], [-0.465, 53.454], [-0.402, 53.466], [-0.386, 53.451], [-0.358, 53.455], [-0.358, 53.444], [-0.32, 53.421], [-0.298, 53.422], [-0.284, 53.449], [-0.269, 53.427], [-0.239, 53.417], [-0.205, 53.372], [-0.256, 53.34], [-0.213, 53.31], [-0.233, 53.289], [-0.144, 53.276], [-0.155, 53.259], [-0.129, 53.23], [-0.181, 53.208], [-0.122, 53.203], [-0.113, 53.191], [-0.125, 53.168], [-0.107, 53.162], [-0.109, 53.152], [-0.138, 53.148], [-0.149, 53.133], [-0.172, 53.138], [-0.165, 53.146], [-0.194, 53.14], [-0.226, 53.119], [-0.214, 53.089], [-0.195, 53.081], [-0.225, 53.029], [-0.19, 52.996], [-0.256, 52.906], [-0.358, 52.916], [-0.366, 52.898], [-0.437, 52.887]]]]}}, {"type": "Feature", "properties": {"cd": "E30000232", "nm": "Liskeard"}, "geometry": {"type": "MultiPolygon", "coordinates": [[[[-4.45, 50.336], [-4.453, 50.338], [-4.451, 50.339], [-4.446, 50.336], [-4.45, 50.336]]], [[[-4.539, 50.324], [-4.578, 50.332], [-4.57, 50.356], [-4.602, 50.37], [-4.579, 50.394], [-4.566, 50.442], [-4.583, 50.445], [-4.576, 50.454], [-4.619, 50.459], [-4.611, 50.535], [-4.568, 50.559], [-4.551, 50.561], [-4.534, 50.543], [-4.504, 50.559], [-4.48, 50.541], [-4.414, 50.543], [-4.394, 50.555], [-4.394, 50.576], [-4.351, 50.569], [-4.364, 50.556], [-4.357, 50.547], [-4.319, 50.55], [-4.306, 50.564], [-4.285, 50.556], [-4.295, 50.548], [-4.288, 50.54], [-4.207, 50.534], [-4.204, 50.504], [-4.181, 50.503], [-4.201, 50.492], [-4.221, 50.499], [-4.231, 50.491], [-4.219, 50.476], [-4.24, 50.465], [-4.301, 50.465], [-4.28, 50.446], [-4.302, 50.454], [-4.3, 50.443], [-4.332, 50.442], [-4.332, 50.425], [-4.318, 50.416], [-4.318, 50.415], [-4.32, 50.416], [-4.322, 50.416], [-4.327, 50.412], [-4.314, 50.414], [-4.301, 50.396], [-4.325, 50.389], [-4.296, 50.387], [-4.305, 50.381], [-4.307, 50.375], [-4.295, 50.387], [-4.268, 50.375], [-4.282, 50.371], [-4.279, 50.356], [-4.387, 50.366], [-4.451, 50.351], [-4.461, 50.373], [-4.465, 50.375], [-4.463, 50.383], [-4.465, 50.387], [-4.467, 50.389], [-4.467, 50.391], [-4.467, 50.389], [-4.464, 50.383], [-4.467, 50.375], [-4.459, 50.359], [-4.469, 50.364], [-4.48, 50.363], [-4.482, 50.365], [-4.484, 50.364], [-4.485, 50.368], [-4.486, 50.369], [-4.488, 50.369], [-4.486, 50.365], [-4.484, 50.364], [-4.482, 50.365], [-4.48, 50.363], [-4.457, 50.358], [-4.452, 50.345], [-4.539, 50.324]]]]}}, {"type": "Feature", "properties": {"cd": "E30000233", "nm": "Liverpool"}, "geometry": {"type": "MultiPolygon", "coordinates": [[[[-2.905, 53.724], [-2.905, 53.724], [-2.906, 53.726], [-2.905, 53.724]]], [[[-2.902, 53.72], [-2.907, 53.724], [-2.912, 53.725], [-2.913, 53.727], [-2.907, 53.728], [-2.906, 53.724], [-2.902, 53.72]]], [[[-2.898, 53.713], [-2.9, 53.716], [-2.9, 53.716], [-2.898, 53.713]]], [[[-2.806, 53.64], [-2.806, 53.64], [-2.806, 53.641], [-2.806, 53.64]]], [[[-2.841, 53.327], [-2.983, 53.385], [-3.009, 53.439], [-3.065, 53.505], [-3.062, 53.529], [-3.076, 53.523], [-3.105, 53.548], [-3.091, 53.582], [-2.977, 53.697], [-2.965, 53.698], [-2.971, 53.692], [-2.958, 53.688], [-2.954, 53.692], [-2.954, 53.682], [-2.953, 53.681], [-2.947, 53.679], [-2.944, 53.679], [-2.954, 53.682], [-2.948, 53.692], [-2.963, 53.695], [-2.929, 53.705], [-2.948, 53.712], [-2.938, 53.725], [-2.916, 53.713], [-2.929, 53.725], [-2.902, 53.719], [-2.902, 53.718], [-2.887, 53.697], [-2.882, 53.692], [-2.901, 53.66], [-2.912, 53.671], [-2.897, 53.684], [-2.944, 53.675], [-2.94, 53.658], [-2.96, 53.639], [-2.899, 53.65], [-2.879, 53.641], [-2.859, 53.659], [-2.812, 53.653], [-2.808, 53.628], [-2.777, 53.598], [-2.776, 53.577], [-2.739, 53.549], [-2.749, 53.533], [-2.772, 53.537], [-2.817, 53.512], [-2.825, 53.485], [-2.819, 53.467], [-2.805, 53.467], [-2.795, 53.443], [-2.805, 53.438], [-2.729, 53.41], [-2.758, 53.381], [-2.777, 53.381], [-2.787, 53.356], [-2.809, 53.355], [-2.841, 53.327]]]]}}, {"type": "Feature", "properties": {"cd": "E30000234", "nm": "London"}, "geometry": {"type": "MultiPolygon", "coordinates": [[[[-0.247, 51.487], [-0.244, 51.488], [-0.246, 51.487], [-0.247, 51.487]]], [[[-0.281, 51.485], [-0.282, 51.485], [-0.28, 51.485], [-0.281, 51.485]]], [[[0.199, 51.458], [0.199, 51.458], [0.199, 51.458], [0.199, 51.458]]], [[[-0.194, 51.465], [-0.217, 51.47], [-0.226, 51.486], [-0.233, 51.49], [-0.241, 51.49], [-0.248, 51.487], [-0.261, 51.471], [-0.29, 51.496], [-0.325, 51.496], [-0.352, 51.512], [-0.349, 51.527], [-0.293, 51.535], [-0.335, 51.543], [-0.319, 51.552], [-0.33, 51.556], [-0.327, 51.578], [-0.416, 51.616], [-0.457, 51.612], [-0.511, 51.638], [-0.535, 51.63], [-0.537, 51.661], [-0.505, 51.673], [-0.449, 51.652], [-0.46, 51.641], [-0.379, 51.637], [-0.372, 51.644], [-0.387, 51.663], [-0.369, 51.678], [-0.378, 51.69], [-0.327, 51.703], [-0.322, 51.694], [-0.3, 51.697], [-0.302, 51.708], [-0.275, 51.721], [-0.261, 51.714], [-0.249, 51.656], [-0.226, 51.657], [-0.2, 51.67], [-0.226, 51.691], [-0.222, 51.713], [-0.203, 51.71], [-0.204, 51.73], [-0.178, 51.733], [-0.179, 51.719], [-0.114, 51.721], [-0.099, 51.736], [-0.058, 51.735], [-0.048, 51.769], [-0.023, 51.774], [-0.016, 51.791], [0.009, 51.792], [0.002, 51.776], [0.014, 51.764], [0.061, 51.778], [0.055, 51.766], [0.084, 51.735], [0.187, 51.736], [0.179, 51.713], [0.206, 51.716], [0.19, 51.705], [0.246, 51.688], [0.232, 51.683], [0.239, 51.674], [0.215, 51.675], [0.208, 51.661], [0.177, 51.652], [0.2, 51.625], [0.224, 51.632], [0.258, 51.614], [0.264, 51.608], [0.254, 51.602], [0.27, 51.6], [0.29, 51.564], [0.414, 51.57], [0.424, 51.566], [0.411, 51.558], [0.44, 51.537], [0.402, 51.498], [0.382, 51.503], [0.371, 51.475], [0.308, 51.474], [0.281, 51.461], [0.229, 51.486], [0.188, 51.488], [0.165, 51.512], [0.099, 51.515], [0.092, 51.527], [0.076, 51.53], [0.07, 51.539], [0.07, 51.539], [0.069, 51.55], [0.068, 51.555], [0.066, 51.557], [0.069, 51.539], [0.076, 51.53], [0.073, 51.529], [0.097, 51.515], [0.073, 51.5], [0.018, 51.5], [0.008, 51.514], [-0.008, 51.52], [-0.006, 51.526], [0.0, 51.528], [0.001, 51.528], [0.001, 51.531], [-0.008, 51.527], [-0.009, 51.52], [0.009, 51.508], [-0.009, 51.501], [-0.006, 51.488], [-0.024, 51.489], [-0.03, 51.509], [-0.112, 51.511], [-0.121, 51.507], [-0.133, 51.486], [-0.176, 51.482], [-0.194, 51.465]]], [[[0.348, 51.335], [0.346, 51.336], [0.346, 51.336], [0.348, 51.335]]], [[[0.351, 51.335], [0.35, 51.336], [0.351, 51.337], [0.351, 51.335]]], [[[-0.047, 51.262], [-0.086, 51.305], [-0.118, 51.287], [-0.156, 51.301], [-0.157, 51.278], [-0.188, 51.269], [-0.198, 51.272], [-0.188, 51.3], [-0.23, 51.288], [-0.318, 51.301], [-0.331, 51.316], [-0.328, 51.352], [-0.316, 51.364], [-0.299, 51.349], [-0.261, 51.38], [-0.287, 51.42], [-0.242, 51.443], [-0.259, 51.455], [-0.253, 51.465], [-0.266, 51.467], [-0.234, 51.489], [-0.224, 51.472], [-0.194, 51.46], [-0.172, 51.48], [-0.128, 51.485], [-0.111, 51.508], [-0.034, 51.506], [-0.022, 51.475], [0.002, 51.488], [0.002, 51.505], [0.022, 51.494], [0.058, 51.494], [0.129, 51.513], [0.167, 51.503], [0.178, 51.483], [0.218, 51.48], [0.216, 51.479], [0.216, 51.477], [0.212, 51.476], [0.208, 51.471], [0.21, 51.463], [0.204, 51.46], [0.202, 51.458], [0.199, 51.458], [0.197, 51.458], [0.215, 51.453], [0.218, 51.48], [0.274, 51.454], [0.31, 51.467], [0.325, 51.45], [0.382, 51.443], [0.459, 51.457], [0.491, 51.439], [0.488, 51.414], [0.431, 51.388], [0.381, 51.33], [0.347, 51.343], [0.337, 51.33], [0.296, 51.352], [0.281, 51.336], [0.284, 51.355], [0.267, 51.343], [0.25, 51.349], [0.255, 51.359], [0.231, 51.354], [0.23, 51.334], [0.197, 51.352], [0.141, 51.35], [0.085, 51.316], [0.086, 51.293], [0.042, 51.293], [0.052, 51.263], [0.019, 51.264], [-0.027, 51.29], [-0.022, 51.274], [-0.047, 51.262]]]]}}, {"type": "Feature", "properties": {"cd": "E30000235", "nm": "Lowestoft"}, "geometry": {"type": "MultiPolygon", "coordinates": [[[[1.691, 52.474], [1.682, 52.477], [1.684, 52.495], [1.674, 52.503], [1.654, 52.502], [1.63, 52.521], [1.637, 52.537], [1.684, 52.55], [1.74, 52.532], [1.76, 52.49], [1.763, 52.481], [1.76, 52.474], [1.722, 52.478], [1.691, 52.474]]], [[[1.518, 52.463], [1.516, 52.463], [1.515, 52.463], [1.516, 52.464], [1.517, 52.463], [1.518, 52.463]]], [[[1.532, 52.236], [1.5, 52.255], [1.471, 52.254], [1.495, 52.294], [1.487, 52.349], [1.437, 52.366], [1.41, 52.363], [1.361, 52.404], [1.327, 52.405], [1.306, 52.453], [1.335, 52.496], [1.361, 52.492], [1.345, 52.465], [1.359, 52.463], [1.382, 52.475], [1.384, 52.495], [1.403, 52.508], [1.447, 52.513], [1.477, 52.495], [1.482, 52.478], [1.529, 52.482], [1.536, 52.495], [1.583, 52.477], [1.576, 52.477], [1.568, 52.475], [1.561, 52.465], [1.562, 52.462], [1.557, 52.458], [1.555, 52.459], [1.551, 52.459], [1.549, 52.459], [1.548, 52.461], [1.544, 52.463], [1.541, 52.462], [1.536, 52.467], [1.53, 52.468], [1.525, 52.468], [1.522, 52.466], [1.519, 52.466], [1.517, 52.471], [1.516, 52.472], [1.521, 52.462], [1.516, 52.464], [1.509, 52.463], [1.508, 52.462], [1.496, 52.468], [1.481, 52.472], [1.48, 52.471], [1.508, 52.462], [1.522, 52.462], [1.529, 52.468], [1.541, 52.462], [1.548, 52.461], [1.549, 52.459], [1.559, 52.457], [1.587, 52.478], [1.635, 52.463], [1.681, 52.489], [1.681, 52.474], [1.691, 52.47], [1.756, 52.472], [1.735, 52.45], [1.729, 52.4], [1.676, 52.313], [1.66, 52.325], [1.637, 52.332], [1.636, 52.332], [1.638, 52.332], [1.639, 52.331], [1.637, 52.33], [1.637, 52.328], [1.636, 52.328], [1.634, 52.329], [1.629, 52.326], [1.631, 52.325], [1.628, 52.323], [1.63, 52.325], [1.629, 52.326], [1.63, 52.329], [1.638, 52.331], [1.626, 52.335], [1.611, 52.32], [1.602, 52.33], [1.586, 52.32], [1.585, 52.321], [1.581, 52.321], [1.58, 52.324], [1.576, 52.327], [1.574, 52.329], [1.569, 52.33], [1.563, 52.332], [1.558, 52.333], [1.573, 52.329], [1.581, 52.321], [1.588, 52.319], [1.599, 52.324], [1.608, 52.316], [1.632, 52.322], [1.63, 52.326], [1.637, 52.328], [1.638, 52.33], [1.673, 52.314], [1.638, 52.285], [1.629, 52.246], [1.532, 52.236]]]]}}, {"type": "Feature", "properties": {"cd": "E30000236", "nm": "Ludlow"}, "geometry": {"type": "Polygon", "coordinates": [[[-2.895, 52.602], [-2.842, 52.563], [-2.771, 52.562], [-2.772, 52.546], [-2.75, 52.532], [-2.66, 52.557], [-2.639, 52.546], [-2.668, 52.523], [-2.659, 52.509], [-2.614, 52.504], [-2.584, 52.53], [-2.555, 52.521], [-2.548, 52.532], [-2.513, 52.511], [-2.518, 52.49], [-2.452, 52.474], [-2.429, 52.45], [-2.365, 52.433], [-2.373, 52.402], [-2.334, 52.388], [-2.41, 52.387], [-2.421, 52.333], [-2.436, 52.324], [-2.405, 52.307], [-2.415, 52.29], [-2.48, 52.318], [-2.519, 52.314], [-2.512, 52.297], [-2.535, 52.283], [-2.493, 52.263], [-2.526, 52.248], [-2.656, 52.247], [-2.694, 52.263], [-2.702, 52.279], [-2.69, 52.289], [-2.706, 52.295], [-2.725, 52.296], [-2.729, 52.284], [-2.778, 52.268], [-2.818, 52.275], [-2.82, 52.279], [-2.786, 52.277], [-2.762, 52.287], [-2.789, 52.305], [-2.839, 52.281], [-2.844, 52.266], [-2.885, 52.277], [-2.911, 52.272], [-2.916, 52.255], [-2.966, 52.256], [-2.979, 52.259], [-2.95, 52.269], [-3.012, 52.277], [-3.012, 52.288], [-3.001, 52.322], [-2.967, 52.33], [-2.955, 52.349], [-3.06, 52.348], [-3.231, 52.43], [-3.232, 52.453], [-3.197, 52.476], [-3.109, 52.499], [-3.029, 52.501], [-3.032, 52.524], [-3.004, 52.52], [-2.994, 52.553], [-2.926, 52.571], [-2.947, 52.582], [-2.895, 52.602]]]}}, {"type": "Feature", "properties": {"cd": "E30000237", "nm": "Luton"}, "geometry": {"type": "Polygon", "coordinates": [[[-0.443, 52.017], [-0.447, 52.002], [-0.413, 51.987], [-0.414, 51.971], [-0.395, 51.967], [-0.381, 51.979], [-0.383, 51.951], [-0.35, 51.934], [-0.359, 51.916], [-0.322, 51.892], [-0.358, 51.888], [-0.35, 51.857], [-0.32, 51.837], [-0.266, 51.834], [-0.243, 51.812], [-0.278, 51.798], [-0.276, 51.772], [-0.246, 51.752], [-0.244, 51.732], [-0.284, 51.733], [-0.287, 51.721], [-0.277, 51.721], [-0.302, 51.708], [-0.3, 51.697], [-0.322, 51.694], [-0.327, 51.703], [-0.375, 51.693], [-0.369, 51.678], [-0.387, 51.663], [-0.372, 51.644], [-0.379, 51.637], [-0.46, 51.641], [-0.449, 51.65], [-0.458, 51.659], [-0.546, 51.68], [-0.544, 51.697], [-0.563, 51.712], [-0.554, 51.734], [-0.586, 51.752], [-0.613, 51.747], [-0.669, 51.766], [-0.685, 51.8], [-0.745, 51.838], [-0.715, 51.858], [-0.692, 51.857], [-0.692, 51.84], [-0.657, 51.847], [-0.65, 51.853], [-0.662, 51.861], [-0.631, 51.873], [-0.66, 51.892], [-0.63, 51.911], [-0.639, 51.932], [-0.622, 51.938], [-0.592, 51.917], [-0.575, 51.919], [-0.565, 51.976], [-0.538, 51.995], [-0.511, 51.985], [-0.443, 52.017]]]}}, {"type": "Feature", "properties": {"cd": "E30000238", "nm": "Malton"}, "geometry": {"type": "Polygon", "coordinates": [[[-1.009, 54.407], [-0.988, 54.396], [-0.95, 54.409], [-0.824, 54.383], [-0.794, 54.354], [-0.753, 54.369], [-0.733, 54.355], [-0.688, 54.373], [-0.633, 54.376], [-0.621, 54.343], [-0.59, 54.329], [-0.567, 54.311], [-0.605, 54.297], [-0.613, 54.27], [-0.598, 54.236], [-0.618, 54.205], [-0.55, 54.193], [-0.437, 54.215], [-0.418, 54.174], [-0.433, 54.164], [-0.427, 54.137], [-0.459, 54.126], [-0.466, 54.108], [-0.525, 54.085], [-0.563, 54.094], [-0.66, 54.063], [-0.645, 54.055], [-0.659, 54.037], [-0.687, 54.031], [-0.684, 54.009], [-0.73, 54.013], [-0.734, 54.03], [-0.885, 54.019], [-0.876, 54.042], [-0.892, 54.048], [-0.862, 54.075], [-0.877, 54.088], [-0.94, 54.087], [-0.948, 54.107], [-0.972, 54.108], [-1.089, 54.163], [-1.081, 54.172], [-1.099, 54.185], [-1.126, 54.181], [-1.169, 54.202], [-1.19, 54.2], [-1.197, 54.241], [-1.215, 54.242], [-1.205, 54.251], [-1.22, 54.287], [-1.266, 54.344], [-1.238, 54.376], [-1.172, 54.382], [-1.158, 54.349], [-1.099, 54.329], [-1.066, 54.363], [-1.082, 54.405], [-1.027, 54.415], [-1.009, 54.407]]]}}, {"type": "Feature", "properties": {"cd": "E30000239", "nm": "Manchester"}, "geometry": {"type": "Polygon", "coordinates": [[[-2.145, 53.692], [-2.144, 53.678], [-2.134, 53.686], [-2.118, 53.671], [-2.051, 53.684], [-2.023, 53.616], [-1.913, 53.552], [-1.91, 53.538], [-1.873, 53.54], [-1.796, 53.503], [-1.815, 53.468], [-1.863, 53.46], [-1.853, 53.447], [-1.865, 53.426], [-1.91, 53.411], [-1.858, 53.39], [-1.883, 53.38], [-1.879, 53.365], [-1.986, 53.351], [-1.96, 53.305], [-1.989, 53.298], [-2.002, 53.319], [-2.009, 53.305], [-2.009, 53.261], [-1.975, 53.231], [-1.99, 53.223], [-1.995, 53.2], [-2.047, 53.192], [-2.078, 53.17], [-2.112, 53.169], [-2.17, 53.19], [-2.201, 53.177], [-2.228, 53.2], [-2.305, 53.228], [-2.309, 53.246], [-2.291, 53.252], [-2.305, 53.267], [-2.267, 53.28], [-2.342, 53.305], [-2.35, 53.319], [-2.395, 53.319], [-2.395, 53.283], [-2.498, 53.29], [-2.512, 53.321], [-2.494, 53.343], [-2.521, 53.348], [-2.487, 53.368], [-2.44, 53.367], [-2.426, 53.38], [-2.428, 53.389], [-2.478, 53.396], [-2.449, 53.416], [-2.496, 53.481], [-2.489, 53.492], [-2.477, 53.487], [-2.473, 53.489], [-2.47, 53.504], [-2.514, 53.506], [-2.524, 53.526], [-2.569, 53.548], [-2.56, 53.561], [-2.578, 53.581], [-2.628, 53.592], [-2.596, 53.611], [-2.57, 53.595], [-2.511, 53.627], [-2.455, 53.621], [-2.448, 53.67], [-2.425, 53.672], [-2.403, 53.696], [-2.374, 53.687], [-2.371, 53.667], [-2.353, 53.658], [-2.316, 53.655], [-2.299, 53.667], [-2.295, 53.64], [-2.272, 53.615], [-2.257, 53.62], [-2.27, 53.646], [-2.26, 53.655], [-2.172, 53.699], [-2.145, 53.692]]]}}, {"type": "Feature", "properties": {"cd": "E30000240", "nm": "Mansfield"}, "geometry": {"type": "Polygon", "coordinates": [[[-1.176, 53.265], [-1.161, 53.246], [-1.136, 53.25], [-1.104, 53.236], [-1.028, 53.261], [-1.007, 53.236], [-0.957, 53.232], [-0.948, 53.214], [-0.878, 53.22], [-0.869, 53.217], [-0.879, 53.199], [-0.843, 53.191], [-0.853, 53.186], [-0.84, 53.174], [-0.853, 53.16], [-0.902, 53.164], [-0.912, 53.152], [-0.868, 53.134], [-0.791, 53.142], [-0.808, 53.123], [-0.793, 53.107], [-0.803, 53.097], [-0.907, 53.115], [-0.92, 53.107], [-0.909, 53.099], [-0.92, 53.085], [-0.941, 53.08], [-0.906, 53.072], [-0.912, 53.064], [-0.985, 53.046], [-1.026, 53.06], [-1.065, 53.045], [-1.093, 53.067], [-1.09, 53.078], [-1.125, 53.075], [-1.132, 53.023], [-1.151, 53.047], [-1.177, 53.037], [-1.182, 53.048], [-1.228, 53.055], [-1.266, 53.038], [-1.279, 53.044], [-1.268, 53.063], [-1.287, 53.072], [-1.349, 53.068], [-1.407, 53.089], [-1.404, 53.107], [-1.372, 53.108], [-1.375, 53.124], [-1.319, 53.14], [-1.323, 53.162], [-1.259, 53.166], [-1.268, 53.195], [-1.285, 53.205], [-1.282, 53.222], [-1.176, 53.265]]]}}, {"type": "Feature", "properties": {"cd": "E30000241", "nm": "Margate and Ramsgate"}, "geometry": {"type": "MultiPolygon", "coordinates": [[[[1.417, 51.324], [1.422, 51.324], [1.424, 51.324], [1.422, 51.324], [1.417, 51.324]]], [[[1.348, 51.302], [1.325, 51.317], [1.257, 51.324], [1.211, 51.364], [1.229, 51.365], [1.224, 51.379], [1.442, 51.387], [1.446, 51.358], [1.425, 51.326], [1.377, 51.329], [1.366, 51.325], [1.348, 51.302]]], [[[1.348, 51.274], [1.337, 51.282], [1.335, 51.282], [1.334, 51.281], [1.332, 51.281], [1.328, 51.287], [1.346, 51.302], [1.35, 51.299], [1.354, 51.299], [1.355, 51.297], [1.349, 51.297], [1.346, 51.293], [1.35, 51.29], [1.354, 51.289], [1.353, 51.288], [1.351, 51.289], [1.349, 51.288], [1.351, 51.28], [1.356, 51.278], [1.352, 51.278], [1.348, 51.274]]], [[[1.401, 51.165], [1.369, 51.174], [1.386, 51.197], [1.364, 51.21], [1.351, 51.206], [1.356, 51.195], [1.34, 51.178], [1.335, 51.187], [1.305, 51.17], [1.286, 51.17], [1.279, 51.185], [1.257, 51.191], [1.232, 51.181], [1.243, 51.188], [1.225, 51.197], [1.241, 51.214], [1.268, 51.216], [1.273, 51.223], [1.261, 51.227], [1.288, 51.247], [1.258, 51.253], [1.274, 51.263], [1.265, 51.272], [1.295, 51.272], [1.312, 51.285], [1.314, 51.281], [1.333, 51.281], [1.334, 51.281], [1.336, 51.282], [1.342, 51.276], [1.348, 51.274], [1.351, 51.275], [1.353, 51.278], [1.357, 51.278], [1.357, 51.279], [1.35, 51.288], [1.353, 51.287], [1.355, 51.289], [1.355, 51.29], [1.347, 51.293], [1.356, 51.297], [1.354, 51.299], [1.35, 51.299], [1.349, 51.301], [1.366, 51.314], [1.404, 51.233], [1.401, 51.165]]]]}}, {"type": "Feature", "properties": {"cd": "E30000242", "nm": "Medway"}, "geometry": {"type": "MultiPolygon", "coordinates": [[[[0.66, 51.444], [0.657, 51.444], [0.656, 51.445], [0.66, 51.447], [0.66, 51.444]]], [[[0.672, 51.413], [0.66, 51.42], [0.688, 51.421], [0.688, 51.415], [0.672, 51.413]]], [[[0.721, 51.409], [0.72, 51.409], [0.72, 51.409], [0.72, 51.41], [0.721, 51.409]]], [[[0.723, 51.405], [0.723, 51.405], [0.723, 51.405], [0.723, 51.405]]], [[[0.723, 51.404], [0.723, 51.405], [0.723, 51.405], [0.723, 51.404]]], [[[0.564, 51.402], [0.564, 51.408], [0.583, 51.403], [0.581, 51.402], [0.564, 51.402]]], [[[0.691, 51.396], [0.673, 51.398], [0.666, 51.407], [0.691, 51.412], [0.691, 51.396]]], [[[0.857, 51.363], [0.852, 51.365], [0.852, 51.367], [0.852, 51.367], [0.857, 51.363]]], [[[0.897, 51.354], [0.858, 51.37], [0.766, 51.37], [0.764, 51.388], [0.733, 51.4], [0.722, 51.415], [0.732, 51.409], [0.747, 51.415], [0.735, 51.423], [0.745, 51.447], [0.902, 51.417], [0.951, 51.373], [0.897, 51.354]]], [[[0.533, 51.134], [0.469, 51.143], [0.441, 51.177], [0.384, 51.195], [0.401, 51.199], [0.409, 51.222], [0.379, 51.232], [0.39, 51.245], [0.381, 51.25], [0.359, 51.235], [0.347, 51.244], [0.248, 51.236], [0.247, 51.255], [0.265, 51.257], [0.255, 51.276], [0.265, 51.314], [0.296, 51.352], [0.337, 51.33], [0.351, 51.335], [0.347, 51.341], [0.347, 51.343], [0.381, 51.33], [0.431, 51.388], [0.488, 51.414], [0.488, 51.443], [0.454, 51.463], [0.468, 51.464], [0.458, 51.467], [0.469, 51.483], [0.66, 51.478], [0.67, 51.475], [0.671, 51.469], [0.691, 51.459], [0.671, 51.472], [0.701, 51.472], [0.722, 51.458], [0.713, 51.436], [0.636, 51.446], [0.605, 51.42], [0.618, 51.429], [0.625, 51.424], [0.564, 51.411], [0.534, 51.413], [0.514, 51.4], [0.519, 51.387], [0.509, 51.396], [0.504, 51.397], [0.45, 51.366], [0.448, 51.348], [0.457, 51.336], [0.452, 51.334], [0.45, 51.33], [0.455, 51.329], [0.459, 51.331], [0.455, 51.327], [0.456, 51.325], [0.46, 51.326], [0.455, 51.316], [0.464, 51.303], [0.47, 51.302], [0.476, 51.302], [0.479, 51.303], [0.482, 51.301], [0.487, 51.299], [0.493, 51.301], [0.499, 51.297], [0.502, 51.296], [0.506, 51.296], [0.493, 51.301], [0.486, 51.3], [0.48, 51.303], [0.463, 51.304], [0.46, 51.33], [0.459, 51.331], [0.451, 51.33], [0.458, 51.336], [0.45, 51.348], [0.458, 51.352], [0.45, 51.365], [0.505, 51.394], [0.523, 51.385], [0.536, 51.41], [0.612, 51.379], [0.635, 51.389], [0.623, 51.376], [0.629, 51.373], [0.648, 51.398], [0.67, 51.373], [0.687, 51.392], [0.703, 51.393], [0.695, 51.38], [0.719, 51.388], [0.702, 51.396], [0.696, 51.42], [0.728, 51.424], [0.715, 51.42], [0.731, 51.419], [0.716, 51.413], [0.726, 51.399], [0.764, 51.382], [0.765, 51.363], [0.757, 51.361], [0.752, 51.35], [0.751, 51.351], [0.744, 51.349], [0.742, 51.346], [0.738, 51.347], [0.735, 51.346], [0.744, 51.345], [0.744, 51.348], [0.755, 51.351], [0.767, 51.363], [0.814, 51.358], [0.791, 51.334], [0.814, 51.335], [0.81, 51.303], [0.771, 51.297], [0.75, 51.259], [0.791, 51.262], [0.793, 51.238], [0.686, 51.192], [0.685, 51.179], [0.641, 51.141], [0.633, 51.145], [0.64, 51.152], [0.602, 51.159], [0.576, 51.156], [0.579, 51.145], [0.564, 51.135], [0.562, 51.143], [0.533, 51.134]]]]}}, {"type": "Feature", "properties": {"cd": "E30000243", "nm": "Milton Keynes"}, "geometry": {"type": "Polygon", "coordinates": [[[-0.685, 52.196], [-0.627, 52.182], [-0.635, 52.139], [-0.607, 52.133], [-0.592, 52.111], [-0.669, 52.049], [-0.548, 52.022], [-0.538, 51.995], [-0.565, 51.975], [-0.578, 51.935], [-0.571, 51.921], [-0.592, 51.917], [-0.622, 51.938], [-0.639, 51.932], [-0.63, 51.911], [-0.66, 51.892], [-0.632, 51.87], [-0.662, 51.861], [-0.65, 51.853], [-0.678, 51.838], [-0.695, 51.841], [-0.687, 51.849], [-0.696, 51.858], [-0.746, 51.842], [-0.796, 51.86], [-0.849, 51.848], [-0.868, 51.862], [-0.881, 51.856], [-0.863, 51.834], [-0.867, 51.817], [-0.938, 51.802], [-0.948, 51.789], [-0.964, 51.804], [-0.99, 51.804], [-0.999, 51.822], [-0.982, 51.821], [-0.993, 51.833], [-0.967, 51.839], [-0.951, 51.827], [-0.933, 51.838], [-0.95, 51.848], [-0.936, 51.851], [-0.941, 51.861], [-0.987, 51.876], [-0.96, 51.896], [-0.992, 51.905], [-1.019, 51.935], [-0.988, 51.941], [-0.978, 51.96], [-1.0, 51.973], [-1.04, 51.974], [-1.056, 51.949], [-1.079, 51.943], [-1.095, 51.957], [-1.053, 52.002], [-1.134, 52.019], [-1.133, 52.032], [-1.12, 52.046], [-1.026, 52.064], [-1.042, 52.074], [-1.008, 52.072], [-1.002, 52.108], [-0.944, 52.091], [-0.926, 52.1], [-0.925, 52.127], [-0.907, 52.126], [-0.877, 52.153], [-0.84, 52.154], [-0.866, 52.148], [-0.88, 52.127], [-0.832, 52.131], [-0.832, 52.144], [-0.814, 52.142], [-0.808, 52.157], [-0.792, 52.151], [-0.778, 52.169], [-0.75, 52.167], [-0.685, 52.196]]]}}, {"type": "Feature", "properties": {"cd": "E30000244", "nm": "Newbury"}, "geometry": {"type": "Polygon", "coordinates": [[[-1.312, 51.557], [-1.23, 51.535], [-1.217, 51.498], [-1.178, 51.503], [-1.16, 51.497], [-1.168, 51.487], [-1.156, 51.471], [-1.127, 51.474], [-1.127, 51.461], [-1.098, 51.459], [-1.136, 51.43], [-1.119, 51.417], [-1.137, 51.4], [-1.181, 51.397], [-1.162, 51.383], [-1.167, 51.363], [-1.222, 51.322], [-1.177, 51.297], [-1.178, 51.282], [-1.245, 51.265], [-1.266, 51.292], [-1.34, 51.267], [-1.391, 51.287], [-1.39, 51.298], [-1.362, 51.309], [-1.42, 51.338], [-1.495, 51.329], [-1.528, 51.338], [-1.534, 51.316], [-1.52, 51.295], [-1.543, 51.281], [-1.541, 51.261], [-1.53, 51.261], [-1.544, 51.245], [-1.578, 51.256], [-1.585, 51.279], [-1.597, 51.276], [-1.605, 51.293], [-1.592, 51.304], [-1.618, 51.305], [-1.631, 51.321], [-1.691, 51.319], [-1.687, 51.378], [-1.652, 51.392], [-1.667, 51.405], [-1.67, 51.456], [-1.719, 51.501], [-1.594, 51.52], [-1.555, 51.553], [-1.514, 51.551], [-1.471, 51.529], [-1.427, 51.546], [-1.423, 51.536], [-1.367, 51.552], [-1.344, 51.543], [-1.329, 51.564], [-1.312, 51.557]]]}}, {"type": "Feature", "properties": {"cd": "E30000245", "nm": "Newcastle"}, "geometry": {"type": "Polygon", "coordinates": [[[-1.811, 55.235], [-1.756, 55.218], [-1.742, 55.171], [-1.764, 55.161], [-1.765, 55.14], [-1.831, 55.136], [-1.812, 55.116], [-1.827, 55.105], [-1.822, 55.093], [-1.713, 55.094], [-1.715, 55.074], [-1.648, 55.079], [-1.638, 55.065], [-1.599, 55.064], [-1.596, 55.103], [-1.618, 55.106], [-1.621, 55.114], [-1.581, 55.119], [-1.567, 55.099], [-1.495, 55.102], [-1.473, 55.084], [-1.477, 55.084], [-1.479, 55.08], [-1.478, 55.079], [-1.477, 55.078], [-1.471, 55.085], [-1.451, 55.07], [-1.42, 55.019], [-1.403, 55.015], [-1.43, 55.013], [-1.457, 54.989], [-1.518, 54.996], [-1.503, 54.989], [-1.531, 54.985], [-1.538, 54.964], [-1.553, 54.96], [-1.591, 54.976], [-1.637, 54.96], [-1.71, 54.974], [-1.719, 54.968], [-1.726, 54.975], [-1.751, 54.983], [-1.785, 54.984], [-1.75, 54.982], [-1.719, 54.967], [-1.68, 54.964], [-1.687, 54.959], [-1.685, 54.957], [-1.69, 54.956], [-1.692, 54.956], [-1.696, 54.953], [-1.699, 54.95], [-1.699, 54.949], [-1.685, 54.957], [-1.682, 54.962], [-1.674, 54.964], [-1.628, 54.948], [-1.637, 54.958], [-1.596, 54.97], [-1.554, 54.958], [-1.538, 54.961], [-1.519, 54.985], [-1.457, 54.977], [-1.472, 54.986], [-1.45, 54.984], [-1.439, 55.004], [-1.424, 55.008], [-1.401, 55.011], [-1.412, 55.0], [-1.381, 54.986], [-1.376, 54.976], [-1.396, 54.964], [-1.471, 54.959], [-1.466, 54.93], [-1.569, 54.925], [-1.557, 54.909], [-1.562, 54.876], [-1.519, 54.872], [-1.56, 54.871], [-1.565, 54.857], [-1.504, 54.837], [-1.535, 54.828], [-1.529, 54.819], [-1.54, 54.814], [-1.525, 54.805], [-1.545, 54.791], [-1.606, 54.789], [-1.604, 54.777], [-1.646, 54.795], [-1.657, 54.792], [-1.648, 54.783], [-1.702, 54.773], [-1.747, 54.794], [-1.779, 54.799], [-1.796, 54.789], [-1.804, 54.794], [-1.791, 54.801], [-1.822, 54.805], [-1.868, 54.794], [-1.881, 54.778], [-1.945, 54.797], [-1.975, 54.771], [-2.032, 54.806], [-2.014, 54.829], [-1.953, 54.85], [-1.973, 54.865], [-2.006, 54.869], [-2.089, 54.837], [-2.135, 54.849], [-2.106, 54.853], [-2.074, 54.886], [-2.001, 54.889], [-2.018, 54.908], [-2.009, 54.933], [-1.937, 54.945], [-1.986, 54.957], [-1.986, 54.972], [-1.961, 54.983], [-1.96, 55.003], [-1.947, 55.009], [-1.961, 55.035], [-1.982, 55.04], [-1.975, 55.051], [-2.019, 55.066], [-1.99, 55.077], [-1.997, 55.094], [-1.954, 55.128], [-1.959, 55.146], [-1.994, 55.17], [-1.992, 55.18], [-1.909, 55.178], [-1.914, 55.214], [-1.859, 55.215], [-1.857, 55.237], [-1.811, 55.235]]]}}, {"type": "Feature", "properties": {"cd": "E30000246", "nm": "Northallerton"}, "geometry": {"type": "Polygon", "coordinates": [[[-1.452, 54.497], [-1.417, 54.477], [-1.407, 54.493], [-1.395, 54.486], [-1.381, 54.494], [-1.364, 54.466], [-1.285, 54.475], [-1.276, 54.464], [-1.329, 54.443], [-1.319, 54.425], [-1.342, 54.405], [-1.318, 54.384], [-1.291, 54.392], [-1.238, 54.376], [-1.266, 54.344], [-1.22, 54.287], [-1.205, 54.251], [-1.215, 54.242], [-1.197, 54.241], [-1.19, 54.2], [-1.126, 54.182], [-1.137, 54.144], [-1.22, 54.136], [-1.251, 54.19], [-1.271, 54.173], [-1.259, 54.166], [-1.263, 54.149], [-1.341, 54.159], [-1.335, 54.139], [-1.409, 54.122], [-1.431, 54.145], [-1.522, 54.152], [-1.51, 54.16], [-1.546, 54.186], [-1.541, 54.195], [-1.56, 54.191], [-1.58, 54.205], [-1.598, 54.201], [-1.589, 54.197], [-1.596, 54.19], [-1.63, 54.189], [-1.618, 54.177], [-1.625, 54.168], [-1.656, 54.18], [-1.662, 54.171], [-1.709, 54.178], [-1.805, 54.168], [-1.832, 54.194], [-1.896, 54.21], [-2.005, 54.173], [-2.031, 54.175], [-2.061, 54.21], [-2.1, 54.232], [-2.172, 54.228], [-2.229, 54.252], [-2.283, 54.239], [-2.293, 54.253], [-2.318, 54.256], [-2.324, 54.303], [-2.31, 54.324], [-2.333, 54.334], [-2.336, 54.34], [-2.36, 54.35], [-2.368, 54.356], [-2.297, 54.377], [-2.292, 54.391], [-2.306, 54.397], [-2.308, 54.421], [-2.293, 54.439], [-2.25, 54.452], [-2.189, 54.449], [-2.178, 54.462], [-2.117, 54.462], [-2.043, 54.484], [-2.045, 54.475], [-1.97, 54.452], [-1.901, 54.457], [-1.885, 54.448], [-1.758, 54.482], [-1.762, 54.473], [-1.698, 54.454], [-1.652, 54.463], [-1.617, 54.457], [-1.609, 54.441], [-1.577, 54.448], [-1.589, 54.427], [-1.576, 54.418], [-1.544, 54.424], [-1.546, 54.445], [-1.455, 54.453], [-1.458, 54.493], [-1.476, 54.499], [-1.452, 54.497]]]}}, {"type": "Feature", "properties": {"cd": "E30000247", "nm": "Northampton"}, "geometry": {"type": "Polygon", "coordinates": [[[-0.952, 52.477], [-0.902, 52.461], [-0.904, 52.442], [-0.85, 52.437], [-0.859, 52.431], [-0.828, 52.419], [-0.842, 52.416], [-0.836, 52.404], [-0.807, 52.414], [-0.789, 52.406], [-0.797, 52.403], [-0.781, 52.395], [-0.798, 52.388], [-0.806, 52.366], [-0.786, 52.33], [-0.818, 52.31], [-0.801, 52.253], [-0.791, 52.242], [-0.762, 52.249], [-0.727, 52.238], [-0.705, 52.191], [-0.75, 52.167], [-0.778, 52.169], [-0.792, 52.151], [-0.808, 52.157], [-0.814, 52.142], [-0.832, 52.144], [-0.832, 52.131], [-0.88, 52.127], [-0.866, 52.148], [-0.84, 52.154], [-0.877, 52.153], [-0.907, 52.126], [-0.925, 52.127], [-0.926, 52.1], [-0.944, 52.091], [-1.002, 52.108], [-1.012, 52.091], [-0.998, 52.082], [-1.013, 52.072], [-1.058, 52.086], [-1.025, 52.098], [-1.035, 52.114], [-1.027, 52.132], [-1.075, 52.112], [-1.114, 52.129], [-1.111, 52.15], [-1.133, 52.141], [-1.157, 52.164], [-1.121, 52.174], [-1.134, 52.193], [-1.113, 52.202], [-1.124, 52.211], [-1.111, 52.228], [-1.229, 52.206], [-1.276, 52.223], [-1.285, 52.239], [-1.267, 52.235], [-1.216, 52.264], [-1.234, 52.29], [-1.209, 52.315], [-1.176, 52.301], [-1.177, 52.286], [-1.124, 52.285], [-1.116, 52.29], [-1.133, 52.313], [-1.159, 52.322], [-1.048, 52.359], [-1.094, 52.376], [-1.116, 52.359], [-1.175, 52.364], [-1.202, 52.397], [-1.15, 52.397], [-1.085, 52.436], [-1.05, 52.422], [-1.027, 52.459], [-0.952, 52.477]]]}}, {"type": "Feature", "properties": {"cd": "E30000248", "nm": "Norwich"}, "geometry": {"type": "MultiPolygon", "coordinates": [[[[1.549, 52.699], [1.549, 52.7], [1.551, 52.7], [1.549, 52.699]]], [[[1.482, 52.693], [1.482, 52.694], [1.482, 52.693], [1.482, 52.693]]], [[[1.338, 52.319], [1.304, 52.336], [1.29, 52.366], [1.259, 52.371], [1.213, 52.355], [1.068, 52.378], [0.947, 52.376], [0.947, 52.388], [0.973, 52.39], [0.962, 52.399], [0.979, 52.416], [0.968, 52.416], [0.967, 52.434], [1.002, 52.448], [1.063, 52.433], [1.073, 52.455], [1.095, 52.46], [1.079, 52.507], [1.094, 52.52], [0.974, 52.555], [0.863, 52.609], [0.762, 52.578], [0.744, 52.595], [0.75, 52.609], [0.702, 52.624], [0.764, 52.639], [0.75, 52.652], [0.755, 52.673], [0.783, 52.676], [0.782, 52.688], [0.841, 52.695], [0.846, 52.718], [0.888, 52.714], [0.875, 52.731], [0.812, 52.719], [0.803, 52.735], [0.854, 52.754], [0.869, 52.733], [0.883, 52.745], [0.871, 52.76], [0.89, 52.771], [0.88, 52.786], [0.918, 52.803], [0.938, 52.788], [0.951, 52.805], [1.022, 52.8], [1.102, 52.829], [1.15, 52.812], [1.145, 52.824], [1.173, 52.831], [1.193, 52.815], [1.218, 52.829], [1.31, 52.805], [1.303, 52.846], [1.328, 52.85], [1.336, 52.83], [1.363, 52.842], [1.409, 52.831], [1.445, 52.874], [1.675, 52.743], [1.627, 52.725], [1.621, 52.734], [1.564, 52.735], [1.538, 52.725], [1.538, 52.711], [1.518, 52.709], [1.549, 52.7], [1.546, 52.68], [1.536, 52.684], [1.526, 52.682], [1.523, 52.686], [1.514, 52.689], [1.515, 52.69], [1.515, 52.697], [1.505, 52.705], [1.496, 52.706], [1.508, 52.716], [1.507, 52.726], [1.495, 52.707], [1.496, 52.705], [1.498, 52.704], [1.505, 52.705], [1.515, 52.697], [1.514, 52.69], [1.481, 52.695], [1.474, 52.689], [1.472, 52.693], [1.468, 52.695], [1.469, 52.698], [1.461, 52.706], [1.441, 52.701], [1.434, 52.69], [1.43, 52.692], [1.424, 52.691], [1.416, 52.694], [1.423, 52.699], [1.424, 52.702], [1.423, 52.699], [1.416, 52.695], [1.416, 52.694], [1.419, 52.692], [1.425, 52.69], [1.429, 52.691], [1.434, 52.689], [1.461, 52.705], [1.467, 52.695], [1.474, 52.689], [1.484, 52.693], [1.519, 52.687], [1.51, 52.686], [1.508, 52.676], [1.519, 52.687], [1.527, 52.682], [1.543, 52.679], [1.546, 52.68], [1.55, 52.681], [1.567, 52.638], [1.606, 52.624], [1.644, 52.63], [1.678, 52.612], [1.642, 52.604], [1.631, 52.593], [1.645, 52.588], [1.592, 52.558], [1.542, 52.556], [1.54, 52.557], [1.538, 52.561], [1.536, 52.562], [1.522, 52.563], [1.525, 52.57], [1.523, 52.573], [1.519, 52.575], [1.515, 52.577], [1.498, 52.571], [1.492, 52.579], [1.488, 52.581], [1.488, 52.585], [1.484, 52.588], [1.47, 52.587], [1.463, 52.594], [1.455, 52.594], [1.454, 52.601], [1.433, 52.612], [1.438, 52.617], [1.438, 52.618], [1.435, 52.62], [1.429, 52.618], [1.424, 52.622], [1.421, 52.622], [1.415, 52.621], [1.409, 52.619], [1.407, 52.614], [1.403, 52.615], [1.401, 52.613], [1.399, 52.609], [1.388, 52.605], [1.381, 52.606], [1.377, 52.621], [1.37, 52.624], [1.364, 52.624], [1.35, 52.621], [1.348, 52.624], [1.345, 52.624], [1.345, 52.625], [1.345, 52.624], [1.342, 52.626], [1.332, 52.626], [1.312, 52.62], [1.309, 52.634], [1.302, 52.635], [1.292, 52.632], [1.288, 52.633], [1.292, 52.632], [1.308, 52.634], [1.304, 52.623], [1.307, 52.621], [1.313, 52.62], [1.323, 52.621], [1.321, 52.62], [1.32, 52.619], [1.32, 52.616], [1.315, 52.616], [1.312, 52.613], [1.32, 52.616], [1.333, 52.626], [1.351, 52.621], [1.37, 52.624], [1.38, 52.607], [1.388, 52.604], [1.434, 52.62], [1.433, 52.612], [1.454, 52.594], [1.498, 52.571], [1.518, 52.575], [1.522, 52.562], [1.541, 52.553], [1.536, 52.552], [1.533, 52.553], [1.531, 52.553], [1.519, 52.542], [1.517, 52.543], [1.507, 52.542], [1.504, 52.541], [1.499, 52.539], [1.484, 52.539], [1.481, 52.538], [1.499, 52.539], [1.507, 52.541], [1.515, 52.541], [1.517, 52.542], [1.519, 52.542], [1.533, 52.553], [1.53, 52.528], [1.554, 52.526], [1.558, 52.509], [1.555, 52.493], [1.504, 52.476], [1.475, 52.482], [1.477, 52.495], [1.45, 52.513], [1.403, 52.508], [1.384, 52.495], [1.382, 52.475], [1.359, 52.463], [1.345, 52.465], [1.361, 52.492], [1.335, 52.496], [1.306, 52.453], [1.327, 52.405], [1.361, 52.404], [1.41, 52.363], [1.338, 52.319]]]]}}, {"type": "Feature", "properties": {"cd": "E30000249", "nm": "Nottingham"}, "geometry": {"type": "Polygon", "coordinates": [[[-0.89, 53.077], [-0.854, 53.063], [-0.876, 53.044], [-0.897, 53.054], [-0.91, 53.03], [-0.88, 53.006], [-0.822, 53.0], [-0.815, 52.986], [-0.836, 52.968], [-0.82, 52.96], [-0.834, 52.946], [-0.823, 52.944], [-0.86, 52.916], [-0.86, 52.904], [-0.941, 52.877], [-0.928, 52.866], [-0.977, 52.841], [-0.989, 52.818], [-1.072, 52.814], [-1.079, 52.824], [-1.198, 52.789], [-1.226, 52.792], [-1.26, 52.807], [-1.271, 52.832], [-1.291, 52.832], [-1.296, 52.848], [-1.272, 52.859], [-1.268, 52.873], [-1.323, 52.872], [-1.341, 52.914], [-1.362, 52.907], [-1.358, 52.927], [-1.325, 52.939], [-1.342, 52.942], [-1.326, 52.949], [-1.34, 52.957], [-1.328, 52.974], [-1.372, 52.973], [-1.402, 52.987], [-1.376, 53.019], [-1.387, 53.027], [-1.336, 53.051], [-1.365, 53.066], [-1.361, 53.074], [-1.287, 53.072], [-1.268, 53.063], [-1.279, 53.044], [-1.266, 53.038], [-1.228, 53.055], [-1.182, 53.048], [-1.177, 53.037], [-1.151, 53.047], [-1.132, 53.023], [-1.125, 53.075], [-1.09, 53.078], [-1.093, 53.067], [-1.065, 53.045], [-1.026, 53.06], [-0.985, 53.046], [-0.89, 53.077]]]}}, {"type": "Feature", "properties": {"cd": "E30000250", "nm": "Oxford"}, "geometry": {"type": "Polygon", "coordinates": [[[-1.112, 52.016], [-1.053, 52.002], [-1.095, 51.957], [-1.079, 51.943], [-1.056, 51.949], [-1.04, 51.974], [-1.0, 51.973], [-0.978, 51.96], [-0.988, 51.941], [-1.019, 51.935], [-0.992, 51.905], [-0.96, 51.896], [-0.987, 51.876], [-0.941, 51.861], [-0.936, 51.851], [-0.95, 51.848], [-0.933, 51.838], [-0.951, 51.827], [-0.967, 51.839], [-0.993, 51.833], [-0.982, 51.821], [-0.999, 51.824], [-0.997, 51.811], [-0.958, 51.778], [-0.984, 51.761], [-0.91, 51.737], [-0.947, 51.726], [-0.878, 51.668], [-0.931, 51.666], [-0.927, 51.651], [-0.951, 51.651], [-0.935, 51.637], [-0.944, 51.631], [-1.005, 51.64], [-1.012, 51.627], [-0.996, 51.616], [-1.036, 51.62], [-1.04, 51.592], [-1.115, 51.608], [-1.126, 51.571], [-1.147, 51.553], [-1.14, 51.543], [-1.205, 51.528], [-1.205, 51.538], [-1.261, 51.538], [-1.329, 51.564], [-1.344, 51.543], [-1.367, 51.552], [-1.423, 51.536], [-1.427, 51.546], [-1.471, 51.529], [-1.514, 51.551], [-1.492, 51.584], [-1.509, 51.626], [-1.655, 51.63], [-1.692, 51.652], [-1.7, 51.672], [-1.691, 51.687], [-1.648, 51.684], [-1.688, 51.712], [-1.696, 51.724], [-1.687, 51.74], [-1.719, 51.783], [-1.684, 51.801], [-1.676, 51.85], [-1.687, 51.866], [-1.659, 51.897], [-1.633, 51.899], [-1.646, 51.922], [-1.615, 51.938], [-1.662, 51.964], [-1.666, 51.987], [-1.612, 51.955], [-1.592, 51.97], [-1.6, 51.977], [-1.55, 51.981], [-1.557, 51.992], [-1.544, 51.996], [-1.523, 51.997], [-1.494, 51.975], [-1.437, 51.989], [-1.41, 51.973], [-1.378, 51.98], [-1.361, 51.969], [-1.362, 51.948], [-1.306, 51.92], [-1.306, 51.929], [-1.254, 51.928], [-1.26, 51.938], [-1.235, 51.939], [-1.217, 51.973], [-1.134, 51.997], [-1.112, 52.016]]]}}, {"type": "Feature", "properties": {"cd": "E30000252", "nm": "Penzance"}, "geometry": {"type": "MultiPolygon", "coordinates": [[[[-5.552, 50.214], [-5.552, 50.214], [-5.551, 50.214], [-5.552, 50.214]]], [[[-5.552, 50.213], [-5.552, 50.214], [-5.551, 50.214], [-5.552, 50.214], [-5.552, 50.213]]], [[[-5.721, 50.12], [-5.722, 50.12], [-5.723, 50.122], [-5.721, 50.121], [-5.721, 50.12]]], [[[-5.479, 50.115], [-5.48, 50.117], [-5.477, 50.119], [-5.475, 50.117], [-5.479, 50.115]]], [[[-5.532, 50.081], [-5.532, 50.082], [-5.534, 50.082], [-5.532, 50.082], [-5.532, 50.081]]], [[[-5.747, 50.067], [-5.747, 50.067], [-5.747, 50.067], [-5.747, 50.067]]], [[[-5.744, 50.066], [-5.744, 50.066], [-5.744, 50.066], [-5.744, 50.066]]], [[[-5.744, 50.065], [-5.744, 50.065], [-5.743, 50.065], [-5.744, 50.065]]], [[[-5.742, 50.064], [-5.743, 50.065], [-5.742, 50.065], [-5.742, 50.064]]], [[[-5.673, 50.035], [-5.717, 50.069], [-5.689, 50.09], [-5.71, 50.127], [-5.673, 50.166], [-5.629, 50.168], [-5.601, 50.193], [-5.539, 50.216], [-5.478, 50.219], [-5.469, 50.2], [-5.431, 50.188], [-5.441, 50.176], [-5.433, 50.164], [-5.431, 50.179], [-5.396, 50.172], [-5.374, 50.153], [-5.402, 50.134], [-5.398, 50.122], [-5.42, 50.11], [-5.415, 50.1], [-5.429, 50.097], [-5.463, 50.123], [-5.524, 50.126], [-5.549, 50.106], [-5.533, 50.089], [-5.553, 50.061], [-5.673, 50.035]]], [[[-6.323, 49.977], [-6.324, 49.978], [-6.324, 49.98], [-6.321, 49.978], [-6.323, 49.977]]], [[[-6.327, 49.97], [-6.327, 49.975], [-6.32, 49.973], [-6.323, 49.971], [-6.327, 49.97]]], [[[-6.33, 49.965], [-6.333, 49.966], [-6.334, 49.967], [-6.33, 49.967], [-6.33, 49.965]]], [[[-6.31, 49.965], [-6.311, 49.967], [-6.318, 49.968], [-6.318, 49.969], [-6.309, 49.97], [-6.31, 49.965]]], [[[-6.323, 49.964], [-6.325, 49.964], [-6.324, 49.964], [-6.323, 49.964]]], [[[-6.327, 49.964], [-6.327, 49.964], [-6.327, 49.964], [-6.327, 49.964]]], [[[-6.325, 49.963], [-6.326, 49.963], [-6.325, 49.963], [-6.325, 49.963]]], [[[-6.314, 49.962], [-6.314, 49.963], [-6.314, 49.963], [-6.314, 49.963], [-6.314, 49.962]]], [[[-6.313, 49.961], [-6.313, 49.961], [-6.312, 49.962], [-6.313, 49.961]]], [[[-6.296, 49.957], [-6.295, 49.957], [-6.295, 49.957], [-6.296, 49.957]]], [[[-6.3, 49.956], [-6.301, 49.956], [-6.3, 49.956], [-6.3, 49.956]]], [[[-6.284, 49.956], [-6.304, 49.964], [-6.296, 49.98], [-6.287, 49.965], [-6.262, 49.965], [-6.284, 49.956]]], [[[-6.27, 49.956], [-6.269, 49.956], [-6.269, 49.956], [-6.27, 49.956]]], [[[-6.369, 49.952], [-6.372, 49.954], [-6.37, 49.956], [-6.368, 49.954], [-6.369, 49.952]]], [[[-6.257, 49.956], [-6.258, 49.956], [-6.257, 49.956], [-6.257, 49.956]]], [[[-6.345, 49.951], [-6.345, 49.952], [-6.345, 49.952], [-6.345, 49.951]]], [[[-6.363, 49.949], [-6.364, 49.95], [-6.363, 49.95], [-6.363, 49.949], [-6.363, 49.949]]], [[[-6.363, 49.948], [-6.362, 49.949], [-6.362, 49.949], [-6.363, 49.948]]], [[[-6.392, 49.947], [-6.392, 49.947], [-6.391, 49.948], [-6.391, 49.947], [-6.392, 49.947]]], [[[-6.346, 49.948], [-6.346, 49.949], [-6.346, 49.948], [-6.346, 49.948]]], [[[-6.296, 49.95], [-6.297, 49.95], [-6.298, 49.951], [-6.296, 49.95]]], [[[-6.393, 49.946], [-6.394, 49.947], [-6.392, 49.947], [-6.393, 49.946]]], [[[-6.245, 49.95], [-6.247, 49.95], [-6.245, 49.951], [-6.245, 49.95]]], [[[-6.268, 49.948], [-6.27, 49.949], [-6.27, 49.95], [-6.267, 49.95], [-6.268, 49.948]]], [[[-6.254, 49.948], [-6.261, 49.953], [-6.263, 49.955], [-6.252, 49.95], [-6.254, 49.948]]], [[[-6.248, 49.949], [-6.25, 49.949], [-6.249, 49.95], [-6.247, 49.949], [-6.248, 49.949]]], [[[-6.352, 49.945], [-6.363, 49.946], [-6.356, 49.949], [-6.363, 49.965], [-6.349, 49.957], [-6.352, 49.945]]], [[[-6.387, 49.943], [-6.386, 49.944], [-6.386, 49.944], [-6.386, 49.943], [-6.387, 49.943]]], [[[-6.373, 49.943], [-6.374, 49.943], [-6.374, 49.944], [-6.373, 49.943], [-6.373, 49.943]]], [[[-6.379, 49.942], [-6.381, 49.942], [-6.381, 49.943], [-6.38, 49.943], [-6.379, 49.942]]], [[[-6.278, 49.945], [-6.277, 49.947], [-6.276, 49.946], [-6.276, 49.945], [-6.278, 49.945]]], [[[-6.257, 49.946], [-6.259, 49.947], [-6.26, 49.947], [-6.259, 49.947], [-6.257, 49.946], [-6.257, 49.946]]], [[[-6.353, 49.941], [-6.353, 49.941], [-6.353, 49.941], [-6.353, 49.941]]], [[[-6.247, 49.944], [-6.248, 49.945], [-6.244, 49.946], [-6.245, 49.945], [-6.247, 49.944]]], [[[-6.274, 49.943], [-6.276, 49.944], [-6.273, 49.944], [-6.274, 49.943]]], [[[-6.327, 49.941], [-6.327, 49.941], [-6.327, 49.941], [-6.327, 49.941]]], [[[-6.344, 49.94], [-6.343, 49.94], [-6.343, 49.94], [-6.344, 49.94]]], [[[-6.348, 49.939], [-6.348, 49.94], [-6.347, 49.939], [-6.348, 49.939]]], [[[-6.263, 49.942], [-6.267, 49.945], [-6.266, 49.948], [-6.262, 49.943], [-6.263, 49.942]]], [[[-6.325, 49.94], [-6.325, 49.94], [-6.325, 49.94], [-6.325, 49.94]]], [[[-6.333, 49.939], [-6.338, 49.954], [-6.35, 49.967], [-6.319, 49.954], [-6.333, 49.939]]], [[[-6.387, 49.932], [-6.386, 49.934], [-6.387, 49.935], [-6.385, 49.934], [-6.387, 49.932]]], [[[-6.342, 49.933], [-6.341, 49.933], [-6.341, 49.933], [-6.342, 49.933]]], [[[-6.362, 49.931], [-6.362, 49.933], [-6.361, 49.932], [-6.362, 49.931], [-6.362, 49.931]]], [[[-6.351, 49.928], [-6.358, 49.93], [-6.354, 49.938], [-6.35, 49.937], [-6.351, 49.928]]], [[[-6.304, 49.903], [-6.328, 49.913], [-6.309, 49.917], [-6.309, 49.934], [-6.276, 49.929], [-6.279, 49.915], [-6.304, 49.903]]], [[[-6.368, 49.892], [-6.378, 49.896], [-6.376, 49.9], [-6.368, 49.896], [-6.368, 49.892]]], [[[-6.37, 49.889], [-6.371, 49.89], [-6.37, 49.89], [-6.37, 49.889]]], [[[-6.371, 49.889], [-6.371, 49.889], [-6.371, 49.889], [-6.371, 49.889]]], [[[-6.369, 49.888], [-6.369, 49.888], [-6.369, 49.888], [-6.369, 49.888]]], [[[-6.368, 49.886], [-6.368, 49.886], [-6.368, 49.886], [-6.368, 49.886]]], [[[-6.413, 49.881], [-6.412, 49.881], [-6.412, 49.881], [-6.413, 49.881]]], [[[-6.341, 49.882], [-6.353, 49.888], [-6.357, 49.898], [-6.328, 49.895], [-6.341, 49.882]]], [[[-6.414, 49.879], [-6.414, 49.879], [-6.413, 49.879], [-6.414, 49.879]]], [[[-6.412, 49.879], [-6.412, 49.879], [-6.412, 49.88], [-6.412, 49.88], [-6.412, 49.879]]], [[[-6.411, 49.879], [-6.412, 49.879], [-6.411, 49.879], [-6.411, 49.879]]], [[[-6.417, 49.878], [-6.418, 49.879], [-6.417, 49.879], [-6.417, 49.878]]], [[[-6.417, 49.878], [-6.417, 49.878], [-6.417, 49.878], [-6.417, 49.878]]], [[[-6.412, 49.878], [-6.412, 49.878], [-6.412, 49.879], [-6.412, 49.878]]], [[[-6.417, 49.878], [-6.418, 49.878], [-6.417, 49.878], [-6.417, 49.878]]], [[[-6.419, 49.878], [-6.418, 49.878], [-6.418, 49.878], [-6.419, 49.878]]], [[[-6.405, 49.874], [-6.405, 49.874], [-6.405, 49.874], [-6.405, 49.874]]], [[[-6.37, 49.874], [-6.37, 49.874], [-6.37, 49.876], [-6.369, 49.876], [-6.37, 49.874]]], [[[-6.402, 49.872], [-6.403, 49.872], [-6.402, 49.872], [-6.402, 49.872]]], [[[-6.401, 49.869], [-6.403, 49.87], [-6.4, 49.871], [-6.399, 49.87], [-6.401, 49.869]]], [[[-6.388, 49.868], [-6.388, 49.869], [-6.388, 49.869], [-6.388, 49.868]]], [[[-6.399, 49.868], [-6.4, 49.869], [-6.4, 49.869], [-6.399, 49.868]]], [[[-6.393, 49.868], [-6.394, 49.868], [-6.393, 49.868], [-6.393, 49.868]]], [[[-6.393, 49.868], [-6.393, 49.868], [-6.393, 49.868], [-6.393, 49.868]]], [[[-6.399, 49.867], [-6.398, 49.868], [-6.398, 49.867], [-6.399, 49.867]]], [[[-6.393, 49.867], [-6.393, 49.868], [-6.392, 49.867], [-6.393, 49.867]]], [[[-6.393, 49.867], [-6.393, 49.867], [-6.393, 49.867], [-6.393, 49.867]]], [[[-6.398, 49.867], [-6.398, 49.867], [-6.398, 49.867], [-6.398, 49.867]]], [[[-6.388, 49.867], [-6.389, 49.867], [-6.389, 49.868], [-6.387, 49.868], [-6.388, 49.867]]], [[[-6.397, 49.866], [-6.398, 49.866], [-6.397, 49.867], [-6.397, 49.866]]], [[[-6.398, 49.866], [-6.399, 49.866], [-6.398, 49.866], [-6.398, 49.866]]], [[[-6.386, 49.867], [-6.386, 49.867], [-6.386, 49.867], [-6.386, 49.867]]], [[[-6.4, 49.865], [-6.4, 49.865], [-6.4, 49.865], [-6.399, 49.865], [-6.4, 49.865]]]]}}, {"type": "Feature", "properties": {"cd": "E30000253", "nm": "Plymouth"}, "geometry": {"type": "MultiPolygon", "coordinates": [[[[-4.17, 50.423], [-4.171, 50.423], [-4.171, 50.423], [-4.17, 50.423], [-4.17, 50.423]]], [[[-4.274, 50.377], [-4.29, 50.39], [-4.277, 50.398], [-4.272, 50.42], [-4.276, 50.428], [-4.294, 50.389], [-4.329, 50.42], [-4.332, 50.442], [-4.3, 50.443], [-4.308, 50.448], [-4.302, 50.454], [-4.28, 50.446], [-4.302, 50.459], [-4.293, 50.467], [-4.256, 50.47], [-4.231, 50.455], [-4.218, 50.464], [-4.199, 50.436], [-4.221, 50.426], [-4.226, 50.436], [-4.233, 50.439], [-4.237, 50.439], [-4.224, 50.422], [-4.21, 50.425], [-4.206, 50.408], [-4.253, 50.394], [-4.248, 50.385], [-4.271, 50.387], [-4.274, 50.377]]], [[[-4.209, 50.362], [-4.209, 50.362], [-4.209, 50.362], [-4.209, 50.362]]], [[[-4.152, 50.354], [-4.155, 50.355], [-4.156, 50.356], [-4.152, 50.356], [-4.152, 50.354]]], [[[-4.142, 50.333], [-4.155, 50.334], [-4.159, 50.334], [-4.137, 50.334], [-4.142, 50.333]]], [[[-4.22, 50.324], [-4.22, 50.324], [-4.22, 50.324], [-4.22, 50.324]]], [[[-4.223, 50.311], [-4.222, 50.328], [-4.279, 50.356], [-4.28, 50.37], [-4.213, 50.393], [-4.195, 50.372], [-4.225, 50.371], [-4.223, 50.368], [-4.237, 50.366], [-4.239, 50.362], [-4.197, 50.359], [-4.204, 50.347], [-4.176, 50.361], [-4.166, 50.348], [-4.201, 50.333], [-4.188, 50.318], [-4.223, 50.311]]], [[[-4.106, 50.306], [-4.108, 50.307], [-4.108, 50.308], [-4.105, 50.308], [-4.106, 50.306]]], [[[-4.035, 50.293], [-4.075, 50.304], [-4.032, 50.314], [-4.053, 50.318], [-4.016, 50.341], [-4.045, 50.331], [-4.052, 50.347], [-4.055, 50.311], [-4.112, 50.316], [-4.129, 50.337], [-4.122, 50.351], [-4.135, 50.359], [-4.102, 50.355], [-4.112, 50.359], [-4.098, 50.367], [-4.108, 50.368], [-4.083, 50.387], [-4.083, 50.388], [-4.085, 50.39], [-4.083, 50.393], [-4.084, 50.394], [-4.085, 50.394], [-4.116, 50.362], [-4.185, 50.367], [-4.193, 50.39], [-4.185, 50.393], [-4.185, 50.396], [-4.18, 50.396], [-4.18, 50.397], [-4.185, 50.396], [-4.195, 50.392], [-4.205, 50.399], [-4.192, 50.425], [-4.166, 50.42], [-4.16, 50.428], [-4.19, 50.428], [-4.156, 50.446], [-4.15, 50.465], [-4.185, 50.434], [-4.216, 50.468], [-4.235, 50.458], [-4.216, 50.475], [-4.221, 50.498], [-4.198, 50.491], [-4.18, 50.503], [-4.202, 50.503], [-4.207, 50.534], [-4.272, 50.538], [-4.238, 50.578], [-4.166, 50.602], [-4.192, 50.628], [-4.156, 50.629], [-4.093, 50.657], [-4.051, 50.657], [-3.967, 50.706], [-3.936, 50.689], [-3.937, 50.66], [-3.897, 50.655], [-3.872, 50.613], [-3.883, 50.594], [-3.87, 50.571], [-3.875, 50.545], [-3.893, 50.514], [-3.88, 50.487], [-3.899, 50.474], [-3.896, 50.445], [-3.873, 50.424], [-3.844, 50.436], [-3.8, 50.432], [-3.758, 50.411], [-3.819, 50.414], [-3.819, 50.396], [-3.835, 50.391], [-3.806, 50.378], [-3.859, 50.378], [-3.924, 50.351], [-3.949, 50.31], [-4.035, 50.293]]]]}}, {"type": "Feature", "properties": {"cd": "E30000254", "nm": "Portsmouth"}, "geometry": {"type": "MultiPolygon", "coordinates": [[[[-1.003, 50.829], [-1.006, 50.833], [-1.009, 50.834], [-1.005, 50.834], [-1.003, 50.829]]], [[[-1.014, 50.826], [-1.015, 50.827], [-1.017, 50.828], [-1.013, 50.828], [-1.014, 50.826]]], [[[-1.008, 50.822], [-1.011, 50.824], [-1.01, 50.827], [-1.006, 50.824], [-1.008, 50.822]]], [[[-1.101, 50.814], [-1.098, 50.82], [-1.094, 50.819], [-1.093, 50.815], [-1.101, 50.814]]], [[[-0.939, 50.777], [-1.019, 50.785], [-1.025, 50.795], [-0.996, 50.797], [-0.987, 50.827], [-0.964, 50.833], [-0.951, 50.824], [-0.956, 50.809], [-0.973, 50.807], [-0.953, 50.801], [-0.967, 50.787], [-0.937, 50.787], [-0.939, 50.777]]], [[[-1.089, 50.778], [-1.111, 50.799], [-1.091, 50.809], [-1.097, 50.811], [-1.095, 50.812], [-1.091, 50.817], [-1.094, 50.823], [-1.097, 50.823], [-1.1, 50.827], [-1.044, 50.832], [-1.044, 50.791], [-1.03, 50.796], [-1.03, 50.787], [-1.089, 50.778]]], [[[-1.141, 50.773], [-1.267, 50.827], [-1.252, 50.848], [-1.262, 50.851], [-1.253, 50.872], [-1.237, 50.864], [-1.216, 50.884], [-1.238, 50.904], [-1.141, 50.934], [-1.169, 50.949], [-1.155, 50.952], [-1.162, 50.963], [-1.18, 50.959], [-1.179, 50.975], [-1.129, 50.974], [-1.13, 50.964], [-1.1, 50.963], [-1.104, 50.954], [-1.091, 50.952], [-1.091, 50.965], [-1.063, 50.978], [-1.063, 51.026], [-1.074, 51.034], [-1.001, 51.08], [-0.963, 51.07], [-0.956, 51.079], [-0.945, 51.067], [-0.93, 51.081], [-0.944, 51.086], [-0.902, 51.085], [-0.892, 51.074], [-0.883, 51.079], [-0.881, 51.058], [-0.85, 51.059], [-0.861, 51.035], [-0.836, 51.045], [-0.822, 50.995], [-0.901, 51.001], [-0.942, 50.943], [-0.924, 50.924], [-0.958, 50.891], [-0.94, 50.875], [-0.954, 50.868], [-0.935, 50.861], [-0.932, 50.843], [-0.981, 50.835], [-1.001, 50.851], [-1.022, 50.842], [-1.01, 50.835], [-1.024, 50.826], [-1.036, 50.835], [-1.076, 50.837], [-1.089, 50.829], [-1.106, 50.847], [-1.118, 50.844], [-1.113, 50.836], [-1.173, 50.841], [-1.166, 50.85], [-1.166, 50.852], [-1.169, 50.855], [-1.17, 50.856], [-1.172, 50.856], [-1.18, 50.837], [-1.152, 50.836], [-1.157, 50.823], [-1.146, 50.826], [-1.124, 50.806], [-1.134, 50.806], [-1.137, 50.802], [-1.117, 50.796], [-1.145, 50.785], [-1.112, 50.79], [-1.141, 50.773]]], [[[-1.099, 50.77], [-1.099, 50.771], [-1.099, 50.771], [-1.099, 50.771], [-1.099, 50.77]]], [[[-1.072, 50.75], [-1.072, 50.75], [-1.072, 50.751], [-1.072, 50.75], [-1.072, 50.75]]]]}}, {"type": "Feature", "properties": {"cd": "E30000255", "nm": "Preston"}, "geometry": {"type": "MultiPolygon", "coordinates": [[[[-2.943, 53.851], [-2.944, 53.852], [-2.938, 53.854], [-2.938, 53.853], [-2.943, 53.851]]], [[[-2.906, 53.726], [-2.907, 53.728], [-2.904, 53.729], [-2.904, 53.728], [-2.906, 53.727], [-2.906, 53.726]]], [[[-2.95, 53.637], [-2.96, 53.639], [-2.94, 53.658], [-2.944, 53.675], [-2.897, 53.684], [-2.912, 53.671], [-2.901, 53.66], [-2.882, 53.692], [-2.906, 53.727], [-2.861, 53.734], [-2.826, 53.713], [-2.834, 53.697], [-2.833, 53.695], [-2.83, 53.694], [-2.829, 53.69], [-2.827, 53.688], [-2.825, 53.687], [-2.819, 53.686], [-2.823, 53.684], [-2.824, 53.683], [-2.824, 53.68], [-2.81, 53.661], [-2.811, 53.648], [-2.807, 53.642], [-2.817, 53.655], [-2.859, 53.659], [-2.879, 53.641], [-2.899, 53.65], [-2.95, 53.637]]], [[[-2.808, 53.63], [-2.808, 53.631], [-2.808, 53.631], [-2.808, 53.63]]], [[[-2.623, 53.594], [-2.635, 53.608], [-2.696, 53.605], [-2.694, 53.627], [-2.798, 53.617], [-2.81, 53.662], [-2.824, 53.681], [-2.816, 53.688], [-2.833, 53.698], [-2.817, 53.718], [-2.835, 53.724], [-2.824, 53.731], [-2.836, 53.725], [-2.843, 53.729], [-2.834, 53.738], [-2.855, 53.735], [-2.751, 53.757], [-2.71, 53.748], [-2.679, 53.746], [-2.68, 53.753], [-2.673, 53.749], [-2.667, 53.748], [-2.662, 53.75], [-2.678, 53.753], [-2.71, 53.748], [-2.73, 53.759], [-2.752, 53.758], [-2.788, 53.753], [-2.79, 53.766], [-2.788, 53.753], [-2.856, 53.739], [-2.859, 53.751], [-2.857, 53.738], [-2.884, 53.735], [-2.898, 53.755], [-2.879, 53.753], [-2.88, 53.77], [-2.896, 53.781], [-2.867, 53.779], [-2.868, 53.812], [-2.883, 53.824], [-2.858, 53.843], [-2.89, 53.852], [-2.876, 53.857], [-2.873, 53.865], [-2.865, 53.859], [-2.848, 53.857], [-2.825, 53.863], [-2.848, 53.858], [-2.869, 53.866], [-2.91, 53.865], [-2.949, 53.854], [-2.931, 53.881], [-2.938, 53.89], [-2.902, 53.906], [-2.937, 53.913], [-2.942, 53.938], [-2.922, 53.951], [-2.905, 53.939], [-2.882, 53.946], [-2.864, 53.918], [-2.804, 53.936], [-2.814, 53.946], [-2.799, 53.975], [-2.758, 53.963], [-2.755, 53.952], [-2.716, 53.98], [-2.702, 53.944], [-2.637, 53.958], [-2.617, 53.952], [-2.558, 53.975], [-2.581, 54.0], [-2.572, 54.015], [-2.503, 54.02], [-2.491, 54.041], [-2.415, 54.008], [-2.418, 53.998], [-2.452, 54.009], [-2.498, 53.989], [-2.51, 53.969], [-2.501, 53.947], [-2.529, 53.934], [-2.52, 53.918], [-2.543, 53.888], [-2.528, 53.873], [-2.535, 53.832], [-2.528, 53.814], [-2.515, 53.815], [-2.602, 53.79], [-2.581, 53.776], [-2.548, 53.776], [-2.564, 53.762], [-2.551, 53.756], [-2.565, 53.742], [-2.54, 53.718], [-2.54, 53.702], [-2.516, 53.692], [-2.532, 53.665], [-2.511, 53.627], [-2.57, 53.595], [-2.596, 53.611], [-2.623, 53.594]]]]}}, {"type": "Feature", "properties": {"cd": "E30000256", "nm": "Reading"}, "geometry": {"type": "Polygon", "coordinates": [[[-0.969, 51.635], [-0.949, 51.631], [-0.943, 51.605], [-0.917, 51.6], [-0.94, 51.576], [-0.902, 51.556], [-0.903, 51.546], [-0.881, 51.562], [-0.847, 51.545], [-0.794, 51.551], [-0.789, 51.52], [-0.745, 51.487], [-0.753, 51.462], [-0.657, 51.461], [-0.662, 51.444], [-0.631, 51.442], [-0.631, 51.414], [-0.609, 51.412], [-0.623, 51.39], [-0.616, 51.384], [-0.664, 51.386], [-0.785, 51.348], [-0.785, 51.338], [-0.805, 51.342], [-0.81, 51.325], [-0.858, 51.321], [-0.907, 51.339], [-0.907, 51.36], [-0.918, 51.365], [-1.05, 51.358], [-1.087, 51.384], [-1.114, 51.375], [-1.138, 51.398], [-1.119, 51.417], [-1.136, 51.43], [-1.098, 51.459], [-1.127, 51.461], [-1.127, 51.474], [-1.156, 51.471], [-1.168, 51.487], [-1.16, 51.497], [-1.178, 51.503], [-1.217, 51.498], [-1.231, 51.533], [-1.14, 51.543], [-1.147, 51.553], [-1.126, 51.571], [-1.115, 51.608], [-1.04, 51.592], [-1.036, 51.62], [-0.996, 51.616], [-1.012, 51.637], [-0.969, 51.635]]]}}, {"type": "Feature", "properties": {"cd": "E30000257", "nm": "Redruth and Truro"}, "geometry": {"type": "MultiPolygon", "coordinates": [[[[-5.233, 50.334], [-5.233, 50.334], [-5.232, 50.334], [-5.233, 50.334]]], [[[-5.401, 50.242], [-5.402, 50.242], [-5.4, 50.243], [-5.4, 50.242], [-5.401, 50.242]]], [[[-5.358, 50.119], [-5.375, 50.132], [-5.397, 50.124], [-5.402, 50.134], [-5.374, 50.153], [-5.396, 50.172], [-5.437, 50.176], [-5.434, 50.191], [-5.422, 50.185], [-5.407, 50.193], [-5.434, 50.194], [-5.397, 50.222], [-5.396, 50.24], [-5.328, 50.243], [-5.243, 50.287], [-5.236, 50.318], [-5.2, 50.321], [-5.181, 50.34], [-5.154, 50.346], [-5.147, 50.375], [-5.158, 50.389], [-5.148, 50.391], [-5.146, 50.389], [-5.144, 50.389], [-5.148, 50.405], [-4.986, 50.391], [-5.007, 50.353], [-4.995, 50.342], [-5.024, 50.347], [-5.006, 50.334], [-5.011, 50.318], [-4.992, 50.311], [-5.017, 50.287], [-4.985, 50.285], [-4.963, 50.262], [-4.922, 50.276], [-4.905, 50.259], [-5.002, 50.225], [-5.015, 50.228], [-5.012, 50.241], [-5.022, 50.245], [-5.01, 50.249], [-4.992, 50.28], [-5.027, 50.243], [-5.039, 50.251], [-5.047, 50.263], [-5.048, 50.264], [-5.05, 50.264], [-5.04, 50.249], [-5.056, 50.247], [-5.016, 50.24], [-5.018, 50.226], [-5.029, 50.223], [-5.033, 50.228], [-5.039, 50.23], [-5.044, 50.228], [-5.028, 50.211], [-5.048, 50.209], [-5.059, 50.193], [-5.067, 50.21], [-5.101, 50.213], [-5.098, 50.208], [-5.1, 50.209], [-5.101, 50.209], [-5.115, 50.207], [-5.114, 50.206], [-5.117, 50.205], [-5.118, 50.204], [-5.076, 50.206], [-5.054, 50.182], [-5.077, 50.184], [-5.045, 50.175], [-5.054, 50.162], [-5.09, 50.169], [-5.099, 50.179], [-5.086, 50.188], [-5.152, 50.207], [-5.188, 50.197], [-5.228, 50.205], [-5.255, 50.188], [-5.27, 50.146], [-5.291, 50.149], [-5.358, 50.119]]]]}}, {"type": "Feature", "properties": {"cd": "E30000258", "nm": "Salisbury"}, "geometry": {"type": "Polygon", "coordinates": [[[-1.797, 51.342], [-1.78, 51.317], [-1.743, 51.302], [-1.75, 51.29], [-1.722, 51.267], [-1.651, 51.26], [-1.639, 51.254], [-1.652, 51.237], [-1.622, 51.234], [-1.634, 51.218], [-1.69, 51.215], [-1.694, 51.204], [-1.669, 51.191], [-1.672, 51.179], [-1.654, 51.156], [-1.663, 51.127], [-1.626, 51.117], [-1.637, 51.092], [-1.628, 51.078], [-1.635, 51.041], [-1.599, 51.024], [-1.598, 51.008], [-1.629, 50.998], [-1.603, 50.978], [-1.623, 50.955], [-1.687, 50.947], [-1.696, 50.908], [-1.741, 50.89], [-1.751, 50.905], [-1.789, 50.894], [-1.798, 50.909], [-1.849, 50.89], [-1.877, 50.901], [-1.811, 50.928], [-1.842, 50.932], [-1.874, 50.917], [-1.921, 50.961], [-1.961, 50.954], [-1.963, 50.944], [-1.978, 50.969], [-1.99, 50.966], [-1.981, 50.946], [-2.051, 50.918], [-2.068, 50.951], [-2.03, 50.98], [-2.026, 51.016], [-2.038, 51.029], [-2.083, 51.017], [-2.098, 51.027], [-2.083, 51.041], [-2.189, 51.025], [-2.218, 51.055], [-2.202, 51.078], [-2.235, 51.081], [-2.213, 51.11], [-2.177, 51.105], [-2.147, 51.128], [-2.017, 51.114], [-1.997, 51.144], [-2.084, 51.16], [-2.088, 51.171], [-2.051, 51.208], [-2.005, 51.235], [-1.973, 51.238], [-1.968, 51.25], [-1.895, 51.242], [-1.905, 51.271], [-1.87, 51.298], [-1.867, 51.32], [-1.807, 51.31], [-1.835, 51.337], [-1.797, 51.342]]]}}, {"type": "Feature", "properties": {"cd": "E30000259", "nm": "Scarborough"}, "geometry": {"type": "MultiPolygon", "coordinates": [[[[-0.337, 54.243], [-0.341, 54.243], [-0.339, 54.243], [-0.337, 54.243]]], [[[-0.23, 54.132], [-0.375, 54.154], [-0.391, 54.177], [-0.418, 54.174], [-0.441, 54.216], [-0.55, 54.193], [-0.618, 54.205], [-0.598, 54.236], [-0.613, 54.27], [-0.605, 54.297], [-0.567, 54.311], [-0.621, 54.343], [-0.634, 54.365], [-0.545, 54.369], [-0.509, 54.388], [-0.503, 54.407], [-0.472, 54.397], [-0.417, 54.331], [-0.408, 54.294], [-0.385, 54.289], [-0.397, 54.274], [-0.368, 54.248], [-0.259, 54.216], [-0.28, 54.215], [-0.283, 54.195], [-0.213, 54.158], [-0.23, 54.132]]]]}}, {"type": "Feature", "properties": {"cd": "E30000260", "nm": "Scunthorpe"}, "geometry": {"type": "MultiPolygon", "coordinates": [[[[-0.535, 53.681], [-0.534, 53.683], [-0.559, 53.689], [-0.521, 53.686], [-0.535, 53.681]]], [[[-0.798, 53.455], [-0.916, 53.46], [-0.901, 53.475], [-0.936, 53.502], [-0.932, 53.511], [-0.95, 53.514], [-0.947, 53.527], [-0.892, 53.538], [-0.898, 53.583], [-0.865, 53.638], [-0.848, 53.633], [-0.698, 53.685], [-0.69, 53.674], [-0.712, 53.646], [-0.715, 53.633], [-0.713, 53.624], [-0.701, 53.613], [-0.709, 53.608], [-0.725, 53.609], [-0.733, 53.605], [-0.74, 53.593], [-0.732, 53.584], [-0.746, 53.573], [-0.748, 53.568], [-0.744, 53.511], [-0.768, 53.499], [-0.776, 53.489], [-0.772, 53.48], [-0.781, 53.479], [-0.785, 53.477], [-0.798, 53.455]]], [[[-0.75, 53.408], [-0.779, 53.413], [-0.766, 53.422], [-0.793, 53.435], [-0.811, 53.436], [-0.8, 53.43], [-0.808, 53.42], [-0.82, 53.441], [-0.784, 53.464], [-0.785, 53.475], [-0.771, 53.479], [-0.767, 53.499], [-0.742, 53.51], [-0.745, 53.571], [-0.73, 53.582], [-0.729, 53.606], [-0.706, 53.607], [-0.698, 53.613], [-0.712, 53.641], [-0.685, 53.673], [-0.694, 53.695], [-0.612, 53.715], [-0.586, 53.693], [-0.524, 53.677], [-0.471, 53.698], [-0.394, 53.697], [-0.3, 53.714], [-0.264, 53.691], [-0.29, 53.686], [-0.303, 53.668], [-0.36, 53.666], [-0.447, 53.639], [-0.358, 53.586], [-0.346, 53.558], [-0.42, 53.564], [-0.429, 53.574], [-0.491, 53.546], [-0.501, 53.538], [-0.431, 53.546], [-0.406, 53.524], [-0.488, 53.505], [-0.486, 53.48], [-0.472, 53.475], [-0.63, 53.458], [-0.637, 53.441], [-0.676, 53.443], [-0.678, 53.428], [-0.718, 53.428], [-0.75, 53.408]]]]}}, {"type": "Feature", "properties": {"cd": "E30000261", "nm": "Sheffield"}, "geometry": {"type": "Polygon", "coordinates": [[[-1.386, 53.5], [-1.344, 53.483], [-1.306, 53.496], [-1.29, 53.491], [-1.297, 53.475], [-1.255, 53.481], [-1.258, 53.454], [-1.238, 53.433], [-1.137, 53.425], [-1.146, 53.412], [-1.116, 53.41], [-1.116, 53.397], [-1.133, 53.392], [-1.131, 53.376], [-1.145, 53.371], [-1.139, 53.356], [-1.163, 53.357], [-1.139, 53.341], [-1.203, 53.304], [-1.319, 53.31], [-1.317, 53.282], [-1.425, 53.309], [-1.442, 53.309], [-1.468, 53.283], [-1.585, 53.322], [-1.599, 53.311], [-1.597, 53.296], [-1.706, 53.274], [-1.708, 53.297], [-1.694, 53.297], [-1.682, 53.302], [-1.724, 53.301], [-1.725, 53.331], [-1.735, 53.335], [-1.713, 53.341], [-1.703, 53.371], [-1.673, 53.369], [-1.654, 53.392], [-1.74, 53.421], [-1.745, 53.462], [-1.801, 53.481], [-1.738, 53.477], [-1.701, 53.503], [-1.607, 53.493], [-1.55, 53.479], [-1.539, 53.462], [-1.551, 53.446], [-1.532, 53.438], [-1.495, 53.486], [-1.455, 53.472], [-1.442, 53.491], [-1.386, 53.5]]]}}, {"type": "Feature", "properties": {"cd": "E30000262", "nm": "Shrewsbury"}, "geometry": {"type": "Polygon", "coordinates": [[[-2.635, 52.997], [-2.595, 52.98], [-2.598, 52.963], [-2.586, 52.955], [-2.561, 52.965], [-2.53, 52.947], [-2.521, 52.974], [-2.491, 52.968], [-2.449, 52.928], [-2.471, 52.906], [-2.447, 52.867], [-2.508, 52.842], [-2.515, 52.828], [-2.492, 52.802], [-2.538, 52.785], [-2.533, 52.794], [-2.551, 52.802], [-2.583, 52.806], [-2.598, 52.798], [-2.592, 52.777], [-2.663, 52.76], [-2.66, 52.732], [-2.596, 52.715], [-2.667, 52.687], [-2.628, 52.641], [-2.638, 52.626], [-2.605, 52.581], [-2.75, 52.532], [-2.772, 52.546], [-2.771, 52.562], [-2.842, 52.563], [-2.896, 52.604], [-2.947, 52.582], [-2.926, 52.571], [-2.959, 52.555], [-2.996, 52.553], [-3.006, 52.574], [-3.02, 52.575], [-3.087, 52.551], [-3.086, 52.534], [-3.135, 52.528], [-3.111, 52.541], [-3.139, 52.586], [-3.089, 52.6], [-3.094, 52.609], [-3.06, 52.631], [-3.084, 52.641], [-3.051, 52.647], [-3.039, 52.675], [-3.047, 52.691], [-3.023, 52.707], [-3.022, 52.724], [-2.978, 52.726], [-2.978, 52.715], [-2.962, 52.716], [-2.972, 52.747], [-2.933, 52.752], [-2.963, 52.774], [-2.942, 52.778], [-2.941, 52.789], [-2.883, 52.785], [-2.9, 52.811], [-2.873, 52.825], [-2.886, 52.843], [-2.884, 52.878], [-2.807, 52.873], [-2.802, 52.894], [-2.781, 52.909], [-2.729, 52.925], [-2.727, 52.983], [-2.699, 52.995], [-2.675, 52.986], [-2.635, 52.997]]]}}, {"type": "Feature", "properties": {"cd": "E30000263", "nm": "Sidmouth"}, "geometry": {"type": "Polygon", "coordinates": [[[-3.052, 50.908], [-3.055, 50.875], [-3.033, 50.862], [-3.037, 50.851], [-2.974, 50.856], [-2.954, 50.821], [-2.961, 50.816], [-2.89, 50.803], [-2.897, 50.786], [-2.956, 50.765], [-2.916, 50.732], [-3.023, 50.698], [-3.058, 50.704], [-3.053, 50.722], [-3.057, 50.722], [-3.051, 50.725], [-3.053, 50.726], [-3.06, 50.721], [-3.061, 50.706], [-3.059, 50.704], [-3.055, 50.703], [-3.082, 50.702], [-3.096, 50.685], [-3.262, 50.672], [-3.271, 50.686], [-3.294, 50.682], [-3.288, 50.698], [-3.324, 50.69], [-3.337, 50.7], [-3.321, 50.738], [-3.249, 50.739], [-3.234, 50.763], [-3.197, 50.756], [-3.157, 50.801], [-3.044, 50.808], [-3.06, 50.847], [-3.096, 50.848], [-3.093, 50.878], [-3.11, 50.885], [-3.11, 50.902], [-3.052, 50.908]]]}}, {"type": "Feature", "properties": {"cd": "E30000264", "nm": "Skegness and Louth"}, "geometry": {"type": "MultiPolygon", "coordinates": [[[[0.192, 53.448], [0.192, 53.449], [0.192, 53.449], [0.192, 53.448]]], [[[0.192, 53.448], [0.192, 53.448], [0.193, 53.448], [0.192, 53.448]]], [[[0.197, 53.034], [0.147, 53.061], [0.13, 53.103], [0.137, 53.113], [0.121, 53.11], [0.119, 53.124], [0.035, 53.122], [0.014, 53.132], [0.0, 53.117], [-0.034, 53.118], [-0.03, 53.144], [-0.007, 53.165], [-0.015, 53.17], [-0.107, 53.162], [-0.125, 53.168], [-0.113, 53.191], [-0.124, 53.204], [-0.18, 53.207], [-0.129, 53.23], [-0.155, 53.259], [-0.144, 53.276], [-0.233, 53.289], [-0.213, 53.31], [-0.256, 53.344], [-0.205, 53.372], [-0.229, 53.398], [-0.206, 53.41], [-0.174, 53.397], [-0.141, 53.403], [-0.146, 53.375], [-0.119, 53.363], [-0.107, 53.371], [-0.112, 53.386], [-0.095, 53.39], [-0.102, 53.4], [-0.064, 53.41], [-0.018, 53.388], [0.02, 53.398], [0.039, 53.389], [0.116, 53.435], [0.099, 53.463], [0.115, 53.478], [0.103, 53.484], [0.122, 53.484], [0.11, 53.489], [0.126, 53.5], [0.136, 53.495], [0.13, 53.484], [0.144, 53.482], [0.148, 53.494], [0.155, 53.49], [0.201, 53.436], [0.188, 53.438], [0.213, 53.421], [0.211, 53.417], [0.191, 53.418], [0.19, 53.417], [0.226, 53.409], [0.318, 53.273], [0.356, 53.192], [0.34, 53.097], [0.32, 53.092], [0.319, 53.092], [0.321, 53.092], [0.322, 53.094], [0.324, 53.098], [0.327, 53.101], [0.318, 53.093], [0.32, 53.095], [0.319, 53.101], [0.318, 53.102], [0.315, 53.102], [0.314, 53.103], [0.309, 53.106], [0.309, 53.108], [0.307, 53.11], [0.304, 53.111], [0.307, 53.11], [0.308, 53.106], [0.314, 53.102], [0.319, 53.101], [0.32, 53.096], [0.316, 53.091], [0.318, 53.095], [0.314, 53.092], [0.297, 53.095], [0.305, 53.091], [0.302, 53.092], [0.298, 53.093], [0.295, 53.094], [0.291, 53.092], [0.311, 53.091], [0.3, 53.088], [0.298, 53.089], [0.295, 53.09], [0.291, 53.09], [0.289, 53.09], [0.287, 53.09], [0.288, 53.089], [0.295, 53.09], [0.299, 53.088], [0.197, 53.034]]]]}}, {"type": "Feature", "properties": {"cd": "E30000266", "nm": "Slough and Heathrow"}, "geometry": {"type": "MultiPolygon", "coordinates": [[[[-0.295, 51.486], [-0.292, 51.487], [-0.29, 51.487], [-0.294, 51.486], [-0.295, 51.486]]], [[[-0.297, 51.485], [-0.296, 51.486], [-0.295, 51.486], [-0.297, 51.485]]], [[[-0.299, 51.484], [-0.299, 51.485], [-0.298, 51.485], [-0.299, 51.484]]], [[[-0.321, 51.466], [-0.321, 51.47], [-0.32, 51.471], [-0.32, 51.469], [-0.321, 51.466]]], [[[-0.328, 51.444], [-0.326, 51.446], [-0.321, 51.446], [-0.325, 51.445], [-0.328, 51.444]]], [[[-0.43, 51.326], [-0.446, 51.327], [-0.435, 51.332], [-0.442, 51.361], [-0.455, 51.352], [-0.457, 51.362], [-0.497, 51.367], [-0.498, 51.354], [-0.521, 51.354], [-0.522, 51.375], [-0.595, 51.378], [-0.62, 51.393], [-0.609, 51.412], [-0.631, 51.414], [-0.631, 51.442], [-0.662, 51.444], [-0.657, 51.461], [-0.753, 51.462], [-0.745, 51.487], [-0.777, 51.523], [-0.759, 51.547], [-0.693, 51.544], [-0.694, 51.562], [-0.678, 51.564], [-0.673, 51.581], [-0.627, 51.579], [-0.626, 51.593], [-0.508, 51.562], [-0.529, 51.578], [-0.523, 51.605], [-0.535, 51.63], [-0.512, 51.638], [-0.457, 51.612], [-0.416, 51.616], [-0.362, 51.585], [-0.334, 51.584], [-0.322, 51.57], [-0.33, 51.556], [-0.319, 51.552], [-0.335, 51.543], [-0.293, 51.535], [-0.348, 51.527], [-0.352, 51.512], [-0.282, 51.491], [-0.299, 51.485], [-0.322, 51.471], [-0.322, 51.465], [-0.32, 51.463], [-0.304, 51.452], [-0.327, 51.446], [-0.332, 51.439], [-0.326, 51.431], [-0.319, 51.429], [-0.33, 51.441], [-0.306, 51.449], [-0.303, 51.453], [-0.319, 51.47], [-0.294, 51.486], [-0.253, 51.465], [-0.259, 51.455], [-0.242, 51.443], [-0.287, 51.42], [-0.261, 51.38], [-0.299, 51.349], [-0.318, 51.364], [-0.339, 51.349], [-0.416, 51.352], [-0.43, 51.326]]]]}}, {"type": "Feature", "properties": {"cd": "E30000267", "nm": "Southampton"}, "geometry": {"type": "MultiPolygon", "coordinates": [[[[-1.387, 50.777], [-1.391, 50.778], [-1.377, 50.781], [-1.385, 50.779], [-1.387, 50.777]]], [[[-1.555, 50.714], [-1.555, 50.714], [-1.555, 50.714], [-1.555, 50.714], [-1.555, 50.714]]], [[[-1.551, 50.706], [-1.555, 50.706], [-1.565, 50.709], [-1.584, 50.719], [-1.63, 50.729], [-1.62, 50.738], [-1.643, 50.785], [-1.689, 50.784], [-1.635, 50.857], [-1.671, 50.864], [-1.687, 50.881], [-1.677, 50.903], [-1.696, 50.908], [-1.687, 50.947], [-1.623, 50.955], [-1.603, 50.978], [-1.629, 50.999], [-1.598, 51.008], [-1.599, 51.024], [-1.632, 51.033], [-1.636, 51.093], [-1.601, 51.102], [-1.528, 51.053], [-1.506, 51.073], [-1.51, 51.095], [-1.498, 51.109], [-1.495, 51.101], [-1.445, 51.108], [-1.459, 51.116], [-1.437, 51.127], [-1.412, 51.111], [-1.351, 51.132], [-1.296, 51.125], [-1.291, 51.151], [-1.303, 51.152], [-1.275, 51.195], [-1.192, 51.185], [-1.186, 51.164], [-1.214, 51.152], [-1.178, 51.134], [-1.095, 51.14], [-1.094, 51.108], [-1.033, 51.117], [-1.022, 51.103], [-0.963, 51.102], [-0.958, 51.084], [-0.93, 51.081], [-0.945, 51.067], [-0.956, 51.079], [-0.963, 51.07], [-1.001, 51.08], [-1.064, 51.043], [-1.075, 51.033], [-1.063, 51.026], [-1.063, 50.978], [-1.091, 50.965], [-1.091, 50.952], [-1.104, 50.954], [-1.1, 50.963], [-1.13, 50.964], [-1.129, 50.974], [-1.179, 50.975], [-1.18, 50.959], [-1.162, 50.963], [-1.155, 50.952], [-1.169, 50.949], [-1.141, 50.934], [-1.238, 50.904], [-1.216, 50.884], [-1.237, 50.864], [-1.253, 50.872], [-1.262, 50.851], [-1.252, 50.848], [-1.267, 50.827], [-1.306, 50.841], [-1.309, 50.86], [-1.288, 50.895], [-1.252, 50.899], [-1.248, 50.903], [-1.268, 50.916], [-1.263, 50.9], [-1.288, 50.897], [-1.317, 50.876], [-1.313, 50.849], [-1.383, 50.89], [-1.372, 50.912], [-1.388, 50.917], [-1.377, 50.922], [-1.374, 50.936], [-1.391, 50.917], [-1.378, 50.911], [-1.393, 50.883], [-1.399, 50.895], [-1.467, 50.911], [-1.479, 50.925], [-1.477, 50.926], [-1.476, 50.928], [-1.48, 50.935], [-1.477, 50.926], [-1.479, 50.927], [-1.482, 50.928], [-1.481, 50.928], [-1.481, 50.929], [-1.483, 50.929], [-1.481, 50.929], [-1.481, 50.93], [-1.483, 50.93], [-1.483, 50.932], [-1.486, 50.932], [-1.485, 50.933], [-1.487, 50.933], [-1.473, 50.915], [-1.49, 50.911], [-1.422, 50.895], [-1.377, 50.854], [-1.353, 50.848], [-1.361, 50.845], [-1.361, 50.843], [-1.342, 50.844], [-1.339, 50.826], [-1.319, 50.824], [-1.326, 50.817], [-1.307, 50.817], [-1.343, 50.786], [-1.399, 50.782], [-1.412, 50.805], [-1.42, 50.8], [-1.419, 50.807], [-1.429, 50.811], [-1.436, 50.81], [-1.438, 50.815], [-1.446, 50.819], [-1.451, 50.819], [-1.392, 50.777], [-1.405, 50.773], [-1.411, 50.769], [-1.393, 50.775], [-1.398, 50.773], [-1.42, 50.766], [-1.502, 50.754], [-1.535, 50.764], [-1.526, 50.745], [-1.542, 50.74], [-1.531, 50.737], [-1.58, 50.718], [-1.551, 50.706]]]]}}, {"type": "Feature", "properties": {"cd": "E30000268", "nm": "Southend"}, "geometry": {"type": "MultiPolygon", "coordinates": [[[[0.564, 51.621], [0.564, 51.621], [0.565, 51.622], [0.564, 51.621], [0.564, 51.621]]], [[[0.823, 51.565], [0.808, 51.586], [0.836, 51.595], [0.837, 51.585], [0.824, 51.569], [0.823, 51.565]]], [[[0.832, 51.56], [0.824, 51.568], [0.832, 51.574], [0.834, 51.567], [0.84, 51.561], [0.832, 51.56]]], [[[0.857, 51.557], [0.836, 51.567], [0.844, 51.583], [0.848, 51.578], [0.863, 51.572], [0.839, 51.594], [0.867, 51.595], [0.879, 51.616], [0.958, 51.621], [0.928, 51.591], [0.857, 51.557]]], [[[0.586, 51.538], [0.585, 51.538], [0.582, 51.538], [0.585, 51.538], [0.586, 51.538]]], [[[0.588, 51.537], [0.585, 51.538], [0.583, 51.538], [0.59, 51.537], [0.588, 51.537]]], [[[0.58, 51.536], [0.579, 51.536], [0.579, 51.537], [0.579, 51.537], [0.579, 51.536], [0.58, 51.536]]], [[[0.582, 51.536], [0.581, 51.536], [0.583, 51.536], [0.582, 51.536]]], [[[0.58, 51.536], [0.577, 51.536], [0.579, 51.536], [0.58, 51.536]]], [[[0.597, 51.534], [0.592, 51.536], [0.589, 51.536], [0.586, 51.537], [0.601, 51.536], [0.597, 51.534]]], [[[0.632, 51.531], [0.615, 51.533], [0.609, 51.535], [0.613, 51.535], [0.621, 51.536], [0.63, 51.538], [0.64, 51.537], [0.643, 51.539], [0.646, 51.539], [0.632, 51.531]]], [[[0.612, 51.53], [0.609, 51.531], [0.605, 51.534], [0.614, 51.531], [0.612, 51.53]]], [[[0.525, 51.517], [0.522, 51.519], [0.521, 51.521], [0.525, 51.517], [0.525, 51.517]]], [[[0.532, 51.516], [0.537, 51.519], [0.54, 51.518], [0.537, 51.516], [0.532, 51.516]]], [[[0.573, 51.508], [0.518, 51.53], [0.534, 51.53], [0.543, 51.535], [0.546, 51.547], [0.553, 51.542], [0.559, 51.544], [0.567, 51.54], [0.586, 51.536], [0.578, 51.537], [0.577, 51.536], [0.606, 51.531], [0.599, 51.53], [0.632, 51.525], [0.617, 51.522], [0.619, 51.52], [0.637, 51.523], [0.573, 51.508]]], [[[0.356, 51.451], [0.328, 51.469], [0.371, 51.475], [0.382, 51.503], [0.402, 51.498], [0.44, 51.537], [0.411, 51.558], [0.423, 51.568], [0.31, 51.573], [0.386, 51.588], [0.375, 51.615], [0.402, 51.651], [0.443, 51.647], [0.447, 51.627], [0.461, 51.624], [0.505, 51.622], [0.517, 51.646], [0.55, 51.644], [0.535, 51.631], [0.552, 51.631], [0.552, 51.618], [0.565, 51.612], [0.588, 51.63], [0.648, 51.626], [0.652, 51.636], [0.764, 51.637], [0.779, 51.619], [0.866, 51.616], [0.86, 51.596], [0.82, 51.599], [0.817, 51.604], [0.798, 51.615], [0.778, 51.612], [0.798, 51.614], [0.819, 51.598], [0.796, 51.586], [0.754, 51.588], [0.76, 51.582], [0.722, 51.58], [0.714, 51.574], [0.806, 51.586], [0.793, 51.576], [0.795, 51.572], [0.801, 51.569], [0.797, 51.567], [0.787, 51.568], [0.786, 51.567], [0.808, 51.567], [0.796, 51.575], [0.808, 51.579], [0.818, 51.562], [0.851, 51.557], [0.788, 51.522], [0.644, 51.541], [0.607, 51.535], [0.546, 51.548], [0.543, 51.544], [0.543, 51.535], [0.509, 51.531], [0.503, 51.553], [0.493, 51.55], [0.505, 51.559], [0.504, 51.559], [0.489, 51.555], [0.495, 51.546], [0.506, 51.542], [0.496, 51.539], [0.502, 51.531], [0.507, 51.537], [0.507, 51.531], [0.522, 51.516], [0.541, 51.513], [0.456, 51.507], [0.436, 51.5], [0.436, 51.502], [0.423, 51.515], [0.434, 51.501], [0.436, 51.5], [0.444, 51.501], [0.446, 51.498], [0.434, 51.461], [0.356, 51.451]]]]}}, {"type": "Feature", "properties": {"cd": "E30000270", "nm": "St Austell and Newquay"}, "geometry": {"type": "MultiPolygon", "coordinates": [[[[-5.099, 50.393], [-5.132, 50.398], [-5.138, 50.404], [-5.071, 50.4], [-5.099, 50.393]]], [[[-4.905, 50.195], [-4.906, 50.195], [-4.904, 50.196], [-4.904, 50.195], [-4.905, 50.195]]], [[[-5.01, 50.139], [-5.017, 50.149], [-5.004, 50.151], [-4.985, 50.163], [-5.002, 50.168], [-4.989, 50.178], [-4.996, 50.175], [-4.995, 50.179], [-4.998, 50.189], [-5.005, 50.157], [-5.027, 50.157], [-5.014, 50.184], [-5.026, 50.182], [-5.035, 50.203], [-5.025, 50.221], [-4.96, 50.227], [-4.967, 50.235], [-4.952, 50.239], [-4.962, 50.245], [-4.905, 50.259], [-4.922, 50.276], [-4.963, 50.262], [-4.985, 50.285], [-5.017, 50.287], [-4.992, 50.311], [-5.011, 50.318], [-5.006, 50.334], [-5.024, 50.347], [-4.995, 50.342], [-5.007, 50.353], [-4.986, 50.391], [-5.063, 50.393], [-5.077, 50.406], [-5.126, 50.412], [-5.101, 50.414], [-5.1, 50.426], [-5.085, 50.415], [-5.055, 50.425], [-5.066, 50.427], [-5.042, 50.445], [-5.036, 50.48], [-4.973, 50.47], [-4.865, 50.479], [-4.802, 50.468], [-4.79, 50.483], [-4.75, 50.49], [-4.744, 50.475], [-4.7, 50.486], [-4.673, 50.462], [-4.684, 50.454], [-4.675, 50.445], [-4.636, 50.443], [-4.63, 50.458], [-4.597, 50.459], [-4.566, 50.442], [-4.579, 50.394], [-4.602, 50.37], [-4.57, 50.356], [-4.578, 50.333], [-4.639, 50.326], [-4.639, 50.33], [-4.617, 50.334], [-4.616, 50.336], [-4.61, 50.337], [-4.609, 50.338], [-4.63, 50.335], [-4.627, 50.348], [-4.636, 50.358], [-4.615, 50.357], [-4.609, 50.359], [-4.608, 50.359], [-4.606, 50.361], [-4.636, 50.36], [-4.634, 50.379], [-4.62, 50.382], [-4.62, 50.383], [-4.619, 50.383], [-4.616, 50.385], [-4.616, 50.386], [-4.636, 50.38], [-4.638, 50.373], [-4.668, 50.41], [-4.655, 50.374], [-4.639, 50.37], [-4.634, 50.335], [-4.673, 50.314], [-4.695, 50.348], [-4.757, 50.331], [-4.767, 50.321], [-4.752, 50.299], [-4.781, 50.29], [-4.787, 50.27], [-4.768, 50.254], [-4.798, 50.22], [-4.862, 50.236], [-4.916, 50.197], [-4.958, 50.202], [-4.982, 50.152], [-5.01, 50.139]]]]}}, {"type": "Feature", "properties": {"cd": "E30000271", "nm": "Stafford"}, "geometry": {"type": "Polygon", "coordinates": [[[-2.26, 52.949], [-2.246, 52.941], [-2.209, 52.96], [-2.173, 52.93], [-2.129, 52.938], [-2.12, 52.951], [-2.0, 52.892], [-1.98, 52.893], [-1.967, 52.874], [-1.934, 52.866], [-1.965, 52.821], [-1.951, 52.807], [-1.863, 52.789], [-1.851, 52.755], [-1.88, 52.745], [-1.911, 52.759], [-1.913, 52.742], [-1.949, 52.717], [-1.966, 52.734], [-2.009, 52.743], [-2.063, 52.724], [-2.077, 52.694], [-2.119, 52.675], [-2.142, 52.694], [-2.143, 52.711], [-2.178, 52.712], [-2.177, 52.726], [-2.217, 52.733], [-2.247, 52.715], [-2.275, 52.743], [-2.312, 52.741], [-2.385, 52.79], [-2.371, 52.795], [-2.378, 52.812], [-2.416, 52.827], [-2.394, 52.837], [-2.379, 52.913], [-2.347, 52.914], [-2.32, 52.932], [-2.264, 52.924], [-2.278, 52.951], [-2.271, 52.961], [-2.26, 52.949]]]}}, {"type": "Feature", "properties": {"cd": "E30000272", "nm": "Stevenage and Welwyn Garden City"}, "geometry": {"type": "Polygon", "coordinates": [[[-0.231, 52.122], [-0.187, 52.116], [-0.194, 52.105], [-0.15, 52.092], [-0.155, 52.053], [-0.134, 52.046], [-0.127, 52.021], [-0.073, 52.006], [-0.041, 51.975], [-0.066, 51.957], [-0.075, 51.971], [-0.107, 51.946], [-0.057, 51.915], [-0.087, 51.89], [-0.085, 51.864], [-0.042, 51.862], [-0.035, 51.847], [-0.063, 51.823], [-0.115, 51.81], [-0.105, 51.796], [-0.112, 51.787], [-0.086, 51.779], [-0.096, 51.75], [-0.086, 51.748], [-0.102, 51.73], [-0.179, 51.719], [-0.178, 51.733], [-0.203, 51.731], [-0.203, 51.71], [-0.222, 51.713], [-0.226, 51.691], [-0.2, 51.67], [-0.248, 51.655], [-0.261, 51.714], [-0.29, 51.728], [-0.266, 51.738], [-0.244, 51.732], [-0.246, 51.752], [-0.276, 51.772], [-0.278, 51.798], [-0.244, 51.813], [-0.266, 51.834], [-0.32, 51.837], [-0.35, 51.857], [-0.358, 51.888], [-0.322, 51.892], [-0.359, 51.916], [-0.35, 51.934], [-0.383, 51.951], [-0.381, 51.979], [-0.395, 51.967], [-0.415, 51.978], [-0.385, 51.992], [-0.353, 52.027], [-0.365, 52.041], [-0.363, 52.043], [-0.339, 52.052], [-0.316, 52.04], [-0.276, 52.059], [-0.274, 52.11], [-0.231, 52.122]]]}}, {"type": "Feature", "properties": {"cd": "E30000273", "nm": "Stoke-on-Trent"}, "geometry": {"type": "Polygon", "coordinates": [[[-1.95, 53.212], [-1.874, 53.195], [-1.832, 53.173], [-1.812, 53.153], [-1.821, 53.136], [-1.784, 53.103], [-1.794, 53.088], [-1.776, 53.059], [-1.795, 53.039], [-1.785, 53.025], [-1.794, 53.015], [-1.814, 53.03], [-1.856, 53.034], [-1.887, 53.016], [-1.87, 52.987], [-1.826, 52.977], [-1.83, 52.946], [-1.857, 52.923], [-1.824, 52.883], [-1.873, 52.87], [-1.868, 52.86], [-1.89, 52.861], [-1.926, 52.879], [-2.0, 52.892], [-2.085, 52.929], [-2.098, 52.945], [-2.12, 52.951], [-2.129, 52.938], [-2.179, 52.93], [-2.182, 52.948], [-2.205, 52.949], [-2.209, 52.96], [-2.246, 52.941], [-2.271, 52.961], [-2.278, 52.951], [-2.264, 52.924], [-2.32, 52.932], [-2.347, 52.914], [-2.379, 52.913], [-2.386, 52.888], [-2.458, 52.879], [-2.471, 52.906], [-2.449, 52.928], [-2.48, 52.96], [-2.435, 52.97], [-2.435, 52.987], [-2.381, 52.998], [-2.37, 53.015], [-2.384, 53.026], [-2.381, 53.053], [-2.348, 53.056], [-2.318, 53.081], [-2.247, 53.09], [-2.237, 53.104], [-2.243, 53.108], [-2.247, 53.1], [-2.256, 53.103], [-2.245, 53.124], [-2.211, 53.116], [-2.187, 53.136], [-2.202, 53.151], [-2.247, 53.16], [-2.242, 53.176], [-2.216, 53.169], [-2.17, 53.19], [-2.112, 53.169], [-2.078, 53.17], [-2.046, 53.193], [-2.0, 53.194], [-1.962, 53.226], [-1.95, 53.212]]]}}, {"type": "Feature", "properties": {"cd": "E30000274", "nm": "Street and Wells"}, "geometry": {"type": "Polygon", "coordinates": [[[-2.755, 51.323], [-2.686, 51.316], [-2.625, 51.282], [-2.558, 51.303], [-2.497, 51.291], [-2.534, 51.247], [-2.49, 51.23], [-2.434, 51.24], [-2.418, 51.215], [-2.366, 51.224], [-2.344, 51.209], [-2.383, 51.195], [-2.316, 51.16], [-2.346, 51.131], [-2.408, 51.148], [-2.522, 51.101], [-2.579, 51.089], [-2.598, 51.098], [-2.601, 51.089], [-2.586, 51.084], [-2.601, 51.085], [-2.598, 51.07], [-2.633, 51.063], [-2.648, 51.102], [-2.675, 51.083], [-2.708, 51.08], [-2.706, 51.072], [-2.715, 51.078], [-2.707, 51.092], [-2.734, 51.107], [-2.747, 51.095], [-2.894, 51.114], [-2.853, 51.149], [-2.837, 51.191], [-2.807, 51.18], [-2.794, 51.204], [-2.746, 51.206], [-2.752, 51.224], [-2.78, 51.23], [-2.778, 51.247], [-2.71, 51.27], [-2.733, 51.282], [-2.736, 51.306], [-2.766, 51.309], [-2.755, 51.323]]]}}, {"type": "Feature", "properties": {"cd": "E30000275", "nm": "Sunderland"}, "geometry": {"type": "MultiPolygon", "coordinates": [[[[-1.542, 54.873], [-1.562, 54.876], [-1.557, 54.909], [-1.569, 54.925], [-1.466, 54.93], [-1.471, 54.959], [-1.436, 54.953], [-1.396, 54.964], [-1.381, 54.98], [-1.357, 54.965], [-1.368, 54.935], [-1.352, 54.921], [-1.363, 54.923], [-1.371, 54.912], [-1.396, 54.918], [-1.428, 54.918], [-1.452, 54.909], [-1.46, 54.903], [-1.462, 54.899], [-1.467, 54.904], [-1.473, 54.904], [-1.501, 54.887], [-1.507, 54.881], [-1.513, 54.881], [-1.518, 54.879], [-1.52, 54.876], [-1.532, 54.878], [-1.542, 54.873]]], [[[-1.39, 54.683], [-1.402, 54.7], [-1.395, 54.719], [-1.465, 54.737], [-1.436, 54.756], [-1.411, 54.753], [-1.406, 54.769], [-1.472, 54.779], [-1.468, 54.791], [-1.438, 54.801], [-1.494, 54.8], [-1.482, 54.81], [-1.506, 54.846], [-1.556, 54.846], [-1.561, 54.871], [-1.535, 54.866], [-1.519, 54.872], [-1.473, 54.903], [-1.462, 54.898], [-1.424, 54.916], [-1.373, 54.909], [-1.353, 54.919], [-1.356, 54.876], [-1.321, 54.838], [-1.329, 54.838], [-1.31, 54.783], [-1.291, 54.76], [-1.315, 54.753], [-1.272, 54.726], [-1.306, 54.718], [-1.301, 54.708], [-1.319, 54.691], [-1.39, 54.683]]]]}}, {"type": "Feature", "properties": {"cd": "E30000276", "nm": "Swindon"}, "geometry": {"type": "Polygon", "coordinates": [[[-1.751, 51.858], [-1.727, 51.837], [-1.676, 51.85], [-1.684, 51.801], [-1.719, 51.783], [-1.687, 51.74], [-1.696, 51.724], [-1.688, 51.712], [-1.648, 51.684], [-1.691, 51.687], [-1.7, 51.672], [-1.692, 51.652], [-1.655, 51.63], [-1.594, 51.624], [-1.572, 51.635], [-1.554, 51.621], [-1.516, 51.629], [-1.499, 51.619], [-1.492, 51.584], [-1.514, 51.551], [-1.556, 51.553], [-1.594, 51.52], [-1.719, 51.501], [-1.67, 51.456], [-1.667, 51.405], [-1.652, 51.392], [-1.687, 51.378], [-1.694, 51.313], [-1.743, 51.302], [-1.78, 51.317], [-1.797, 51.342], [-1.835, 51.337], [-1.807, 51.31], [-1.867, 51.32], [-1.87, 51.298], [-1.905, 51.271], [-1.917, 51.302], [-1.898, 51.322], [-1.913, 51.329], [-1.907, 51.342], [-1.923, 51.36], [-1.88, 51.394], [-1.893, 51.414], [-1.973, 51.404], [-1.976, 51.385], [-2.001, 51.388], [-2.097, 51.422], [-2.081, 51.445], [-2.104, 51.453], [-2.095, 51.465], [-2.111, 51.474], [-2.15, 51.467], [-2.15, 51.447], [-2.206, 51.453], [-2.22, 51.442], [-2.233, 51.446], [-2.227, 51.462], [-2.241, 51.473], [-2.296, 51.459], [-2.29, 51.487], [-2.324, 51.498], [-2.252, 51.528], [-2.267, 51.536], [-2.26, 51.57], [-2.294, 51.589], [-2.277, 51.619], [-2.294, 51.633], [-2.324, 51.633], [-2.283, 51.666], [-2.287, 51.681], [-2.192, 51.66], [-2.188, 51.67], [-2.212, 51.682], [-2.201, 51.693], [-2.15, 51.689], [-2.124, 51.705], [-2.134, 51.723], [-2.069, 51.738], [-2.106, 51.744], [-2.103, 51.767], [-2.073, 51.77], [-2.084, 51.789], [-2.135, 51.818], [-2.115, 51.823], [-2.113, 51.834], [-2.095, 51.844], [-2.052, 51.838], [-2.047, 51.827], [-2.016, 51.82], [-2.027, 51.795], [-2.0, 51.77], [-1.996, 51.746], [-1.944, 51.726], [-1.933, 51.763], [-1.858, 51.822], [-1.853, 51.803], [-1.805, 51.795], [-1.798, 51.81], [-1.82, 51.849], [-1.751, 51.858]]]}}, {"type": "Feature", "properties": {"cd": "E30000277", "nm": "Taunton"}, "geometry": {"type": "MultiPolygon", "coordinates": [[[[-2.927, 51.062], [-2.946, 51.069], [-2.949, 51.074], [-2.934, 51.081], [-2.934, 51.08], [-2.928, 51.076], [-2.927, 51.074], [-2.92, 51.071], [-2.917, 51.068], [-2.927, 51.062]]], [[[-2.905, 51.061], [-2.907, 51.062], [-2.909, 51.064], [-2.912, 51.065], [-2.917, 51.067], [-2.917, 51.069], [-2.92, 51.071], [-2.927, 51.075], [-2.935, 51.083], [-2.912, 51.085], [-2.888, 51.069], [-2.905, 51.061]]], [[[-2.999, 50.851], [-3.037, 50.851], [-3.033, 50.862], [-3.055, 50.875], [-3.053, 50.909], [-3.126, 50.902], [-3.182, 50.876], [-3.209, 50.877], [-3.233, 50.895], [-3.278, 50.868], [-3.283, 50.888], [-3.324, 50.884], [-3.308, 50.905], [-3.315, 50.924], [-3.303, 50.926], [-3.323, 50.934], [-3.316, 50.945], [-3.331, 50.938], [-3.335, 50.949], [-3.371, 50.95], [-3.381, 50.963], [-3.444, 50.952], [-3.453, 50.976], [-3.411, 50.985], [-3.415, 51.027], [-3.464, 51.025], [-3.484, 51.034], [-3.482, 51.044], [-3.474, 51.039], [-3.469, 51.058], [-3.429, 51.088], [-3.343, 51.098], [-3.345, 51.119], [-3.311, 51.129], [-3.323, 51.141], [-3.315, 51.153], [-3.278, 51.131], [-3.23, 51.139], [-3.194, 51.112], [-3.142, 51.109], [-3.16, 51.091], [-3.138, 51.072], [-3.049, 51.066], [-3.025, 51.06], [-3.031, 51.048], [-2.997, 51.054], [-2.981, 51.041], [-2.933, 51.057], [-2.971, 51.037], [-2.95, 51.041], [-2.917, 51.067], [-2.905, 51.061], [-2.893, 51.061], [-2.884, 51.046], [-2.95, 51.011], [-2.944, 51.003], [-2.978, 50.998], [-2.98, 50.965], [-3.018, 50.945], [-3.01, 50.926], [-2.963, 50.915], [-2.949, 50.893], [-2.983, 50.876], [-2.974, 50.856], [-2.999, 50.851]]]]}}, {"type": "Feature", "properties": {"cd": "E30000278", "nm": "Telford"}, "geometry": {"type": "Polygon", "coordinates": [[[-2.375, 52.891], [-2.394, 52.837], [-2.416, 52.827], [-2.378, 52.812], [-2.371, 52.795], [-2.385, 52.79], [-2.312, 52.741], [-2.309, 52.721], [-2.325, 52.695], [-2.314, 52.678], [-2.332, 52.66], [-2.317, 52.624], [-2.325, 52.6], [-2.278, 52.583], [-2.261, 52.563], [-2.283, 52.569], [-2.339, 52.553], [-2.356, 52.531], [-2.338, 52.498], [-2.309, 52.494], [-2.287, 52.455], [-2.315, 52.437], [-2.388, 52.436], [-2.403, 52.45], [-2.429, 52.45], [-2.452, 52.474], [-2.518, 52.49], [-2.513, 52.511], [-2.548, 52.532], [-2.555, 52.521], [-2.584, 52.53], [-2.614, 52.504], [-2.668, 52.511], [-2.639, 52.546], [-2.66, 52.557], [-2.655, 52.566], [-2.605, 52.581], [-2.638, 52.626], [-2.628, 52.641], [-2.648, 52.653], [-2.666, 52.692], [-2.596, 52.715], [-2.66, 52.732], [-2.663, 52.76], [-2.592, 52.777], [-2.598, 52.798], [-2.583, 52.806], [-2.551, 52.802], [-2.533, 52.794], [-2.538, 52.785], [-2.522, 52.799], [-2.503, 52.797], [-2.492, 52.802], [-2.513, 52.815], [-2.508, 52.842], [-2.451, 52.863], [-2.442, 52.881], [-2.375, 52.891]]]}}, {"type": "Feature", "properties": {"cd": "E30000279", "nm": "Torquay and Paignton"}, "geometry": {"type": "MultiPolygon", "coordinates": [[[[-3.586, 50.537], [-3.587, 50.538], [-3.584, 50.539], [-3.581, 50.538], [-3.586, 50.537]]], [[[-3.506, 50.379], [-3.506, 50.379], [-3.505, 50.379], [-3.506, 50.379]]], [[[-3.544, 50.335], [-3.574, 50.348], [-3.564, 50.353], [-3.57, 50.369], [-3.592, 50.382], [-3.575, 50.393], [-3.61, 50.392], [-3.681, 50.427], [-3.68, 50.436], [-3.684, 50.445], [-3.683, 50.445], [-3.681, 50.446], [-3.68, 50.446], [-3.678, 50.446], [-3.675, 50.446], [-3.675, 50.448], [-3.676, 50.45], [-3.674, 50.451], [-3.673, 50.451], [-3.672, 50.451], [-3.672, 50.452], [-3.685, 50.445], [-3.682, 50.437], [-3.688, 50.439], [-3.691, 50.439], [-3.681, 50.436], [-3.683, 50.428], [-3.671, 50.42], [-3.687, 50.414], [-3.701, 50.412], [-3.722, 50.441], [-3.751, 50.425], [-3.765, 50.431], [-3.728, 50.46], [-3.614, 50.469], [-3.602, 50.496], [-3.633, 50.505], [-3.627, 50.516], [-3.57, 50.516], [-3.586, 50.536], [-3.497, 50.538], [-3.515, 50.482], [-3.481, 50.464], [-3.54, 50.46], [-3.559, 50.423], [-3.545, 50.402], [-3.483, 50.399], [-3.515, 50.373], [-3.518, 50.347], [-3.544, 50.335]]]]}}, {"type": "Feature", "properties": {"cd": "E30000280", "nm": "Trowbridge"}, "geometry": {"type": "Polygon", "coordinates": [[[-2.129, 51.478], [-2.095, 51.465], [-2.104, 51.453], [-2.081, 51.445], [-2.097, 51.422], [-2.02, 51.393], [-1.976, 51.385], [-1.973, 51.404], [-1.915, 51.413], [-1.877, 51.403], [-1.923, 51.36], [-1.907, 51.342], [-1.913, 51.329], [-1.898, 51.322], [-1.917, 51.302], [-1.895, 51.242], [-1.968, 51.25], [-1.973, 51.238], [-2.005, 51.235], [-2.051, 51.208], [-2.088, 51.171], [-2.084, 51.16], [-1.997, 51.144], [-2.017, 51.114], [-2.147, 51.128], [-2.177, 51.105], [-2.221, 51.11], [-2.256, 51.129], [-2.248, 51.162], [-2.272, 51.153], [-2.294, 51.176], [-2.32, 51.161], [-2.383, 51.196], [-2.345, 51.215], [-2.367, 51.224], [-2.423, 51.218], [-2.434, 51.24], [-2.408, 51.264], [-2.373, 51.25], [-2.31, 51.252], [-2.292, 51.273], [-2.307, 51.272], [-2.317, 51.299], [-2.277, 51.311], [-2.273, 51.323], [-2.3, 51.332], [-2.298, 51.343], [-2.344, 51.347], [-2.297, 51.364], [-2.297, 51.395], [-2.258, 51.398], [-2.252, 51.42], [-2.206, 51.453], [-2.15, 51.447], [-2.15, 51.467], [-2.129, 51.478]]]}}, {"type": "Feature", "properties": {"cd": "E30000281", "nm": "Tunbridge Wells"}, "geometry": {"type": "Polygon", "coordinates": [[[0.258, 51.356], [0.25, 51.349], [0.267, 51.343], [0.284, 51.355], [0.275, 51.34], [0.288, 51.336], [0.258, 51.297], [0.265, 51.26], [0.247, 51.255], [0.248, 51.236], [0.347, 51.244], [0.359, 51.235], [0.381, 51.25], [0.39, 51.245], [0.379, 51.232], [0.409, 51.222], [0.401, 51.199], [0.384, 51.195], [0.441, 51.177], [0.469, 51.143], [0.533, 51.134], [0.562, 51.143], [0.559, 51.134], [0.579, 51.145], [0.576, 51.156], [0.642, 51.151], [0.633, 51.145], [0.64, 51.138], [0.604, 51.132], [0.609, 51.118], [0.59, 51.111], [0.597, 51.09], [0.647, 51.083], [0.594, 51.042], [0.605, 51.012], [0.568, 51.004], [0.538, 51.022], [0.5, 51.024], [0.485, 51.004], [0.442, 50.991], [0.452, 50.976], [0.413, 50.956], [0.414, 50.943], [0.427, 50.941], [0.421, 50.933], [0.413, 50.941], [0.367, 50.933], [0.343, 50.939], [0.344, 50.959], [0.324, 50.964], [0.275, 50.943], [0.231, 50.948], [0.209, 50.973], [0.183, 50.967], [0.18, 50.979], [0.218, 50.979], [0.191, 50.999], [0.144, 50.998], [0.127, 50.982], [0.125, 51.009], [0.071, 51.015], [0.084, 51.038], [0.066, 51.048], [0.067, 51.062], [0.032, 51.072], [0.072, 51.082], [0.074, 51.071], [0.078, 51.072], [0.088, 51.091], [0.105, 51.092], [0.123, 51.109], [0.126, 51.147], [0.05, 51.143], [0.053, 51.18], [0.041, 51.196], [0.061, 51.203], [0.034, 51.211], [0.058, 51.248], [0.042, 51.293], [0.087, 51.294], [0.085, 51.316], [0.118, 51.33], [0.118, 51.344], [0.178, 51.353], [0.23, 51.334], [0.231, 51.354], [0.258, 51.356]]]}}, {"type": "Feature", "properties": {"cd": "E30000282", "nm": "Wadebridge"}, "geometry": {"type": "MultiPolygon", "coordinates": [[[[-4.705, 50.693], [-4.706, 50.693], [-4.704, 50.693], [-4.705, 50.693], [-4.705, 50.693]]], [[[-4.727, 50.683], [-4.728, 50.683], [-4.728, 50.683], [-4.727, 50.683], [-4.727, 50.683]]], [[[-4.915, 50.596], [-4.915, 50.598], [-4.914, 50.597], [-4.914, 50.596], [-4.915, 50.596]]], [[[-4.948, 50.592], [-4.949, 50.592], [-4.947, 50.592], [-4.948, 50.592]]], [[[-4.996, 50.571], [-4.998, 50.571], [-4.999, 50.572], [-4.997, 50.573], [-4.996, 50.571]]], [[[-5.028, 50.526], [-5.028, 50.526], [-5.027, 50.526], [-5.028, 50.526]]], [[[-4.848, 50.527], [-4.85, 50.53], [-4.851, 50.528], [-4.855, 50.531], [-4.848, 50.527]]], [[[-4.834, 50.517], [-4.835, 50.517], [-4.836, 50.518], [-4.835, 50.518], [-4.834, 50.517]]], [[[-4.636, 50.443], [-4.675, 50.445], [-4.684, 50.454], [-4.673, 50.462], [-4.7, 50.486], [-4.744, 50.475], [-4.747, 50.49], [-4.779, 50.487], [-4.802, 50.468], [-4.865, 50.479], [-4.973, 50.47], [-5.036, 50.48], [-5.035, 50.494], [-5.047, 50.498], [-5.021, 50.509], [-5.024, 50.539], [-5.04, 50.546], [-4.984, 50.542], [-4.945, 50.569], [-4.95, 50.556], [-4.931, 50.53], [-4.939, 50.527], [-4.942, 50.521], [-4.937, 50.512], [-4.925, 50.531], [-4.895, 50.52], [-4.855, 50.529], [-4.803, 50.493], [-4.818, 50.509], [-4.816, 50.509], [-4.811, 50.508], [-4.808, 50.508], [-4.808, 50.509], [-4.807, 50.509], [-4.806, 50.51], [-4.805, 50.511], [-4.83, 50.513], [-4.85, 50.533], [-4.899, 50.531], [-4.926, 50.545], [-4.931, 50.564], [-4.916, 50.576], [-4.935, 50.587], [-4.918, 50.594], [-4.885, 50.582], [-4.87, 50.595], [-4.796, 50.598], [-4.77, 50.622], [-4.765, 50.67], [-4.68, 50.696], [-4.655, 50.716], [-4.654, 50.74], [-4.59, 50.767], [-4.582, 50.748], [-4.562, 50.74], [-4.584, 50.719], [-4.599, 50.724], [-4.591, 50.713], [-4.624, 50.709], [-4.614, 50.677], [-4.625, 50.663], [-4.663, 50.667], [-4.642, 50.646], [-4.701, 50.59], [-4.676, 50.585], [-4.615, 50.614], [-4.584, 50.575], [-4.6, 50.575], [-4.602, 50.557], [-4.586, 50.549], [-4.57, 50.56], [-4.589, 50.54], [-4.611, 50.535], [-4.612, 50.476], [-4.636, 50.443]]]]}}, {"type": "Feature", "properties": {"cd": "E30000283", "nm": "Wakefield and Castleford"}, "geometry": {"type": "Polygon", "coordinates": [[[-1.294, 53.739], [-1.256, 53.712], [-1.211, 53.714], [-1.195, 53.733], [-1.167, 53.73], [-1.182, 53.723], [-1.179, 53.694], [-1.154, 53.691], [-1.159, 53.681], [-1.129, 53.635], [-1.216, 53.642], [-1.217, 53.624], [-1.248, 53.616], [-1.258, 53.592], [-1.308, 53.575], [-1.351, 53.581], [-1.377, 53.606], [-1.401, 53.599], [-1.447, 53.613], [-1.484, 53.595], [-1.495, 53.603], [-1.536, 53.594], [-1.585, 53.606], [-1.624, 53.639], [-1.624, 53.654], [-1.59, 53.661], [-1.615, 53.675], [-1.592, 53.689], [-1.602, 53.696], [-1.571, 53.706], [-1.559, 53.699], [-1.543, 53.712], [-1.558, 53.72], [-1.543, 53.734], [-1.399, 53.719], [-1.294, 53.739]]]}}, {"type": "Feature", "properties": {"cd": "E30000284", "nm": "Warrington and Wigan"}, "geometry": {"type": "Polygon", "coordinates": [[[-2.692, 53.624], [-2.696, 53.605], [-2.635, 53.608], [-2.628, 53.589], [-2.578, 53.581], [-2.56, 53.561], [-2.569, 53.548], [-2.524, 53.526], [-2.514, 53.506], [-2.47, 53.504], [-2.473, 53.489], [-2.496, 53.481], [-2.449, 53.416], [-2.478, 53.396], [-2.428, 53.389], [-2.426, 53.38], [-2.44, 53.367], [-2.487, 53.368], [-2.521, 53.348], [-2.494, 53.343], [-2.512, 53.321], [-2.498, 53.29], [-2.478, 53.29], [-2.491, 53.274], [-2.506, 53.27], [-2.547, 53.303], [-2.588, 53.299], [-2.604, 53.281], [-2.592, 53.262], [-2.631, 53.239], [-2.78, 53.241], [-2.772, 53.247], [-2.791, 53.293], [-2.752, 53.314], [-2.763, 53.328], [-2.754, 53.343], [-2.669, 53.356], [-2.659, 53.373], [-2.623, 53.374], [-2.608, 53.387], [-2.607, 53.386], [-2.61, 53.381], [-2.608, 53.376], [-2.606, 53.375], [-2.598, 53.373], [-2.591, 53.386], [-2.578, 53.384], [-2.577, 53.384], [-2.591, 53.386], [-2.602, 53.374], [-2.607, 53.377], [-2.606, 53.386], [-2.608, 53.387], [-2.657, 53.375], [-2.664, 53.371], [-2.675, 53.357], [-2.764, 53.355], [-2.789, 53.322], [-2.832, 53.335], [-2.809, 53.355], [-2.787, 53.356], [-2.777, 53.381], [-2.758, 53.381], [-2.729, 53.41], [-2.805, 53.438], [-2.795, 53.443], [-2.805, 53.467], [-2.819, 53.467], [-2.825, 53.485], [-2.817, 53.512], [-2.772, 53.537], [-2.749, 53.533], [-2.739, 53.549], [-2.776, 53.577], [-2.793, 53.623], [-2.758, 53.615], [-2.692, 53.624]]]}}, {"type": "Feature", "properties": {"cd": "E30000285", "nm": "Weston-super-Mare"}, "geometry": {"type": "MultiPolygon", "coordinates": [[[[-3.112, 51.338], [-3.115, 51.34], [-3.103, 51.339], [-3.105, 51.339], [-3.112, 51.338]]], [[[-2.807, 51.18], [-2.865, 51.204], [-2.858, 51.224], [-2.878, 51.229], [-2.879, 51.244], [-2.947, 51.254], [-2.948, 51.271], [-2.994, 51.303], [-2.983, 51.35], [-2.995, 51.357], [-2.962, 51.375], [-2.981, 51.388], [-2.94, 51.398], [-2.939, 51.391], [-2.891, 51.388], [-2.913, 51.396], [-2.846, 51.457], [-2.811, 51.451], [-2.816, 51.423], [-2.764, 51.393], [-2.7, 51.389], [-2.69, 51.353], [-2.708, 51.34], [-2.687, 51.33], [-2.697, 51.316], [-2.765, 51.323], [-2.766, 51.309], [-2.736, 51.306], [-2.733, 51.282], [-2.71, 51.27], [-2.778, 51.247], [-2.78, 51.23], [-2.752, 51.224], [-2.746, 51.206], [-2.794, 51.204], [-2.807, 51.18]]]]}}, {"type": "Feature", "properties": {"cd": "E30000286", "nm": "Whitehaven"}, "geometry": {"type": "MultiPolygon", "coordinates": [[[[-3.233, 54.26], [-3.234, 54.26], [-3.233, 54.262], [-3.232, 54.262], [-3.233, 54.261], [-3.232, 54.26], [-3.233, 54.26]]], [[[-3.254, 54.217], [-3.253, 54.219], [-3.253, 54.22], [-3.252, 54.219], [-3.254, 54.217]]], [[[-3.304, 54.188], [-3.324, 54.192], [-3.421, 54.284], [-3.421, 54.341], [-3.41, 54.35], [-3.412, 54.338], [-3.4, 54.335], [-3.402, 54.333], [-3.401, 54.332], [-3.4, 54.333], [-3.401, 54.332], [-3.399, 54.331], [-3.383, 54.35], [-3.375, 54.349], [-3.374, 54.355], [-3.371, 54.353], [-3.369, 54.354], [-3.366, 54.356], [-3.368, 54.357], [-3.363, 54.357], [-3.361, 54.358], [-3.355, 54.362], [-3.357, 54.363], [-3.354, 54.363], [-3.353, 54.366], [-3.363, 54.359], [-3.361, 54.358], [-3.368, 54.357], [-3.37, 54.354], [-3.374, 54.356], [-3.404, 54.338], [-3.412, 54.357], [-3.403, 54.361], [-3.398, 54.367], [-3.432, 54.356], [-3.442, 54.37], [-3.432, 54.373], [-3.431, 54.377], [-3.443, 54.372], [-3.442, 54.361], [-3.417, 54.349], [-3.435, 54.343], [-3.51, 54.416], [-3.636, 54.507], [-3.638, 54.518], [-3.59, 54.55], [-3.574, 54.6], [-3.511, 54.605], [-3.481, 54.581], [-3.446, 54.582], [-3.434, 54.597], [-3.393, 54.586], [-3.36, 54.538], [-3.225, 54.502], [-3.212, 54.494], [-3.219, 54.482], [-3.167, 54.454], [-3.157, 54.43], [-3.115, 54.422], [-3.17, 54.4], [-3.195, 54.354], [-3.242, 54.323], [-3.231, 54.315], [-3.238, 54.291], [-3.223, 54.252], [-3.243, 54.249], [-3.244, 54.246], [-3.224, 54.246], [-3.243, 54.234], [-3.233, 54.229], [-3.244, 54.232], [-3.266, 54.213], [-3.239, 54.203], [-3.304, 54.188]]]]}}, {"type": "Feature", "properties": {"cd": "E30000287", "nm": "Wisbech"}, "geometry": {"type": "MultiPolygon", "coordinates": [[[[-0.013, 52.594], [-0.031, 52.662], [0.022, 52.665], [0.048, 52.681], [0.044, 52.714], [0.064, 52.727], [0.17, 52.74], [0.156, 52.708], [0.152, 52.676], [0.159, 52.667], [0.158, 52.665], [0.156, 52.665], [0.153, 52.664], [0.151, 52.663], [0.131, 52.643], [0.123, 52.639], [0.104, 52.632], [0.093, 52.627], [0.065, 52.611], [0.062, 52.607], [-0.013, 52.594]]], [[[0.246, 52.5], [0.261, 52.512], [0.3, 52.546], [0.294, 52.525], [0.309, 52.514], [0.246, 52.5]]], [[[0.023, 52.442], [-0.039, 52.473], [-0.048, 52.511], [-0.07, 52.517], [-0.075, 52.504], [-0.101, 52.513], [-0.085, 52.522], [-0.096, 52.531], [-0.072, 52.542], [-0.089, 52.551], [-0.059, 52.56], [-0.07, 52.563], [-0.068, 52.574], [0.062, 52.606], [0.13, 52.642], [0.152, 52.663], [0.158, 52.665], [0.159, 52.666], [0.157, 52.707], [0.172, 52.738], [0.248, 52.765], [0.261, 52.747], [0.252, 52.736], [0.257, 52.678], [0.294, 52.676], [0.321, 52.629], [0.263, 52.626], [0.288, 52.591], [0.25, 52.583], [0.246, 52.569], [0.275, 52.544], [0.318, 52.563], [0.166, 52.449], [0.125, 52.458], [0.151, 52.475], [0.09, 52.491], [0.029, 52.481], [0.014, 52.468], [0.023, 52.442]]]]}}, {"type": "Feature", "properties": {"cd": "E30000288", "nm": "Wolverhampton and Walsall"}, "geometry": {"type": "Polygon", "coordinates": [[[-1.838, 52.796], [-1.81, 52.785], [-1.828, 52.769], [-1.818, 52.755], [-1.767, 52.751], [-1.741, 52.738], [-1.754, 52.73], [-1.747, 52.724], [-1.723, 52.723], [-1.746, 52.697], [-1.714, 52.679], [-1.733, 52.654], [-1.774, 52.656], [-1.805, 52.672], [-1.833, 52.659], [-1.809, 52.647], [-1.823, 52.636], [-1.819, 52.606], [-1.86, 52.619], [-1.89, 52.598], [-1.908, 52.601], [-1.906, 52.582], [-1.96, 52.58], [-1.965, 52.571], [-1.952, 52.565], [-1.975, 52.556], [-2.017, 52.569], [-2.087, 52.543], [-2.086, 52.534], [-2.122, 52.557], [-2.131, 52.543], [-2.166, 52.544], [-2.189, 52.521], [-2.241, 52.528], [-2.216, 52.495], [-2.239, 52.49], [-2.239, 52.465], [-2.289, 52.461], [-2.309, 52.494], [-2.353, 52.512], [-2.356, 52.531], [-2.339, 52.553], [-2.283, 52.569], [-2.261, 52.563], [-2.278, 52.583], [-2.325, 52.6], [-2.317, 52.624], [-2.332, 52.66], [-2.314, 52.678], [-2.325, 52.695], [-2.309, 52.721], [-2.312, 52.741], [-2.275, 52.743], [-2.247, 52.715], [-2.217, 52.733], [-2.177, 52.726], [-2.178, 52.712], [-2.143, 52.711], [-2.142, 52.694], [-2.119, 52.675], [-2.077, 52.694], [-2.063, 52.724], [-2.009, 52.743], [-1.966, 52.734], [-1.949, 52.717], [-1.913, 52.742], [-1.911, 52.759], [-1.865, 52.748], [-1.851, 52.755], [-1.867, 52.779], [-1.838, 52.796]]]}}, {"type": "Feature", "properties": {"cd": "E30000289", "nm": "Worcester and Kidderminster"}, "geometry": {"type": "Polygon", "coordinates": [[[-2.272, 52.44], [-2.242, 52.437], [-2.251, 52.428], [-2.242, 52.415], [-2.206, 52.424], [-2.213, 52.426], [-2.212, 52.433], [-2.168, 52.424], [-2.159, 52.411], [-2.191, 52.409], [-2.191, 52.397], [-2.13, 52.389], [-2.119, 52.358], [-2.137, 52.35], [-2.113, 52.337], [-2.124, 52.315], [-2.086, 52.315], [-2.092, 52.289], [-2.002, 52.28], [-2.016, 52.27], [-2.019, 52.241], [-2.004, 52.231], [-2.031, 52.224], [-1.994, 52.206], [-2.0, 52.193], [-2.057, 52.158], [-2.055, 52.148], [-2.09, 52.147], [-2.078, 52.131], [-2.113, 52.116], [-2.144, 52.123], [-2.158, 52.085], [-2.15, 52.075], [-2.175, 52.059], [-2.183, 52.02], [-2.209, 52.043], [-2.266, 52.051], [-2.273, 52.038], [-2.261, 52.029], [-2.277, 52.014], [-2.351, 52.03], [-2.338, 52.09], [-2.352, 52.103], [-2.351, 52.145], [-2.379, 52.155], [-2.415, 52.145], [-2.435, 52.168], [-2.393, 52.209], [-2.404, 52.221], [-2.384, 52.225], [-2.475, 52.241], [-2.47, 52.255], [-2.428, 52.271], [-2.451, 52.285], [-2.509, 52.274], [-2.535, 52.283], [-2.512, 52.297], [-2.523, 52.309], [-2.505, 52.319], [-2.414, 52.291], [-2.405, 52.307], [-2.436, 52.324], [-2.421, 52.333], [-2.41, 52.387], [-2.334, 52.388], [-2.373, 52.402], [-2.364, 52.439], [-2.31, 52.438], [-2.287, 52.455], [-2.295, 52.449], [-2.272, 52.44]]]}}, {"type": "Feature", "properties": {"cd": "E30000290", "nm": "Workington"}, "geometry": {"type": "Polygon", "coordinates": [[[-3.256, 54.826], [-3.226, 54.822], [-3.228, 54.809], [-3.246, 54.805], [-3.236, 54.789], [-3.158, 54.791], [-3.106, 54.746], [-3.136, 54.729], [-3.08, 54.665], [-3.093, 54.655], [-3.092, 54.617], [-3.045, 54.614], [-3.008, 54.595], [-3.037, 54.581], [-3.018, 54.575], [-3.029, 54.567], [-3.017, 54.562], [-3.026, 54.53], [-3.015, 54.526], [-3.015, 54.5], [-3.076, 54.489], [-3.109, 54.474], [-3.113, 54.461], [-3.136, 54.471], [-3.175, 54.455], [-3.219, 54.482], [-3.212, 54.494], [-3.225, 54.502], [-3.36, 54.538], [-3.393, 54.586], [-3.434, 54.597], [-3.446, 54.582], [-3.481, 54.581], [-3.511, 54.605], [-3.573, 54.601], [-3.566, 54.612], [-3.58, 54.652], [-3.563, 54.647], [-3.544, 54.647], [-3.572, 54.651], [-3.519, 54.693], [-3.51, 54.718], [-3.501, 54.715], [-3.504, 54.712], [-3.504, 54.711], [-3.503, 54.71], [-3.501, 54.71], [-3.495, 54.712], [-3.507, 54.718], [-3.433, 54.766], [-3.391, 54.775], [-3.393, 54.79], [-3.365, 54.787], [-3.348, 54.806], [-3.256, 54.826]]]}}, {"type": "Feature", "properties": {"cd": "E30000291", "nm": "Worksop and Retford"}, "geometry": {"type": "MultiPolygon", "coordinates": [[[[-0.772, 53.256], [-0.773, 53.259], [-0.772, 53.258], [-0.772, 53.256]]], [[[-0.781, 53.197], [-0.822, 53.201], [-0.84, 53.219], [-0.948, 53.214], [-0.957, 53.232], [-1.007, 53.236], [-1.028, 53.261], [-1.103, 53.236], [-1.136, 53.25], [-1.161, 53.246], [-1.177, 53.265], [-1.202, 53.261], [-1.215, 53.245], [-1.274, 53.243], [-1.239, 53.281], [-1.258, 53.293], [-1.254, 53.302], [-1.203, 53.304], [-1.139, 53.341], [-1.163, 53.357], [-1.139, 53.356], [-1.146, 53.369], [-1.131, 53.376], [-1.135, 53.39], [-1.116, 53.407], [-1.08, 53.427], [-1.014, 53.426], [-0.996, 53.437], [-0.986, 53.472], [-0.936, 53.502], [-0.901, 53.475], [-0.921, 53.465], [-0.922, 53.457], [-0.907, 53.46], [-0.911, 53.436], [-0.869, 53.427], [-0.871, 53.391], [-0.784, 53.383], [-0.776, 53.378], [-0.783, 53.382], [-0.776, 53.378], [-0.791, 53.363], [-0.759, 53.354], [-0.767, 53.33], [-0.75, 53.324], [-0.748, 53.304], [-0.751, 53.294], [-0.764, 53.3], [-0.781, 53.282], [-0.765, 53.273], [-0.783, 53.241], [-0.781, 53.197]]]]}}, {"type": "Feature", "properties": {"cd": "E30000292", "nm": "Worthing"}, "geometry": {"type": "MultiPolygon", "coordinates": [[[[-0.275, 50.831], [-0.293, 50.858], [-0.296, 50.861], [-0.299, 50.861], [-0.301, 50.861], [-0.301, 50.864], [-0.298, 50.866], [-0.298, 50.868], [-0.301, 50.871], [-0.303, 50.872], [-0.303, 50.875], [-0.304, 50.877], [-0.303, 50.879], [-0.304, 50.88], [-0.306, 50.882], [-0.308, 50.888], [-0.309, 50.889], [-0.293, 50.899], [-0.292, 50.901], [-0.293, 50.903], [-0.292, 50.904], [-0.292, 50.906], [-0.263, 50.897], [-0.244, 50.907], [-0.249, 50.873], [-0.24, 50.866], [-0.276, 50.863], [-0.244, 50.837], [-0.275, 50.831]]], [[[-0.457, 50.802], [-0.476, 50.803], [-0.469, 50.818], [-0.53, 50.83], [-0.528, 50.845], [-0.498, 50.846], [-0.489, 50.874], [-0.455, 50.897], [-0.44, 50.878], [-0.431, 50.893], [-0.413, 50.88], [-0.393, 50.893], [-0.38, 50.886], [-0.347, 50.895], [-0.345, 50.92], [-0.361, 50.924], [-0.333, 50.949], [-0.302, 50.937], [-0.31, 50.928], [-0.292, 50.901], [-0.31, 50.889], [-0.302, 50.861], [-0.28, 50.831], [-0.287, 50.83], [-0.256, 50.831], [-0.251, 50.83], [-0.248, 50.826], [-0.457, 50.802]]]]}}, {"type": "Feature", "properties": {"cd": "E30000293", "nm": "Yeovil"}, "geometry": {"type": "Polygon", "coordinates": [[[-2.405, 51.147], [-2.344, 51.129], [-2.364, 51.119], [-2.362, 51.102], [-2.326, 51.08], [-2.35, 51.069], [-2.33, 51.041], [-2.381, 51.005], [-2.377, 50.991], [-2.345, 50.979], [-2.424, 50.959], [-2.43, 50.939], [-2.447, 50.934], [-2.409, 50.922], [-2.403, 50.893], [-2.427, 50.885], [-2.459, 50.894], [-2.491, 50.876], [-2.487, 50.859], [-2.507, 50.856], [-2.52, 50.832], [-2.58, 50.837], [-2.596, 50.827], [-2.63, 50.837], [-2.679, 50.804], [-2.7, 50.811], [-2.687, 50.829], [-2.711, 50.832], [-2.723, 50.866], [-2.89, 50.85], [-2.942, 50.836], [-2.953, 50.821], [-2.97, 50.834], [-2.968, 50.851], [-2.985, 50.872], [-2.949, 50.893], [-2.963, 50.915], [-3.01, 50.926], [-3.018, 50.945], [-2.98, 50.965], [-2.978, 50.998], [-2.944, 51.003], [-2.95, 51.011], [-2.879, 51.047], [-2.891, 51.066], [-2.877, 51.081], [-2.857, 51.078], [-2.85, 51.103], [-2.794, 51.108], [-2.791, 51.098], [-2.747, 51.095], [-2.734, 51.107], [-2.707, 51.092], [-2.715, 51.078], [-2.706, 51.072], [-2.708, 51.08], [-2.675, 51.083], [-2.648, 51.102], [-2.634, 51.088], [-2.643, 51.083], [-2.634, 51.064], [-2.613, 51.065], [-2.598, 51.07], [-2.601, 51.085], [-2.586, 51.084], [-2.601, 51.089], [-2.598, 51.098], [-2.555, 51.092], [-2.405, 51.147]]]}}, {"type": "Feature", "properties": {"cd": "E30000294", "nm": "York"}, "geometry": {"type": "MultiPolygon", "coordinates": [[[[-0.912, 53.65], [-0.99, 53.659], [-0.991, 53.673], [-0.905, 53.657], [-0.912, 53.65]]], [[[-1.126, 53.644], [-1.155, 53.671], [-1.154, 53.691], [-1.179, 53.694], [-1.182, 53.723], [-1.165, 53.731], [-1.175, 53.739], [-1.166, 53.746], [-1.196, 53.771], [-1.178, 53.788], [-1.255, 53.779], [-1.264, 53.787], [-1.249, 53.804], [-1.307, 53.818], [-1.353, 53.857], [-1.312, 53.867], [-1.318, 53.898], [-1.37, 53.916], [-1.34, 53.946], [-1.363, 53.966], [-1.309, 53.97], [-1.3, 53.987], [-1.273, 53.981], [-1.275, 53.993], [-1.258, 53.995], [-1.322, 54.002], [-1.288, 54.019], [-1.317, 54.022], [-1.32, 54.031], [-1.287, 54.059], [-1.345, 54.09], [-1.346, 54.101], [-1.328, 54.102], [-1.341, 54.108], [-1.332, 54.146], [-1.342, 54.158], [-1.263, 54.149], [-1.259, 54.166], [-1.271, 54.173], [-1.25, 54.19], [-1.22, 54.136], [-1.137, 54.144], [-1.135, 54.175], [-1.099, 54.185], [-1.081, 54.172], [-1.089, 54.163], [-0.972, 54.108], [-0.948, 54.107], [-0.94, 54.087], [-0.877, 54.088], [-0.862, 54.075], [-0.892, 54.048], [-0.876, 54.042], [-0.89, 54.025], [-0.879, 54.017], [-0.734, 54.03], [-0.73, 54.013], [-0.705, 54.006], [-0.683, 54.009], [-0.688, 54.029], [-0.677, 54.038], [-0.647, 54.036], [-0.632, 54.019], [-0.555, 54.036], [-0.543, 54.009], [-0.584, 54.002], [-0.591, 53.984], [-0.567, 53.98], [-0.56, 53.941], [-0.629, 53.935], [-0.644, 53.922], [-0.617, 53.905], [-0.623, 53.899], [-0.728, 53.875], [-0.701, 53.837], [-0.721, 53.827], [-0.709, 53.8], [-0.716, 53.783], [-0.785, 53.79], [-0.869, 53.769], [-0.897, 53.746], [-0.932, 53.762], [-0.973, 53.75], [-0.986, 53.765], [-1.002, 53.77], [-1.025, 53.76], [-1.033, 53.766], [-1.022, 53.771], [-1.021, 53.774], [-1.024, 53.776], [-1.027, 53.778], [-1.045, 53.78], [-1.066, 53.786], [-1.047, 53.79], [-1.042, 53.811], [-1.083, 53.822], [-1.075, 53.833], [-1.076, 53.836], [-1.084, 53.835], [-1.089, 53.832], [-1.099, 53.837], [-1.104, 53.838], [-1.118, 53.837], [-1.126, 53.833], [-1.129, 53.835], [-1.118, 53.856], [-1.119, 53.858], [-1.125, 53.86], [-1.127, 53.865], [-1.119, 53.867], [-1.106, 53.875], [-1.1, 53.876], [-1.1, 53.88], [-1.096, 53.883], [-1.093, 53.89], [-1.097, 53.893], [-1.101, 53.877], [-1.105, 53.876], [-1.12, 53.867], [-1.127, 53.865], [-1.128, 53.862], [-1.124, 53.859], [-1.119, 53.857], [-1.118, 53.856], [-1.127, 53.844], [-1.129, 53.844], [-1.129, 53.845], [-1.13, 53.845], [-1.132, 53.846], [-1.134, 53.846], [-1.141, 53.839], [-1.143, 53.84], [-1.142, 53.843], [-1.144, 53.85], [-1.158, 53.852], [-1.166, 53.847], [-1.171, 53.856], [-1.173, 53.856], [-1.177, 53.856], [-1.179, 53.856], [-1.182, 53.854], [-1.184, 53.85], [-1.192, 53.854], [-1.2, 53.855], [-1.206, 53.855], [-1.183, 53.85], [-1.173, 53.856], [-1.166, 53.847], [-1.144, 53.85], [-1.143, 53.84], [-1.142, 53.839], [-1.138, 53.84], [-1.135, 53.845], [-1.13, 53.845], [-1.134, 53.842], [-1.129, 53.833], [-1.127, 53.833], [-1.089, 53.831], [-1.077, 53.836], [-1.085, 53.825], [-1.085, 53.823], [-1.082, 53.821], [-1.043, 53.81], [-1.047, 53.79], [-1.066, 53.788], [-1.068, 53.786], [-1.038, 53.777], [-1.025, 53.776], [-1.034, 53.765], [-1.025, 53.76], [-0.987, 53.764], [-0.962, 53.736], [-0.912, 53.732], [-0.904, 53.721], [-0.958, 53.715], [-0.98, 53.697], [-1.001, 53.699], [-1.003, 53.699], [-1.007, 53.696], [-1.011, 53.697], [-1.021, 53.698], [-1.035, 53.696], [-1.039, 53.694], [-1.041, 53.696], [-1.046, 53.699], [-1.048, 53.699], [-1.053, 53.697], [-1.054, 53.702], [-1.061, 53.707], [-1.062, 53.707], [-1.064, 53.707], [-1.069, 53.704], [-1.072, 53.709], [-1.075, 53.709], [-1.081, 53.708], [-1.081, 53.711], [-1.084, 53.715], [-1.084, 53.717], [-1.121, 53.727], [-1.085, 53.717], [-1.085, 53.715], [-1.081, 53.711], [-1.081, 53.708], [-1.054, 53.697], [-1.039, 53.694], [-1.023, 53.698], [-1.007, 53.695], [-0.988, 53.697], [-0.985, 53.675], [-0.992, 53.674], [-0.999, 53.659], [-1.126, 53.644]]]]}}, {"type": "Feature", "properties": {"cd": "K01000005", "nm": "Cinderford and Ross-on-Wye"}, "geometry": {"type": "Polygon", "coordinates": [[[-2.595, 51.954], [-2.609, 51.937], [-2.595, 51.921], [-2.483, 51.942], [-2.448, 51.919], [-2.44, 51.897], [-2.481, 51.886], [-2.466, 51.852], [-2.474, 51.832], [-2.453, 51.828], [-2.429, 51.847], [-2.411, 51.838], [-2.409, 51.823], [-2.42, 51.828], [-2.453, 51.796], [-2.407, 51.771], [-2.471, 51.744], [-2.505, 51.71], [-2.611, 51.672], [-2.632, 51.704], [-2.65, 51.71], [-2.674, 51.698], [-2.684, 51.701], [-2.669, 51.702], [-2.669, 51.707], [-2.679, 51.714], [-2.68, 51.725], [-2.687, 51.731], [-2.675, 51.734], [-2.671, 51.737], [-2.67, 51.743], [-2.688, 51.731], [-2.68, 51.714], [-2.692, 51.721], [-2.703, 51.707], [-2.736, 51.726], [-2.781, 51.719], [-2.793, 51.733], [-2.782, 51.774], [-2.87, 51.781], [-2.891, 51.794], [-2.892, 51.814], [-2.915, 51.823], [-2.908, 51.88], [-2.873, 51.88], [-2.855, 51.899], [-2.805, 51.896], [-2.768, 51.88], [-2.779, 51.867], [-2.757, 51.846], [-2.707, 51.839], [-2.698, 51.857], [-2.642, 51.869], [-2.629, 51.885], [-2.628, 51.899], [-2.668, 51.909], [-2.656, 51.947], [-2.592, 51.963], [-2.595, 51.954]]]}}, {"type": "Feature", "properties": {"cd": "K01000009", "nm": "Berwick"}, "geometry": {"type": "MultiPolygon", "coordinates": [[[[-2.065, 55.76], [-2.071, 55.761], [-2.074, 55.761], [-2.064, 55.76], [-2.065, 55.76]]], [[[-2.126, 55.738], [-2.13, 55.739], [-2.13, 55.739], [-2.122, 55.738], [-2.126, 55.738]]], [[[-1.8, 55.668], [-1.81, 55.681], [-1.855, 55.686], [-1.779, 55.686], [-1.779, 55.668], [-1.8, 55.668]]], [[[-1.787, 55.647], [-1.791, 55.648], [-1.795, 55.658], [-1.788, 55.657], [-1.787, 55.647]]], [[[-1.613, 55.646], [-1.613, 55.647], [-1.612, 55.646], [-1.613, 55.646]]], [[[-1.61, 55.646], [-1.611, 55.646], [-1.612, 55.646], [-1.611, 55.646], [-1.61, 55.646]]], [[[-1.611, 55.644], [-1.611, 55.644], [-1.61, 55.644], [-1.611, 55.644]]], [[[-1.61, 55.643], [-1.609, 55.645], [-1.606, 55.644], [-1.608, 55.644], [-1.61, 55.643]]], [[[-1.608, 55.641], [-1.61, 55.642], [-1.607, 55.641], [-1.608, 55.641]]], [[[-1.622, 55.639], [-1.621, 55.64], [-1.619, 55.64], [-1.62, 55.639], [-1.622, 55.639]]], [[[-1.629, 55.638], [-1.631, 55.639], [-1.631, 55.64], [-1.629, 55.64], [-1.629, 55.638]]], [[[-1.627, 55.637], [-1.628, 55.637], [-1.629, 55.637], [-1.627, 55.638], [-1.627, 55.637]]], [[[-1.625, 55.636], [-1.625, 55.636], [-1.624, 55.637], [-1.625, 55.636]]], [[[-1.623, 55.632], [-1.627, 55.634], [-1.628, 55.635], [-1.62, 55.633], [-1.623, 55.632]]], [[[-1.624, 55.629], [-1.626, 55.632], [-1.626, 55.632], [-1.622, 55.631], [-1.624, 55.629]]], [[[-1.674, 55.629], [-1.675, 55.629], [-1.675, 55.63], [-1.675, 55.63], [-1.674, 55.629]]], [[[-1.65, 55.62], [-1.652, 55.62], [-1.652, 55.621], [-1.65, 55.621], [-1.65, 55.62]]], [[[-1.646, 55.616], [-1.648, 55.616], [-1.65, 55.617], [-1.648, 55.618], [-1.646, 55.616]]], [[[-1.643, 55.616], [-1.644, 55.616], [-1.645, 55.617], [-1.642, 55.616], [-1.643, 55.616]]], [[[-1.655, 55.615], [-1.659, 55.617], [-1.652, 55.616], [-1.655, 55.615]]], [[[-1.646, 55.582], [-1.645, 55.583], [-1.648, 55.584], [-1.644, 55.583], [-1.646, 55.582]]], [[[-1.956, 55.413], [-2.049, 55.438], [-2.107, 55.437], [-2.155, 55.469], [-2.201, 55.475], [-2.229, 55.51], [-2.232, 55.545], [-2.289, 55.58], [-2.289, 55.604], [-2.316, 55.62], [-2.309, 55.629], [-2.362, 55.636], [-2.392, 55.653], [-2.372, 55.669], [-2.406, 55.671], [-2.469, 55.701], [-2.465, 55.711], [-2.419, 55.712], [-2.415, 55.725], [-2.353, 55.751], [-2.348, 55.76], [-2.385, 55.791], [-2.454, 55.78], [-2.455, 55.759], [-2.491, 55.758], [-2.561, 55.791], [-2.611, 55.788], [-2.642, 55.809], [-2.693, 55.82], [-2.699, 55.836], [-2.669, 55.847], [-2.594, 55.829], [-2.581, 55.845], [-2.555, 55.839], [-2.533, 55.87], [-2.57, 55.892], [-2.554, 55.912], [-2.505, 55.912], [-2.467, 55.884], [-2.367, 55.946], [-2.33, 55.93], [-2.26, 55.924], [-2.224, 55.933], [-2.139, 55.917], [-2.127, 55.899], [-2.134, 55.891], [-2.074, 55.871], [-2.07, 55.843], [-1.984, 55.765], [-2.019, 55.775], [-2.034, 55.771], [-2.039, 55.769], [-2.04, 55.761], [-2.065, 55.763], [-2.045, 55.759], [-2.1, 55.763], [-2.108, 55.76], [-2.11, 55.758], [-2.107, 55.749], [-2.114, 55.749], [-2.117, 55.747], [-2.119, 55.744], [-2.118, 55.739], [-2.137, 55.74], [-2.117, 55.738], [-2.106, 55.748], [-2.102, 55.761], [-2.049, 55.758], [-2.039, 55.76], [-2.03, 55.771], [-2.014, 55.771], [-1.884, 55.694], [-1.841, 55.643], [-1.813, 55.634], [-1.783, 55.644], [-1.765, 55.625], [-1.786, 55.616], [-1.771, 55.603], [-1.742, 55.619], [-1.723, 55.617], [-1.665, 55.586], [-1.645, 55.582], [-1.64, 55.577], [-1.644, 55.576], [-1.648, 55.573], [-1.65, 55.573], [-1.652, 55.572], [-1.652, 55.572], [-1.652, 55.571], [-1.619, 55.552], [-1.645, 55.527], [-1.729, 55.509], [-1.721, 55.501], [-1.807, 55.514], [-1.793, 55.497], [-1.826, 55.481], [-1.918, 55.468], [-1.907, 55.443], [-1.916, 55.42], [-1.956, 55.413]]]]}}, {"type": "Feature", "properties": {"cd": "K01000010", "nm": "Carlisle"}, "geometry": {"type": "MultiPolygon", "coordinates": [[[[-3.039, 54.974], [-3.04, 54.975], [-3.039, 54.974], [-3.039, 54.974]]], [[[-3.002, 54.935], [-3.001, 54.937], [-3.0, 54.936], [-3.002, 54.935]]], [[[-3.002, 54.933], [-3.002, 54.934], [-3.001, 54.934], [-3.001, 54.934], [-3.002, 54.933]]], [[[-3.285, 54.878], [-3.288, 54.879], [-3.289, 54.881], [-3.287, 54.88], [-3.285, 54.878]]], [[[-3.29, 54.859], [-3.292, 54.86], [-3.291, 54.86], [-3.29, 54.859]]], [[[-3.08, 54.665], [-3.136, 54.729], [-3.106, 54.746], [-3.158, 54.791], [-3.236, 54.789], [-3.246, 54.805], [-3.228, 54.809], [-3.226, 54.822], [-3.237, 54.826], [-3.296, 54.823], [-3.349, 54.805], [-3.365, 54.787], [-3.393, 54.79], [-3.393, 54.773], [-3.433, 54.766], [-3.438, 54.802], [-3.4, 54.867], [-3.367, 54.892], [-3.337, 54.9], [-3.359, 54.891], [-3.361, 54.89], [-3.359, 54.888], [-3.357, 54.888], [-3.359, 54.888], [-3.36, 54.886], [-3.327, 54.885], [-3.349, 54.89], [-3.347, 54.891], [-3.342, 54.889], [-3.338, 54.888], [-3.335, 54.888], [-3.34, 54.896], [-3.29, 54.88], [-3.282, 54.876], [-3.287, 54.867], [-3.282, 54.862], [-3.286, 54.859], [-3.291, 54.86], [-3.296, 54.859], [-3.297, 54.858], [-3.296, 54.856], [-3.295, 54.855], [-3.288, 54.853], [-3.285, 54.854], [-3.284, 54.853], [-3.285, 54.854], [-3.295, 54.855], [-3.297, 54.857], [-3.285, 54.859], [-3.28, 54.862], [-3.278, 54.878], [-3.288, 54.892], [-3.266, 54.886], [-3.249, 54.902], [-3.254, 54.911], [-3.222, 54.902], [-3.209, 54.904], [-3.201, 54.908], [-3.202, 54.909], [-3.198, 54.908], [-3.192, 54.911], [-3.192, 54.909], [-3.19, 54.909], [-3.187, 54.909], [-3.188, 54.908], [-3.191, 54.908], [-3.192, 54.907], [-3.193, 54.907], [-3.19, 54.905], [-3.192, 54.901], [-3.192, 54.9], [-3.185, 54.899], [-3.19, 54.899], [-3.19, 54.898], [-3.19, 54.898], [-3.185, 54.897], [-3.188, 54.896], [-3.186, 54.893], [-3.19, 54.893], [-3.19, 54.893], [-3.19, 54.893], [-3.188, 54.89], [-3.184, 54.891], [-3.183, 54.892], [-3.19, 54.893], [-3.186, 54.893], [-3.185, 54.896], [-3.19, 54.899], [-3.185, 54.899], [-3.192, 54.9], [-3.187, 54.909], [-3.187, 54.91], [-3.187, 54.91], [-3.192, 54.91], [-3.192, 54.911], [-3.203, 54.91], [-3.21, 54.904], [-3.221, 54.902], [-3.249, 54.914], [-3.28, 54.903], [-3.314, 54.915], [-3.285, 54.942], [-3.211, 54.954], [-3.119, 54.925], [-3.063, 54.945], [-3.01, 54.946], [-3.007, 54.931], [-2.996, 54.936], [-3.008, 54.947], [-3.055, 54.954], [-3.077, 54.952], [-3.069, 54.949], [-3.083, 54.94], [-3.13, 54.934], [-3.117, 54.936], [-3.116, 54.938], [-3.131, 54.948], [-3.109, 54.949], [-3.116, 54.961], [-3.095, 54.966], [-3.104, 54.971], [-3.076, 54.968], [-3.058, 54.983], [-3.039, 54.968], [-3.009, 54.974], [-3.041, 54.969], [-3.059, 54.992], [-3.149, 54.964], [-3.207, 54.976], [-3.159, 54.988], [-3.165, 55.026], [-3.13, 55.017], [-3.094, 55.027], [-3.115, 55.041], [-3.177, 55.039], [-3.193, 55.049], [-3.172, 55.063], [-3.178, 55.085], [-3.147, 55.095], [-3.105, 55.078], [-3.092, 55.086], [-3.094, 55.103], [-3.111, 55.11], [-3.134, 55.164], [-3.127, 55.175], [-3.146, 55.176], [-3.147, 55.192], [-3.225, 55.196], [-3.204, 55.25], [-3.262, 55.304], [-3.304, 55.313], [-3.304, 55.34], [-3.217, 55.376], [-3.179, 55.36], [-3.175, 55.347], [-3.127, 55.36], [-3.102, 55.352], [-3.099, 55.332], [-3.047, 55.296], [-3.055, 55.281], [-3.043, 55.272], [-3.02, 55.279], [-2.996, 55.269], [-2.962, 55.29], [-2.917, 55.277], [-2.898, 55.284], [-2.885, 55.263], [-2.921, 55.237], [-2.864, 55.236], [-2.862, 55.223], [-2.888, 55.208], [-2.905, 55.174], [-2.897, 55.147], [-2.865, 55.135], [-2.859, 55.108], [-2.828, 55.125], [-2.826, 55.138], [-2.785, 55.142], [-2.703, 55.173], [-2.69, 55.189], [-2.657, 55.136], [-2.599, 55.125], [-2.594, 55.105], [-2.562, 55.083], [-2.486, 55.083], [-2.504, 55.062], [-2.483, 55.04], [-2.573, 55.016], [-2.573, 54.988], [-2.601, 54.971], [-2.568, 54.958], [-2.568, 54.941], [-2.545, 54.929], [-2.605, 54.884], [-2.573, 54.854], [-2.583, 54.846], [-2.655, 54.855], [-2.701, 54.834], [-2.69, 54.819], [-2.706, 54.816], [-2.751, 54.829], [-2.774, 54.801], [-2.809, 54.788], [-2.811, 54.778], [-2.782, 54.761], [-2.827, 54.772], [-2.883, 54.763], [-2.912, 54.78], [-2.893, 54.793], [-2.904, 54.813], [-2.921, 54.809], [-2.945, 54.784], [-2.984, 54.776], [-2.991, 54.761], [-3.026, 54.748], [-2.984, 54.721], [-2.992, 54.696], [-3.082, 54.695], [-3.087, 54.686], [-3.055, 54.68], [-3.08, 54.665]]]]}}, {"type": "Feature", "properties": {"cd": "K01000011", "nm": "Chester"}, "geometry": {"type": "MultiPolygon", "coordinates": [[[[-3.098, 53.261], [-3.101, 53.262], [-3.101, 53.267], [-3.095, 53.262], [-3.096, 53.262], [-3.097, 53.261], [-3.098, 53.261]]], [[[-3.096, 53.26], [-3.096, 53.262], [-3.093, 53.261], [-3.096, 53.26]]], [[[-3.093, 53.26], [-3.094, 53.26], [-3.094, 53.26], [-3.092, 53.26], [-3.093, 53.26]]], [[[-3.088, 53.258], [-3.091, 53.258], [-3.092, 53.26], [-3.088, 53.258]]], [[[-3.078, 53.252], [-3.081, 53.254], [-3.082, 53.256], [-3.075, 53.254], [-3.078, 53.252]]], [[[-2.725, 52.983], [-2.836, 52.997], [-2.844, 53.018], [-2.861, 53.023], [-2.856, 53.037], [-2.87, 53.045], [-2.859, 53.054], [-2.872, 53.057], [-2.862, 53.061], [-2.882, 53.075], [-2.876, 53.082], [-2.902, 53.092], [-2.881, 53.122], [-2.903, 53.112], [-2.973, 53.134], [-3.052, 53.129], [-3.06, 53.15], [-3.123, 53.158], [-3.131, 53.127], [-3.173, 53.111], [-3.182, 53.154], [-3.271, 53.158], [-3.275, 53.179], [-3.3, 53.194], [-3.295, 53.218], [-3.283, 53.228], [-3.246, 53.223], [-3.217, 53.214], [-3.216, 53.202], [-3.179, 53.197], [-3.167, 53.184], [-3.178, 53.179], [-3.145, 53.175], [-3.141, 53.188], [-3.154, 53.197], [-3.148, 53.232], [-3.177, 53.244], [-3.143, 53.259], [-3.058, 53.221], [-2.939, 53.183], [-2.932, 53.18], [-2.92, 53.182], [-2.905, 53.193], [-2.904, 53.185], [-2.9, 53.183], [-2.894, 53.183], [-2.906, 53.194], [-2.934, 53.182], [-3.055, 53.223], [-3.094, 53.244], [-3.063, 53.23], [-3.078, 53.239], [-3.055, 53.243], [-3.054, 53.247], [-3.099, 53.252], [-3.026, 53.248], [-2.945, 53.293], [-2.94, 53.31], [-2.857, 53.287], [-2.84, 53.299], [-2.848, 53.306], [-2.831, 53.308], [-2.789, 53.297], [-2.773, 53.236], [-2.671, 53.242], [-2.652, 53.205], [-2.584, 53.199], [-2.561, 53.173], [-2.543, 53.181], [-2.522, 53.17], [-2.511, 53.183], [-2.487, 53.172], [-2.543, 53.15], [-2.562, 53.163], [-2.597, 53.159], [-2.591, 53.145], [-2.623, 53.151], [-2.671, 53.116], [-2.706, 53.118], [-2.711, 53.094], [-2.732, 53.092], [-2.753, 53.069], [-2.718, 53.044], [-2.702, 53.054], [-2.669, 53.039], [-2.685, 53.022], [-2.678, 53.015], [-2.725, 52.983]]]]}}, {"type": "Feature", "properties": {"cd": "K01000013", "nm": "Newport"}, "geometry": {"type": "MultiPolygon", "coordinates": [[[[-2.653, 51.609], [-2.666, 51.643], [-2.67, 51.647], [-2.679, 51.647], [-2.667, 51.659], [-2.665, 51.665], [-2.67, 51.665], [-2.678, 51.66], [-2.685, 51.664], [-2.683, 51.669], [-2.667, 51.669], [-2.66, 51.671], [-2.657, 51.673], [-2.658, 51.676], [-2.672, 51.682], [-2.668, 51.692], [-2.675, 51.699], [-2.665, 51.702], [-2.655, 51.709], [-2.65, 51.71], [-2.608, 51.672], [-2.649, 51.631], [-2.653, 51.609]]], [[[-2.781, 51.525], [-2.782, 51.526], [-2.781, 51.526], [-2.781, 51.525]]], [[[-3.083, 51.502], [-3.09, 51.51], [-3.039, 51.539], [-3.068, 51.548], [-3.074, 51.565], [-3.122, 51.58], [-3.105, 51.597], [-3.114, 51.607], [-3.186, 51.609], [-3.202, 51.633], [-3.143, 51.656], [-3.169, 51.668], [-3.148, 51.675], [-3.154, 51.688], [-3.144, 51.681], [-3.11, 51.702], [-3.115, 51.759], [-3.056, 51.764], [-3.035, 51.754], [-2.994, 51.766], [-2.952, 51.741], [-2.898, 51.749], [-2.866, 51.775], [-2.829, 51.781], [-2.782, 51.774], [-2.793, 51.733], [-2.781, 51.719], [-2.736, 51.726], [-2.703, 51.707], [-2.691, 51.721], [-2.669, 51.706], [-2.684, 51.701], [-2.67, 51.694], [-2.673, 51.681], [-2.658, 51.673], [-2.684, 51.669], [-2.687, 51.663], [-2.68, 51.659], [-2.669, 51.664], [-2.668, 51.665], [-2.667, 51.664], [-2.681, 51.647], [-2.658, 51.622], [-2.713, 51.582], [-2.905, 51.532], [-2.923, 51.536], [-2.92, 51.539], [-2.917, 51.539], [-2.917, 51.539], [-2.915, 51.54], [-2.911, 51.542], [-2.951, 51.535], [-2.98, 51.544], [-2.961, 51.552], [-2.968, 51.562], [-2.984, 51.568], [-2.969, 51.578], [-2.992, 51.589], [-2.988, 51.597], [-2.992, 51.608], [-2.98, 51.605], [-2.976, 51.605], [-2.974, 51.609], [-2.961, 51.602], [-2.955, 51.602], [-2.952, 51.607], [-2.946, 51.606], [-2.935, 51.615], [-2.941, 51.617], [-2.931, 51.619], [-2.921, 51.627], [-2.913, 51.623], [-2.908, 51.624], [-2.908, 51.629], [-2.903, 51.627], [-2.896, 51.63], [-2.886, 51.639], [-2.886, 51.646], [-2.889, 51.648], [-2.896, 51.63], [-2.908, 51.629], [-2.912, 51.623], [-2.921, 51.627], [-2.945, 51.621], [-2.944, 51.618], [-2.936, 51.615], [-2.944, 51.611], [-2.941, 51.613], [-2.946, 51.615], [-2.947, 51.614], [-2.947, 51.612], [-2.948, 51.616], [-2.95, 51.615], [-2.95, 51.612], [-2.946, 51.612], [-2.946, 51.615], [-2.942, 51.613], [-2.946, 51.612], [-2.945, 51.608], [-2.952, 51.608], [-2.957, 51.602], [-2.97, 51.61], [-2.993, 51.609], [-2.991, 51.603], [-2.993, 51.601], [-2.991, 51.599], [-2.994, 51.599], [-2.993, 51.597], [-2.996, 51.596], [-2.996, 51.597], [-3.004, 51.598], [-3.0, 51.597], [-2.996, 51.597], [-2.996, 51.596], [-2.994, 51.596], [-2.993, 51.597], [-2.994, 51.598], [-2.991, 51.598], [-2.991, 51.602], [-2.991, 51.596], [-2.995, 51.592], [-2.994, 51.589], [-2.976, 51.577], [-2.987, 51.568], [-2.97, 51.556], [-2.988, 51.549], [-2.997, 51.557], [-3.002, 51.558], [-3.0, 51.561], [-3.005, 51.566], [-3.003, 51.558], [-2.99, 51.548], [-2.995, 51.536], [-3.083, 51.502]]]]}}, {"type": "Feature", "properties": {"cd": "K01000014", "nm": "Oswestry"}, "geometry": {"type": "Polygon", "coordinates": [[[-2.973, 52.96], [-2.929, 52.939], [-2.887, 52.953], [-2.841, 52.943], [-2.802, 52.9], [-2.798, 52.88], [-2.884, 52.878], [-2.886, 52.843], [-2.873, 52.825], [-2.9, 52.811], [-2.883, 52.785], [-2.942, 52.789], [-2.942, 52.778], [-2.965, 52.771], [-2.933, 52.752], [-2.97, 52.748], [-2.979, 52.734], [-3.065, 52.76], [-3.176, 52.738], [-3.216, 52.759], [-3.247, 52.749], [-3.349, 52.75], [-3.369, 52.757], [-3.367, 52.77], [-3.391, 52.772], [-3.479, 52.728], [-3.492, 52.743], [-3.591, 52.765], [-3.609, 52.794], [-3.587, 52.828], [-3.505, 52.842], [-3.483, 52.866], [-3.389, 52.876], [-3.353, 52.922], [-3.314, 52.947], [-3.123, 52.955], [-3.076, 52.925], [-3.037, 52.929], [-3.01, 52.956], [-2.975, 52.969], [-2.973, 52.96]]]}}, {"type": "Feature", "properties": {"cd": "N12000001", "nm": "Ballymena"}, "geometry": {"type": "Polygon", "coordinates": [[[-6.05, 55.149], [-6.03, 55.138], [-6.041, 55.127], [-6.033, 55.113], [-6.061, 55.06], [-5.965, 55.052], [-5.991, 54.986], [-5.918, 54.962], [-5.868, 54.904], [-5.887, 54.885], [-5.855, 54.884], [-5.845, 54.863], [-5.88, 54.853], [-5.961, 54.862], [-5.946, 54.83], [-6.016, 54.829], [-6.024, 54.823], [-6.009, 54.8], [-6.053, 54.798], [-6.048, 54.792], [-6.171, 54.812], [-6.172, 54.798], [-6.184, 54.798], [-6.158, 54.78], [-6.184, 54.772], [-6.162, 54.755], [-6.171, 54.729], [-6.203, 54.74], [-6.219, 54.729], [-6.228, 54.736], [-6.213, 54.744], [-6.237, 54.745], [-6.24, 54.715], [-6.406, 54.649], [-6.391, 54.715], [-6.408, 54.745], [-6.394, 54.754], [-6.409, 54.766], [-6.397, 54.779], [-6.433, 54.789], [-6.476, 54.781], [-6.456, 54.825], [-6.47, 54.853], [-6.475, 54.862], [-6.527, 54.847], [-6.535, 54.869], [-6.552, 54.876], [-6.564, 54.92], [-6.556, 54.936], [-6.536, 54.934], [-6.537, 54.952], [-6.499, 54.919], [-6.421, 54.917], [-6.427, 54.937], [-6.407, 54.94], [-6.447, 54.965], [-6.426, 54.964], [-6.436, 54.987], [-6.313, 55.032], [-6.321, 55.048], [-6.31, 55.058], [-6.335, 55.08], [-6.334, 55.097], [-6.222, 55.124], [-6.222, 55.086], [-6.178, 55.122], [-6.092, 55.148], [-6.098, 55.157], [-6.05, 55.149]]]}}, {"type": "Feature", "properties": {"cd": "N12000002", "nm": "Belfast"}, "geometry": {"type": "MultiPolygon", "coordinates": [[[[-5.517, 54.694], [-5.52, 54.696], [-5.511, 54.698], [-5.512, 54.696], [-5.517, 54.694]]], [[[-5.523, 54.693], [-5.527, 54.694], [-5.525, 54.698], [-5.521, 54.695], [-5.523, 54.693]]], [[[-5.524, 54.669], [-5.543, 54.672], [-5.543, 54.678], [-5.522, 54.678], [-5.524, 54.669]]], [[[-5.628, 54.441], [-5.628, 54.449], [-5.619, 54.459], [-5.616, 54.448], [-5.628, 54.441]]], [[[-5.66, 54.226], [-5.694, 54.251], [-5.821, 54.244], [-5.833, 54.256], [-5.815, 54.259], [-5.819, 54.272], [-5.816, 54.284], [-5.813, 54.284], [-5.813, 54.285], [-5.814, 54.285], [-5.813, 54.287], [-5.829, 54.277], [-5.857, 54.239], [-5.912, 54.251], [-5.933, 54.282], [-5.909, 54.287], [-5.905, 54.3], [-5.947, 54.334], [-5.972, 54.34], [-5.94, 54.361], [-5.951, 54.38], [-6.015, 54.377], [-6.028, 54.364], [-6.015, 54.354], [-6.019, 54.338], [-6.044, 54.329], [-6.069, 54.325], [-6.085, 54.328], [-6.082, 54.341], [-6.126, 54.344], [-6.166, 54.406], [-6.124, 54.432], [-6.158, 54.434], [-6.156, 54.444], [-6.209, 54.433], [-6.208, 54.445], [-6.257, 54.479], [-6.239, 54.496], [-6.272, 54.519], [-6.277, 54.557], [-6.323, 54.591], [-6.425, 54.568], [-6.406, 54.649], [-6.24, 54.715], [-6.237, 54.745], [-6.213, 54.744], [-6.228, 54.736], [-6.219, 54.729], [-6.203, 54.74], [-6.171, 54.729], [-6.162, 54.755], [-6.184, 54.772], [-6.158, 54.78], [-6.184, 54.798], [-6.172, 54.798], [-6.171, 54.812], [-6.048, 54.792], [-6.053, 54.798], [-6.009, 54.8], [-6.024, 54.823], [-6.016, 54.829], [-5.946, 54.83], [-5.961, 54.862], [-5.862, 54.854], [-5.845, 54.863], [-5.859, 54.875], [-5.85, 54.881], [-5.88, 54.878], [-5.887, 54.886], [-5.868, 54.904], [-5.843, 54.901], [-5.837, 54.881], [-5.797, 54.854], [-5.799, 54.84], [-5.816, 54.847], [-5.807, 54.827], [-5.742, 54.812], [-5.755, 54.812], [-5.722, 54.778], [-5.733, 54.813], [-5.743, 54.815], [-5.75, 54.825], [-5.768, 54.832], [-5.776, 54.839], [-5.789, 54.842], [-5.789, 54.843], [-5.79, 54.843], [-5.791, 54.844], [-5.79, 54.844], [-5.791, 54.845], [-5.779, 54.859], [-5.725, 54.848], [-5.69, 54.81], [-5.687, 54.767], [-5.743, 54.725], [-5.84, 54.705], [-5.895, 54.674], [-5.912, 54.648], [-5.854, 54.634], [-5.74, 54.678], [-5.671, 54.663], [-5.64, 54.666], [-5.632, 54.68], [-5.581, 54.677], [-5.529, 54.645], [-5.521, 54.599], [-5.476, 54.564], [-5.485, 54.547], [-5.462, 54.498], [-5.432, 54.487], [-5.441, 54.476], [-5.435, 54.457], [-5.478, 54.431], [-5.457, 54.393], [-5.489, 54.376], [-5.48, 54.357], [-5.497, 54.351], [-5.504, 54.331], [-5.578, 54.401], [-5.576, 54.423], [-5.548, 54.435], [-5.538, 54.425], [-5.533, 54.434], [-5.547, 54.438], [-5.534, 54.438], [-5.528, 54.455], [-5.557, 54.458], [-5.532, 54.468], [-5.539, 54.479], [-5.528, 54.485], [-5.541, 54.485], [-5.56, 54.533], [-5.581, 54.528], [-5.594, 54.548], [-5.678, 54.583], [-5.698, 54.568], [-5.696, 54.546], [-5.717, 54.539], [-5.721, 54.539], [-5.719, 54.542], [-5.725, 54.544], [-5.733, 54.546], [-5.738, 54.546], [-5.74, 54.545], [-5.726, 54.538], [-5.684, 54.533], [-5.681, 54.519], [-5.631, 54.516], [-5.645, 54.499], [-5.618, 54.507], [-5.64, 54.496], [-5.65, 54.499], [-5.645, 54.514], [-5.675, 54.51], [-5.673, 54.493], [-5.639, 54.489], [-5.653, 54.485], [-5.641, 54.481], [-5.653, 54.476], [-5.653, 54.464], [-5.634, 54.474], [-5.645, 54.467], [-5.639, 54.456], [-5.648, 54.456], [-5.651, 54.454], [-5.65, 54.453], [-5.633, 54.451], [-5.626, 54.463], [-5.632, 54.447], [-5.639, 54.449], [-5.643, 54.448], [-5.628, 54.435], [-5.644, 54.43], [-5.64, 54.4], [-5.653, 54.381], [-5.684, 54.371], [-5.665, 54.362], [-5.571, 54.383], [-5.568, 54.365], [-5.562, 54.376], [-5.55, 54.369], [-5.541, 54.32], [-5.522, 54.315], [-5.549, 54.306], [-5.594, 54.261], [-5.607, 54.265], [-5.611, 54.247], [-5.633, 54.252], [-5.629, 54.258], [-5.636, 54.259], [-5.635, 54.263], [-5.639, 54.263], [-5.636, 54.241], [-5.66, 54.226]]]]}}, {"type": "Feature", "properties": {"cd": "N12000003", "nm": "Coleraine"}, "geometry": {"type": "MultiPolygon", "coordinates": [[[[-6.189, 55.258], [-6.2, 55.275], [-6.192, 55.293], [-6.286, 55.295], [-6.239, 55.313], [-6.169, 55.302], [-6.189, 55.258]]], [[[-6.426, 54.916], [-6.499, 54.919], [-6.537, 54.952], [-6.536, 54.934], [-6.584, 54.923], [-6.642, 54.937], [-6.67, 54.919], [-6.69, 54.916], [-6.707, 54.932], [-6.776, 54.915], [-6.787, 54.965], [-6.802, 54.975], [-6.782, 54.998], [-6.811, 55.002], [-6.817, 55.025], [-6.803, 55.068], [-6.816, 55.103], [-6.868, 55.122], [-6.885, 55.117], [-6.953, 55.092], [-6.96, 55.074], [-6.943, 55.059], [-6.975, 55.053], [-7.023, 55.091], [-7.009, 55.107], [-6.966, 55.103], [-6.95, 55.11], [-6.968, 55.103], [-6.993, 55.11], [-6.96, 55.161], [-6.965, 55.195], [-6.874, 55.168], [-6.752, 55.169], [-6.724, 55.173], [-6.721, 55.19], [-6.657, 55.199], [-6.662, 55.213], [-6.605, 55.206], [-6.533, 55.219], [-6.53, 55.234], [-6.483, 55.252], [-6.408, 55.232], [-6.367, 55.246], [-6.332, 55.24], [-6.235, 55.203], [-6.139, 55.227], [-6.115, 55.21], [-6.061, 55.199], [-6.026, 55.161], [-6.03, 55.137], [-6.043, 55.151], [-6.098, 55.157], [-6.092, 55.148], [-6.178, 55.122], [-6.222, 55.086], [-6.222, 55.124], [-6.334, 55.097], [-6.335, 55.08], [-6.31, 55.058], [-6.321, 55.048], [-6.313, 55.032], [-6.436, 54.987], [-6.426, 54.964], [-6.447, 54.965], [-6.407, 54.94], [-6.427, 54.937], [-6.426, 54.916]]]]}}, {"type": "Feature", "properties": {"cd": "N12000004", "nm": "Cookstown and Magherafelt"}, "geometry": {"type": "Polygon", "coordinates": [[[-6.642, 54.937], [-6.584, 54.923], [-6.557, 54.931], [-6.564, 54.92], [-6.552, 54.876], [-6.535, 54.869], [-6.527, 54.847], [-6.475, 54.862], [-6.456, 54.825], [-6.476, 54.781], [-6.433, 54.789], [-6.397, 54.779], [-6.409, 54.766], [-6.394, 54.753], [-6.408, 54.745], [-6.391, 54.715], [-6.425, 54.568], [-6.54, 54.542], [-6.643, 54.572], [-6.647, 54.561], [-6.691, 54.57], [-6.711, 54.552], [-6.735, 54.573], [-6.806, 54.571], [-6.834, 54.584], [-6.845, 54.604], [-6.873, 54.598], [-6.897, 54.62], [-6.936, 54.617], [-6.976, 54.636], [-6.987, 54.653], [-6.969, 54.664], [-7.002, 54.671], [-6.993, 54.706], [-7.01, 54.717], [-7.006, 54.731], [-6.94, 54.752], [-6.939, 54.774], [-6.902, 54.783], [-6.922, 54.802], [-6.886, 54.832], [-6.886, 54.853], [-6.802, 54.847], [-6.767, 54.873], [-6.757, 54.903], [-6.772, 54.916], [-6.707, 54.932], [-6.69, 54.916], [-6.67, 54.919], [-6.642, 54.937]]]}}, {"type": "Feature", "properties": {"cd": "N12000005", "nm": "Craigavon"}, "geometry": {"type": "Polygon", "coordinates": [[[-6.274, 54.534], [-6.272, 54.519], [-6.239, 54.496], [-6.257, 54.479], [-6.208, 54.445], [-6.209, 54.433], [-6.227, 54.429], [-6.218, 54.424], [-6.24, 54.406], [-6.232, 54.397], [-6.292, 54.387], [-6.315, 54.402], [-6.318, 54.39], [-6.345, 54.386], [-6.336, 54.363], [-6.364, 54.346], [-6.359, 54.313], [-6.37, 54.292], [-6.353, 54.274], [-6.364, 54.266], [-6.438, 54.267], [-6.503, 54.226], [-6.525, 54.237], [-6.585, 54.213], [-6.599, 54.219], [-6.645, 54.179], [-6.691, 54.2], [-6.741, 54.182], [-6.815, 54.223], [-6.827, 54.261], [-6.877, 54.279], [-6.85, 54.292], [-6.865, 54.328], [-6.836, 54.335], [-6.792, 54.415], [-6.727, 54.402], [-6.694, 54.409], [-6.654, 54.389], [-6.614, 54.412], [-6.598, 54.443], [-6.615, 54.45], [-6.609, 54.459], [-6.566, 54.466], [-6.565, 54.492], [-6.587, 54.508], [-6.54, 54.542], [-6.323, 54.591], [-6.277, 54.557], [-6.274, 54.534]]]}}, {"type": "Feature", "properties": {"cd": "N12000006", "nm": "Derry"}, "geometry": {"type": "Polygon", "coordinates": [[[-6.842, 55.108], [-6.813, 55.1], [-6.803, 55.068], [-6.815, 55.015], [-6.81, 55.001], [-6.782, 54.998], [-6.802, 54.975], [-6.787, 54.965], [-6.783, 54.919], [-6.757, 54.903], [-6.767, 54.873], [-6.802, 54.847], [-6.856, 54.858], [-6.886, 54.853], [-6.886, 54.832], [-6.911, 54.82], [-6.986, 54.833], [-7.003, 54.821], [-7.101, 54.813], [-7.156, 54.848], [-7.152, 54.858], [-7.19, 54.846], [-7.203, 54.854], [-7.187, 54.857], [-7.205, 54.867], [-7.2, 54.888], [-7.268, 54.888], [-7.286, 54.874], [-7.308, 54.884], [-7.374, 54.867], [-7.402, 54.888], [-7.432, 54.882], [-7.451, 54.893], [-7.446, 54.935], [-7.391, 54.945], [-7.406, 54.955], [-7.406, 54.983], [-7.391, 54.998], [-7.402, 55.007], [-7.345, 55.05], [-7.317, 55.045], [-7.299, 55.056], [-7.288, 55.047], [-7.256, 55.067], [-7.245, 55.064], [-7.251, 55.044], [-7.225, 55.061], [-7.183, 55.061], [-7.11, 55.042], [-7.044, 55.051], [-7.001, 55.08], [-6.973, 55.053], [-6.943, 55.059], [-6.96, 55.074], [-6.946, 55.096], [-6.868, 55.122], [-6.842, 55.108]]]}}, {"type": "Feature", "properties": {"cd": "N12000007", "nm": "Dungannon"}, "geometry": {"type": "Polygon", "coordinates": [[[-6.953, 54.623], [-6.904, 54.622], [-6.873, 54.598], [-6.845, 54.604], [-6.834, 54.584], [-6.806, 54.571], [-6.735, 54.573], [-6.723, 54.554], [-6.686, 54.57], [-6.643, 54.562], [-6.643, 54.572], [-6.54, 54.542], [-6.587, 54.508], [-6.565, 54.492], [-6.566, 54.466], [-6.609, 54.459], [-6.615, 54.45], [-6.598, 54.443], [-6.614, 54.412], [-6.654, 54.389], [-6.694, 54.409], [-6.727, 54.402], [-6.792, 54.415], [-6.813, 54.366], [-6.854, 54.329], [-6.905, 54.35], [-6.91, 54.374], [-6.932, 54.378], [-6.923, 54.383], [-7.029, 54.421], [-7.109, 54.368], [-7.103, 54.356], [-7.152, 54.335], [-7.222, 54.355], [-7.23, 54.378], [-7.215, 54.391], [-7.227, 54.412], [-7.218, 54.417], [-7.275, 54.448], [-7.272, 54.46], [-7.252, 54.451], [-7.198, 54.466], [-7.202, 54.478], [-7.121, 54.475], [-7.098, 54.5], [-7.038, 54.506], [-7.029, 54.525], [-6.972, 54.545], [-6.985, 54.556], [-6.969, 54.57], [-6.988, 54.581], [-6.969, 54.579], [-6.966, 54.597], [-6.947, 54.607], [-6.961, 54.615], [-6.953, 54.623]]]}}, {"type": "Feature", "properties": {"cd": "N12000008", "nm": "Enniskillen"}, "geometry": {"type": "Polygon", "coordinates": [[[-7.689, 54.61], [-7.669, 54.584], [-7.624, 54.585], [-7.587, 54.564], [-7.545, 54.57], [-7.528, 54.556], [-7.559, 54.542], [-7.575, 54.509], [-7.563, 54.502], [-7.582, 54.475], [-7.553, 54.449], [-7.554, 54.434], [-7.508, 54.406], [-7.424, 54.433], [-7.426, 54.443], [-7.376, 54.436], [-7.284, 54.451], [-7.221, 54.422], [-7.215, 54.391], [-7.23, 54.378], [-7.222, 54.355], [-7.192, 54.347], [-7.177, 54.317], [-7.211, 54.299], [-7.172, 54.286], [-7.178, 54.272], [-7.16, 54.273], [-7.141, 54.255], [-7.158, 54.244], [-7.145, 54.24], [-7.144, 54.225], [-7.187, 54.225], [-7.247, 54.204], [-7.232, 54.198], [-7.258, 54.192], [-7.257, 54.177], [-7.239, 54.17], [-7.257, 54.164], [-7.262, 54.137], [-7.291, 54.119], [-7.308, 54.132], [-7.284, 54.136], [-7.3, 54.144], [-7.283, 54.154], [-7.279, 54.168], [-7.29, 54.172], [-7.339, 54.147], [-7.304, 54.123], [-7.318, 54.113], [-7.363, 54.131], [-7.391, 54.12], [-7.372, 54.139], [-7.42, 54.137], [-7.409, 54.156], [-7.441, 54.154], [-7.478, 54.122], [-7.527, 54.136], [-7.547, 54.122], [-7.574, 54.141], [-7.61, 54.144], [-7.655, 54.186], [-7.676, 54.182], [-7.685, 54.208], [-7.811, 54.201], [-7.859, 54.217], [-7.86, 54.26], [-7.872, 54.279], [-7.861, 54.293], [-7.961, 54.312], [-8.0, 54.358], [-8.057, 54.366], [-8.083, 54.397], [-8.161, 54.442], [-8.142, 54.451], [-8.177, 54.465], [-8.042, 54.488], [-8.041, 54.506], [-8.005, 54.546], [-7.85, 54.533], [-7.823, 54.544], [-7.832, 54.552], [-7.793, 54.582], [-7.689, 54.61]]]}}, {"type": "Feature", "properties": {"cd": "N12000009", "nm": "Newry and Banbridge"}, "geometry": {"type": "Polygon", "coordinates": [[[-6.16, 54.444], [-6.158, 54.434], [-6.124, 54.432], [-6.166, 54.406], [-6.126, 54.344], [-6.082, 54.341], [-6.085, 54.328], [-6.069, 54.325], [-6.044, 54.329], [-6.019, 54.338], [-6.015, 54.354], [-6.028, 54.364], [-6.015, 54.377], [-5.951, 54.38], [-5.94, 54.361], [-5.972, 54.34], [-5.947, 54.334], [-5.905, 54.3], [-5.909, 54.287], [-5.933, 54.282], [-5.912, 54.251], [-5.88, 54.251], [-5.862, 54.237], [-5.828, 54.248], [-5.892, 54.205], [-5.871, 54.167], [-5.902, 54.099], [-6.062, 54.023], [-6.107, 54.04], [-6.072, 54.046], [-6.094, 54.062], [-6.158, 54.065], [-6.182, 54.074], [-6.197, 54.098], [-6.253, 54.096], [-6.29, 54.113], [-6.317, 54.091], [-6.335, 54.095], [-6.339, 54.112], [-6.365, 54.114], [-6.363, 54.072], [-6.39, 54.059], [-6.443, 54.056], [-6.477, 54.077], [-6.47, 54.066], [-6.51, 54.053], [-6.585, 54.057], [-6.623, 54.036], [-6.664, 54.066], [-6.661, 54.093], [-6.644, 54.096], [-6.66, 54.123], [-6.648, 54.121], [-6.629, 54.153], [-6.643, 54.183], [-6.615, 54.198], [-6.611, 54.212], [-6.525, 54.237], [-6.503, 54.226], [-6.438, 54.267], [-6.364, 54.266], [-6.353, 54.274], [-6.37, 54.292], [-6.359, 54.313], [-6.364, 54.346], [-6.336, 54.363], [-6.345, 54.386], [-6.318, 54.39], [-6.315, 54.402], [-6.292, 54.387], [-6.232, 54.397], [-6.24, 54.406], [-6.218, 54.424], [-6.227, 54.429], [-6.16, 54.444]]]}}, {"type": "Feature", "properties": {"cd": "N12000010", "nm": "Omagh and Strabane"}, "geometry": {"type": "Polygon", "coordinates": [[[-7.409, 54.887], [-7.374, 54.867], [-7.308, 54.884], [-7.286, 54.874], [-7.268, 54.888], [-7.2, 54.888], [-7.205, 54.867], [-7.187, 54.857], [-7.203, 54.854], [-7.19, 54.846], [-7.152, 54.858], [-7.156, 54.848], [-7.101, 54.813], [-7.003, 54.821], [-6.986, 54.833], [-6.911, 54.82], [-6.922, 54.802], [-6.902, 54.783], [-6.939, 54.774], [-6.94, 54.752], [-6.991, 54.741], [-7.01, 54.718], [-6.993, 54.706], [-7.002, 54.671], [-6.969, 54.664], [-6.988, 54.652], [-6.947, 54.608], [-6.966, 54.597], [-6.969, 54.579], [-6.988, 54.581], [-6.969, 54.57], [-6.985, 54.556], [-6.972, 54.545], [-7.029, 54.525], [-7.038, 54.506], [-7.098, 54.5], [-7.123, 54.485], [-7.12, 54.475], [-7.202, 54.478], [-7.198, 54.466], [-7.252, 54.451], [-7.272, 54.46], [-7.294, 54.443], [-7.426, 54.443], [-7.424, 54.433], [-7.508, 54.406], [-7.554, 54.434], [-7.553, 54.449], [-7.582, 54.475], [-7.563, 54.502], [-7.575, 54.509], [-7.559, 54.542], [-7.527, 54.555], [-7.539, 54.566], [-7.587, 54.564], [-7.624, 54.585], [-7.669, 54.584], [-7.675, 54.603], [-7.703, 54.608], [-7.693, 54.619], [-7.706, 54.62], [-7.707, 54.635], [-7.741, 54.618], [-7.812, 54.644], [-7.851, 54.631], [-7.856, 54.65], [-7.892, 54.656], [-7.913, 54.675], [-7.897, 54.688], [-7.917, 54.703], [-7.879, 54.703], [-7.836, 54.736], [-7.749, 54.704], [-7.636, 54.751], [-7.542, 54.743], [-7.533, 54.747], [-7.547, 54.759], [-7.541, 54.799], [-7.47, 54.835], [-7.443, 54.884], [-7.409, 54.887]]]}}, {"type": "Feature", "properties": {"cd": "S22000005", "nm": "Campbeltown"}, "geometry": {"type": "MultiPolygon", "coordinates": [[[[-5.722, 55.737], [-5.72, 55.738], [-5.721, 55.738], [-5.722, 55.737]]], [[[-5.721, 55.737], [-5.721, 55.737], [-5.721, 55.737], [-5.721, 55.737]]], [[[-5.721, 55.736], [-5.722, 55.736], [-5.721, 55.736], [-5.721, 55.736]]], [[[-5.727, 55.729], [-5.727, 55.729], [-5.726, 55.73], [-5.726, 55.729], [-5.727, 55.729]]], [[[-5.728, 55.727], [-5.727, 55.728], [-5.727, 55.727], [-5.728, 55.727]]], [[[-5.728, 55.726], [-5.728, 55.727], [-5.728, 55.726], [-5.728, 55.726]]], [[[-5.737, 55.72], [-5.737, 55.72], [-5.737, 55.721], [-5.737, 55.72]]], [[[-5.713, 55.719], [-5.713, 55.72], [-5.713, 55.719], [-5.713, 55.719]]], [[[-5.737, 55.718], [-5.736, 55.719], [-5.736, 55.718], [-5.737, 55.718]]], [[[-5.739, 55.712], [-5.739, 55.712], [-5.738, 55.713], [-5.739, 55.712]]], [[[-5.725, 55.712], [-5.725, 55.713], [-5.724, 55.713], [-5.725, 55.712]]], [[[-5.738, 55.709], [-5.737, 55.709], [-5.737, 55.709], [-5.738, 55.709]]], [[[-5.743, 55.708], [-5.743, 55.708], [-5.743, 55.708], [-5.743, 55.708]]], [[[-5.75, 55.707], [-5.75, 55.707], [-5.749, 55.707], [-5.75, 55.707]]], [[[-5.722, 55.7], [-5.722, 55.7], [-5.722, 55.7], [-5.722, 55.7]]], [[[-5.757, 55.693], [-5.756, 55.694], [-5.756, 55.693], [-5.757, 55.693]]], [[[-5.724, 55.686], [-5.724, 55.687], [-5.723, 55.687], [-5.723, 55.686], [-5.724, 55.686]]], [[[-5.766, 55.683], [-5.766, 55.684], [-5.766, 55.683], [-5.766, 55.683]]], [[[-5.731, 55.683], [-5.731, 55.684], [-5.731, 55.684], [-5.73, 55.684], [-5.731, 55.683]]], [[[-5.732, 55.679], [-5.732, 55.679], [-5.731, 55.68], [-5.732, 55.679]]], [[[-5.774, 55.672], [-5.774, 55.672], [-5.774, 55.672], [-5.774, 55.672]]], [[[-5.775, 55.669], [-5.775, 55.67], [-5.774, 55.67], [-5.775, 55.669]]], [[[-5.73, 55.67], [-5.73, 55.671], [-5.73, 55.671], [-5.73, 55.671], [-5.73, 55.67]]], [[[-5.732, 55.67], [-5.733, 55.67], [-5.731, 55.671], [-5.731, 55.67], [-5.732, 55.67]]], [[[-5.775, 55.668], [-5.774, 55.668], [-5.774, 55.668], [-5.775, 55.668]]], [[[-5.771, 55.667], [-5.771, 55.667], [-5.77, 55.667], [-5.771, 55.667]]], [[[-5.762, 55.666], [-5.761, 55.667], [-5.761, 55.667], [-5.761, 55.666], [-5.762, 55.666]]], [[[-5.777, 55.664], [-5.777, 55.666], [-5.774, 55.666], [-5.776, 55.664], [-5.777, 55.664]]], [[[-5.767, 55.662], [-5.767, 55.662], [-5.766, 55.662], [-5.767, 55.662]]], [[[-5.768, 55.661], [-5.768, 55.661], [-5.767, 55.661], [-5.768, 55.661]]], [[[-5.728, 55.662], [-5.728, 55.662], [-5.728, 55.663], [-5.727, 55.662], [-5.728, 55.662]]], [[[-5.768, 55.66], [-5.767, 55.661], [-5.768, 55.66], [-5.768, 55.66]]], [[[-5.777, 55.657], [-5.777, 55.658], [-5.776, 55.658], [-5.777, 55.657]]], [[[-5.769, 55.657], [-5.769, 55.658], [-5.769, 55.658], [-5.768, 55.658], [-5.769, 55.657]]], [[[-5.767, 55.652], [-5.767, 55.652], [-5.766, 55.652], [-5.767, 55.652]]], [[[-5.738, 55.651], [-5.738, 55.652], [-5.738, 55.652], [-5.738, 55.651]]], [[[-5.754, 55.65], [-5.753, 55.651], [-5.753, 55.651], [-5.754, 55.65]]], [[[-5.743, 55.651], [-5.743, 55.652], [-5.741, 55.652], [-5.742, 55.652], [-5.743, 55.651]]], [[[-5.744, 55.651], [-5.744, 55.651], [-5.744, 55.651], [-5.744, 55.651], [-5.744, 55.651]]], [[[-5.744, 55.648], [-5.745, 55.648], [-5.744, 55.649], [-5.744, 55.648], [-5.744, 55.648]]], [[[-5.741, 55.648], [-5.744, 55.65], [-5.739, 55.652], [-5.739, 55.65], [-5.741, 55.648]]], [[[-5.744, 55.648], [-5.743, 55.648], [-5.743, 55.648], [-5.744, 55.648]]], [[[-5.745, 55.648], [-5.745, 55.648], [-5.745, 55.648], [-5.745, 55.648]]], [[[-5.744, 55.647], [-5.744, 55.648], [-5.744, 55.647], [-5.744, 55.647]]], [[[-5.762, 55.646], [-5.76, 55.668], [-5.774, 55.677], [-5.746, 55.709], [-5.737, 55.707], [-5.739, 55.725], [-5.712, 55.724], [-5.733, 55.706], [-5.722, 55.7], [-5.734, 55.684], [-5.733, 55.683], [-5.727, 55.684], [-5.718, 55.688], [-5.737, 55.677], [-5.731, 55.663], [-5.762, 55.646]]], [[[-5.743, 55.646], [-5.743, 55.647], [-5.742, 55.647], [-5.742, 55.647], [-5.743, 55.646]]], [[[-5.745, 55.646], [-5.745, 55.646], [-5.745, 55.646], [-5.745, 55.646]]], [[[-5.748, 55.63], [-5.747, 55.631], [-5.747, 55.631], [-5.748, 55.63]]], [[[-5.747, 55.63], [-5.746, 55.63], [-5.746, 55.63], [-5.747, 55.63]]], [[[-5.759, 55.627], [-5.759, 55.627], [-5.759, 55.627], [-5.759, 55.627]]], [[[-5.752, 55.625], [-5.759, 55.629], [-5.745, 55.639], [-5.75, 55.629], [-5.748, 55.629], [-5.752, 55.625]]], [[[-5.475, 55.622], [-5.476, 55.622], [-5.475, 55.622], [-5.475, 55.622]]], [[[-5.459, 55.581], [-5.459, 55.582], [-5.459, 55.581], [-5.459, 55.581]]], [[[-5.491, 55.561], [-5.49, 55.562], [-5.49, 55.561], [-5.491, 55.561]]], [[[-5.491, 55.56], [-5.49, 55.56], [-5.49, 55.56], [-5.491, 55.56]]], [[[-5.493, 55.553], [-5.493, 55.553], [-5.493, 55.553], [-5.493, 55.553]]], [[[-5.514, 55.49], [-5.515, 55.49], [-5.513, 55.491], [-5.514, 55.49]]], [[[-5.507, 55.489], [-5.507, 55.489], [-5.506, 55.49], [-5.507, 55.489]]], [[[-5.528, 55.475], [-5.53, 55.475], [-5.53, 55.476], [-5.529, 55.476], [-5.528, 55.475]]], [[[-5.544, 55.421], [-5.548, 55.422], [-5.554, 55.425], [-5.536, 55.425], [-5.544, 55.421]]], [[[-5.762, 55.289], [-5.804, 55.306], [-5.804, 55.365], [-5.791, 55.396], [-5.75, 55.425], [-5.722, 55.427], [-5.704, 55.533], [-5.715, 55.579], [-5.693, 55.587], [-5.672, 55.633], [-5.663, 55.668], [-5.677, 55.682], [-5.591, 55.729], [-5.57, 55.715], [-5.511, 55.715], [-5.526, 55.683], [-5.457, 55.684], [-5.484, 55.643], [-5.458, 55.576], [-5.467, 55.571], [-5.47, 55.582], [-5.488, 55.579], [-5.485, 55.585], [-5.485, 55.585], [-5.488, 55.585], [-5.489, 55.585], [-5.49, 55.53], [-5.504, 55.527], [-5.51, 55.488], [-5.523, 55.484], [-5.546, 55.466], [-5.551, 55.434], [-5.604, 55.426], [-5.585, 55.414], [-5.551, 55.418], [-5.527, 55.392], [-5.521, 55.36], [-5.562, 55.324], [-5.604, 55.308], [-5.686, 55.309], [-5.762, 55.289]]], [[[-5.573, 55.29], [-5.575, 55.293], [-5.574, 55.294], [-5.569, 55.291], [-5.573, 55.29]]], [[[-5.557, 55.287], [-5.559, 55.287], [-5.555, 55.288], [-5.555, 55.288], [-5.557, 55.287]]], [[[-5.583, 55.274], [-5.598, 55.279], [-5.565, 55.281], [-5.58, 55.278], [-5.583, 55.274]]]]}}, {"type": "Feature", "properties": {"cd": "S22000013", "nm": "Western Isles"}, "geometry": {"type": "MultiPolygon", "coordinates": [[[[-5.843, 59.117], [-5.846, 59.118], [-5.845, 59.119], [-5.842, 59.117], [-5.843, 59.117]]], [[[-5.84, 59.116], [-5.843, 59.117], [-5.837, 59.118], [-5.836, 59.125], [-5.823, 59.126], [-5.826, 59.134], [-5.812, 59.12], [-5.84, 59.116]]], [[[-5.811, 59.112], [-5.812, 59.114], [-5.811, 59.115], [-5.81, 59.114], [-5.811, 59.112]]], [[[-6.17, 59.101], [-6.17, 59.101], [-6.17, 59.101], [-6.17, 59.101]]], [[[-6.159, 59.1], [-6.16, 59.1], [-6.159, 59.1], [-6.159, 59.1]]], [[[-6.158, 59.098], [-6.159, 59.098], [-6.158, 59.099], [-6.158, 59.098]]], [[[-6.159, 59.098], [-6.159, 59.098], [-6.158, 59.098], [-6.159, 59.098]]], [[[-6.158, 59.097], [-6.158, 59.097], [-6.157, 59.097], [-6.158, 59.097]]], [[[-6.15, 59.097], [-6.151, 59.097], [-6.151, 59.097], [-6.15, 59.097]]], [[[-6.157, 59.097], [-6.157, 59.097], [-6.157, 59.097], [-6.157, 59.097]]], [[[-6.158, 59.096], [-6.159, 59.096], [-6.158, 59.096], [-6.158, 59.096]]], [[[-6.159, 59.093], [-6.157, 59.097], [-6.15, 59.099], [-6.153, 59.095], [-6.159, 59.093]]], [[[-6.159, 59.087], [-6.159, 59.088], [-6.158, 59.088], [-6.158, 59.088], [-6.159, 59.087]]], [[[-6.261, 58.519], [-6.262, 58.519], [-6.262, 58.52], [-6.261, 58.519]]], [[[-6.261, 58.519], [-6.261, 58.519], [-6.261, 58.519], [-6.261, 58.519]]], [[[-6.262, 58.518], [-6.261, 58.519], [-6.261, 58.519], [-6.262, 58.518]]], [[[-6.263, 58.518], [-6.263, 58.518], [-6.263, 58.518], [-6.263, 58.518]]], [[[-6.262, 58.518], [-6.261, 58.518], [-6.26, 58.518], [-6.262, 58.518]]], [[[-6.262, 58.517], [-6.262, 58.518], [-6.261, 58.518], [-6.262, 58.517]]], [[[-6.258, 58.517], [-6.258, 58.517], [-6.258, 58.517], [-6.258, 58.517]]], [[[-6.261, 58.516], [-6.262, 58.516], [-6.262, 58.517], [-6.261, 58.516]]], [[[-6.26, 58.516], [-6.259, 58.516], [-6.259, 58.516], [-6.26, 58.516]]], [[[-6.26, 58.516], [-6.261, 58.516], [-6.261, 58.516], [-6.261, 58.517], [-6.259, 58.516], [-6.261, 58.516], [-6.26, 58.516]]], [[[-6.259, 58.516], [-6.259, 58.516], [-6.259, 58.516], [-6.259, 58.516]]], [[[-6.269, 58.515], [-6.269, 58.515], [-6.269, 58.515], [-6.269, 58.515]]], [[[-6.272, 58.514], [-6.272, 58.514], [-6.272, 58.515], [-6.272, 58.514]]], [[[-6.282, 58.512], [-6.282, 58.512], [-6.282, 58.513], [-6.282, 58.512]]], [[[-6.283, 58.512], [-6.283, 58.512], [-6.283, 58.512], [-6.283, 58.512]]], [[[-6.275, 58.512], [-6.277, 58.512], [-6.276, 58.512], [-6.275, 58.512]]], [[[-6.28, 58.511], [-6.28, 58.512], [-6.28, 58.512], [-6.28, 58.511]]], [[[-6.281, 58.511], [-6.282, 58.511], [-6.281, 58.512], [-6.281, 58.511]]], [[[-6.278, 58.511], [-6.278, 58.511], [-6.278, 58.512], [-6.278, 58.511]]], [[[-6.282, 58.511], [-6.283, 58.511], [-6.282, 58.511], [-6.282, 58.511]]], [[[-6.282, 58.51], [-6.283, 58.51], [-6.282, 58.51], [-6.282, 58.51]]], [[[-6.282, 58.51], [-6.284, 58.51], [-6.282, 58.51], [-6.282, 58.51]]], [[[-6.25, 58.51], [-6.25, 58.51], [-6.25, 58.51], [-6.25, 58.51]]], [[[-6.249, 58.509], [-6.25, 58.51], [-6.249, 58.51], [-6.249, 58.509]]], [[[-6.285, 58.508], [-6.285, 58.508], [-6.285, 58.508], [-6.285, 58.508]]], [[[-6.246, 58.509], [-6.245, 58.509], [-6.245, 58.509], [-6.246, 58.509]]], [[[-6.247, 58.509], [-6.247, 58.509], [-6.246, 58.509], [-6.247, 58.509]]], [[[-6.284, 58.508], [-6.284, 58.508], [-6.284, 58.508], [-6.284, 58.508]]], [[[-6.274, 58.506], [-6.274, 58.506], [-6.274, 58.506], [-6.274, 58.506]]], [[[-6.243, 58.507], [-6.241, 58.507], [-6.241, 58.507], [-6.242, 58.507], [-6.243, 58.507]]], [[[-6.28, 58.505], [-6.279, 58.505], [-6.279, 58.505], [-6.28, 58.505]]], [[[-6.278, 58.505], [-6.278, 58.505], [-6.278, 58.505], [-6.278, 58.505]]], [[[-6.28, 58.504], [-6.28, 58.505], [-6.28, 58.505], [-6.28, 58.504]]], [[[-6.279, 58.504], [-6.279, 58.505], [-6.279, 58.504], [-6.279, 58.504]]], [[[-6.277, 58.504], [-6.278, 58.504], [-6.277, 58.505], [-6.277, 58.504]]], [[[-6.231, 58.504], [-6.23, 58.505], [-6.229, 58.505], [-6.23, 58.504], [-6.231, 58.504]]], [[[-6.232, 58.504], [-6.233, 58.504], [-6.232, 58.505], [-6.232, 58.504]]], [[[-6.237, 58.504], [-6.236, 58.504], [-6.235, 58.504], [-6.237, 58.504]]], [[[-6.228, 58.501], [-6.227, 58.501], [-6.227, 58.501], [-6.228, 58.501]]], [[[-6.224, 58.498], [-6.225, 58.498], [-6.225, 58.498], [-6.224, 58.498]]], [[[-6.221, 58.495], [-6.221, 58.496], [-6.221, 58.495], [-6.221, 58.495]]], [[[-6.224, 58.493], [-6.224, 58.493], [-6.224, 58.493], [-6.224, 58.493]]], [[[-6.288, 58.49], [-6.288, 58.49], [-6.287, 58.491], [-6.288, 58.49]]], [[[-6.217, 58.485], [-6.219, 58.485], [-6.216, 58.486], [-6.217, 58.485]]], [[[-6.309, 58.48], [-6.309, 58.48], [-6.309, 58.48], [-6.309, 58.48]]], [[[-6.318, 58.48], [-6.318, 58.48], [-6.318, 58.48], [-6.318, 58.48]]], [[[-6.309, 58.48], [-6.31, 58.48], [-6.309, 58.48], [-6.309, 58.48]]], [[[-6.318, 58.479], [-6.318, 58.48], [-6.318, 58.48], [-6.318, 58.479]]], [[[-6.331, 58.478], [-6.332, 58.479], [-6.332, 58.479], [-6.331, 58.478]]], [[[-6.32, 58.479], [-6.319, 58.479], [-6.319, 58.479], [-6.32, 58.479]]], [[[-6.323, 58.478], [-6.324, 58.478], [-6.323, 58.478], [-6.323, 58.478]]], [[[-6.337, 58.476], [-6.336, 58.477], [-6.336, 58.477], [-6.337, 58.476]]], [[[-6.203, 58.48], [-6.203, 58.48], [-6.203, 58.48], [-6.203, 58.48]]], [[[-6.199, 58.476], [-6.198, 58.477], [-6.198, 58.476], [-6.199, 58.476]]], [[[-6.196, 58.476], [-6.196, 58.476], [-6.196, 58.477], [-6.196, 58.476]]], [[[-6.197, 58.476], [-6.197, 58.476], [-6.196, 58.476], [-6.197, 58.476]]], [[[-6.194, 58.475], [-6.194, 58.475], [-6.193, 58.476], [-6.194, 58.475]]], [[[-6.195, 58.475], [-6.195, 58.475], [-6.194, 58.475], [-6.195, 58.475]]], [[[-6.193, 58.474], [-6.193, 58.474], [-6.193, 58.474], [-6.193, 58.474]]], [[[-6.192, 58.473], [-6.192, 58.473], [-6.192, 58.474], [-6.192, 58.473]]], [[[-6.346, 58.466], [-6.346, 58.466], [-6.346, 58.466], [-6.346, 58.466]]], [[[-6.186, 58.469], [-6.186, 58.47], [-6.185, 58.47], [-6.185, 58.47], [-6.186, 58.469]]], [[[-6.354, 58.461], [-6.354, 58.461], [-6.353, 58.461], [-6.354, 58.461]]], [[[-6.387, 58.45], [-6.388, 58.45], [-6.387, 58.451], [-6.387, 58.45]]], [[[-6.385, 58.45], [-6.385, 58.45], [-6.385, 58.45], [-6.385, 58.45]]], [[[-6.388, 58.45], [-6.388, 58.45], [-6.387, 58.45], [-6.388, 58.45]]], [[[-6.388, 58.45], [-6.388, 58.45], [-6.388, 58.45], [-6.388, 58.45]]], [[[-6.393, 58.449], [-6.393, 58.45], [-6.392, 58.45], [-6.393, 58.449]]], [[[-6.392, 58.449], [-6.391, 58.449], [-6.391, 58.449], [-6.392, 58.449]]], [[[-6.397, 58.449], [-6.396, 58.449], [-6.396, 58.449], [-6.397, 58.449]]], [[[-6.403, 58.447], [-6.402, 58.448], [-6.402, 58.448], [-6.403, 58.447]]], [[[-6.19, 58.449], [-6.191, 58.449], [-6.191, 58.449], [-6.19, 58.449]]], [[[-6.432, 58.436], [-6.432, 58.437], [-6.431, 58.437], [-6.432, 58.436]]], [[[-6.179, 58.437], [-6.179, 58.437], [-6.178, 58.438], [-6.179, 58.437]]], [[[-6.446, 58.427], [-6.446, 58.427], [-6.446, 58.427], [-6.446, 58.427]]], [[[-6.446, 58.427], [-6.446, 58.427], [-6.445, 58.427], [-6.446, 58.427]]], [[[-6.449, 58.425], [-6.449, 58.425], [-6.448, 58.425], [-6.449, 58.425]]], [[[-6.457, 58.419], [-6.459, 58.419], [-6.457, 58.42], [-6.457, 58.419]]], [[[-6.169, 58.422], [-6.169, 58.422], [-6.168, 58.422], [-6.169, 58.422]]], [[[-6.509, 58.398], [-6.51, 58.398], [-6.509, 58.398], [-6.509, 58.398]]], [[[-6.192, 58.4], [-6.193, 58.4], [-6.192, 58.4], [-6.192, 58.4]]], [[[-6.585, 58.362], [-6.585, 58.362], [-6.584, 58.362], [-6.585, 58.362]]], [[[-6.589, 58.36], [-6.591, 58.36], [-6.591, 58.361], [-6.59, 58.361], [-6.589, 58.36]]], [[[-6.589, 58.36], [-6.59, 58.36], [-6.59, 58.36], [-6.589, 58.36]]], [[[-6.591, 58.359], [-6.591, 58.36], [-6.591, 58.359], [-6.591, 58.359]]], [[[-6.592, 58.359], [-6.592, 58.36], [-6.592, 58.359], [-6.592, 58.359]]], [[[-6.588, 58.359], [-6.589, 58.359], [-6.589, 58.36], [-6.588, 58.359]]], [[[-6.596, 58.358], [-6.596, 58.358], [-6.596, 58.358], [-6.596, 58.358]]], [[[-6.598, 58.357], [-6.597, 58.358], [-6.597, 58.357], [-6.598, 58.357]]], [[[-6.598, 58.356], [-6.598, 58.356], [-6.598, 58.357], [-6.598, 58.356]]], [[[-6.6, 58.355], [-6.6, 58.355], [-6.6, 58.355], [-6.6, 58.355]]], [[[-6.607, 58.353], [-6.607, 58.353], [-6.607, 58.353], [-6.607, 58.353]]], [[[-6.659, 58.351], [-6.659, 58.351], [-6.659, 58.351], [-6.659, 58.351]]], [[[-6.658, 58.351], [-6.659, 58.351], [-6.659, 58.351], [-6.658, 58.351], [-6.658, 58.351]]], [[[-6.663, 58.351], [-6.663, 58.351], [-6.662, 58.351], [-6.663, 58.351]]], [[[-6.667, 58.35], [-6.667, 58.351], [-6.665, 58.351], [-6.665, 58.35], [-6.667, 58.35]]], [[[-6.668, 58.35], [-6.668, 58.351], [-6.667, 58.35], [-6.668, 58.35]]], [[[-6.668, 58.35], [-6.668, 58.351], [-6.668, 58.351], [-6.668, 58.35]]], [[[-6.668, 58.35], [-6.669, 58.35], [-6.669, 58.35], [-6.668, 58.35]]], [[[-6.612, 58.352], [-6.613, 58.352], [-6.612, 58.353], [-6.612, 58.352]]], [[[-6.659, 58.349], [-6.659, 58.35], [-6.659, 58.35], [-6.659, 58.349]]], [[[-6.659, 58.349], [-6.659, 58.35], [-6.659, 58.35], [-6.659, 58.349]]], [[[-6.67, 58.347], [-6.671, 58.348], [-6.671, 58.348], [-6.67, 58.347]]], [[[-6.635, 58.348], [-6.634, 58.348], [-6.634, 58.348], [-6.635, 58.348]]], [[[-6.673, 58.346], [-6.673, 58.346], [-6.673, 58.346], [-6.673, 58.346]]], [[[-6.672, 58.346], [-6.672, 58.346], [-6.672, 58.346], [-6.672, 58.346]]], [[[-6.672, 58.346], [-6.672, 58.346], [-6.672, 58.346], [-6.672, 58.346]]], [[[-6.673, 58.345], [-6.673, 58.345], [-6.673, 58.346], [-6.673, 58.345]]], [[[-6.676, 58.341], [-6.676, 58.342], [-6.677, 58.341], [-6.676, 58.342], [-6.676, 58.341]]], [[[-6.675, 58.341], [-6.675, 58.341], [-6.675, 58.342], [-6.675, 58.341]]], [[[-6.677, 58.341], [-6.677, 58.341], [-6.676, 58.341], [-6.677, 58.341]]], [[[-6.672, 58.341], [-6.672, 58.341], [-6.672, 58.341], [-6.672, 58.341]]], [[[-6.677, 58.34], [-6.678, 58.34], [-6.677, 58.34], [-6.677, 58.34]]], [[[-6.678, 58.34], [-6.678, 58.34], [-6.678, 58.34], [-6.678, 58.34]]], [[[-6.698, 58.338], [-6.699, 58.339], [-6.699, 58.339], [-6.698, 58.338]]], [[[-6.684, 58.339], [-6.684, 58.339], [-6.684, 58.339], [-6.684, 58.339]]], [[[-6.685, 58.338], [-6.686, 58.339], [-6.685, 58.338], [-6.685, 58.338]]], [[[-6.697, 58.337], [-6.697, 58.337], [-6.697, 58.337], [-6.697, 58.337]]], [[[-6.698, 58.337], [-6.698, 58.337], [-6.698, 58.337], [-6.698, 58.337]]], [[[-6.695, 58.336], [-6.695, 58.337], [-6.695, 58.336], [-6.695, 58.336]]], [[[-6.69, 58.336], [-6.69, 58.337], [-6.689, 58.337], [-6.69, 58.336]]], [[[-6.695, 58.336], [-6.695, 58.336], [-6.695, 58.336], [-6.695, 58.336]]], [[[-6.709, 58.335], [-6.709, 58.335], [-6.708, 58.335], [-6.709, 58.335]]], [[[-6.71, 58.334], [-6.71, 58.334], [-6.709, 58.334], [-6.71, 58.334]]], [[[-6.713, 58.332], [-6.713, 58.332], [-6.712, 58.332], [-6.713, 58.332]]], [[[-6.714, 58.329], [-6.714, 58.33], [-6.714, 58.329], [-6.714, 58.329]]], [[[-6.723, 58.328], [-6.724, 58.329], [-6.723, 58.329], [-6.723, 58.328]]], [[[-6.722, 58.328], [-6.723, 58.328], [-6.722, 58.329], [-6.722, 58.328]]], [[[-6.719, 58.328], [-6.719, 58.328], [-6.719, 58.328], [-6.719, 58.328]]], [[[-6.721, 58.328], [-6.721, 58.328], [-6.721, 58.328], [-6.721, 58.328]]], [[[-6.727, 58.325], [-6.727, 58.326], [-6.726, 58.325], [-6.727, 58.325]]], [[[-6.728, 58.324], [-6.729, 58.324], [-6.729, 58.325], [-6.728, 58.324]]], [[[-6.728, 58.324], [-6.728, 58.324], [-6.728, 58.324], [-6.728, 58.324]]], [[[-7.583, 58.289], [-7.583, 58.289], [-7.582, 58.289], [-7.583, 58.289]]], [[[-7.596, 58.287], [-7.598, 58.287], [-7.599, 58.288], [-7.597, 58.289], [-7.596, 58.287]]], [[[-7.65, 58.284], [-7.65, 58.284], [-7.65, 58.284], [-7.65, 58.284]]], [[[-6.175, 58.341], [-6.175, 58.341], [-6.174, 58.341], [-6.175, 58.341]]], [[[-7.652, 58.284], [-7.653, 58.284], [-7.651, 58.284], [-7.652, 58.284]]], [[[-7.588, 58.286], [-7.593, 58.286], [-7.596, 58.289], [-7.585, 58.289], [-7.588, 58.286]]], [[[-7.65, 58.283], [-7.651, 58.283], [-7.65, 58.284], [-7.65, 58.283]]], [[[-7.647, 58.283], [-7.65, 58.284], [-7.645, 58.285], [-7.647, 58.283]]], [[[-7.586, 58.286], [-7.587, 58.286], [-7.586, 58.286], [-7.586, 58.286]]], [[[-7.648, 58.283], [-7.649, 58.283], [-7.648, 58.283], [-7.648, 58.283]]], [[[-7.65, 58.283], [-7.651, 58.283], [-7.65, 58.283], [-7.65, 58.283]]], [[[-7.559, 58.287], [-7.56, 58.287], [-7.559, 58.287], [-7.559, 58.287]]], [[[-6.733, 58.32], [-6.734, 58.32], [-6.733, 58.32], [-6.733, 58.32]]], [[[-7.646, 58.283], [-7.647, 58.283], [-7.645, 58.283], [-7.646, 58.283], [-7.646, 58.283]]], [[[-6.733, 58.32], [-6.734, 58.32], [-6.733, 58.32], [-6.733, 58.32]]], [[[-7.588, 58.285], [-7.588, 58.286], [-7.586, 58.285], [-7.588, 58.285]]], [[[-7.65, 58.282], [-7.649, 58.282], [-7.649, 58.282], [-7.65, 58.282]]], [[[-7.57, 58.285], [-7.57, 58.285], [-7.57, 58.285], [-7.57, 58.285]]], [[[-7.651, 58.281], [-7.65, 58.282], [-7.65, 58.281], [-7.651, 58.281]]], [[[-7.654, 58.281], [-7.652, 58.282], [-7.652, 58.281], [-7.654, 58.281]]], [[[-7.656, 58.281], [-7.656, 58.281], [-7.654, 58.281], [-7.656, 58.281]]], [[[-7.581, 58.283], [-7.582, 58.284], [-7.58, 58.284], [-7.581, 58.283]]], [[[-7.648, 58.28], [-7.65, 58.281], [-7.643, 58.282], [-7.644, 58.281], [-7.648, 58.28]]], [[[-7.586, 58.282], [-7.589, 58.284], [-7.584, 58.285], [-7.576, 58.285], [-7.582, 58.284], [-7.586, 58.282]]], [[[-6.753, 58.313], [-6.753, 58.314], [-6.753, 58.314], [-6.753, 58.313]]], [[[-6.741, 58.314], [-6.741, 58.314], [-6.741, 58.314], [-6.741, 58.314]]], [[[-6.754, 58.312], [-6.754, 58.312], [-6.753, 58.312], [-6.754, 58.312]]], [[[-6.207, 58.329], [-6.208, 58.329], [-6.207, 58.329], [-6.207, 58.329]]], [[[-6.783, 58.308], [-6.783, 58.308], [-6.783, 58.308], [-6.783, 58.308]]], [[[-6.786, 58.308], [-6.786, 58.308], [-6.785, 58.308], [-6.786, 58.308]]], [[[-7.585, 58.276], [-7.587, 58.276], [-7.585, 58.276], [-7.585, 58.276]]], [[[-6.797, 58.307], [-6.797, 58.307], [-6.797, 58.307], [-6.797, 58.307]]], [[[-6.786, 58.307], [-6.787, 58.308], [-6.786, 58.308], [-6.786, 58.307]]], [[[-7.593, 58.275], [-7.592, 58.275], [-7.59, 58.275], [-7.59, 58.275], [-7.593, 58.275]]], [[[-7.588, 58.274], [-7.591, 58.274], [-7.591, 58.274], [-7.586, 58.275], [-7.588, 58.274]]], [[[-6.794, 58.306], [-6.795, 58.306], [-6.794, 58.306], [-6.794, 58.306]]], [[[-6.788, 58.306], [-6.789, 58.306], [-6.788, 58.306], [-6.788, 58.306]]], [[[-7.59, 58.272], [-7.589, 58.274], [-7.587, 58.274], [-7.589, 58.273], [-7.59, 58.272]]], [[[-7.591, 58.272], [-7.592, 58.272], [-7.592, 58.273], [-7.591, 58.273], [-7.591, 58.272]]], [[[-7.587, 58.272], [-7.587, 58.272], [-7.586, 58.273], [-7.587, 58.272]]], [[[-7.589, 58.272], [-7.591, 58.272], [-7.587, 58.273], [-7.587, 58.272], [-7.589, 58.272]]], [[[-6.805, 58.297], [-6.805, 58.298], [-6.805, 58.298], [-6.804, 58.297], [-6.805, 58.297]]], [[[-6.803, 58.295], [-6.804, 58.295], [-6.804, 58.295], [-6.803, 58.295]]], [[[-6.826, 58.293], [-6.826, 58.293], [-6.826, 58.293], [-6.826, 58.293], [-6.826, 58.293]]], [[[-6.878, 58.29], [-6.881, 58.291], [-6.88, 58.293], [-6.878, 58.292], [-6.878, 58.29]]], [[[-6.806, 58.291], [-6.806, 58.292], [-6.806, 58.291], [-6.806, 58.291]]], [[[-6.807, 58.291], [-6.807, 58.291], [-6.807, 58.292], [-6.807, 58.291]]], [[[-6.813, 58.29], [-6.813, 58.291], [-6.813, 58.291], [-6.813, 58.29]]], [[[-6.869, 58.288], [-6.87, 58.288], [-6.869, 58.288], [-6.869, 58.288]]], [[[-6.834, 58.288], [-6.834, 58.289], [-6.834, 58.289], [-6.834, 58.288]]], [[[-6.239, 58.309], [-6.24, 58.309], [-6.238, 58.309], [-6.239, 58.309]]], [[[-6.924, 58.284], [-6.924, 58.285], [-6.923, 58.285], [-6.923, 58.285], [-6.924, 58.284]]], [[[-6.82, 58.288], [-6.82, 58.288], [-6.819, 58.288], [-6.82, 58.288]]], [[[-6.833, 58.287], [-6.834, 58.288], [-6.832, 58.287], [-6.833, 58.287]]], [[[-6.922, 58.283], [-6.925, 58.283], [-6.915, 58.284], [-6.916, 58.284], [-6.922, 58.283]]], [[[-6.828, 58.285], [-6.828, 58.285], [-6.827, 58.285], [-6.828, 58.285]]], [[[-6.834, 58.284], [-6.835, 58.287], [-6.831, 58.287], [-6.832, 58.285], [-6.834, 58.284]]], [[[-6.876, 58.282], [-6.877, 58.282], [-6.874, 58.282], [-6.876, 58.282]]], [[[-6.878, 58.277], [-6.879, 58.28], [-6.874, 58.28], [-6.873, 58.279], [-6.878, 58.277]]], [[[-6.912, 58.275], [-6.915, 58.278], [-6.915, 58.279], [-6.909, 58.277], [-6.912, 58.275]]], [[[-6.915, 58.275], [-6.915, 58.276], [-6.914, 58.275], [-6.915, 58.275]]], [[[-6.916, 58.275], [-6.917, 58.275], [-6.916, 58.276], [-6.916, 58.276], [-6.916, 58.275]]], [[[-6.876, 58.274], [-6.877, 58.275], [-6.876, 58.275], [-6.876, 58.274]]], [[[-6.875, 58.274], [-6.876, 58.275], [-6.872, 58.275], [-6.874, 58.274], [-6.875, 58.274]]], [[[-6.809, 58.276], [-6.81, 58.276], [-6.809, 58.276], [-6.809, 58.276]]], [[[-6.875, 58.273], [-6.875, 58.274], [-6.874, 58.274], [-6.875, 58.273]]], [[[-6.809, 58.275], [-6.81, 58.276], [-6.809, 58.276], [-6.809, 58.275]]], [[[-6.81, 58.275], [-6.81, 58.275], [-6.81, 58.275], [-6.81, 58.275]]], [[[-6.878, 58.272], [-6.878, 58.273], [-6.878, 58.272], [-6.878, 58.272]]], [[[-6.878, 58.272], [-6.879, 58.272], [-6.878, 58.272], [-6.878, 58.272]]], [[[-6.882, 58.272], [-6.882, 58.272], [-6.881, 58.272], [-6.882, 58.272]]], [[[-6.909, 58.27], [-6.91, 58.272], [-6.908, 58.272], [-6.909, 58.271], [-6.909, 58.27]]], [[[-6.88, 58.271], [-6.881, 58.273], [-6.881, 58.273], [-6.879, 58.273], [-6.88, 58.271]]], [[[-6.256, 58.294], [-6.257, 58.294], [-6.256, 58.294], [-6.256, 58.294]]], [[[-6.866, 58.272], [-6.866, 58.272], [-6.865, 58.272], [-6.866, 58.272]]], [[[-6.866, 58.272], [-6.866, 58.272], [-6.865, 58.272], [-6.866, 58.272]]], [[[-6.807, 58.273], [-6.807, 58.273], [-6.806, 58.274], [-6.807, 58.273]]], [[[-6.889, 58.27], [-6.889, 58.27], [-6.889, 58.27], [-6.889, 58.27]]], [[[-6.887, 58.27], [-6.888, 58.27], [-6.888, 58.271], [-6.886, 58.271], [-6.887, 58.27]]], [[[-6.912, 58.269], [-6.913, 58.269], [-6.912, 58.269], [-6.911, 58.269], [-6.912, 58.269]]], [[[-6.819, 58.272], [-6.819, 58.274], [-6.816, 58.273], [-6.819, 58.272]]], [[[-6.868, 58.27], [-6.87, 58.27], [-6.874, 58.273], [-6.869, 58.274], [-6.868, 58.27]]], [[[-6.865, 58.27], [-6.866, 58.27], [-6.866, 58.271], [-6.864, 58.27], [-6.865, 58.27]]], [[[-6.862, 58.268], [-6.863, 58.268], [-6.862, 58.268], [-6.862, 58.268]]], [[[-6.888, 58.267], [-6.888, 58.267], [-6.889, 58.267], [-6.888, 58.267], [-6.887, 58.267], [-6.888, 58.267]]], [[[-6.871, 58.267], [-6.871, 58.268], [-6.871, 58.268], [-6.871, 58.267]]], [[[-6.909, 58.265], [-6.912, 58.268], [-6.904, 58.267], [-6.907, 58.267], [-6.909, 58.265]]], [[[-6.889, 58.266], [-6.888, 58.266], [-6.888, 58.267], [-6.888, 58.266], [-6.889, 58.266]]], [[[-6.863, 58.267], [-6.863, 58.267], [-6.862, 58.267], [-6.863, 58.267]]], [[[-6.863, 58.267], [-6.864, 58.267], [-6.864, 58.267], [-6.863, 58.267], [-6.863, 58.267]]], [[[-6.906, 58.265], [-6.907, 58.265], [-6.907, 58.266], [-6.905, 58.266], [-6.906, 58.265]]], [[[-6.908, 58.265], [-6.907, 58.265], [-6.907, 58.265], [-6.908, 58.265]]], [[[-6.905, 58.264], [-6.904, 58.265], [-6.904, 58.264], [-6.905, 58.264]]], [[[-6.859, 58.266], [-6.86, 58.266], [-6.859, 58.266], [-6.859, 58.266], [-6.859, 58.266]]], [[[-6.815, 58.267], [-6.815, 58.267], [-6.814, 58.267], [-6.815, 58.267]]], [[[-6.857, 58.265], [-6.858, 58.265], [-6.858, 58.267], [-6.857, 58.266], [-6.857, 58.265]]], [[[-6.268, 58.286], [-6.269, 58.286], [-6.268, 58.287], [-6.268, 58.286]]], [[[-6.267, 58.286], [-6.262, 58.288], [-6.26, 58.287], [-6.263, 58.286], [-6.267, 58.286]]], [[[-6.816, 58.266], [-6.816, 58.266], [-6.816, 58.266], [-6.816, 58.266]]], [[[-6.258, 58.286], [-6.258, 58.286], [-6.257, 58.286], [-6.257, 58.286], [-6.258, 58.286]]], [[[-6.815, 58.265], [-6.816, 58.265], [-6.816, 58.266], [-6.815, 58.265]]], [[[-6.848, 58.264], [-6.849, 58.264], [-6.848, 58.264], [-6.848, 58.264]]], [[[-6.264, 58.285], [-6.265, 58.285], [-6.267, 58.285], [-6.265, 58.286], [-6.264, 58.285]]], [[[-6.928, 58.26], [-6.931, 58.261], [-6.932, 58.261], [-6.93, 58.262], [-6.928, 58.26]]], [[[-6.856, 58.263], [-6.857, 58.263], [-6.857, 58.264], [-6.856, 58.264], [-6.856, 58.263]]], [[[-6.257, 58.284], [-6.257, 58.284], [-6.256, 58.284], [-6.257, 58.284]]], [[[-6.262, 58.283], [-6.265, 58.283], [-6.258, 58.284], [-6.262, 58.283], [-6.262, 58.283]]], [[[-6.893, 58.26], [-6.893, 58.261], [-6.892, 58.261], [-6.891, 58.261], [-6.893, 58.26]]], [[[-6.891, 58.259], [-6.891, 58.259], [-6.891, 58.26], [-6.891, 58.259]]], [[[-6.877, 58.26], [-6.887, 58.27], [-6.858, 58.264], [-6.859, 58.261], [-6.877, 58.26]]], [[[-6.891, 58.259], [-6.891, 58.259], [-6.891, 58.259], [-6.891, 58.259]]], [[[-6.843, 58.253], [-6.844, 58.253], [-6.844, 58.254], [-6.843, 58.253]]], [[[-6.842, 58.253], [-6.843, 58.253], [-6.844, 58.255], [-6.843, 58.255], [-6.842, 58.253]]], [[[-6.279, 58.27], [-6.28, 58.27], [-6.278, 58.27], [-6.279, 58.27]]], [[[-6.949, 58.244], [-6.948, 58.245], [-6.947, 58.245], [-6.949, 58.244]]], [[[-6.895, 58.245], [-6.895, 58.246], [-6.893, 58.245], [-6.895, 58.245]]], [[[-6.306, 58.266], [-6.306, 58.266], [-6.305, 58.266], [-6.306, 58.266]]], [[[-6.795, 58.248], [-6.794, 58.249], [-6.794, 58.248], [-6.795, 58.248]]], [[[-6.891, 58.244], [-6.894, 58.244], [-6.895, 58.245], [-6.893, 58.245], [-6.891, 58.244]]], [[[-6.947, 58.241], [-6.948, 58.243], [-6.94, 58.243], [-6.943, 58.241], [-6.947, 58.241]]], [[[-6.94, 58.241], [-6.94, 58.241], [-6.939, 58.241], [-6.94, 58.241]]], [[[-6.797, 58.244], [-6.797, 58.244], [-6.796, 58.244], [-6.797, 58.244]]], [[[-7.017, 58.235], [-7.016, 58.236], [-7.016, 58.236], [-7.016, 58.235], [-7.017, 58.235]]], [[[-6.952, 58.237], [-6.953, 58.237], [-6.952, 58.237], [-6.952, 58.237]]], [[[-6.867, 58.239], [-6.867, 58.239], [-6.867, 58.239], [-6.867, 58.239]]], [[[-6.868, 58.238], [-6.868, 58.239], [-6.868, 58.239], [-6.868, 58.238]]], [[[-6.156, 58.263], [-6.157, 58.264], [-6.157, 58.264], [-6.156, 58.263]]], [[[-6.951, 58.235], [-6.952, 58.235], [-6.951, 58.235], [-6.951, 58.235]]], [[[-6.866, 58.238], [-6.867, 58.238], [-6.867, 58.238], [-6.866, 58.238]]], [[[-6.817, 58.239], [-6.818, 58.24], [-6.819, 58.24], [-6.818, 58.241], [-6.817, 58.239]]], [[[-6.166, 58.262], [-6.166, 58.262], [-6.166, 58.262], [-6.166, 58.262]]], [[[-6.819, 58.239], [-6.821, 58.239], [-6.821, 58.24], [-6.82, 58.24], [-6.819, 58.239]]], [[[-6.84, 58.238], [-6.839, 58.238], [-6.839, 58.238], [-6.84, 58.238]]], [[[-6.93, 58.234], [-6.931, 58.235], [-6.93, 58.234], [-6.93, 58.234]]], [[[-6.826, 58.238], [-6.826, 58.238], [-6.826, 58.238], [-6.826, 58.238]]], [[[-6.931, 58.233], [-6.931, 58.234], [-6.931, 58.234], [-6.931, 58.233]]], [[[-6.875, 58.235], [-6.875, 58.236], [-6.874, 58.235], [-6.875, 58.235]]], [[[-6.933, 58.233], [-6.933, 58.233], [-6.932, 58.233], [-6.933, 58.233]]], [[[-6.915, 58.233], [-6.916, 58.233], [-6.915, 58.234], [-6.915, 58.234], [-6.915, 58.233]]], [[[-6.877, 58.234], [-6.878, 58.235], [-6.878, 58.236], [-6.877, 58.235], [-6.877, 58.234]]], [[[-6.915, 58.233], [-6.915, 58.233], [-6.914, 58.233], [-6.915, 58.233]]], [[[-6.831, 58.236], [-6.83, 58.236], [-6.83, 58.236], [-6.831, 58.236]]], [[[-6.867, 58.234], [-6.867, 58.234], [-6.867, 58.235], [-6.867, 58.234]]], [[[-6.873, 58.233], [-6.874, 58.233], [-6.874, 58.234], [-6.873, 58.233]]], [[[-6.813, 58.235], [-6.813, 58.237], [-6.813, 58.237], [-6.813, 58.235]]], [[[-6.915, 58.231], [-6.915, 58.232], [-6.914, 58.232], [-6.913, 58.232], [-6.915, 58.231]]], [[[-6.921, 58.231], [-6.922, 58.231], [-6.923, 58.231], [-6.922, 58.232], [-6.921, 58.231]]], [[[-6.916, 58.231], [-6.916, 58.231], [-6.915, 58.231], [-6.916, 58.231]]], [[[-6.919, 58.231], [-6.918, 58.231], [-6.918, 58.231], [-6.919, 58.231]]], [[[-6.918, 58.23], [-6.918, 58.231], [-6.917, 58.231], [-6.918, 58.23]]], [[[-6.823, 58.234], [-6.826, 58.235], [-6.826, 58.237], [-6.823, 58.236], [-6.823, 58.234]]], [[[-6.936, 58.228], [-6.942, 58.23], [-6.951, 58.239], [-6.936, 58.241], [-6.936, 58.228]]], [[[-6.986, 58.226], [-6.986, 58.226], [-6.986, 58.226], [-6.986, 58.226], [-6.986, 58.226]]], [[[-6.172, 58.254], [-6.172, 58.254], [-6.172, 58.254], [-6.172, 58.254]]], [[[-6.778, 58.233], [-6.778, 58.233], [-6.778, 58.233], [-6.778, 58.233]]], [[[-6.809, 58.231], [-6.809, 58.232], [-6.809, 58.231], [-6.809, 58.231]]], [[[-6.909, 58.227], [-6.91, 58.228], [-6.91, 58.228], [-6.909, 58.227]]], [[[-6.913, 58.224], [-6.916, 58.226], [-6.922, 58.224], [-6.922, 58.23], [-6.911, 58.231], [-6.913, 58.224]]], [[[-6.795, 58.228], [-6.794, 58.228], [-6.794, 58.228], [-6.795, 58.228]]], [[[-6.914, 58.223], [-6.915, 58.223], [-6.915, 58.224], [-6.914, 58.224], [-6.914, 58.223]]], [[[-6.87, 58.224], [-6.871, 58.224], [-6.869, 58.225], [-6.87, 58.224]]], [[[-6.143, 58.25], [-6.144, 58.25], [-6.143, 58.25], [-6.143, 58.25]]], [[[-6.935, 58.222], [-6.937, 58.223], [-6.937, 58.225], [-6.935, 58.223], [-6.935, 58.222]]], [[[-6.917, 58.222], [-6.919, 58.223], [-6.917, 58.224], [-6.915, 58.223], [-6.917, 58.222]]], [[[-6.874, 58.223], [-6.875, 58.223], [-6.875, 58.224], [-6.873, 58.223], [-6.874, 58.223]]], [[[-6.151, 58.248], [-6.151, 58.248], [-6.151, 58.248], [-6.151, 58.248]]], [[[-6.863, 58.221], [-6.863, 58.222], [-6.861, 58.222], [-6.861, 58.221], [-6.863, 58.221]]], [[[-6.79, 58.223], [-6.793, 58.223], [-6.795, 58.228], [-6.787, 58.223], [-6.79, 58.223]]], [[[-6.905, 58.218], [-6.906, 58.218], [-6.905, 58.219], [-6.905, 58.218]]], [[[-6.882, 58.218], [-6.88, 58.221], [-6.878, 58.22], [-6.879, 58.219], [-6.882, 58.218]]], [[[-6.878, 58.218], [-6.879, 58.219], [-6.877, 58.218], [-6.878, 58.218]]], [[[-6.77, 58.221], [-6.771, 58.222], [-6.77, 58.223], [-6.77, 58.223], [-6.77, 58.221]]], [[[-6.877, 58.217], [-6.878, 58.217], [-6.876, 58.217], [-6.877, 58.217]]], [[[-6.796, 58.22], [-6.797, 58.22], [-6.796, 58.221], [-6.796, 58.22], [-6.796, 58.22]]], [[[-6.898, 58.214], [-6.898, 58.214], [-6.898, 58.214], [-6.898, 58.214]]], [[[-6.774, 58.218], [-6.775, 58.219], [-6.774, 58.219], [-6.774, 58.218]]], [[[-6.782, 58.218], [-6.782, 58.218], [-6.781, 58.218], [-6.782, 58.218]]], [[[-6.884, 58.214], [-6.884, 58.214], [-6.884, 58.214], [-6.884, 58.214]]], [[[-6.886, 58.213], [-6.886, 58.213], [-6.885, 58.213], [-6.886, 58.213]]], [[[-7.061, 58.204], [-7.061, 58.204], [-7.061, 58.205], [-7.061, 58.204]]], [[[-6.908, 58.21], [-6.909, 58.21], [-6.908, 58.21], [-6.908, 58.21]]], [[[-6.157, 58.234], [-6.157, 58.234], [-6.157, 58.235], [-6.157, 58.234]]], [[[-6.876, 58.208], [-6.877, 58.208], [-6.876, 58.209], [-6.876, 58.208], [-6.876, 58.208]]], [[[-6.771, 58.211], [-6.776, 58.213], [-6.776, 58.217], [-6.77, 58.216], [-6.771, 58.211]]], [[[-6.16, 58.231], [-6.16, 58.231], [-6.16, 58.231], [-6.16, 58.231]]], [[[-6.887, 58.204], [-6.896, 58.207], [-6.895, 58.22], [-6.887, 58.211], [-6.877, 58.208], [-6.887, 58.204]]], [[[-6.163, 58.229], [-6.164, 58.229], [-6.163, 58.229], [-6.163, 58.229]]], [[[-6.805, 58.205], [-6.806, 58.206], [-6.805, 58.206], [-6.805, 58.205]]], [[[-7.067, 58.195], [-7.067, 58.196], [-7.065, 58.195], [-7.066, 58.195], [-7.067, 58.195]]], [[[-6.164, 58.227], [-6.164, 58.228], [-6.163, 58.227], [-6.164, 58.227]]], [[[-6.841, 58.203], [-6.842, 58.203], [-6.841, 58.203], [-6.841, 58.203]]], [[[-6.801, 58.204], [-6.801, 58.205], [-6.801, 58.204], [-6.801, 58.204]]], [[[-6.944, 58.197], [-6.944, 58.198], [-6.945, 58.198], [-6.944, 58.198], [-6.944, 58.197]]], [[[-7.026, 58.194], [-7.027, 58.194], [-7.026, 58.194], [-7.026, 58.194]]], [[[-6.818, 58.202], [-6.819, 58.202], [-6.818, 58.203], [-6.818, 58.202], [-6.818, 58.202]]], [[[-6.922, 58.197], [-6.923, 58.199], [-6.922, 58.2], [-6.92, 58.199], [-6.922, 58.197]]], [[[-6.839, 58.2], [-6.839, 58.201], [-6.838, 58.201], [-6.838, 58.2], [-6.839, 58.2]]], [[[-6.743, 58.204], [-6.742, 58.205], [-6.743, 58.206], [-6.74, 58.204], [-6.743, 58.204]]], [[[-6.836, 58.2], [-6.838, 58.2], [-6.837, 58.201], [-6.836, 58.2]]], [[[-6.158, 58.224], [-6.158, 58.224], [-6.158, 58.224], [-6.158, 58.224]]], [[[-6.873, 58.198], [-6.875, 58.198], [-6.874, 58.199], [-6.873, 58.198]]], [[[-6.931, 58.195], [-6.933, 58.196], [-6.931, 58.196], [-6.931, 58.195]]], [[[-6.786, 58.2], [-6.804, 58.207], [-6.867, 58.207], [-6.876, 58.22], [-6.859, 58.215], [-6.854, 58.226], [-6.86, 58.223], [-6.872, 58.243], [-6.862, 58.223], [-6.877, 58.23], [-6.893, 58.257], [-6.849, 58.257], [-6.837, 58.232], [-6.819, 58.229], [-6.82, 58.238], [-6.798, 58.219], [-6.791, 58.219], [-6.79, 58.222], [-6.786, 58.221], [-6.786, 58.2]]], [[[-7.05, 58.19], [-7.05, 58.191], [-7.049, 58.19], [-7.05, 58.19]]], [[[-7.082, 58.189], [-7.084, 58.189], [-7.084, 58.191], [-7.082, 58.19], [-7.082, 58.189]]], [[[-7.091, 58.187], [-7.091, 58.187], [-7.09, 58.188], [-7.091, 58.187]]], [[[-7.046, 58.189], [-7.048, 58.19], [-7.05, 58.19], [-7.047, 58.19], [-7.046, 58.189]]], [[[-6.863, 58.196], [-6.864, 58.198], [-6.861, 58.197], [-6.861, 58.196], [-6.863, 58.196]]], [[[-6.866, 58.195], [-6.868, 58.196], [-6.867, 58.196], [-6.865, 58.196], [-6.866, 58.195]]], [[[-7.102, 58.185], [-7.102, 58.185], [-7.101, 58.186], [-7.102, 58.185]]], [[[-7.057, 58.186], [-7.057, 58.187], [-7.056, 58.187], [-7.057, 58.186]]], [[[-6.896, 58.193], [-6.903, 58.195], [-6.902, 58.199], [-6.896, 58.199], [-6.896, 58.193]]], [[[-7.061, 58.186], [-7.062, 58.187], [-7.06, 58.187], [-7.061, 58.186]]], [[[-6.158, 58.219], [-6.159, 58.219], [-6.158, 58.219], [-6.158, 58.219]]], [[[-6.886, 58.193], [-6.888, 58.195], [-6.888, 58.196], [-6.885, 58.195], [-6.886, 58.193]]], [[[-7.078, 58.185], [-7.078, 58.185], [-7.077, 58.185], [-7.078, 58.185]]], [[[-7.077, 58.185], [-7.077, 58.185], [-7.077, 58.185], [-7.077, 58.185]]], [[[-7.055, 58.185], [-7.058, 58.186], [-7.06, 58.186], [-7.058, 58.186], [-7.055, 58.185]]], [[[-7.078, 58.184], [-7.078, 58.184], [-7.076, 58.185], [-7.077, 58.184], [-7.078, 58.184]]], [[[-6.274, 58.214], [-6.274, 58.214], [-6.274, 58.214], [-6.274, 58.214]]], [[[-6.922, 58.189], [-6.933, 58.192], [-6.934, 58.194], [-6.928, 58.195], [-6.927, 58.199], [-6.922, 58.189]]], [[[-7.06, 58.184], [-7.061, 58.184], [-7.06, 58.185], [-7.06, 58.185], [-7.06, 58.184]]], [[[-6.756, 58.195], [-6.757, 58.197], [-6.756, 58.198], [-6.755, 58.196], [-6.756, 58.195]]], [[[-6.754, 58.194], [-6.754, 58.196], [-6.754, 58.196], [-6.753, 58.196], [-6.754, 58.194]]], [[[-7.107, 58.18], [-7.107, 58.181], [-7.107, 58.18], [-7.107, 58.18]]], [[[-6.765, 58.194], [-6.774, 58.197], [-6.778, 58.204], [-6.768, 58.205], [-6.765, 58.194]]], [[[-6.775, 58.193], [-6.776, 58.193], [-6.777, 58.194], [-6.775, 58.194], [-6.775, 58.193]]], [[[-7.106, 58.179], [-7.107, 58.179], [-7.107, 58.18], [-7.106, 58.179]]], [[[-7.113, 58.178], [-7.113, 58.179], [-7.113, 58.179], [-7.113, 58.178]]], [[[-7.108, 58.178], [-7.109, 58.178], [-7.108, 58.178], [-7.108, 58.178], [-7.108, 58.178]]], [[[-6.166, 58.211], [-6.166, 58.212], [-6.165, 58.212], [-6.166, 58.211]]], [[[-6.861, 58.186], [-6.861, 58.187], [-6.861, 58.187], [-6.86, 58.187], [-6.86, 58.187], [-6.861, 58.186]]], [[[-6.781, 58.189], [-6.782, 58.189], [-6.782, 58.19], [-6.781, 58.189]]], [[[-7.114, 58.176], [-7.116, 58.177], [-7.11, 58.178], [-7.11, 58.177], [-7.114, 58.176]]], [[[-6.861, 58.186], [-6.865, 58.187], [-6.867, 58.191], [-6.861, 58.188], [-6.862, 58.187], [-6.861, 58.186]]], [[[-6.87, 58.185], [-6.871, 58.185], [-6.87, 58.186], [-6.87, 58.186], [-6.87, 58.185]]], [[[-7.106, 58.175], [-7.105, 58.176], [-7.105, 58.176], [-7.106, 58.175]]], [[[-6.878, 58.184], [-6.879, 58.184], [-6.88, 58.185], [-6.879, 58.185], [-6.878, 58.184]]], [[[-6.364, 58.203], [-6.365, 58.203], [-6.364, 58.203], [-6.364, 58.203]]], [[[-6.883, 58.183], [-6.883, 58.184], [-6.883, 58.184], [-6.883, 58.184], [-6.883, 58.183]]], [[[-6.888, 58.183], [-6.889, 58.185], [-6.888, 58.186], [-6.886, 58.186], [-6.888, 58.183]]], [[[-6.744, 58.188], [-6.745, 58.189], [-6.745, 58.19], [-6.743, 58.19], [-6.744, 58.188]]], [[[-6.888, 58.182], [-6.889, 58.182], [-6.889, 58.183], [-6.888, 58.183], [-6.888, 58.182]]], [[[-6.394, 58.199], [-6.395, 58.199], [-6.394, 58.199], [-6.394, 58.199]]], [[[-6.368, 58.199], [-6.369, 58.201], [-6.368, 58.2], [-6.368, 58.199]]], [[[-6.737, 58.186], [-6.739, 58.19], [-6.732, 58.191], [-6.733, 58.187], [-6.737, 58.186]]], [[[-6.178, 58.205], [-6.178, 58.205], [-6.177, 58.205], [-6.178, 58.205]]], [[[-6.882, 58.179], [-6.883, 58.18], [-6.883, 58.18], [-6.883, 58.18], [-6.882, 58.179]]], [[[-6.182, 58.204], [-6.182, 58.204], [-6.182, 58.204], [-6.182, 58.204]]], [[[-6.19, 58.203], [-6.19, 58.203], [-6.19, 58.203], [-6.19, 58.203]]], [[[-6.19, 58.202], [-6.191, 58.202], [-6.19, 58.203], [-6.19, 58.202]]], [[[-6.188, 58.202], [-6.188, 58.203], [-6.188, 58.203], [-6.188, 58.202]]], [[[-6.316, 58.198], [-6.317, 58.198], [-6.316, 58.198], [-6.316, 58.198]]], [[[-6.191, 58.202], [-6.191, 58.202], [-6.191, 58.202], [-6.191, 58.202]]], [[[-6.384, 58.193], [-6.385, 58.193], [-6.384, 58.194], [-6.384, 58.193]]], [[[-6.196, 58.199], [-6.196, 58.199], [-6.196, 58.2], [-6.196, 58.199]]], [[[-6.194, 58.199], [-6.195, 58.199], [-6.194, 58.2], [-6.194, 58.199]]], [[[-6.384, 58.193], [-6.385, 58.193], [-6.384, 58.193], [-6.384, 58.193]]], [[[-6.194, 58.199], [-6.194, 58.199], [-6.194, 58.199], [-6.194, 58.199]]], [[[-6.884, 58.174], [-6.887, 58.179], [-6.886, 58.181], [-6.88, 58.176], [-6.884, 58.174]]], [[[-6.882, 58.174], [-6.883, 58.174], [-6.882, 58.174], [-6.882, 58.174]]], [[[-6.882, 58.173], [-6.883, 58.173], [-6.883, 58.174], [-6.883, 58.174], [-6.882, 58.173]]], [[[-6.877, 58.173], [-6.878, 58.174], [-6.876, 58.174], [-6.877, 58.173]]], [[[-6.729, 58.177], [-6.731, 58.179], [-6.731, 58.181], [-6.728, 58.18], [-6.729, 58.177]]], [[[-6.371, 58.189], [-6.371, 58.189], [-6.371, 58.19], [-6.371, 58.189]]], [[[-6.339, 58.19], [-6.338, 58.19], [-6.338, 58.19], [-6.339, 58.19]]], [[[-6.322, 58.19], [-6.325, 58.19], [-6.325, 58.191], [-6.321, 58.191], [-6.322, 58.19]]], [[[-6.333, 58.189], [-6.333, 58.19], [-6.333, 58.189], [-6.333, 58.189]]], [[[-6.727, 58.174], [-6.728, 58.175], [-6.728, 58.175], [-6.727, 58.174], [-6.727, 58.174]]], [[[-6.34, 58.187], [-6.345, 58.187], [-6.345, 58.188], [-6.341, 58.19], [-6.34, 58.187]]], [[[-6.203, 58.19], [-6.204, 58.19], [-6.203, 58.19], [-6.203, 58.19]]], [[[-6.203, 58.189], [-6.201, 58.191], [-6.2, 58.19], [-6.2, 58.19], [-6.203, 58.189]]], [[[-6.212, 58.189], [-6.213, 58.189], [-6.212, 58.189], [-6.212, 58.189]]], [[[-6.883, 58.16], [-6.884, 58.161], [-6.883, 58.161], [-6.883, 58.161], [-6.883, 58.16]]], [[[-7.106, 58.151], [-7.107, 58.151], [-7.106, 58.151], [-7.106, 58.151]]], [[[-6.884, 58.159], [-6.885, 58.159], [-6.884, 58.16], [-6.884, 58.16], [-6.884, 58.159]]], [[[-6.886, 58.157], [-6.886, 58.157], [-6.886, 58.158], [-6.885, 58.157], [-6.886, 58.157]]], [[[-6.227, 58.18], [-6.227, 58.18], [-6.227, 58.18], [-6.227, 58.18]]], [[[-7.112, 58.146], [-7.112, 58.146], [-7.112, 58.146], [-7.112, 58.146]]], [[[-7.116, 58.141], [-7.115, 58.142], [-7.115, 58.142], [-7.115, 58.141], [-7.116, 58.141]]], [[[-7.128, 58.14], [-7.128, 58.141], [-7.127, 58.141], [-7.128, 58.14]]], [[[-7.127, 58.14], [-7.126, 58.141], [-7.126, 58.14], [-7.127, 58.14]]], [[[-7.117, 58.14], [-7.117, 58.141], [-7.116, 58.141], [-7.117, 58.14]]], [[[-7.13, 58.138], [-7.13, 58.139], [-7.128, 58.139], [-7.129, 58.139], [-7.13, 58.138]]], [[[-7.131, 58.138], [-7.132, 58.138], [-7.13, 58.138], [-7.131, 58.138]]], [[[-7.131, 58.137], [-7.131, 58.137], [-7.13, 58.137], [-7.131, 58.137]]], [[[-7.132, 58.135], [-7.133, 58.136], [-7.13, 58.136], [-7.132, 58.135]]], [[[-7.135, 58.119], [-7.136, 58.119], [-7.134, 58.119], [-7.135, 58.119]]], [[[-7.131, 58.119], [-7.132, 58.12], [-7.13, 58.12], [-7.129, 58.119], [-7.131, 58.119]]], [[[-7.136, 58.119], [-7.136, 58.119], [-7.136, 58.119], [-7.136, 58.119], [-7.136, 58.119]]], [[[-7.129, 58.118], [-7.131, 58.118], [-7.131, 58.118], [-7.13, 58.119], [-7.129, 58.118]]], [[[-7.128, 58.115], [-7.128, 58.116], [-7.127, 58.116], [-7.128, 58.115]]], [[[-6.481, 58.139], [-6.481, 58.14], [-6.479, 58.139], [-6.481, 58.139]]], [[[-6.471, 58.138], [-6.475, 58.138], [-6.475, 58.139], [-6.472, 58.139], [-6.471, 58.138]]], [[[-7.115, 58.113], [-7.115, 58.113], [-7.114, 58.113], [-7.115, 58.113]]], [[[-6.421, 58.138], [-6.421, 58.139], [-6.416, 58.14], [-6.416, 58.139], [-6.421, 58.138]]], [[[-6.743, 58.121], [-6.743, 58.121], [-6.743, 58.121], [-6.743, 58.121]]], [[[-6.464, 58.131], [-6.465, 58.131], [-6.463, 58.132], [-6.464, 58.131]]], [[[-7.126, 58.105], [-7.13, 58.105], [-7.131, 58.106], [-7.124, 58.106], [-7.126, 58.105]]], [[[-7.128, 58.104], [-7.128, 58.104], [-7.127, 58.104], [-7.128, 58.104]]], [[[-7.124, 58.103], [-7.126, 58.103], [-7.125, 58.103], [-7.124, 58.103]]], [[[-6.371, 58.131], [-6.371, 58.131], [-6.37, 58.131], [-6.371, 58.131]]], [[[-6.402, 58.129], [-6.402, 58.13], [-6.402, 58.13], [-6.402, 58.129]]], [[[-6.404, 58.129], [-6.405, 58.129], [-6.404, 58.13], [-6.404, 58.129]]], [[[-7.125, 58.102], [-7.123, 58.102], [-7.123, 58.102], [-7.125, 58.102]]], [[[-6.411, 58.129], [-6.412, 58.129], [-6.411, 58.129], [-6.411, 58.129]]], [[[-6.379, 58.129], [-6.38, 58.129], [-6.379, 58.13], [-6.379, 58.13], [-6.379, 58.129]]], [[[-6.415, 58.128], [-6.414, 58.129], [-6.413, 58.129], [-6.414, 58.128], [-6.415, 58.128]]], [[[-6.74, 58.116], [-6.74, 58.116], [-6.74, 58.116], [-6.74, 58.116]]], [[[-7.115, 58.101], [-7.115, 58.101], [-7.115, 58.101], [-7.115, 58.101]]], [[[-6.435, 58.126], [-6.435, 58.126], [-6.434, 58.126], [-6.435, 58.126]]], [[[-7.123, 58.1], [-7.122, 58.1], [-7.122, 58.1], [-7.123, 58.1]]], [[[-6.405, 58.126], [-6.404, 58.127], [-6.401, 58.126], [-6.405, 58.126]]], [[[-6.412, 58.125], [-6.411, 58.126], [-6.411, 58.125], [-6.412, 58.125]]], [[[-6.737, 58.114], [-6.737, 58.114], [-6.737, 58.114], [-6.737, 58.114]]], [[[-7.122, 58.098], [-7.123, 58.099], [-7.124, 58.099], [-7.121, 58.099], [-7.122, 58.098]]], [[[-6.403, 58.124], [-6.405, 58.125], [-6.402, 58.126], [-6.402, 58.125], [-6.403, 58.124]]], [[[-6.424, 58.122], [-6.426, 58.123], [-6.427, 58.124], [-6.423, 58.124], [-6.424, 58.122]]], [[[-6.402, 58.123], [-6.402, 58.123], [-6.4, 58.123], [-6.401, 58.123], [-6.402, 58.123]]], [[[-6.729, 58.111], [-6.729, 58.111], [-6.729, 58.111], [-6.729, 58.111]]], [[[-7.137, 58.094], [-7.137, 58.095], [-7.133, 58.095], [-7.134, 58.094], [-7.137, 58.094]]], [[[-6.415, 58.121], [-6.417, 58.126], [-6.409, 58.124], [-6.409, 58.124], [-6.415, 58.121]]], [[[-7.142, 58.092], [-7.142, 58.093], [-7.138, 58.093], [-7.139, 58.092], [-7.142, 58.092]]], [[[-6.73, 58.108], [-6.731, 58.109], [-6.73, 58.111], [-6.729, 58.109], [-6.73, 58.108]]], [[[-6.723, 58.107], [-6.724, 58.107], [-6.723, 58.107], [-6.723, 58.107]]], [[[-6.721, 58.107], [-6.721, 58.107], [-6.721, 58.107], [-6.721, 58.107]]], [[[-6.385, 58.119], [-6.385, 58.119], [-6.384, 58.119], [-6.385, 58.119]]], [[[-6.389, 58.119], [-6.389, 58.12], [-6.383, 58.12], [-6.383, 58.12], [-6.389, 58.119]]], [[[-6.725, 58.106], [-6.725, 58.107], [-6.724, 58.107], [-6.725, 58.106]]], [[[-6.387, 58.118], [-6.388, 58.118], [-6.387, 58.119], [-6.387, 58.118]]], [[[-6.375, 58.118], [-6.376, 58.118], [-6.375, 58.118], [-6.375, 58.118]]], [[[-6.378, 58.117], [-6.381, 58.12], [-6.375, 58.12], [-6.375, 58.118], [-6.378, 58.117]]], [[[-6.38, 58.115], [-6.381, 58.115], [-6.38, 58.116], [-6.38, 58.115]]], [[[-6.444, 58.113], [-6.445, 58.114], [-6.444, 58.114], [-6.444, 58.114], [-6.444, 58.113]]], [[[-7.125, 58.087], [-7.127, 58.087], [-7.125, 58.087], [-7.125, 58.087]]], [[[-6.425, 58.112], [-6.425, 58.113], [-6.424, 58.113], [-6.424, 58.112], [-6.425, 58.112]]], [[[-6.422, 58.112], [-6.422, 58.112], [-6.422, 58.113], [-6.422, 58.112], [-6.422, 58.112]]], [[[-6.427, 58.111], [-6.428, 58.112], [-6.427, 58.112], [-6.427, 58.112], [-6.427, 58.111]]], [[[-6.399, 58.111], [-6.399, 58.112], [-6.398, 58.112], [-6.399, 58.111]]], [[[-6.448, 58.109], [-6.449, 58.11], [-6.449, 58.11], [-6.448, 58.109]]], [[[-6.451, 58.108], [-6.45, 58.109], [-6.45, 58.109], [-6.45, 58.108], [-6.451, 58.108]]], [[[-6.802, 58.095], [-6.802, 58.095], [-6.802, 58.095], [-6.802, 58.095]]], [[[-6.803, 58.095], [-6.804, 58.095], [-6.803, 58.095], [-6.803, 58.095]]], [[[-6.427, 58.108], [-6.43, 58.109], [-6.43, 58.11], [-6.426, 58.11], [-6.427, 58.108]]], [[[-7.137, 58.081], [-7.136, 58.082], [-7.134, 58.083], [-7.135, 58.081], [-7.137, 58.081]]], [[[-6.805, 58.094], [-6.805, 58.094], [-6.805, 58.094], [-6.805, 58.094]]], [[[-6.715, 58.097], [-6.715, 58.097], [-6.715, 58.097], [-6.715, 58.097]]], [[[-6.807, 58.093], [-6.807, 58.094], [-6.807, 58.093], [-6.807, 58.093]]], [[[-6.799, 58.093], [-6.799, 58.093], [-6.799, 58.093], [-6.799, 58.093]]], [[[-6.718, 58.096], [-6.718, 58.096], [-6.718, 58.096], [-6.718, 58.096]]], [[[-6.805, 58.093], [-6.805, 58.093], [-6.805, 58.093], [-6.805, 58.093]]], [[[-6.717, 58.095], [-6.717, 58.096], [-6.716, 58.096], [-6.717, 58.095]]], [[[-7.103, 58.08], [-7.103, 58.081], [-7.102, 58.081], [-7.103, 58.08]]], [[[-6.799, 58.092], [-6.799, 58.092], [-6.798, 58.092], [-6.799, 58.092]]], [[[-6.792, 58.092], [-6.792, 58.092], [-6.792, 58.092], [-6.792, 58.092]]], [[[-6.791, 58.091], [-6.791, 58.091], [-6.791, 58.091], [-6.791, 58.091]]], [[[-6.791, 58.091], [-6.791, 58.091], [-6.791, 58.091], [-6.791, 58.091]]], [[[-6.791, 58.091], [-6.791, 58.091], [-6.791, 58.091], [-6.791, 58.091]]], [[[-6.808, 58.09], [-6.808, 58.09], [-6.808, 58.09], [-6.808, 58.09]]], [[[-6.8, 58.09], [-6.8, 58.091], [-6.8, 58.091], [-6.8, 58.09]]], [[[-6.718, 58.093], [-6.718, 58.094], [-6.718, 58.095], [-6.718, 58.094], [-6.718, 58.093]]], [[[-6.791, 58.09], [-6.791, 58.091], [-6.79, 58.09], [-6.791, 58.09]]], [[[-7.136, 58.077], [-7.137, 58.078], [-7.135, 58.077], [-7.136, 58.077]]], [[[-6.8, 58.09], [-6.8, 58.09], [-6.8, 58.09], [-6.8, 58.09]]], [[[-7.101, 58.078], [-7.102, 58.078], [-7.102, 58.079], [-7.101, 58.078]]], [[[-6.484, 58.1], [-6.483, 58.101], [-6.481, 58.101], [-6.484, 58.1]]], [[[-6.791, 58.089], [-6.791, 58.089], [-6.791, 58.089], [-6.791, 58.089]]], [[[-6.476, 58.1], [-6.478, 58.1], [-6.473, 58.101], [-6.476, 58.1]]], [[[-6.52, 58.098], [-6.521, 58.098], [-6.522, 58.099], [-6.52, 58.099], [-6.52, 58.098]]], [[[-6.471, 58.1], [-6.471, 58.101], [-6.467, 58.1], [-6.468, 58.1], [-6.471, 58.1]]], [[[-6.393, 58.102], [-6.393, 58.109], [-6.385, 58.104], [-6.386, 58.103], [-6.393, 58.102]]], [[[-6.789, 58.088], [-6.789, 58.088], [-6.789, 58.088], [-6.789, 58.088]]], [[[-7.101, 58.076], [-7.101, 58.076], [-7.101, 58.076], [-7.101, 58.076], [-7.101, 58.076]]], [[[-6.403, 58.101], [-6.403, 58.101], [-6.403, 58.101], [-6.403, 58.101]]], [[[-6.389, 58.101], [-6.389, 58.102], [-6.388, 58.102], [-6.388, 58.101], [-6.389, 58.101]]], [[[-6.727, 58.089], [-6.728, 58.089], [-6.728, 58.09], [-6.727, 58.089]]], [[[-6.729, 58.089], [-6.729, 58.089], [-6.729, 58.089], [-6.729, 58.089]]], [[[-6.729, 58.089], [-6.729, 58.089], [-6.729, 58.089], [-6.729, 58.089]]], [[[-6.733, 58.088], [-6.733, 58.088], [-6.733, 58.088], [-6.733, 58.088]]], [[[-7.119, 58.073], [-7.136, 58.075], [-7.129, 58.08], [-7.133, 58.083], [-7.139, 58.084], [-7.122, 58.086], [-7.119, 58.073]]], [[[-6.735, 58.088], [-6.735, 58.088], [-6.735, 58.088], [-6.735, 58.088]]], [[[-6.444, 58.098], [-6.452, 58.102], [-6.428, 58.108], [-6.433, 58.102], [-6.444, 58.098]]], [[[-6.786, 58.086], [-6.786, 58.086], [-6.786, 58.086], [-6.786, 58.086]]], [[[-6.38, 58.1], [-6.385, 58.101], [-6.386, 58.1], [-6.388, 58.102], [-6.38, 58.1]]], [[[-7.12, 58.073], [-7.12, 58.073], [-7.118, 58.073], [-7.12, 58.073]]], [[[-6.436, 58.098], [-6.438, 58.099], [-6.437, 58.099], [-6.436, 58.098]]], [[[-6.384, 58.1], [-6.385, 58.101], [-6.383, 58.1], [-6.384, 58.1]]], [[[-6.787, 58.085], [-6.787, 58.085], [-6.787, 58.086], [-6.787, 58.085]]], [[[-6.522, 58.095], [-6.525, 58.095], [-6.527, 58.097], [-6.518, 58.096], [-6.522, 58.095]]], [[[-6.396, 58.099], [-6.396, 58.099], [-6.396, 58.099], [-6.396, 58.099]]], [[[-6.386, 58.099], [-6.387, 58.099], [-6.386, 58.099], [-6.386, 58.099]]], [[[-6.437, 58.097], [-6.437, 58.098], [-6.438, 58.097], [-6.437, 58.098], [-6.437, 58.097]]], [[[-6.762, 58.085], [-6.763, 58.085], [-6.763, 58.086], [-6.762, 58.085], [-6.762, 58.085]]], [[[-6.372, 58.099], [-6.373, 58.099], [-6.372, 58.099], [-6.372, 58.099]]], [[[-6.766, 58.085], [-6.766, 58.085], [-6.766, 58.085], [-6.766, 58.085]]], [[[-6.438, 58.096], [-6.439, 58.097], [-6.438, 58.097], [-6.438, 58.096]]], [[[-6.378, 58.099], [-6.381, 58.099], [-6.383, 58.099], [-6.379, 58.1], [-6.378, 58.099]]], [[[-6.386, 58.098], [-6.388, 58.099], [-6.385, 58.099], [-6.386, 58.098]]], [[[-6.376, 58.098], [-6.377, 58.098], [-6.377, 58.099], [-6.376, 58.098]]], [[[-6.769, 58.084], [-6.769, 58.085], [-6.768, 58.085], [-6.769, 58.084]]], [[[-6.365, 58.099], [-6.366, 58.099], [-6.365, 58.099], [-6.365, 58.099]]], [[[-6.37, 58.098], [-6.372, 58.098], [-6.373, 58.099], [-6.372, 58.099], [-6.37, 58.098]]], [[[-6.745, 58.085], [-6.747, 58.086], [-6.746, 58.087], [-6.745, 58.085], [-6.745, 58.085]]], [[[-6.395, 58.097], [-6.396, 58.099], [-6.393, 58.098], [-6.394, 58.097], [-6.395, 58.097]]], [[[-6.444, 58.095], [-6.445, 58.096], [-6.444, 58.096], [-6.444, 58.095]]], [[[-6.758, 58.084], [-6.758, 58.084], [-6.758, 58.084], [-6.758, 58.084]]], [[[-6.745, 58.084], [-6.745, 58.084], [-6.745, 58.084], [-6.745, 58.084]]], [[[-6.759, 58.084], [-6.76, 58.084], [-6.761, 58.084], [-6.759, 58.085], [-6.759, 58.084]]], [[[-6.746, 58.084], [-6.747, 58.084], [-6.746, 58.084], [-6.746, 58.084]]], [[[-6.791, 58.082], [-6.791, 58.082], [-6.791, 58.082], [-6.791, 58.082]]], [[[-6.436, 58.095], [-6.437, 58.095], [-6.435, 58.096], [-6.436, 58.095]]], [[[-6.765, 58.083], [-6.766, 58.084], [-6.765, 58.086], [-6.764, 58.085], [-6.765, 58.083]]], [[[-6.745, 58.084], [-6.745, 58.084], [-6.745, 58.084], [-6.745, 58.084]]], [[[-6.747, 58.083], [-6.748, 58.085], [-6.747, 58.085], [-6.747, 58.085], [-6.747, 58.083]]], [[[-6.746, 58.083], [-6.746, 58.083], [-6.746, 58.083], [-6.746, 58.083]]], [[[-6.382, 58.096], [-6.383, 58.096], [-6.383, 58.097], [-6.382, 58.097], [-6.382, 58.096]]], [[[-6.431, 58.094], [-6.431, 58.095], [-6.43, 58.095], [-6.431, 58.094]]], [[[-7.093, 58.069], [-7.093, 58.07], [-7.093, 58.069], [-7.093, 58.069]]], [[[-6.382, 58.095], [-6.383, 58.096], [-6.381, 58.095], [-6.382, 58.095]]], [[[-6.593, 58.088], [-6.594, 58.088], [-6.594, 58.088], [-6.593, 58.088], [-6.593, 58.088]]], [[[-6.731, 58.082], [-6.73, 58.082], [-6.73, 58.082], [-6.731, 58.082]]], [[[-6.781, 58.079], [-6.781, 58.079], [-6.781, 58.079], [-6.781, 58.079]]], [[[-6.627, 58.084], [-6.627, 58.085], [-6.624, 58.085], [-6.625, 58.084], [-6.627, 58.084]]], [[[-6.533, 58.087], [-6.534, 58.088], [-6.533, 58.088], [-6.533, 58.087]]], [[[-6.607, 58.083], [-6.608, 58.083], [-6.607, 58.084], [-6.607, 58.083], [-6.607, 58.083]]], [[[-6.394, 58.09], [-6.395, 58.09], [-6.395, 58.09], [-6.394, 58.09]]], [[[-6.624, 58.082], [-6.624, 58.083], [-6.62, 58.084], [-6.622, 58.082], [-6.624, 58.082]]], [[[-6.372, 58.09], [-6.374, 58.09], [-6.375, 58.093], [-6.379, 58.093], [-6.38, 58.096], [-6.384, 58.098], [-6.373, 58.097], [-6.372, 58.09]]], [[[-6.388, 58.089], [-6.389, 58.09], [-6.388, 58.09], [-6.388, 58.09], [-6.388, 58.089]]], [[[-7.095, 58.063], [-7.096, 58.066], [-7.09, 58.064], [-7.094, 58.064], [-7.095, 58.063]]], [[[-6.626, 58.081], [-6.627, 58.081], [-6.626, 58.081], [-6.626, 58.081]]], [[[-6.394, 58.088], [-6.394, 58.088], [-6.393, 58.088], [-6.394, 58.088]]], [[[-6.784, 58.073], [-6.784, 58.073], [-6.784, 58.073], [-6.784, 58.073]]], [[[-6.791, 58.073], [-6.791, 58.073], [-6.791, 58.073], [-6.791, 58.073]]], [[[-6.771, 58.073], [-6.772, 58.074], [-6.77, 58.074], [-6.771, 58.073]]], [[[-6.777, 58.073], [-6.777, 58.073], [-6.777, 58.073], [-6.777, 58.073]]], [[[-6.379, 58.087], [-6.379, 58.087], [-6.378, 58.088], [-6.379, 58.087]]], [[[-7.077, 58.061], [-7.077, 58.061], [-7.076, 58.062], [-7.077, 58.061], [-7.077, 58.061]]], [[[-6.791, 58.07], [-6.791, 58.07], [-6.791, 58.07], [-6.791, 58.07]]], [[[-6.791, 58.07], [-6.791, 58.07], [-6.791, 58.07], [-6.791, 58.07]]], [[[-6.792, 58.07], [-6.792, 58.07], [-6.792, 58.07], [-6.792, 58.07]]], [[[-7.17, 58.055], [-7.17, 58.055], [-7.17, 58.055], [-7.17, 58.055]]], [[[-6.789, 58.069], [-6.789, 58.069], [-6.789, 58.069], [-6.789, 58.069]]], [[[-6.79, 58.069], [-6.79, 58.069], [-6.789, 58.069], [-6.79, 58.069]]], [[[-6.789, 58.069], [-6.789, 58.069], [-6.789, 58.069], [-6.789, 58.069]]], [[[-6.788, 58.068], [-6.788, 58.068], [-6.788, 58.068], [-6.788, 58.068]]], [[[-6.789, 58.068], [-6.789, 58.068], [-6.789, 58.068], [-6.789, 58.068]]], [[[-6.788, 58.068], [-6.788, 58.068], [-6.788, 58.068], [-6.788, 58.068]]], [[[-6.788, 58.068], [-6.788, 58.068], [-6.788, 58.068], [-6.788, 58.068]]], [[[-6.789, 58.068], [-6.789, 58.068], [-6.789, 58.068], [-6.789, 58.068]]], [[[-7.153, 58.052], [-7.152, 58.052], [-7.152, 58.052], [-7.153, 58.052]]], [[[-7.06, 58.054], [-7.06, 58.055], [-7.06, 58.055], [-7.06, 58.054]]], [[[-6.799, 58.06], [-6.8, 58.06], [-6.8, 58.061], [-6.799, 58.06], [-6.799, 58.06]]], [[[-6.82, 58.055], [-6.82, 58.055], [-6.82, 58.055], [-6.82, 58.055]]], [[[-6.688, 58.057], [-6.689, 58.057], [-6.689, 58.057], [-6.688, 58.057]]], [[[-7.152, 58.038], [-7.153, 58.04], [-7.149, 58.039], [-7.149, 58.039], [-7.152, 58.038]]], [[[-6.81, 58.052], [-6.811, 58.052], [-6.81, 58.052], [-6.81, 58.052]]], [[[-7.131, 58.039], [-7.132, 58.039], [-7.132, 58.039], [-7.131, 58.039], [-7.131, 58.039]]], [[[-6.808, 58.051], [-6.808, 58.051], [-6.808, 58.051], [-6.808, 58.051]]], [[[-6.807, 58.051], [-6.807, 58.051], [-6.807, 58.051], [-6.807, 58.051]]], [[[-7.128, 58.038], [-7.128, 58.038], [-7.128, 58.038], [-7.128, 58.038], [-7.128, 58.038]]], [[[-7.146, 58.037], [-7.15, 58.037], [-7.141, 58.041], [-7.141, 58.039], [-7.146, 58.037]]], [[[-6.82, 58.049], [-6.82, 58.049], [-6.82, 58.049], [-6.82, 58.049]]], [[[-6.809, 58.048], [-6.809, 58.048], [-6.809, 58.048], [-6.809, 58.048]]], [[[-6.812, 58.048], [-6.812, 58.048], [-6.812, 58.048], [-6.812, 58.048]]], [[[-6.812, 58.047], [-6.812, 58.047], [-6.811, 58.047], [-6.812, 58.047]]], [[[-6.805, 58.047], [-6.805, 58.047], [-6.805, 58.047], [-6.805, 58.047]]], [[[-7.169, 58.031], [-7.168, 58.031], [-7.167, 58.031], [-7.169, 58.031]]], [[[-6.813, 58.045], [-6.813, 58.045], [-6.813, 58.045], [-6.813, 58.045]]], [[[-7.167, 58.03], [-7.17, 58.03], [-7.167, 58.03], [-7.167, 58.03]]], [[[-7.171, 58.026], [-7.172, 58.026], [-7.17, 58.027], [-7.171, 58.026]]], [[[-6.668, 58.046], [-6.669, 58.046], [-6.668, 58.046], [-6.668, 58.046]]], [[[-7.07, 58.029], [-7.07, 58.029], [-7.069, 58.03], [-7.069, 58.029], [-7.07, 58.029]]], [[[-7.168, 58.024], [-7.168, 58.025], [-7.168, 58.025], [-7.168, 58.024]]], [[[-7.165, 58.024], [-7.167, 58.025], [-7.167, 58.026], [-7.167, 58.026], [-7.165, 58.025], [-7.165, 58.024]]], [[[-7.168, 58.024], [-7.168, 58.024], [-7.168, 58.024], [-7.168, 58.024]]], [[[-7.067, 58.028], [-7.068, 58.028], [-7.067, 58.03], [-7.066, 58.029], [-7.067, 58.028]]], [[[-7.096, 58.026], [-7.097, 58.026], [-7.096, 58.027], [-7.096, 58.026]]], [[[-7.09, 58.026], [-7.089, 58.027], [-7.089, 58.026], [-7.09, 58.026]]], [[[-7.167, 58.023], [-7.168, 58.023], [-7.168, 58.024], [-7.167, 58.023], [-7.167, 58.023]]], [[[-7.091, 58.022], [-7.095, 58.024], [-7.094, 58.026], [-7.089, 58.024], [-7.091, 58.022]]], [[[-7.158, 58.016], [-7.158, 58.017], [-7.158, 58.017], [-7.158, 58.016]]], [[[-6.692, 58.033], [-6.692, 58.033], [-6.692, 58.033], [-6.691, 58.033], [-6.692, 58.033]]], [[[-7.159, 58.014], [-7.159, 58.014], [-7.158, 58.015], [-7.159, 58.014]]], [[[-7.161, 58.013], [-7.161, 58.014], [-7.16, 58.014], [-7.16, 58.014], [-7.161, 58.013]]], [[[-7.14, 58.01], [-7.14, 58.01], [-7.139, 58.011], [-7.14, 58.01]]], [[[-6.825, 58.022], [-6.825, 58.022], [-6.825, 58.022], [-6.825, 58.022]]], [[[-7.154, 58.009], [-7.153, 58.01], [-7.152, 58.01], [-7.154, 58.009]]], [[[-7.128, 58.008], [-7.128, 58.009], [-7.127, 58.009], [-7.127, 58.008], [-7.128, 58.008]]], [[[-7.121, 58.004], [-7.122, 58.005], [-7.121, 58.005], [-7.121, 58.005], [-7.121, 58.004]]], [[[-7.115, 58.003], [-7.153, 58.009], [-7.158, 58.018], [-7.166, 58.02], [-7.165, 58.025], [-7.169, 58.028], [-7.17, 58.027], [-7.171, 58.027], [-7.171, 58.029], [-7.111, 58.031], [-7.099, 58.009], [-7.115, 58.003]]], [[[-7.091, 58.003], [-7.091, 58.003], [-7.09, 58.003], [-7.091, 58.003]]], [[[-7.11, 58.002], [-7.112, 58.002], [-7.112, 58.003], [-7.111, 58.003], [-7.11, 58.002]]], [[[-7.096, 57.993], [-7.096, 57.993], [-7.096, 57.993], [-7.096, 57.993], [-7.096, 57.993]]], [[[-7.097, 57.992], [-7.097, 57.993], [-7.096, 57.993], [-7.097, 57.992]]], [[[-6.461, 58.016], [-6.462, 58.017], [-6.461, 58.017], [-6.46, 58.016], [-6.461, 58.016]]], [[[-7.114, 57.991], [-7.114, 57.992], [-7.114, 57.991], [-7.114, 57.991]]], [[[-7.097, 57.991], [-7.098, 57.992], [-7.097, 57.992], [-7.097, 57.992], [-7.097, 57.991]]], [[[-7.288, 57.98], [-7.294, 57.983], [-7.294, 57.985], [-7.284, 57.985], [-7.288, 57.98]]], [[[-6.458, 58.012], [-6.463, 58.014], [-6.464, 58.016], [-6.46, 58.016], [-6.458, 58.012]]], [[[-7.264, 57.977], [-7.264, 57.977], [-7.264, 57.978], [-7.264, 57.977]]], [[[-6.437, 58.009], [-6.437, 58.009], [-6.437, 58.009], [-6.437, 58.009]]], [[[-7.263, 57.977], [-7.263, 57.977], [-7.262, 57.977], [-7.263, 57.977]]], [[[-7.262, 57.977], [-7.262, 57.978], [-7.261, 57.978], [-7.262, 57.977]]], [[[-6.437, 58.008], [-6.438, 58.009], [-6.437, 58.008], [-6.437, 58.008]]], [[[-7.268, 57.976], [-7.268, 57.977], [-7.266, 57.976], [-7.268, 57.976]]], [[[-6.44, 58.007], [-6.44, 58.007], [-6.44, 58.008], [-6.44, 58.007]]], [[[-6.382, 58.009], [-6.382, 58.009], [-6.382, 58.009], [-6.382, 58.009], [-6.382, 58.009]]], [[[-6.435, 58.006], [-6.436, 58.006], [-6.437, 58.007], [-6.436, 58.007], [-6.435, 58.006]]], [[[-7.097, 57.976], [-7.098, 57.976], [-7.097, 57.976], [-7.097, 57.976]]], [[[-7.103, 57.975], [-7.104, 57.975], [-7.102, 57.975], [-7.103, 57.975]]], [[[-7.092, 57.975], [-7.094, 57.976], [-7.093, 57.976], [-7.092, 57.975]]], [[[-7.098, 57.974], [-7.098, 57.974], [-7.098, 57.975], [-7.098, 57.974]]], [[[-6.429, 57.997], [-6.43, 57.997], [-6.428, 57.997], [-6.429, 57.997]]], [[[-6.42, 57.997], [-6.432, 58.001], [-6.45, 58.001], [-6.42, 58.005], [-6.42, 57.997]]], [[[-6.724, 57.986], [-6.74, 57.998], [-6.739, 58.004], [-6.72, 58.005], [-6.713, 57.993], [-6.724, 57.986]]], [[[-7.073, 57.965], [-7.074, 57.966], [-7.073, 57.966], [-7.073, 57.965]]], [[[-7.072, 57.965], [-7.073, 57.965], [-7.073, 57.965], [-7.072, 57.965]]], [[[-6.45, 57.988], [-6.451, 57.988], [-6.45, 57.988], [-6.45, 57.988]]], [[[-7.07, 57.964], [-7.071, 57.964], [-7.071, 57.966], [-7.069, 57.964], [-7.07, 57.964]]], [[[-7.002, 57.963], [-7.003, 57.963], [-7.003, 57.963], [-7.002, 57.963], [-7.002, 57.963]]], [[[-7.002, 57.962], [-7.002, 57.962], [-7.001, 57.962], [-7.002, 57.962]]], [[[-7.048, 57.959], [-7.049, 57.96], [-7.05, 57.96], [-7.048, 57.959]]], [[[-7.046, 57.959], [-7.047, 57.96], [-7.045, 57.959], [-7.046, 57.959]]], [[[-7.047, 57.959], [-7.048, 57.959], [-7.046, 57.959], [-7.047, 57.959]]], [[[-7.045, 57.958], [-7.046, 57.959], [-7.046, 57.959], [-7.045, 57.959], [-7.045, 57.958]]], [[[-7.01, 57.954], [-7.01, 57.954], [-7.01, 57.955], [-7.01, 57.954]]], [[[-6.986, 57.953], [-6.987, 57.953], [-6.987, 57.954], [-6.986, 57.953]]], [[[-7.003, 57.952], [-7.004, 57.952], [-7.003, 57.952], [-7.003, 57.952], [-7.003, 57.952]]], [[[-7.13, 57.947], [-7.13, 57.947], [-7.128, 57.947], [-7.13, 57.947]]], [[[-7.121, 57.942], [-7.123, 57.942], [-7.124, 57.943], [-7.121, 57.943], [-7.121, 57.942]]], [[[-8.498, 57.879], [-8.497, 57.882], [-8.494, 57.88], [-8.495, 57.879], [-8.498, 57.879]]], [[[-6.95, 57.948], [-6.95, 57.948], [-6.95, 57.948], [-6.95, 57.948]]], [[[-6.725, 57.956], [-6.724, 57.957], [-6.724, 57.957], [-6.724, 57.956], [-6.725, 57.956]]], [[[-6.953, 57.947], [-6.954, 57.947], [-6.953, 57.948], [-6.953, 57.947]]], [[[-6.954, 57.947], [-6.956, 57.947], [-6.955, 57.947], [-6.954, 57.947]]], [[[-8.494, 57.877], [-8.493, 57.878], [-8.493, 57.878], [-8.494, 57.877]]], [[[-8.494, 57.877], [-8.495, 57.877], [-8.494, 57.878], [-8.494, 57.877], [-8.494, 57.877]]], [[[-7.117, 57.94], [-7.118, 57.94], [-7.117, 57.94], [-7.117, 57.94]]], [[[-7.117, 57.939], [-7.118, 57.939], [-7.118, 57.94], [-7.117, 57.939]]], [[[-7.131, 57.938], [-7.131, 57.938], [-7.131, 57.939], [-7.129, 57.938], [-7.131, 57.938]]], [[[-7.131, 57.938], [-7.132, 57.938], [-7.131, 57.938], [-7.131, 57.938]]], [[[-6.983, 57.943], [-6.984, 57.944], [-6.984, 57.943], [-6.983, 57.943]]], [[[-8.493, 57.874], [-8.494, 57.874], [-8.494, 57.874], [-8.493, 57.874], [-8.493, 57.874]]], [[[-6.978, 57.942], [-6.983, 57.944], [-6.974, 57.945], [-6.975, 57.943], [-6.978, 57.942]]], [[[-6.965, 57.942], [-6.965, 57.942], [-6.965, 57.943], [-6.965, 57.942], [-6.965, 57.942]]], [[[-8.494, 57.872], [-8.495, 57.872], [-8.494, 57.873], [-8.494, 57.872]]], [[[-7.126, 57.935], [-7.126, 57.935], [-7.125, 57.935], [-7.126, 57.935]]], [[[-8.509, 57.866], [-8.512, 57.866], [-8.512, 57.867], [-8.508, 57.866], [-8.509, 57.866]]], [[[-6.966, 57.934], [-6.967, 57.934], [-6.966, 57.934], [-6.966, 57.934]]], [[[-6.953, 57.934], [-6.954, 57.934], [-6.953, 57.935], [-6.953, 57.934]]], [[[-6.962, 57.934], [-6.962, 57.934], [-6.962, 57.934], [-6.962, 57.934]]], [[[-6.957, 57.934], [-6.957, 57.934], [-6.957, 57.934], [-6.957, 57.934]]], [[[-6.958, 57.933], [-6.962, 57.935], [-6.968, 57.935], [-6.972, 57.942], [-6.958, 57.933]]], [[[-8.492, 57.863], [-8.491, 57.864], [-8.49, 57.864], [-8.491, 57.864], [-8.492, 57.863]]], [[[-8.485, 57.863], [-8.5, 57.867], [-8.491, 57.875], [-8.492, 57.877], [-8.485, 57.863]]], [[[-6.689, 57.937], [-6.69, 57.938], [-6.689, 57.938], [-6.689, 57.937]]], [[[-6.881, 57.923], [-6.882, 57.924], [-6.88, 57.924], [-6.881, 57.923]]], [[[-6.529, 57.933], [-6.529, 57.934], [-6.528, 57.933], [-6.529, 57.933]]], [[[-7.044, 57.91], [-7.046, 57.911], [-7.045, 57.911], [-7.044, 57.91]]], [[[-6.885, 57.915], [-6.894, 57.916], [-6.895, 57.917], [-6.89, 57.918], [-6.885, 57.915]]], [[[-6.89, 57.915], [-6.89, 57.915], [-6.89, 57.916], [-6.89, 57.915]]], [[[-6.598, 57.924], [-6.6, 57.925], [-6.6, 57.927], [-6.596, 57.924], [-6.598, 57.924]]], [[[-8.645, 57.833], [-8.645, 57.834], [-8.643, 57.834], [-8.645, 57.833]]], [[[-8.631, 57.833], [-8.632, 57.833], [-8.632, 57.833], [-8.631, 57.833]]], [[[-7.055, 57.906], [-7.055, 57.906], [-7.054, 57.906], [-7.055, 57.906]]], [[[-7.052, 57.905], [-7.053, 57.905], [-7.053, 57.906], [-7.052, 57.906], [-7.052, 57.905]]], [[[-7.056, 57.905], [-7.057, 57.905], [-7.057, 57.905], [-7.056, 57.905]]], [[[-7.053, 57.904], [-7.054, 57.904], [-7.054, 57.905], [-7.053, 57.904]]], [[[-7.051, 57.904], [-7.051, 57.905], [-7.051, 57.905], [-7.051, 57.904]]], [[[-7.049, 57.902], [-7.049, 57.902], [-7.05, 57.903], [-7.049, 57.902]]], [[[-8.619, 57.829], [-8.619, 57.829], [-8.618, 57.829], [-8.619, 57.829]]], [[[-6.647, 57.916], [-6.648, 57.916], [-6.647, 57.916], [-6.647, 57.916]]], [[[-8.622, 57.828], [-8.623, 57.828], [-8.622, 57.828], [-8.622, 57.828]]], [[[-8.621, 57.828], [-8.621, 57.828], [-8.618, 57.829], [-8.618, 57.828], [-8.621, 57.828]]], [[[-6.628, 57.916], [-6.63, 57.916], [-6.63, 57.916], [-6.629, 57.917], [-6.628, 57.916]]], [[[-8.642, 57.826], [-8.642, 57.826], [-8.641, 57.826], [-8.642, 57.826]]], [[[-6.681, 57.913], [-6.682, 57.914], [-6.682, 57.914], [-6.681, 57.914], [-6.681, 57.913]]], [[[-6.657, 57.914], [-6.658, 57.914], [-6.659, 57.914], [-6.658, 57.914], [-6.657, 57.914]]], [[[-6.606, 57.915], [-6.607, 57.915], [-6.606, 57.916], [-6.606, 57.915]]], [[[-8.625, 57.825], [-8.626, 57.826], [-8.625, 57.826], [-8.625, 57.825]]], [[[-6.611, 57.914], [-6.612, 57.914], [-6.611, 57.915], [-6.611, 57.915], [-6.611, 57.914]]], [[[-6.555, 57.915], [-6.555, 57.916], [-6.555, 57.916], [-6.555, 57.915]]], [[[-8.639, 57.823], [-8.65, 57.828], [-8.625, 57.834], [-8.626, 57.826], [-8.639, 57.823]]], [[[-6.555, 57.915], [-6.555, 57.915], [-6.555, 57.915], [-6.555, 57.915]]], [[[-6.628, 57.912], [-6.63, 57.913], [-6.628, 57.914], [-6.628, 57.912]]], [[[-6.584, 57.913], [-6.584, 57.914], [-6.583, 57.914], [-6.584, 57.913]]], [[[-8.566, 57.826], [-8.567, 57.826], [-8.567, 57.826], [-8.566, 57.826]]], [[[-6.555, 57.914], [-6.555, 57.914], [-6.555, 57.915], [-6.554, 57.914], [-6.555, 57.914]]], [[[-6.563, 57.913], [-6.564, 57.913], [-6.564, 57.914], [-6.563, 57.913], [-6.563, 57.913]]], [[[-8.581, 57.824], [-8.58, 57.825], [-8.579, 57.825], [-8.579, 57.824], [-8.581, 57.824]]], [[[-7.089, 57.889], [-7.09, 57.89], [-7.088, 57.891], [-7.087, 57.889], [-7.089, 57.889]]], [[[-6.619, 57.906], [-6.623, 57.908], [-6.623, 57.91], [-6.619, 57.908], [-6.619, 57.906]]], [[[-7.083, 57.885], [-7.083, 57.885], [-7.082, 57.886], [-7.082, 57.886], [-7.083, 57.885]]], [[[-8.61, 57.813], [-8.611, 57.813], [-8.61, 57.813], [-8.61, 57.813]]], [[[-8.61, 57.812], [-8.61, 57.812], [-8.61, 57.813], [-8.61, 57.812]]], [[[-8.552, 57.814], [-8.551, 57.814], [-8.55, 57.814], [-8.552, 57.814]]], [[[-8.61, 57.811], [-8.611, 57.811], [-8.61, 57.811], [-8.61, 57.811]]], [[[-8.608, 57.81], [-8.608, 57.81], [-8.607, 57.81], [-8.608, 57.81]]], [[[-7.076, 57.875], [-7.086, 57.894], [-7.047, 57.898], [-7.03, 57.919], [-6.998, 57.921], [-6.989, 57.909], [-7.007, 57.882], [-7.043, 57.895], [-7.076, 57.875]]], [[[-8.571, 57.805], [-8.572, 57.805], [-8.571, 57.806], [-8.571, 57.805]]], [[[-6.409, 57.898], [-6.41, 57.898], [-6.408, 57.899], [-6.409, 57.898], [-6.409, 57.898]]], [[[-6.406, 57.898], [-6.407, 57.898], [-6.404, 57.898], [-6.406, 57.898]]], [[[-6.326, 57.898], [-6.33, 57.9], [-6.343, 57.902], [-6.336, 57.908], [-6.326, 57.898]]], [[[-8.571, 57.8], [-8.571, 57.801], [-8.571, 57.801], [-8.571, 57.8]]], [[[-8.579, 57.8], [-8.579, 57.8], [-8.579, 57.8], [-8.579, 57.8]]], [[[-8.577, 57.799], [-8.61, 57.809], [-8.618, 57.827], [-8.566, 57.826], [-8.565, 57.821], [-8.55, 57.813], [-8.577, 57.799]]], [[[-8.573, 57.799], [-8.573, 57.799], [-8.573, 57.799], [-8.573, 57.799]]], [[[-8.565, 57.797], [-8.565, 57.798], [-8.564, 57.797], [-8.565, 57.797]]], [[[-8.556, 57.794], [-8.556, 57.794], [-8.556, 57.794], [-8.556, 57.794]]], [[[-8.561, 57.793], [-8.562, 57.794], [-8.56, 57.794], [-8.561, 57.793]]], [[[-8.551, 57.794], [-8.565, 57.798], [-8.572, 57.796], [-8.573, 57.799], [-8.566, 57.799], [-8.551, 57.794]]], [[[-6.734, 57.873], [-6.734, 57.874], [-6.733, 57.874], [-6.734, 57.873]]], [[[-6.753, 57.872], [-6.754, 57.872], [-6.754, 57.873], [-6.754, 57.873], [-6.753, 57.872]]], [[[-6.774, 57.871], [-6.775, 57.871], [-6.776, 57.872], [-6.775, 57.872], [-6.774, 57.871]]], [[[-6.747, 57.871], [-6.754, 57.875], [-6.755, 57.878], [-6.74, 57.876], [-6.747, 57.871]]], [[[-8.511, 57.791], [-8.512, 57.792], [-8.509, 57.792], [-8.511, 57.791]]], [[[-6.739, 57.869], [-6.741, 57.87], [-6.741, 57.871], [-6.739, 57.87], [-6.739, 57.869]]], [[[-6.717, 57.867], [-6.724, 57.868], [-6.724, 57.87], [-6.722, 57.87], [-6.717, 57.867]]], [[[-6.353, 57.88], [-6.359, 57.895], [-6.379, 57.9], [-6.381, 57.903], [-6.352, 57.902], [-6.353, 57.88]]], [[[-6.709, 57.867], [-6.713, 57.868], [-6.713, 57.869], [-6.71, 57.868], [-6.709, 57.867]]], [[[-6.719, 57.864], [-6.72, 57.867], [-6.716, 57.866], [-6.717, 57.864], [-6.719, 57.864]]], [[[-6.721, 57.864], [-6.723, 57.864], [-6.724, 57.866], [-6.721, 57.866], [-6.721, 57.864]]], [[[-6.715, 57.858], [-6.719, 57.859], [-6.718, 57.862], [-6.71, 57.859], [-6.715, 57.858]]], [[[-7.123, 57.839], [-7.124, 57.839], [-7.124, 57.84], [-7.123, 57.839], [-7.123, 57.839]]], [[[-6.747, 57.853], [-6.748, 57.854], [-6.748, 57.855], [-6.747, 57.854], [-6.747, 57.853]]], [[[-7.124, 57.838], [-7.125, 57.839], [-7.126, 57.839], [-7.124, 57.839], [-7.124, 57.838]]], [[[-6.693, 57.855], [-6.696, 57.856], [-6.688, 57.856], [-6.693, 57.856], [-6.693, 57.855]]], [[[-6.741, 57.852], [-6.741, 57.853], [-6.742, 57.854], [-6.74, 57.854], [-6.741, 57.852]]], [[[-6.739, 57.852], [-6.74, 57.852], [-6.739, 57.853], [-6.739, 57.852]]], [[[-6.7, 57.853], [-6.707, 57.855], [-6.707, 57.856], [-6.702, 57.855], [-6.7, 57.853]]], [[[-6.69, 57.851], [-6.691, 57.854], [-6.685, 57.854], [-6.687, 57.851], [-6.69, 57.851]]], [[[-6.739, 57.849], [-6.74, 57.85], [-6.737, 57.85], [-6.739, 57.85], [-6.739, 57.849]]], [[[-6.696, 57.851], [-6.697, 57.851], [-6.694, 57.851], [-6.696, 57.851]]], [[[-6.679, 57.85], [-6.68, 57.85], [-6.68, 57.851], [-6.679, 57.85], [-6.679, 57.85]]], [[[-6.671, 57.85], [-6.671, 57.86], [-6.688, 57.856], [-6.699, 57.871], [-6.701, 57.86], [-6.714, 57.875], [-6.659, 57.873], [-6.641, 57.858], [-6.671, 57.85]]], [[[-7.168, 57.827], [-7.17, 57.827], [-7.172, 57.829], [-7.166, 57.83], [-7.168, 57.827]]], [[[-6.738, 57.842], [-6.738, 57.843], [-6.737, 57.842], [-6.738, 57.842]]], [[[-7.129, 57.827], [-7.128, 57.827], [-7.128, 57.827], [-7.129, 57.827]]], [[[-6.736, 57.84], [-6.737, 57.841], [-6.738, 57.841], [-6.736, 57.841], [-6.736, 57.84]]], [[[-6.738, 57.84], [-6.739, 57.841], [-6.737, 57.84], [-6.738, 57.84]]], [[[-7.129, 57.825], [-7.129, 57.825], [-7.128, 57.825], [-7.129, 57.825]]], [[[-6.736, 57.837], [-6.737, 57.837], [-6.735, 57.838], [-6.735, 57.837], [-6.736, 57.837]]], [[[-6.732, 57.837], [-6.733, 57.837], [-6.732, 57.837], [-6.732, 57.837]]], [[[-7.252, 57.803], [-7.253, 57.804], [-7.254, 57.804], [-7.252, 57.804], [-7.252, 57.803]]], [[[-7.1, 57.807], [-7.1, 57.807], [-7.1, 57.808], [-7.1, 57.807]]], [[[-6.778, 57.817], [-6.779, 57.817], [-6.781, 57.819], [-6.777, 57.819], [-6.778, 57.817]]], [[[-7.257, 57.797], [-7.261, 57.804], [-7.245, 57.802], [-7.252, 57.8], [-7.257, 57.797]]], [[[-7.257, 57.797], [-7.259, 57.797], [-7.257, 57.798], [-7.257, 57.797]]], [[[-7.261, 57.795], [-7.262, 57.795], [-7.264, 57.797], [-7.262, 57.797], [-7.261, 57.795]]], [[[-6.784, 57.811], [-6.786, 57.812], [-6.785, 57.813], [-6.782, 57.813], [-6.784, 57.811]]], [[[-6.814, 57.804], [-6.825, 57.805], [-6.83, 57.812], [-6.814, 57.808], [-6.814, 57.804]]], [[[-7.071, 57.786], [-7.072, 57.786], [-7.071, 57.786], [-7.071, 57.786]]], [[[-7.071, 57.784], [-7.071, 57.786], [-7.07, 57.785], [-7.071, 57.784]]], [[[-7.073, 57.783], [-7.072, 57.784], [-7.072, 57.784], [-7.073, 57.783]]], [[[-7.075, 57.783], [-7.075, 57.783], [-7.075, 57.784], [-7.075, 57.783]]], [[[-6.863, 57.789], [-6.869, 57.793], [-6.855, 57.791], [-6.857, 57.789], [-6.863, 57.789]]], [[[-6.917, 57.781], [-6.918, 57.781], [-6.918, 57.781], [-6.917, 57.781], [-6.917, 57.781]]], [[[-7.055, 57.772], [-7.057, 57.772], [-7.056, 57.773], [-7.055, 57.772]]], [[[-7.058, 57.772], [-7.059, 57.772], [-7.058, 57.773], [-7.058, 57.773], [-7.058, 57.772]]], [[[-7.054, 57.769], [-7.057, 57.77], [-7.055, 57.771], [-7.053, 57.769], [-7.054, 57.769]]], [[[-7.049, 57.768], [-7.052, 57.769], [-7.052, 57.771], [-7.05, 57.771], [-7.049, 57.768]]], [[[-7.253, 57.759], [-7.254, 57.761], [-7.25, 57.76], [-7.252, 57.76], [-7.253, 57.759]]], [[[-7.235, 57.759], [-7.266, 57.774], [-7.23, 57.785], [-7.201, 57.775], [-7.235, 57.759]]], [[[-7.039, 57.766], [-7.04, 57.766], [-7.041, 57.767], [-7.039, 57.768], [-7.039, 57.766]]], [[[-7.234, 57.758], [-7.236, 57.758], [-7.236, 57.758], [-7.234, 57.759], [-7.234, 57.758]]], [[[-7.245, 57.756], [-7.249, 57.756], [-7.253, 57.758], [-7.245, 57.758], [-7.245, 57.756]]], [[[-7.028, 57.762], [-7.03, 57.762], [-7.03, 57.763], [-7.029, 57.764], [-7.028, 57.762]]], [[[-7.047, 57.76], [-7.048, 57.762], [-7.046, 57.761], [-7.047, 57.76]]], [[[-7.022, 57.761], [-7.024, 57.762], [-7.023, 57.764], [-7.025, 57.764], [-7.022, 57.764], [-7.021, 57.763], [-7.022, 57.761]]], [[[-7.055, 57.758], [-7.056, 57.758], [-7.056, 57.759], [-7.055, 57.759], [-7.055, 57.758]]], [[[-7.109, 57.755], [-7.111, 57.756], [-7.109, 57.756], [-7.109, 57.755]]], [[[-7.11, 57.755], [-7.113, 57.755], [-7.115, 57.757], [-7.112, 57.756], [-7.11, 57.755]]], [[[-7.105, 57.755], [-7.106, 57.755], [-7.105, 57.756], [-7.105, 57.755], [-7.105, 57.755]]], [[[-7.101, 57.754], [-7.102, 57.755], [-7.101, 57.755], [-7.101, 57.754]]], [[[-7.104, 57.753], [-7.106, 57.753], [-7.108, 57.754], [-7.106, 57.754], [-7.104, 57.753]]], [[[-7.017, 57.755], [-7.019, 57.756], [-7.019, 57.757], [-7.016, 57.756], [-7.017, 57.755]]], [[[-7.104, 57.751], [-7.105, 57.751], [-7.104, 57.752], [-7.104, 57.751]]], [[[-7.055, 57.752], [-7.056, 57.752], [-7.055, 57.753], [-7.055, 57.753], [-7.055, 57.752]]], [[[-7.076, 57.751], [-7.096, 57.764], [-7.098, 57.768], [-7.08, 57.774], [-7.076, 57.751]]], [[[-7.063, 57.748], [-7.063, 57.748], [-7.062, 57.748], [-7.063, 57.748]]], [[[-6.928, 57.753], [-6.929, 57.753], [-6.93, 57.755], [-6.928, 57.755], [-6.928, 57.753]]], [[[-7.289, 57.737], [-7.291, 57.737], [-7.291, 57.737], [-7.288, 57.737], [-7.289, 57.737]]], [[[-7.07, 57.746], [-7.071, 57.746], [-7.073, 57.748], [-7.071, 57.747], [-7.07, 57.746]]], [[[-7.043, 57.746], [-7.044, 57.747], [-7.046, 57.748], [-7.042, 57.748], [-7.043, 57.746]]], [[[-6.933, 57.75], [-6.936, 57.75], [-6.937, 57.755], [-6.93, 57.753], [-6.933, 57.75]]], [[[-7.071, 57.743], [-7.074, 57.743], [-7.074, 57.744], [-7.071, 57.743], [-7.071, 57.743]]], [[[-7.072, 57.733], [-7.075, 57.734], [-7.075, 57.735], [-7.074, 57.734], [-7.072, 57.733]]], [[[-7.067, 57.732], [-7.077, 57.736], [-7.089, 57.737], [-7.097, 57.745], [-7.086, 57.75], [-7.067, 57.732]]], [[[-7.058, 57.732], [-7.06, 57.732], [-7.06, 57.733], [-7.06, 57.733], [-7.058, 57.732]]], [[[-7.059, 57.73], [-7.062, 57.731], [-7.063, 57.732], [-7.059, 57.73], [-7.059, 57.73]]], [[[-7.055, 57.73], [-7.056, 57.73], [-7.057, 57.73], [-7.056, 57.73], [-7.055, 57.73]]], [[[-7.071, 57.729], [-7.075, 57.73], [-7.075, 57.73], [-7.071, 57.729], [-7.071, 57.729]]], [[[-7.053, 57.728], [-7.054, 57.728], [-7.056, 57.729], [-7.053, 57.729], [-7.053, 57.728]]], [[[-7.054, 57.726], [-7.055, 57.726], [-7.056, 57.727], [-7.054, 57.726], [-7.054, 57.726]]], [[[-7.687, 57.698], [-7.692, 57.7], [-7.68, 57.703], [-7.681, 57.701], [-7.687, 57.698]]], [[[-6.966, 57.728], [-6.975, 57.73], [-6.984, 57.742], [-7.027, 57.767], [-7.014, 57.77], [-7.054, 57.778], [-7.084, 57.807], [-7.12, 57.817], [-7.134, 57.837], [-7.082, 57.833], [-7.076, 57.809], [-7.075, 57.822], [-6.998, 57.846], [-6.993, 57.868], [-6.958, 57.868], [-6.952, 57.877], [-6.951, 57.865], [-6.906, 57.869], [-6.96, 57.887], [-6.949, 57.905], [-6.814, 57.901], [-6.867, 57.925], [-6.84, 57.928], [-6.849, 57.934], [-6.914, 57.936], [-6.902, 57.951], [-6.922, 57.94], [-7.0, 57.966], [-7.008, 57.964], [-6.995, 57.954], [-7.023, 57.952], [-7.058, 57.971], [-7.08, 57.967], [-7.09, 57.995], [-7.114, 57.989], [-7.082, 58.021], [-7.056, 58.009], [-7.044, 58.026], [-6.994, 58.041], [-6.907, 58.049], [-6.981, 58.048], [-7.04, 58.034], [-7.062, 58.041], [-7.021, 58.054], [-7.059, 58.055], [-7.021, 58.071], [-7.03, 58.082], [-7.066, 58.06], [-7.1, 58.07], [-7.113, 58.1], [-7.11, 58.11], [-7.113, 58.114], [-7.135, 58.123], [-7.089, 58.164], [-7.105, 58.183], [-7.057, 58.18], [-7.053, 58.185], [-7.053, 58.178], [-7.043, 58.171], [-7.037, 58.184], [-7.026, 58.187], [-7.015, 58.182], [-7.007, 58.184], [-7.031, 58.201], [-7.042, 58.188], [-7.046, 58.193], [-7.065, 58.196], [-7.051, 58.209], [-7.059, 58.212], [-7.049, 58.232], [-7.024, 58.244], [-7.027, 58.232], [-6.97, 58.219], [-6.969, 58.231], [-6.958, 58.235], [-6.942, 58.219], [-6.908, 58.213], [-6.913, 58.211], [-6.91, 58.204], [-6.963, 58.203], [-6.933, 58.186], [-6.893, 58.187], [-6.889, 58.15], [-6.878, 58.127], [-6.859, 58.111], [-6.864, 58.131], [-6.881, 58.163], [-6.886, 58.163], [-6.869, 58.173], [-6.879, 58.181], [-6.876, 58.183], [-6.877, 58.189], [-6.859, 58.181], [-6.86, 58.187], [-6.863, 58.191], [-6.862, 58.194], [-6.828, 58.205], [-6.782, 58.188], [-6.75, 58.192], [-6.734, 58.166], [-6.733, 58.175], [-6.725, 58.171], [-6.719, 58.171], [-6.717, 58.169], [-6.715, 58.169], [-6.725, 58.183], [-6.707, 58.184], [-6.761, 58.199], [-6.757, 58.209], [-6.74, 58.203], [-6.737, 58.205], [-6.74, 58.213], [-6.809, 58.252], [-6.818, 58.272], [-6.772, 58.282], [-6.828, 58.283], [-6.795, 58.297], [-6.804, 58.304], [-6.755, 58.306], [-6.725, 58.328], [-6.721, 58.327], [-6.714, 58.328], [-6.703, 58.337], [-6.69, 58.331], [-6.67, 58.342], [-6.669, 58.35], [-6.658, 58.349], [-6.651, 58.355], [-6.645, 58.351], [-6.648, 58.344], [-6.643, 58.34], [-6.546, 58.365], [-6.519, 58.397], [-6.355, 58.459], [-6.333, 58.479], [-6.324, 58.477], [-6.309, 58.478], [-6.308, 58.477], [-6.3, 58.48], [-6.272, 58.498], [-6.284, 58.509], [-6.275, 58.511], [-6.27, 58.515], [-6.251, 58.513], [-6.253, 58.511], [-6.244, 58.506], [-6.233, 58.502], [-6.225, 58.5], [-6.222, 58.501], [-6.227, 58.489], [-6.206, 58.476], [-6.197, 58.475], [-6.195, 58.477], [-6.196, 58.475], [-6.19, 58.47], [-6.184, 58.469], [-6.183, 58.469], [-6.196, 58.447], [-6.167, 58.43], [-6.168, 58.417], [-6.19, 58.409], [-6.219, 58.368], [-6.162, 58.343], [-6.193, 58.34], [-6.198, 58.338], [-6.247, 58.307], [-6.242, 58.296], [-6.299, 58.293], [-6.281, 58.287], [-6.281, 58.27], [-6.305, 58.267], [-6.316, 58.27], [-6.319, 58.27], [-6.328, 58.262], [-6.319, 58.244], [-6.379, 58.225], [-6.359, 58.217], [-6.337, 58.228], [-6.285, 58.207], [-6.166, 58.263], [-6.138, 58.262], [-6.165, 58.229], [-6.165, 58.226], [-6.154, 58.222], [-6.16, 58.215], [-6.251, 58.18], [-6.29, 58.206], [-6.353, 58.189], [-6.359, 58.203], [-6.38, 58.202], [-6.39, 58.206], [-6.392, 58.209], [-6.39, 58.209], [-6.388, 58.213], [-6.387, 58.215], [-6.397, 58.207], [-6.396, 58.199], [-6.37, 58.191], [-6.388, 58.179], [-6.367, 58.153], [-6.424, 58.148], [-6.423, 58.138], [-6.381, 58.144], [-6.368, 58.142], [-6.37, 58.132], [-6.493, 58.143], [-6.468, 58.126], [-6.428, 58.121], [-6.49, 58.099], [-6.51, 58.103], [-6.635, 58.085], [-6.432, 58.09], [-6.403, 58.098], [-6.435, 58.1], [-6.4, 58.111], [-6.394, 58.1], [-6.405, 58.103], [-6.403, 58.099], [-6.383, 58.093], [-6.401, 58.092], [-6.397, 58.084], [-6.378, 58.092], [-6.381, 58.085], [-6.381, 58.079], [-6.369, 58.076], [-6.381, 58.068], [-6.367, 58.056], [-6.44, 58.049], [-6.361, 58.041], [-6.366, 58.018], [-6.389, 58.0], [-6.438, 58.017], [-6.45, 58.006], [-6.46, 58.02], [-6.469, 58.019], [-6.47, 58.009], [-6.528, 58.016], [-6.526, 58.006], [-6.579, 58.004], [-6.472, 58.001], [-6.452, 57.99], [-6.449, 57.966], [-6.468, 57.961], [-6.472, 57.937], [-6.502, 57.94], [-6.519, 57.927], [-6.548, 57.959], [-6.538, 57.919], [-6.564, 57.914], [-6.573, 57.925], [-6.572, 57.909], [-6.597, 57.923], [-6.594, 57.926], [-6.614, 57.944], [-6.609, 57.95], [-6.646, 57.964], [-6.606, 57.917], [-6.634, 57.928], [-6.647, 57.917], [-6.709, 57.968], [-6.713, 58.013], [-6.664, 58.043], [-6.665, 58.053], [-6.622, 58.047], [-6.587, 58.053], [-6.695, 58.058], [-6.67, 58.046], [-6.761, 58.003], [-6.721, 57.961], [-6.745, 57.953], [-6.706, 57.953], [-6.674, 57.917], [-6.714, 57.916], [-6.67, 57.9], [-6.666, 57.882], [-6.805, 57.898], [-6.787, 57.881], [-6.813, 57.882], [-6.804, 57.867], [-6.774, 57.867], [-6.737, 57.827], [-6.76, 57.821], [-6.765, 57.834], [-6.772, 57.825], [-6.798, 57.834], [-6.791, 57.805], [-6.824, 57.813], [-6.845, 57.834], [-6.863, 57.834], [-6.834, 57.815], [-6.846, 57.803], [-6.863, 57.813], [-6.856, 57.798], [-6.868, 57.8], [-6.871, 57.798], [-6.863, 57.798], [-6.858, 57.794], [-6.884, 57.801], [-6.873, 57.774], [-6.897, 57.774], [-6.888, 57.777], [-6.912, 57.784], [-6.924, 57.782], [-6.899, 57.764], [-6.931, 57.762], [-6.941, 57.755], [-6.945, 57.739], [-6.979, 57.744], [-6.966, 57.728]]], [[[-6.819, 58.013], [-6.813, 58.047], [-6.801, 58.049], [-6.807, 58.053], [-6.792, 58.051], [-6.785, 58.073], [-6.759, 58.082], [-6.714, 58.085], [-6.715, 58.108], [-6.743, 58.123], [-6.731, 58.099], [-6.719, 58.106], [-6.719, 58.095], [-6.771, 58.091], [-6.765, 58.086], [-6.777, 58.076], [-6.787, 58.077], [-6.792, 58.073], [-6.793, 58.067], [-6.801, 58.069], [-6.805, 58.054], [-6.82, 58.061], [-6.831, 58.02], [-6.819, 58.013]]], [[[-6.782, 58.078], [-6.787, 58.09], [-6.795, 58.095], [-6.815, 58.093], [-6.782, 58.078]]], [[[-7.048, 57.724], [-7.049, 57.726], [-7.047, 57.724], [-7.048, 57.724]]], [[[-7.052, 57.723], [-7.055, 57.724], [-7.054, 57.724], [-7.052, 57.723]]], [[[-7.711, 57.69], [-7.712, 57.69], [-7.712, 57.691], [-7.711, 57.69]]], [[[-7.712, 57.689], [-7.714, 57.69], [-7.713, 57.69], [-7.712, 57.689]]], [[[-7.714, 57.688], [-7.716, 57.689], [-7.716, 57.689], [-7.714, 57.689], [-7.714, 57.688]]], [[[-7.062, 57.716], [-7.066, 57.717], [-7.069, 57.721], [-7.062, 57.72], [-7.062, 57.716]]], [[[-7.148, 57.712], [-7.151, 57.714], [-7.151, 57.714], [-7.149, 57.713], [-7.148, 57.712]]], [[[-7.715, 57.687], [-7.717, 57.688], [-7.718, 57.688], [-7.714, 57.688], [-7.715, 57.687]]], [[[-7.716, 57.687], [-7.718, 57.687], [-7.72, 57.688], [-7.716, 57.687], [-7.716, 57.687]]], [[[-7.056, 57.715], [-7.059, 57.716], [-7.059, 57.716], [-7.056, 57.715], [-7.056, 57.715]]], [[[-7.059, 57.714], [-7.06, 57.714], [-7.062, 57.715], [-7.061, 57.715], [-7.059, 57.714]]], [[[-7.055, 57.714], [-7.056, 57.714], [-7.056, 57.714], [-7.055, 57.714]]], [[[-7.049, 57.712], [-7.051, 57.712], [-7.054, 57.715], [-7.05, 57.713], [-7.049, 57.712]]], [[[-7.28, 57.7], [-7.299, 57.707], [-7.301, 57.717], [-7.275, 57.715], [-7.28, 57.7]]], [[[-7.182, 57.702], [-7.228, 57.707], [-7.2, 57.734], [-7.145, 57.732], [-7.182, 57.702]]], [[[-7.042, 57.706], [-7.044, 57.707], [-7.045, 57.709], [-7.043, 57.708], [-7.042, 57.706]]], [[[-7.22, 57.698], [-7.223, 57.699], [-7.223, 57.699], [-7.219, 57.698], [-7.22, 57.698]]], [[[-7.0, 57.706], [-7.004, 57.706], [-7.012, 57.712], [-6.999, 57.708], [-7.0, 57.706]]], [[[-7.094, 57.702], [-7.096, 57.703], [-7.089, 57.704], [-7.091, 57.703], [-7.094, 57.702]]], [[[-7.096, 57.7], [-7.099, 57.701], [-7.102, 57.702], [-7.097, 57.703], [-7.096, 57.7]]], [[[-7.025, 57.7], [-7.037, 57.701], [-7.041, 57.705], [-7.033, 57.707], [-7.025, 57.7]]], [[[-7.211, 57.692], [-7.216, 57.693], [-7.217, 57.695], [-7.207, 57.696], [-7.211, 57.692]]], [[[-7.054, 57.698], [-7.055, 57.698], [-7.056, 57.7], [-7.054, 57.699], [-7.054, 57.698]]], [[[-7.013, 57.699], [-7.018, 57.7], [-7.017, 57.703], [-7.012, 57.702], [-7.013, 57.699]]], [[[-7.168, 57.691], [-7.176, 57.693], [-7.179, 57.695], [-7.17, 57.694], [-7.168, 57.691]]], [[[-7.156, 57.69], [-7.157, 57.691], [-7.157, 57.691], [-7.154, 57.69], [-7.156, 57.69]]], [[[-7.155, 57.688], [-7.156, 57.689], [-7.157, 57.69], [-7.154, 57.689], [-7.155, 57.688]]], [[[-7.314, 57.681], [-7.314, 57.682], [-7.312, 57.682], [-7.312, 57.682], [-7.314, 57.681]]], [[[-7.253, 57.683], [-7.259, 57.685], [-7.258, 57.689], [-7.246, 57.687], [-7.253, 57.683]]], [[[-7.169, 57.686], [-7.17, 57.686], [-7.173, 57.687], [-7.17, 57.688], [-7.169, 57.686]]], [[[-7.151, 57.685], [-7.153, 57.686], [-7.154, 57.687], [-7.152, 57.686], [-7.151, 57.685]]], [[[-7.017, 57.69], [-7.019, 57.691], [-7.018, 57.691], [-7.023, 57.692], [-7.014, 57.692], [-7.017, 57.69]]], [[[-7.164, 57.683], [-7.166, 57.683], [-7.166, 57.684], [-7.166, 57.684], [-7.164, 57.683]]], [[[-7.144, 57.682], [-7.149, 57.686], [-7.145, 57.688], [-7.142, 57.683], [-7.144, 57.682]]], [[[-7.139, 57.681], [-7.14, 57.682], [-7.138, 57.684], [-7.138, 57.682], [-7.139, 57.681]]], [[[-7.136, 57.681], [-7.137, 57.681], [-7.137, 57.682], [-7.136, 57.682], [-7.136, 57.681]]], [[[-7.153, 57.679], [-7.155, 57.679], [-7.156, 57.68], [-7.153, 57.68], [-7.153, 57.679]]], [[[-7.15, 57.679], [-7.152, 57.679], [-7.152, 57.679], [-7.15, 57.679], [-7.15, 57.679]]], [[[-7.072, 57.681], [-7.072, 57.681], [-7.071, 57.682], [-7.071, 57.681], [-7.072, 57.681]]], [[[-7.476, 57.664], [-7.477, 57.664], [-7.477, 57.665], [-7.475, 57.664], [-7.476, 57.664]]], [[[-7.447, 57.665], [-7.448, 57.665], [-7.449, 57.666], [-7.447, 57.665], [-7.447, 57.665]]], [[[-7.476, 57.663], [-7.476, 57.664], [-7.476, 57.663], [-7.476, 57.663]]], [[[-7.451, 57.664], [-7.452, 57.664], [-7.452, 57.665], [-7.451, 57.664]]], [[[-7.074, 57.68], [-7.076, 57.68], [-7.078, 57.681], [-7.073, 57.681], [-7.074, 57.68]]], [[[-7.457, 57.664], [-7.458, 57.664], [-7.458, 57.664], [-7.457, 57.664], [-7.457, 57.664]]], [[[-7.455, 57.663], [-7.457, 57.664], [-7.456, 57.664], [-7.455, 57.663]]], [[[-7.465, 57.662], [-7.466, 57.663], [-7.465, 57.663], [-7.465, 57.662]]], [[[-7.464, 57.662], [-7.464, 57.663], [-7.463, 57.663], [-7.464, 57.662]]], [[[-7.446, 57.663], [-7.447, 57.663], [-7.448, 57.664], [-7.446, 57.663]]], [[[-7.135, 57.676], [-7.14, 57.677], [-7.141, 57.679], [-7.14, 57.679], [-7.135, 57.676]]], [[[-7.138, 57.675], [-7.142, 57.676], [-7.145, 57.678], [-7.14, 57.677], [-7.138, 57.675]]], [[[-7.456, 57.662], [-7.457, 57.662], [-7.456, 57.662], [-7.456, 57.662]]], [[[-7.144, 57.675], [-7.147, 57.675], [-7.148, 57.676], [-7.144, 57.675], [-7.144, 57.675]]], [[[-7.443, 57.662], [-7.444, 57.662], [-7.443, 57.662], [-7.443, 57.662]]], [[[-7.463, 57.661], [-7.463, 57.661], [-7.462, 57.661], [-7.463, 57.661]]], [[[-7.465, 57.66], [-7.465, 57.66], [-7.465, 57.66], [-7.465, 57.66]]], [[[-7.143, 57.673], [-7.145, 57.674], [-7.149, 57.674], [-7.145, 57.674], [-7.143, 57.673]]], [[[-7.298, 57.665], [-7.299, 57.666], [-7.297, 57.667], [-7.298, 57.665]]], [[[-7.12, 57.672], [-7.121, 57.672], [-7.119, 57.675], [-7.119, 57.673], [-7.12, 57.672]]], [[[-7.138, 57.671], [-7.142, 57.671], [-7.144, 57.673], [-7.141, 57.672], [-7.138, 57.671]]], [[[-7.068, 57.674], [-7.069, 57.674], [-7.067, 57.675], [-7.067, 57.674], [-7.068, 57.674]]], [[[-7.083, 57.673], [-7.083, 57.675], [-7.079, 57.675], [-7.08, 57.673], [-7.083, 57.673]]], [[[-7.133, 57.671], [-7.142, 57.673], [-7.143, 57.675], [-7.131, 57.671], [-7.133, 57.671]]], [[[-7.436, 57.657], [-7.437, 57.657], [-7.437, 57.657], [-7.436, 57.657]]], [[[-7.131, 57.669], [-7.136, 57.671], [-7.138, 57.672], [-7.13, 57.67], [-7.131, 57.669]]], [[[-7.148, 57.668], [-7.15, 57.668], [-7.15, 57.668], [-7.149, 57.668], [-7.148, 57.668]]], [[[-7.088, 57.67], [-7.09, 57.674], [-7.084, 57.675], [-7.086, 57.671], [-7.088, 57.67]]], [[[-7.116, 57.669], [-7.124, 57.67], [-7.126, 57.672], [-7.119, 57.671], [-7.115, 57.673], [-7.116, 57.669]]], [[[-7.489, 57.653], [-7.489, 57.654], [-7.488, 57.653], [-7.489, 57.653]]], [[[-7.429, 57.656], [-7.433, 57.656], [-7.434, 57.657], [-7.43, 57.657], [-7.429, 57.656]]], [[[-7.104, 57.669], [-7.106, 57.675], [-7.096, 57.67], [-7.104, 57.669], [-7.104, 57.669]]], [[[-7.419, 57.656], [-7.419, 57.656], [-7.418, 57.656], [-7.419, 57.656]]], [[[-7.062, 57.671], [-7.063, 57.671], [-7.067, 57.673], [-7.064, 57.675], [-7.062, 57.671]]], [[[-7.073, 57.67], [-7.074, 57.671], [-7.072, 57.672], [-7.072, 57.671], [-7.073, 57.67]]], [[[-7.077, 57.67], [-7.079, 57.671], [-7.079, 57.672], [-7.076, 57.672], [-7.077, 57.67]]], [[[-7.429, 57.655], [-7.429, 57.656], [-7.427, 57.656], [-7.427, 57.655], [-7.429, 57.655]]], [[[-7.049, 57.671], [-7.051, 57.672], [-7.05, 57.672], [-7.048, 57.671], [-7.049, 57.671]]], [[[-7.07, 57.669], [-7.071, 57.67], [-7.069, 57.67], [-7.069, 57.669], [-7.07, 57.669]]], [[[-7.159, 57.665], [-7.16, 57.666], [-7.161, 57.666], [-7.159, 57.666], [-7.159, 57.665]]], [[[-7.49, 57.651], [-7.492, 57.652], [-7.492, 57.652], [-7.49, 57.651], [-7.49, 57.651]]], [[[-7.431, 57.653], [-7.433, 57.653], [-7.434, 57.654], [-7.429, 57.654], [-7.431, 57.653]]], [[[-7.127, 57.666], [-7.13, 57.666], [-7.138, 57.671], [-7.126, 57.666], [-7.127, 57.666]]], [[[-7.157, 57.665], [-7.158, 57.665], [-7.158, 57.666], [-7.155, 57.665], [-7.157, 57.665]]], [[[-7.149, 57.664], [-7.15, 57.667], [-7.144, 57.666], [-7.144, 57.665], [-7.149, 57.664]]], [[[-7.394, 57.654], [-7.398, 57.66], [-7.414, 57.656], [-7.418, 57.658], [-7.438, 57.658], [-7.441, 57.662], [-7.375, 57.668], [-7.394, 57.654]]], [[[-7.164, 57.663], [-7.165, 57.663], [-7.163, 57.663], [-7.164, 57.663]]], [[[-7.305, 57.657], [-7.307, 57.657], [-7.305, 57.657], [-7.305, 57.657]]], [[[-7.161, 57.661], [-7.159, 57.664], [-7.153, 57.663], [-7.158, 57.662], [-7.161, 57.661]]], [[[-7.168, 57.661], [-7.17, 57.661], [-7.171, 57.662], [-7.169, 57.662], [-7.168, 57.661]]], [[[-7.205, 57.659], [-7.208, 57.659], [-7.207, 57.66], [-7.205, 57.659]]], [[[-7.284, 57.655], [-7.286, 57.659], [-7.312, 57.661], [-7.288, 57.668], [-7.284, 57.655]]], [[[-7.161, 57.66], [-7.161, 57.66], [-7.16, 57.66], [-7.161, 57.66]]], [[[-7.402, 57.65], [-7.404, 57.65], [-7.403, 57.65], [-7.402, 57.65]]], [[[-7.277, 57.654], [-7.279, 57.655], [-7.275, 57.655], [-7.276, 57.655], [-7.277, 57.654]]], [[[-7.153, 57.659], [-7.155, 57.66], [-7.151, 57.66], [-7.153, 57.659]]], [[[-7.145, 57.659], [-7.146, 57.659], [-7.144, 57.66], [-7.145, 57.659]]], [[[-7.496, 57.645], [-7.497, 57.645], [-7.496, 57.645], [-7.496, 57.645]]], [[[-7.06, 57.662], [-7.062, 57.663], [-7.065, 57.665], [-7.062, 57.665], [-7.06, 57.662]]], [[[-7.04, 57.662], [-7.041, 57.663], [-7.042, 57.665], [-7.039, 57.664], [-7.04, 57.662]]], [[[-7.272, 57.653], [-7.274, 57.653], [-7.27, 57.653], [-7.272, 57.653]]], [[[-7.16, 57.657], [-7.16, 57.658], [-7.158, 57.658], [-7.159, 57.657], [-7.16, 57.657]]], [[[-7.497, 57.642], [-7.497, 57.643], [-7.496, 57.643], [-7.496, 57.643], [-7.497, 57.642]]], [[[-7.153, 57.657], [-7.154, 57.657], [-7.152, 57.657], [-7.153, 57.657]]], [[[-7.094, 57.659], [-7.097, 57.66], [-7.103, 57.664], [-7.086, 57.662], [-7.094, 57.659]]], [[[-7.176, 57.655], [-7.178, 57.656], [-7.178, 57.657], [-7.175, 57.656], [-7.176, 57.655]]], [[[-7.164, 57.656], [-7.166, 57.656], [-7.166, 57.657], [-7.163, 57.656], [-7.164, 57.656]]], [[[-7.4, 57.646], [-7.403, 57.646], [-7.4, 57.648], [-7.4, 57.646]]], [[[-7.185, 57.655], [-7.19, 57.656], [-7.192, 57.657], [-7.193, 57.658], [-7.185, 57.656], [-7.185, 57.655]]], [[[-7.498, 57.641], [-7.498, 57.641], [-7.497, 57.641], [-7.498, 57.641]]], [[[-7.408, 57.645], [-7.412, 57.646], [-7.413, 57.646], [-7.409, 57.646], [-7.408, 57.645]]], [[[-7.407, 57.645], [-7.407, 57.645], [-7.405, 57.645], [-7.407, 57.645]]], [[[-7.095, 57.658], [-7.098, 57.658], [-7.098, 57.658], [-7.095, 57.659], [-7.095, 57.658]]], [[[-7.149, 57.656], [-7.151, 57.656], [-7.151, 57.656], [-7.15, 57.657], [-7.149, 57.656]]], [[[-7.178, 57.654], [-7.182, 57.654], [-7.185, 57.656], [-7.181, 57.656], [-7.178, 57.654]]], [[[-7.172, 57.654], [-7.175, 57.654], [-7.177, 57.655], [-7.17, 57.654], [-7.172, 57.654]]], [[[-7.505, 57.639], [-7.505, 57.639], [-7.505, 57.639], [-7.505, 57.639]]], [[[-7.504, 57.639], [-7.504, 57.64], [-7.504, 57.639], [-7.504, 57.639]]], [[[-7.13, 57.655], [-7.132, 57.656], [-7.127, 57.655], [-7.13, 57.655], [-7.13, 57.655]]], [[[-7.177, 57.652], [-7.18, 57.653], [-7.183, 57.653], [-7.174, 57.653], [-7.177, 57.652]]], [[[-7.069, 57.656], [-7.077, 57.657], [-7.068, 57.66], [-7.075, 57.664], [-7.065, 57.661], [-7.069, 57.656]]], [[[-7.17, 57.652], [-7.172, 57.652], [-7.173, 57.652], [-7.169, 57.652], [-7.17, 57.652]]], [[[-7.149, 57.652], [-7.151, 57.653], [-7.15, 57.653], [-7.149, 57.652]]], [[[-7.18, 57.65], [-7.182, 57.651], [-7.184, 57.651], [-7.179, 57.651], [-7.18, 57.65]]], [[[-7.122, 57.653], [-7.124, 57.653], [-7.125, 57.653], [-7.121, 57.654], [-7.122, 57.653]]], [[[-7.086, 57.654], [-7.088, 57.654], [-7.088, 57.655], [-7.085, 57.654], [-7.086, 57.654]]], [[[-7.065, 57.655], [-7.065, 57.656], [-7.063, 57.656], [-7.064, 57.655], [-7.065, 57.655]]], [[[-7.138, 57.651], [-7.145, 57.657], [-7.138, 57.662], [-7.128, 57.663], [-7.138, 57.651]]], [[[-7.132, 57.649], [-7.133, 57.651], [-7.13, 57.65], [-7.132, 57.65], [-7.132, 57.649]]], [[[-7.131, 57.648], [-7.133, 57.649], [-7.131, 57.649], [-7.131, 57.648]]], [[[-7.09, 57.649], [-7.092, 57.651], [-7.084, 57.65], [-7.089, 57.65], [-7.09, 57.649]]], [[[-7.047, 57.65], [-7.059, 57.654], [-7.055, 57.662], [-7.046, 57.661], [-7.047, 57.65]]], [[[-7.121, 57.647], [-7.128, 57.647], [-7.129, 57.649], [-7.121, 57.649], [-7.121, 57.647]]], [[[-7.063, 57.647], [-7.065, 57.647], [-7.068, 57.649], [-7.062, 57.648], [-7.063, 57.647]]], [[[-7.512, 57.628], [-7.513, 57.628], [-7.511, 57.628], [-7.512, 57.628]]], [[[-7.179, 57.642], [-7.178, 57.643], [-7.183, 57.644], [-7.175, 57.643], [-7.179, 57.642]]], [[[-7.508, 57.627], [-7.509, 57.628], [-7.509, 57.628], [-7.508, 57.627]]], [[[-7.194, 57.64], [-7.196, 57.64], [-7.197, 57.641], [-7.195, 57.641], [-7.194, 57.64]]], [[[-7.201, 57.64], [-7.203, 57.64], [-7.201, 57.64], [-7.201, 57.64]]], [[[-7.506, 57.627], [-7.507, 57.627], [-7.506, 57.627], [-7.506, 57.627]]], [[[-7.211, 57.638], [-7.212, 57.638], [-7.208, 57.638], [-7.211, 57.638]]], [[[-7.515, 57.625], [-7.516, 57.625], [-7.515, 57.625], [-7.515, 57.625]]], [[[-7.204, 57.638], [-7.207, 57.638], [-7.209, 57.639], [-7.205, 57.639], [-7.204, 57.638]]], [[[-7.181, 57.638], [-7.186, 57.639], [-7.187, 57.639], [-7.18, 57.638], [-7.181, 57.638]]], [[[-7.525, 57.623], [-7.526, 57.623], [-7.525, 57.624], [-7.525, 57.623]]], [[[-7.189, 57.636], [-7.196, 57.637], [-7.196, 57.637], [-7.188, 57.637], [-7.189, 57.636]]], [[[-7.187, 57.635], [-7.19, 57.636], [-7.191, 57.636], [-7.19, 57.636], [-7.187, 57.635]]], [[[-7.525, 57.619], [-7.525, 57.619], [-7.524, 57.619], [-7.525, 57.619]]], [[[-7.188, 57.632], [-7.188, 57.633], [-7.189, 57.633], [-7.188, 57.633], [-7.188, 57.632]]], [[[-7.182, 57.632], [-7.185, 57.632], [-7.186, 57.633], [-7.18, 57.632], [-7.182, 57.632]]], [[[-7.526, 57.617], [-7.526, 57.617], [-7.525, 57.617], [-7.526, 57.617]]], [[[-7.185, 57.63], [-7.185, 57.631], [-7.184, 57.631], [-7.185, 57.63]]], [[[-7.188, 57.629], [-7.189, 57.629], [-7.189, 57.629], [-7.188, 57.63], [-7.188, 57.629]]], [[[-7.179, 57.627], [-7.181, 57.627], [-7.177, 57.628], [-7.178, 57.628], [-7.179, 57.627]]], [[[-7.155, 57.628], [-7.158, 57.628], [-7.157, 57.628], [-7.155, 57.628]]], [[[-7.539, 57.611], [-7.541, 57.612], [-7.536, 57.613], [-7.538, 57.611], [-7.539, 57.611]]], [[[-7.523, 57.611], [-7.525, 57.611], [-7.525, 57.612], [-7.524, 57.612], [-7.522, 57.612], [-7.523, 57.611]]], [[[-7.191, 57.625], [-7.193, 57.625], [-7.191, 57.626], [-7.191, 57.625]]], [[[-7.157, 57.627], [-7.157, 57.627], [-7.156, 57.627], [-7.156, 57.627], [-7.157, 57.627]]], [[[-7.176, 57.626], [-7.175, 57.626], [-7.175, 57.626], [-7.175, 57.626], [-7.176, 57.626]]], [[[-7.149, 57.626], [-7.151, 57.627], [-7.151, 57.628], [-7.144, 57.627], [-7.149, 57.626]]], [[[-7.174, 57.625], [-7.175, 57.625], [-7.176, 57.625], [-7.175, 57.625], [-7.174, 57.625]]], [[[-7.141, 57.626], [-7.141, 57.626], [-7.14, 57.626], [-7.141, 57.626]]], [[[-7.158, 57.625], [-7.159, 57.625], [-7.158, 57.626], [-7.155, 57.626], [-7.158, 57.625]]], [[[-7.148, 57.624], [-7.149, 57.625], [-7.145, 57.625], [-7.148, 57.624]]], [[[-7.168, 57.623], [-7.17, 57.623], [-7.17, 57.624], [-7.169, 57.624], [-7.168, 57.623]]], [[[-7.171, 57.622], [-7.175, 57.623], [-7.171, 57.623], [-7.171, 57.622]]], [[[-7.161, 57.623], [-7.168, 57.624], [-7.177, 57.628], [-7.16, 57.629], [-7.161, 57.623]]], [[[-7.178, 57.622], [-7.179, 57.624], [-7.178, 57.624], [-7.177, 57.624], [-7.178, 57.622]]], [[[-7.17, 57.622], [-7.172, 57.622], [-7.167, 57.622], [-7.17, 57.622]]], [[[-7.194, 57.62], [-7.198, 57.621], [-7.195, 57.621], [-7.194, 57.62]]], [[[-7.173, 57.621], [-7.174, 57.621], [-7.173, 57.621], [-7.173, 57.621]]], [[[-7.138, 57.622], [-7.14, 57.623], [-7.137, 57.623], [-7.138, 57.622]]], [[[-7.175, 57.621], [-7.176, 57.621], [-7.177, 57.621], [-7.176, 57.622], [-7.174, 57.621], [-7.175, 57.621]]], [[[-7.189, 57.62], [-7.19, 57.62], [-7.188, 57.62], [-7.189, 57.62]]], [[[-7.138, 57.621], [-7.139, 57.621], [-7.139, 57.622], [-7.138, 57.622], [-7.138, 57.621]]], [[[-7.135, 57.622], [-7.136, 57.622], [-7.133, 57.622], [-7.135, 57.622]]], [[[-7.182, 57.62], [-7.187, 57.62], [-7.189, 57.621], [-7.178, 57.622], [-7.182, 57.62]]], [[[-7.16, 57.62], [-7.161, 57.622], [-7.156, 57.621], [-7.159, 57.621], [-7.16, 57.62]]], [[[-7.162, 57.62], [-7.163, 57.62], [-7.163, 57.62], [-7.162, 57.62]]], [[[-7.178, 57.619], [-7.179, 57.619], [-7.178, 57.62], [-7.178, 57.619]]], [[[-7.136, 57.621], [-7.136, 57.621], [-7.137, 57.621], [-7.136, 57.621], [-7.136, 57.621]]], [[[-7.183, 57.619], [-7.184, 57.619], [-7.185, 57.619], [-7.183, 57.619], [-7.183, 57.619]]], [[[-7.142, 57.62], [-7.144, 57.621], [-7.145, 57.621], [-7.14, 57.621], [-7.142, 57.62]]], [[[-7.135, 57.62], [-7.135, 57.62], [-7.131, 57.62], [-7.135, 57.62]]], [[[-7.593, 57.6], [-7.595, 57.601], [-7.592, 57.6], [-7.593, 57.6]]], [[[-7.15, 57.619], [-7.153, 57.619], [-7.144, 57.62], [-7.146, 57.619], [-7.15, 57.619]]], [[[-7.177, 57.617], [-7.178, 57.617], [-7.179, 57.618], [-7.178, 57.618], [-7.177, 57.617]]], [[[-7.154, 57.618], [-7.156, 57.618], [-7.154, 57.618], [-7.154, 57.618]]], [[[-7.174, 57.617], [-7.176, 57.617], [-7.172, 57.617], [-7.174, 57.617], [-7.174, 57.617]]], [[[-7.165, 57.616], [-7.167, 57.616], [-7.168, 57.617], [-7.165, 57.617], [-7.165, 57.616]]], [[[-7.16, 57.616], [-7.162, 57.616], [-7.164, 57.617], [-7.159, 57.617], [-7.16, 57.616]]], [[[-7.14, 57.616], [-7.142, 57.618], [-7.149, 57.618], [-7.134, 57.618], [-7.14, 57.616]]], [[[-7.152, 57.615], [-7.154, 57.615], [-7.154, 57.616], [-7.154, 57.616], [-7.152, 57.615]]], [[[-7.154, 57.614], [-7.156, 57.614], [-7.156, 57.615], [-7.153, 57.614], [-7.154, 57.614]]], [[[-7.54, 57.596], [-7.541, 57.596], [-7.539, 57.596], [-7.54, 57.596]]], [[[-7.137, 57.612], [-7.138, 57.614], [-7.145, 57.615], [-7.138, 57.616], [-7.137, 57.612]]], [[[-7.148, 57.611], [-7.15, 57.611], [-7.15, 57.611], [-7.149, 57.611], [-7.148, 57.611]]], [[[-7.139, 57.609], [-7.14, 57.609], [-7.138, 57.609], [-7.139, 57.609]]], [[[-7.142, 57.608], [-7.145, 57.609], [-7.146, 57.61], [-7.144, 57.609], [-7.142, 57.608]]], [[[-7.141, 57.607], [-7.141, 57.608], [-7.14, 57.607], [-7.141, 57.607]]], [[[-7.12, 57.608], [-7.13, 57.611], [-7.127, 57.618], [-7.119, 57.612], [-7.12, 57.608]]], [[[-7.534, 57.59], [-7.535, 57.591], [-7.533, 57.591], [-7.534, 57.59], [-7.534, 57.59]]], [[[-7.13, 57.606], [-7.133, 57.607], [-7.136, 57.607], [-7.131, 57.607], [-7.13, 57.606]]], [[[-7.142, 57.605], [-7.142, 57.606], [-7.141, 57.606], [-7.141, 57.606], [-7.142, 57.605]]], [[[-7.152, 57.603], [-7.153, 57.603], [-7.151, 57.603], [-7.152, 57.603]]], [[[-7.158, 57.602], [-7.157, 57.604], [-7.156, 57.603], [-7.158, 57.602]]], [[[-7.135, 57.602], [-7.138, 57.603], [-7.14, 57.604], [-7.133, 57.603], [-7.135, 57.602]]], [[[-7.154, 57.601], [-7.155, 57.601], [-7.151, 57.601], [-7.153, 57.601], [-7.154, 57.601]]], [[[-7.172, 57.597], [-7.174, 57.597], [-7.174, 57.598], [-7.172, 57.597], [-7.172, 57.597]]], [[[-7.112, 57.599], [-7.114, 57.599], [-7.114, 57.6], [-7.111, 57.6], [-7.112, 57.599]]], [[[-7.161, 57.597], [-7.163, 57.597], [-7.161, 57.597], [-7.161, 57.597]]], [[[-7.139, 57.597], [-7.14, 57.598], [-7.137, 57.598], [-7.137, 57.597], [-7.139, 57.597]]], [[[-7.144, 57.596], [-7.145, 57.596], [-7.143, 57.596], [-7.144, 57.596]]], [[[-7.098, 57.592], [-7.098, 57.593], [-7.097, 57.594], [-7.098, 57.592]]], [[[-7.157, 57.589], [-7.158, 57.589], [-7.161, 57.591], [-7.154, 57.591], [-7.157, 57.589]]], [[[-7.151, 57.589], [-7.152, 57.589], [-7.151, 57.59], [-7.151, 57.589]]], [[[-7.153, 57.588], [-7.154, 57.589], [-7.152, 57.588], [-7.153, 57.588]]], [[[-7.101, 57.586], [-7.102, 57.587], [-7.101, 57.587], [-7.101, 57.586], [-7.101, 57.586]]], [[[-7.613, 57.564], [-7.614, 57.564], [-7.613, 57.565], [-7.613, 57.564]]], [[[-7.426, 57.57], [-7.423, 57.572], [-7.42, 57.572], [-7.422, 57.571], [-7.426, 57.57]]], [[[-7.403, 57.567], [-7.41, 57.569], [-7.407, 57.57], [-7.403, 57.567]]], [[[-7.409, 57.563], [-7.41, 57.564], [-7.407, 57.565], [-7.408, 57.564], [-7.409, 57.563]]], [[[-7.252, 57.567], [-7.254, 57.567], [-7.254, 57.567], [-7.252, 57.567]]], [[[-7.25, 57.566], [-7.251, 57.566], [-7.25, 57.566], [-7.25, 57.566]]], [[[-7.416, 57.559], [-7.421, 57.561], [-7.403, 57.562], [-7.407, 57.559], [-7.416, 57.559]]], [[[-7.252, 57.565], [-7.253, 57.565], [-7.253, 57.566], [-7.252, 57.565], [-7.252, 57.565]]], [[[-7.255, 57.563], [-7.256, 57.563], [-7.256, 57.563], [-7.255, 57.563], [-7.255, 57.563]]], [[[-7.273, 57.561], [-7.272, 57.562], [-7.272, 57.562], [-7.273, 57.561]]], [[[-7.252, 57.562], [-7.252, 57.562], [-7.251, 57.563], [-7.252, 57.562]]], [[[-7.267, 57.561], [-7.269, 57.561], [-7.264, 57.562], [-7.265, 57.561], [-7.267, 57.561]]], [[[-7.731, 57.54], [-7.733, 57.541], [-7.733, 57.541], [-7.731, 57.541], [-7.731, 57.54]]], [[[-7.252, 57.558], [-7.253, 57.558], [-7.253, 57.56], [-7.251, 57.56], [-7.252, 57.558]]], [[[-7.286, 57.556], [-7.286, 57.557], [-7.285, 57.557], [-7.286, 57.556]]], [[[-7.412, 57.55], [-7.432, 57.557], [-7.438, 57.568], [-7.431, 57.569], [-7.421, 57.558], [-7.402, 57.554], [-7.412, 57.55]]], [[[-7.293, 57.555], [-7.297, 57.555], [-7.3, 57.557], [-7.286, 57.555], [-7.293, 57.555]]], [[[-7.281, 57.555], [-7.282, 57.555], [-7.281, 57.556], [-7.281, 57.555]]], [[[-7.722, 57.536], [-7.723, 57.536], [-7.723, 57.537], [-7.721, 57.536], [-7.722, 57.536]]], [[[-7.295, 57.554], [-7.295, 57.555], [-7.294, 57.554], [-7.295, 57.554]]], [[[-7.262, 57.555], [-7.263, 57.555], [-7.262, 57.555], [-7.262, 57.555]]], [[[-7.185, 57.558], [-7.187, 57.558], [-7.184, 57.559], [-7.185, 57.558]]], [[[-7.199, 57.557], [-7.201, 57.557], [-7.201, 57.557], [-7.2, 57.557], [-7.199, 57.557]]], [[[-7.268, 57.553], [-7.271, 57.554], [-7.262, 57.554], [-7.266, 57.554], [-7.268, 57.553]]], [[[-7.289, 57.552], [-7.289, 57.553], [-7.291, 57.553], [-7.288, 57.553], [-7.289, 57.552]]], [[[-7.215, 57.555], [-7.214, 57.556], [-7.213, 57.555], [-7.215, 57.555]]], [[[-7.288, 57.552], [-7.289, 57.552], [-7.286, 57.553], [-7.286, 57.552], [-7.288, 57.552]]], [[[-7.376, 57.547], [-7.378, 57.547], [-7.375, 57.548], [-7.376, 57.547]]], [[[-7.241, 57.552], [-7.241, 57.552], [-7.24, 57.552], [-7.241, 57.552]]], [[[-7.376, 57.546], [-7.378, 57.546], [-7.378, 57.546], [-7.376, 57.547], [-7.376, 57.546]]], [[[-7.212, 57.552], [-7.213, 57.553], [-7.211, 57.553], [-7.212, 57.552]]], [[[-7.135, 57.555], [-7.136, 57.556], [-7.136, 57.556], [-7.135, 57.555]]], [[[-7.684, 57.532], [-7.683, 57.533], [-7.681, 57.533], [-7.682, 57.532], [-7.684, 57.532]]], [[[-7.141, 57.555], [-7.142, 57.555], [-7.139, 57.555], [-7.14, 57.555], [-7.141, 57.555]]], [[[-7.171, 57.553], [-7.174, 57.553], [-7.17, 57.553], [-7.171, 57.553]]], [[[-7.686, 57.53], [-7.687, 57.53], [-7.682, 57.531], [-7.682, 57.531], [-7.686, 57.53]]], [[[-7.688, 57.529], [-7.689, 57.53], [-7.687, 57.53], [-7.688, 57.529]]], [[[-7.684, 57.529], [-7.687, 57.529], [-7.682, 57.53], [-7.684, 57.529]]], [[[-7.168, 57.551], [-7.169, 57.551], [-7.166, 57.552], [-7.166, 57.551], [-7.168, 57.551]]], [[[-7.581, 57.533], [-7.584, 57.535], [-7.584, 57.536], [-7.581, 57.533], [-7.581, 57.533]]], [[[-7.687, 57.527], [-7.689, 57.528], [-7.689, 57.528], [-7.686, 57.529], [-7.687, 57.527]]], [[[-7.193, 57.548], [-7.192, 57.548], [-7.192, 57.548], [-7.193, 57.548]]], [[[-7.184, 57.547], [-7.184, 57.547], [-7.184, 57.547], [-7.184, 57.547]]], [[[-7.183, 57.547], [-7.183, 57.547], [-7.183, 57.547], [-7.183, 57.547]]], [[[-7.182, 57.547], [-7.183, 57.547], [-7.182, 57.547], [-7.182, 57.547]]], [[[-7.183, 57.547], [-7.183, 57.547], [-7.183, 57.547], [-7.183, 57.547]]], [[[-7.693, 57.525], [-7.694, 57.525], [-7.697, 57.526], [-7.692, 57.528], [-7.693, 57.525]]], [[[-7.183, 57.547], [-7.183, 57.547], [-7.183, 57.547], [-7.183, 57.547]]], [[[-7.193, 57.546], [-7.193, 57.546], [-7.193, 57.546], [-7.193, 57.546]]], [[[-7.192, 57.546], [-7.193, 57.546], [-7.191, 57.546], [-7.192, 57.546]]], [[[-7.192, 57.545], [-7.192, 57.545], [-7.192, 57.545], [-7.192, 57.545]]], [[[-7.192, 57.545], [-7.192, 57.545], [-7.192, 57.545], [-7.192, 57.545]]], [[[-7.196, 57.545], [-7.196, 57.545], [-7.196, 57.545], [-7.196, 57.545]]], [[[-7.191, 57.544], [-7.191, 57.544], [-7.191, 57.544], [-7.191, 57.544]]], [[[-7.181, 57.544], [-7.183, 57.545], [-7.185, 57.546], [-7.184, 57.546], [-7.181, 57.544]]], [[[-7.188, 57.544], [-7.188, 57.544], [-7.187, 57.544], [-7.188, 57.544]]], [[[-7.19, 57.544], [-7.19, 57.544], [-7.19, 57.544], [-7.19, 57.544]]], [[[-7.178, 57.543], [-7.178, 57.543], [-7.178, 57.543], [-7.178, 57.543]]], [[[-7.201, 57.542], [-7.202, 57.542], [-7.2, 57.542], [-7.201, 57.542]]], [[[-7.184, 57.543], [-7.184, 57.543], [-7.184, 57.543], [-7.183, 57.543], [-7.184, 57.543]]], [[[-7.187, 57.542], [-7.187, 57.542], [-7.187, 57.542], [-7.187, 57.542]]], [[[-7.193, 57.542], [-7.196, 57.542], [-7.197, 57.543], [-7.195, 57.545], [-7.192, 57.545], [-7.19, 57.543], [-7.193, 57.542]]], [[[-7.202, 57.541], [-7.202, 57.541], [-7.202, 57.541], [-7.202, 57.541]]], [[[-7.181, 57.541], [-7.181, 57.542], [-7.181, 57.541], [-7.181, 57.541]]], [[[-7.178, 57.542], [-7.177, 57.542], [-7.177, 57.542], [-7.178, 57.542]]], [[[-7.179, 57.541], [-7.18, 57.542], [-7.178, 57.542], [-7.179, 57.541]]], [[[-7.201, 57.54], [-7.201, 57.54], [-7.201, 57.54], [-7.201, 57.54]]], [[[-7.175, 57.54], [-7.176, 57.54], [-7.175, 57.54], [-7.175, 57.54]]], [[[-7.672, 57.519], [-7.68, 57.524], [-7.647, 57.535], [-7.64, 57.527], [-7.672, 57.519]]], [[[-7.177, 57.54], [-7.177, 57.54], [-7.176, 57.54], [-7.177, 57.54]]], [[[-7.173, 57.539], [-7.174, 57.539], [-7.173, 57.539], [-7.173, 57.539]]], [[[-7.184, 57.539], [-7.185, 57.539], [-7.185, 57.539], [-7.184, 57.539]]], [[[-7.186, 57.539], [-7.186, 57.539], [-7.186, 57.539], [-7.186, 57.539]]], [[[-7.185, 57.539], [-7.185, 57.539], [-7.185, 57.539], [-7.185, 57.539]]], [[[-7.173, 57.539], [-7.173, 57.539], [-7.173, 57.539], [-7.173, 57.539]]], [[[-7.189, 57.538], [-7.189, 57.539], [-7.189, 57.539], [-7.189, 57.538]]], [[[-7.17, 57.539], [-7.173, 57.539], [-7.174, 57.54], [-7.169, 57.539], [-7.17, 57.539]]], [[[-7.185, 57.538], [-7.185, 57.539], [-7.185, 57.538], [-7.185, 57.538]]], [[[-7.182, 57.539], [-7.182, 57.539], [-7.182, 57.539], [-7.182, 57.539]]], [[[-7.185, 57.538], [-7.186, 57.539], [-7.185, 57.539], [-7.185, 57.538]]], [[[-7.173, 57.539], [-7.173, 57.539], [-7.172, 57.539], [-7.173, 57.539]]], [[[-7.194, 57.538], [-7.198, 57.54], [-7.19, 57.539], [-7.193, 57.538], [-7.194, 57.538]]], [[[-7.634, 57.519], [-7.638, 57.519], [-7.64, 57.526], [-7.631, 57.524], [-7.634, 57.519]]], [[[-7.604, 57.52], [-7.605, 57.52], [-7.604, 57.52], [-7.604, 57.52]]], [[[-7.201, 57.537], [-7.201, 57.538], [-7.2, 57.538], [-7.2, 57.537], [-7.201, 57.537]]], [[[-7.179, 57.537], [-7.181, 57.539], [-7.191, 57.541], [-7.179, 57.541], [-7.179, 57.537]]], [[[-7.176, 57.537], [-7.175, 57.538], [-7.174, 57.538], [-7.175, 57.537], [-7.176, 57.537]]], [[[-7.214, 57.536], [-7.215, 57.536], [-7.213, 57.536], [-7.214, 57.536]]], [[[-7.165, 57.537], [-7.166, 57.538], [-7.165, 57.538], [-7.165, 57.537]]], [[[-7.177, 57.537], [-7.178, 57.537], [-7.178, 57.537], [-7.177, 57.537]]], [[[-7.175, 57.537], [-7.175, 57.537], [-7.175, 57.537], [-7.175, 57.537]]], [[[-7.174, 57.537], [-7.175, 57.537], [-7.174, 57.537], [-7.174, 57.537]]], [[[-7.177, 57.537], [-7.177, 57.537], [-7.177, 57.537], [-7.177, 57.537]]], [[[-7.338, 57.529], [-7.339, 57.53], [-7.34, 57.53], [-7.338, 57.53], [-7.338, 57.529]]], [[[-7.168, 57.536], [-7.168, 57.536], [-7.168, 57.536], [-7.168, 57.536]]], [[[-7.166, 57.536], [-7.167, 57.537], [-7.168, 57.537], [-7.167, 57.537], [-7.166, 57.536]]], [[[-7.167, 57.536], [-7.167, 57.536], [-7.167, 57.536], [-7.167, 57.536]]], [[[-7.166, 57.536], [-7.166, 57.536], [-7.166, 57.536], [-7.166, 57.536]]], [[[-7.344, 57.528], [-7.342, 57.531], [-7.337, 57.532], [-7.338, 57.531], [-7.344, 57.528]]], [[[-7.204, 57.533], [-7.204, 57.534], [-7.204, 57.533], [-7.204, 57.533]]], [[[-7.168, 57.535], [-7.169, 57.536], [-7.167, 57.535], [-7.168, 57.535]]], [[[-7.208, 57.531], [-7.208, 57.532], [-7.207, 57.532], [-7.208, 57.531]]], [[[-7.335, 57.525], [-7.338, 57.526], [-7.337, 57.527], [-7.332, 57.527], [-7.335, 57.525]]], [[[-7.209, 57.53], [-7.21, 57.53], [-7.209, 57.53], [-7.209, 57.53]]], [[[-7.619, 57.51], [-7.627, 57.518], [-7.622, 57.527], [-7.602, 57.533], [-7.619, 57.51]]], [[[-7.323, 57.521], [-7.326, 57.521], [-7.327, 57.523], [-7.325, 57.524], [-7.323, 57.521]]], [[[-7.63, 57.507], [-7.632, 57.508], [-7.628, 57.508], [-7.628, 57.507], [-7.63, 57.507]]], [[[-7.213, 57.524], [-7.213, 57.524], [-7.213, 57.524], [-7.213, 57.524]]], [[[-7.33, 57.519], [-7.332, 57.52], [-7.331, 57.521], [-7.33, 57.52], [-7.33, 57.519]]], [[[-7.305, 57.52], [-7.308, 57.52], [-7.307, 57.52], [-7.306, 57.52], [-7.305, 57.52]]], [[[-7.207, 57.523], [-7.207, 57.523], [-7.207, 57.523], [-7.207, 57.523]]], [[[-7.206, 57.522], [-7.206, 57.522], [-7.205, 57.522], [-7.206, 57.522]]], [[[-7.27, 57.516], [-7.272, 57.516], [-7.274, 57.517], [-7.271, 57.517], [-7.27, 57.516]]], [[[-7.271, 57.516], [-7.272, 57.516], [-7.27, 57.516], [-7.271, 57.516]]], [[[-7.336, 57.513], [-7.335, 57.516], [-7.333, 57.517], [-7.334, 57.514], [-7.336, 57.513]]], [[[-7.289, 57.512], [-7.29, 57.512], [-7.291, 57.513], [-7.289, 57.513], [-7.289, 57.512]]], [[[-7.277, 57.513], [-7.278, 57.513], [-7.279, 57.514], [-7.277, 57.514], [-7.277, 57.513]]], [[[-7.274, 57.508], [-7.28, 57.508], [-7.282, 57.509], [-7.272, 57.509], [-7.274, 57.508]]], [[[-7.197, 57.511], [-7.2, 57.513], [-7.2, 57.514], [-7.195, 57.513], [-7.197, 57.511]]], [[[-7.19, 57.51], [-7.192, 57.511], [-7.195, 57.512], [-7.188, 57.511], [-7.19, 57.51]]], [[[-7.275, 57.506], [-7.278, 57.506], [-7.278, 57.507], [-7.274, 57.507], [-7.275, 57.506]]], [[[-7.182, 57.51], [-7.184, 57.51], [-7.183, 57.511], [-7.182, 57.51]]], [[[-7.236, 57.507], [-7.236, 57.507], [-7.233, 57.508], [-7.233, 57.508], [-7.236, 57.507]]], [[[-7.227, 57.508], [-7.228, 57.508], [-7.226, 57.508], [-7.227, 57.508]]], [[[-7.271, 57.505], [-7.273, 57.506], [-7.274, 57.506], [-7.27, 57.506], [-7.271, 57.505]]], [[[-7.284, 57.505], [-7.286, 57.506], [-7.284, 57.505], [-7.284, 57.505]]], [[[-7.19, 57.509], [-7.19, 57.509], [-7.189, 57.509], [-7.19, 57.509]]], [[[-7.191, 57.508], [-7.193, 57.509], [-7.194, 57.509], [-7.193, 57.509], [-7.191, 57.508]]], [[[-7.265, 57.505], [-7.265, 57.505], [-7.264, 57.505], [-7.265, 57.505]]], [[[-7.267, 57.504], [-7.267, 57.505], [-7.265, 57.504], [-7.267, 57.504]]], [[[-7.27, 57.504], [-7.271, 57.505], [-7.268, 57.505], [-7.268, 57.504], [-7.27, 57.504]]], [[[-7.258, 57.504], [-7.258, 57.504], [-7.256, 57.504], [-7.258, 57.504]]], [[[-7.205, 57.506], [-7.209, 57.506], [-7.21, 57.507], [-7.207, 57.507], [-7.205, 57.506]]], [[[-7.216, 57.505], [-7.217, 57.505], [-7.218, 57.506], [-7.215, 57.506], [-7.216, 57.505]]], [[[-7.224, 57.505], [-7.223, 57.505], [-7.223, 57.505], [-7.224, 57.505]]], [[[-7.197, 57.506], [-7.199, 57.506], [-7.196, 57.506], [-7.197, 57.506]]], [[[-7.256, 57.503], [-7.257, 57.503], [-7.255, 57.503], [-7.256, 57.503]]], [[[-7.22, 57.504], [-7.221, 57.505], [-7.222, 57.505], [-7.219, 57.505], [-7.218, 57.504], [-7.22, 57.504]]], [[[-7.209, 57.504], [-7.21, 57.505], [-7.208, 57.505], [-7.209, 57.504]]], [[[-7.355, 57.497], [-7.369, 57.502], [-7.375, 57.52], [-7.404, 57.542], [-7.405, 57.548], [-7.387, 57.535], [-7.382, 57.546], [-7.359, 57.539], [-7.358, 57.543], [-7.353, 57.541], [-7.344, 57.543], [-7.356, 57.551], [-7.311, 57.554], [-7.363, 57.555], [-7.41, 57.571], [-7.408, 57.584], [-7.442, 57.588], [-7.43, 57.578], [-7.483, 57.568], [-7.494, 57.582], [-7.483, 57.591], [-7.489, 57.59], [-7.489, 57.593], [-7.493, 57.595], [-7.498, 57.594], [-7.491, 57.585], [-7.504, 57.583], [-7.549, 57.603], [-7.521, 57.605], [-7.514, 57.619], [-7.527, 57.622], [-7.5, 57.627], [-7.504, 57.639], [-7.486, 57.651], [-7.49, 57.658], [-7.495, 57.659], [-7.484, 57.663], [-7.461, 57.658], [-7.449, 57.663], [-7.44, 57.653], [-7.409, 57.643], [-7.43, 57.641], [-7.383, 57.631], [-7.376, 57.659], [-7.34, 57.669], [-7.345, 57.681], [-7.315, 57.694], [-7.309, 57.687], [-7.324, 57.679], [-7.313, 57.667], [-7.321, 57.674], [-7.337, 57.658], [-7.292, 57.653], [-7.292, 57.641], [-7.285, 57.653], [-7.243, 57.656], [-7.278, 57.665], [-7.223, 57.69], [-7.208, 57.683], [-7.192, 57.698], [-7.167, 57.682], [-7.183, 57.681], [-7.156, 57.677], [-7.159, 57.668], [-7.184, 57.661], [-7.165, 57.66], [-7.167, 57.657], [-7.208, 57.66], [-7.214, 57.657], [-7.172, 57.645], [-7.153, 57.65], [-7.163, 57.655], [-7.15, 57.649], [-7.135, 57.651], [-7.141, 57.649], [-7.138, 57.639], [-7.1, 57.649], [-7.123, 57.658], [-7.116, 57.662], [-7.063, 57.642], [-7.1, 57.608], [-7.132, 57.626], [-7.116, 57.634], [-7.148, 57.628], [-7.175, 57.64], [-7.165, 57.637], [-7.165, 57.644], [-7.173, 57.641], [-7.175, 57.644], [-7.186, 57.646], [-7.219, 57.64], [-7.188, 57.631], [-7.204, 57.622], [-7.191, 57.615], [-7.178, 57.617], [-7.152, 57.613], [-7.182, 57.612], [-7.154, 57.609], [-7.163, 57.602], [-7.155, 57.597], [-7.172, 57.604], [-7.164, 57.597], [-7.178, 57.599], [-7.183, 57.598], [-7.163, 57.595], [-7.187, 57.593], [-7.101, 57.594], [-7.135, 57.559], [-7.187, 57.566], [-7.179, 57.56], [-7.259, 57.554], [-7.259, 57.556], [-7.27, 57.559], [-7.249, 57.558], [-7.247, 57.568], [-7.256, 57.574], [-7.254, 57.564], [-7.29, 57.563], [-7.272, 57.56], [-7.272, 57.555], [-7.292, 57.559], [-7.291, 57.562], [-7.294, 57.562], [-7.296, 57.567], [-7.297, 57.568], [-7.298, 57.568], [-7.296, 57.561], [-7.293, 57.561], [-7.306, 57.557], [-7.284, 57.546], [-7.135, 57.554], [-7.146, 57.516], [-7.17, 57.513], [-7.146, 57.513], [-7.148, 57.51], [-7.221, 57.52], [-7.198, 57.51], [-7.237, 57.515], [-7.227, 57.509], [-7.249, 57.507], [-7.269, 57.514], [-7.259, 57.517], [-7.267, 57.523], [-7.285, 57.52], [-7.275, 57.517], [-7.264, 57.509], [-7.261, 57.506], [-7.263, 57.503], [-7.264, 57.506], [-7.27, 57.505], [-7.265, 57.508], [-7.277, 57.516], [-7.313, 57.522], [-7.298, 57.511], [-7.313, 57.508], [-7.327, 57.513], [-7.317, 57.524], [-7.326, 57.535], [-7.345, 57.542], [-7.358, 57.525], [-7.348, 57.515], [-7.363, 57.501], [-7.355, 57.497]]], [[[-7.208, 57.519], [-7.198, 57.536], [-7.166, 57.534], [-7.162, 57.537], [-7.175, 57.546], [-7.19, 57.55], [-7.198, 57.549], [-7.218, 57.535], [-7.208, 57.519]]], [[[-7.211, 57.504], [-7.212, 57.504], [-7.209, 57.504], [-7.211, 57.504]]], [[[-7.275, 57.501], [-7.276, 57.501], [-7.275, 57.502], [-7.274, 57.502], [-7.275, 57.501]]], [[[-7.253, 57.502], [-7.253, 57.502], [-7.252, 57.502], [-7.253, 57.502]]], [[[-7.179, 57.505], [-7.178, 57.505], [-7.175, 57.505], [-7.175, 57.505], [-7.179, 57.505]]], [[[-7.231, 57.502], [-7.231, 57.503], [-7.23, 57.503], [-7.23, 57.502], [-7.231, 57.502]]], [[[-7.348, 57.497], [-7.347, 57.501], [-7.339, 57.5], [-7.34, 57.499], [-7.348, 57.497]]], [[[-7.181, 57.504], [-7.194, 57.505], [-7.196, 57.505], [-7.184, 57.509], [-7.181, 57.504]]], [[[-7.202, 57.503], [-7.205, 57.503], [-7.206, 57.504], [-7.204, 57.504], [-7.202, 57.503]]], [[[-7.219, 57.503], [-7.22, 57.503], [-7.222, 57.504], [-7.217, 57.503], [-7.219, 57.503]]], [[[-7.158, 57.505], [-7.159, 57.506], [-7.156, 57.506], [-7.156, 57.505], [-7.158, 57.505]]], [[[-7.145, 57.505], [-7.148, 57.505], [-7.154, 57.507], [-7.142, 57.508], [-7.145, 57.505]]], [[[-7.237, 57.501], [-7.238, 57.501], [-7.238, 57.502], [-7.237, 57.501]]], [[[-7.151, 57.505], [-7.155, 57.505], [-7.156, 57.506], [-7.155, 57.507], [-7.151, 57.505]]], [[[-7.299, 57.499], [-7.303, 57.501], [-7.3, 57.503], [-7.295, 57.5], [-7.299, 57.499]]], [[[-7.157, 57.504], [-7.157, 57.505], [-7.156, 57.504], [-7.157, 57.504]]], [[[-7.165, 57.504], [-7.167, 57.506], [-7.161, 57.506], [-7.165, 57.505], [-7.165, 57.504]]], [[[-7.289, 57.498], [-7.293, 57.499], [-7.296, 57.501], [-7.289, 57.5], [-7.289, 57.498]]], [[[-7.174, 57.503], [-7.176, 57.503], [-7.175, 57.503], [-7.174, 57.503]]], [[[-7.226, 57.501], [-7.227, 57.501], [-7.227, 57.502], [-7.223, 57.501], [-7.226, 57.501]]], [[[-7.241, 57.5], [-7.242, 57.5], [-7.242, 57.5], [-7.24, 57.5], [-7.241, 57.5]]], [[[-7.186, 57.502], [-7.188, 57.503], [-7.184, 57.503], [-7.186, 57.502]]], [[[-7.198, 57.501], [-7.199, 57.502], [-7.202, 57.502], [-7.2, 57.503], [-7.199, 57.503], [-7.198, 57.501]]], [[[-7.231, 57.5], [-7.233, 57.5], [-7.233, 57.5], [-7.232, 57.5], [-7.231, 57.5]]], [[[-7.202, 57.501], [-7.205, 57.502], [-7.206, 57.502], [-7.201, 57.501], [-7.202, 57.501]]], [[[-7.168, 57.498], [-7.168, 57.498], [-7.167, 57.498], [-7.167, 57.498], [-7.168, 57.498]]], [[[-7.21, 57.495], [-7.211, 57.496], [-7.211, 57.496], [-7.21, 57.496], [-7.21, 57.495]]], [[[-7.166, 57.497], [-7.167, 57.497], [-7.168, 57.497], [-7.166, 57.497], [-7.166, 57.497]]], [[[-7.288, 57.49], [-7.29, 57.49], [-7.289, 57.491], [-7.288, 57.49]]], [[[-7.339, 57.487], [-7.34, 57.492], [-7.333, 57.489], [-7.333, 57.488], [-7.339, 57.487]]], [[[-7.271, 57.49], [-7.274, 57.49], [-7.276, 57.492], [-7.269, 57.492], [-7.268, 57.491], [-7.271, 57.49]]], [[[-7.154, 57.495], [-7.163, 57.501], [-7.143, 57.501], [-7.147, 57.5], [-7.154, 57.495]]], [[[-7.158, 57.494], [-7.159, 57.494], [-7.159, 57.495], [-7.158, 57.495], [-7.158, 57.494]]], [[[-7.212, 57.491], [-7.214, 57.491], [-7.217, 57.492], [-7.213, 57.492], [-7.212, 57.491]]], [[[-7.272, 57.486], [-7.275, 57.489], [-7.278, 57.489], [-7.272, 57.49], [-7.269, 57.489], [-7.272, 57.486]]], [[[-7.163, 57.49], [-7.161, 57.493], [-7.158, 57.491], [-7.16, 57.491], [-7.163, 57.49]]], [[[-7.157, 57.49], [-7.16, 57.49], [-7.158, 57.491], [-7.157, 57.49]]], [[[-7.26, 57.483], [-7.261, 57.483], [-7.262, 57.483], [-7.261, 57.483], [-7.26, 57.483]]], [[[-7.265, 57.482], [-7.268, 57.482], [-7.27, 57.484], [-7.267, 57.484], [-7.265, 57.482]]], [[[-7.263, 57.482], [-7.264, 57.482], [-7.263, 57.482], [-7.263, 57.482]]], [[[-7.258, 57.481], [-7.262, 57.481], [-7.262, 57.482], [-7.26, 57.482], [-7.258, 57.481]]], [[[-7.195, 57.483], [-7.197, 57.484], [-7.196, 57.484], [-7.195, 57.483]]], [[[-7.263, 57.48], [-7.263, 57.48], [-7.261, 57.48], [-7.263, 57.48]]], [[[-7.409, 57.473], [-7.41, 57.474], [-7.406, 57.473], [-7.408, 57.473], [-7.409, 57.473]]], [[[-7.198, 57.48], [-7.201, 57.481], [-7.203, 57.482], [-7.2, 57.484], [-7.193, 57.481], [-7.198, 57.48]]], [[[-7.197, 57.48], [-7.196, 57.48], [-7.196, 57.48], [-7.197, 57.48]]], [[[-7.195, 57.48], [-7.195, 57.48], [-7.195, 57.48], [-7.195, 57.48]]], [[[-7.196, 57.479], [-7.196, 57.48], [-7.196, 57.48], [-7.196, 57.479]]], [[[-7.255, 57.477], [-7.256, 57.477], [-7.256, 57.477], [-7.256, 57.477], [-7.255, 57.477]]], [[[-7.2, 57.479], [-7.202, 57.479], [-7.203, 57.48], [-7.2, 57.479], [-7.2, 57.479]]], [[[-7.225, 57.477], [-7.226, 57.477], [-7.227, 57.478], [-7.226, 57.478], [-7.225, 57.477]]], [[[-7.193, 57.478], [-7.194, 57.479], [-7.194, 57.48], [-7.192, 57.48], [-7.193, 57.478]]], [[[-7.198, 57.477], [-7.199, 57.477], [-7.199, 57.478], [-7.198, 57.477]]], [[[-7.199, 57.477], [-7.199, 57.477], [-7.199, 57.477], [-7.199, 57.477]]], [[[-7.166, 57.478], [-7.168, 57.479], [-7.163, 57.479], [-7.165, 57.478], [-7.166, 57.478]]], [[[-7.233, 57.474], [-7.236, 57.475], [-7.236, 57.476], [-7.231, 57.476], [-7.233, 57.474]]], [[[-7.191, 57.476], [-7.192, 57.476], [-7.192, 57.476], [-7.191, 57.476]]], [[[-7.206, 57.474], [-7.207, 57.475], [-7.205, 57.475], [-7.206, 57.474]]], [[[-7.21, 57.474], [-7.273, 57.497], [-7.273, 57.494], [-7.278, 57.494], [-7.277, 57.493], [-7.291, 57.491], [-7.263, 57.503], [-7.248, 57.502], [-7.255, 57.504], [-7.255, 57.506], [-7.232, 57.504], [-7.248, 57.501], [-7.238, 57.497], [-7.217, 57.499], [-7.222, 57.489], [-7.201, 57.475], [-7.214, 57.476], [-7.21, 57.474]]], [[[-7.204, 57.474], [-7.205, 57.474], [-7.205, 57.475], [-7.203, 57.474], [-7.204, 57.474]]], [[[-7.265, 57.471], [-7.27, 57.472], [-7.281, 57.481], [-7.258, 57.478], [-7.265, 57.471]]], [[[-7.208, 57.473], [-7.209, 57.474], [-7.206, 57.474], [-7.208, 57.473]]], [[[-7.213, 57.471], [-7.215, 57.471], [-7.214, 57.472], [-7.213, 57.471]]], [[[-7.261, 57.469], [-7.261, 57.47], [-7.259, 57.47], [-7.259, 57.47], [-7.261, 57.469]]], [[[-7.209, 57.468], [-7.211, 57.468], [-7.213, 57.469], [-7.206, 57.469], [-7.209, 57.468]]], [[[-7.181, 57.469], [-7.194, 57.474], [-7.189, 57.484], [-7.208, 57.49], [-7.204, 57.498], [-7.177, 57.491], [-7.196, 57.502], [-7.19, 57.5], [-7.172, 57.503], [-7.16, 57.494], [-7.175, 57.487], [-7.158, 57.484], [-7.174, 57.481], [-7.169, 57.473], [-7.181, 57.469]]], [[[-7.195, 57.458], [-7.196, 57.458], [-7.197, 57.461], [-7.193, 57.46], [-7.195, 57.458]]], [[[-7.201, 57.456], [-7.204, 57.457], [-7.202, 57.457], [-7.201, 57.456]]], [[[-7.22, 57.455], [-7.22, 57.455], [-7.219, 57.455], [-7.22, 57.455]]], [[[-7.221, 57.455], [-7.222, 57.455], [-7.22, 57.455], [-7.221, 57.455]]], [[[-7.194, 57.456], [-7.195, 57.456], [-7.196, 57.457], [-7.194, 57.457], [-7.194, 57.456]]], [[[-7.183, 57.456], [-7.185, 57.456], [-7.185, 57.456], [-7.185, 57.457], [-7.182, 57.457], [-7.183, 57.456]]], [[[-7.192, 57.456], [-7.193, 57.458], [-7.19, 57.459], [-7.19, 57.456], [-7.192, 57.456]]], [[[-7.224, 57.453], [-7.234, 57.457], [-7.234, 57.46], [-7.222, 57.455], [-7.224, 57.453]]], [[[-7.204, 57.454], [-7.204, 57.455], [-7.202, 57.455], [-7.203, 57.454], [-7.204, 57.454]]], [[[-7.227, 57.453], [-7.228, 57.453], [-7.228, 57.454], [-7.227, 57.453], [-7.227, 57.453]]], [[[-7.193, 57.454], [-7.194, 57.455], [-7.191, 57.455], [-7.193, 57.454]]], [[[-7.234, 57.453], [-7.235, 57.453], [-7.235, 57.453], [-7.234, 57.453], [-7.234, 57.453]]], [[[-7.225, 57.453], [-7.226, 57.453], [-7.224, 57.453], [-7.225, 57.453]]], [[[-7.184, 57.455], [-7.188, 57.456], [-7.189, 57.458], [-7.185, 57.457], [-7.186, 57.455], [-7.184, 57.455]]], [[[-7.215, 57.452], [-7.217, 57.453], [-7.217, 57.453], [-7.214, 57.452], [-7.215, 57.452]]], [[[-7.189, 57.453], [-7.19, 57.453], [-7.19, 57.453], [-7.189, 57.453]]], [[[-7.221, 57.452], [-7.224, 57.452], [-7.225, 57.453], [-7.221, 57.453], [-7.221, 57.452]]], [[[-7.19, 57.451], [-7.191, 57.451], [-7.19, 57.452], [-7.19, 57.451]]], [[[-7.185, 57.451], [-7.186, 57.451], [-7.188, 57.452], [-7.184, 57.451], [-7.185, 57.451]]], [[[-7.187, 57.45], [-7.188, 57.451], [-7.188, 57.451], [-7.187, 57.451], [-7.187, 57.45]]], [[[-7.184, 57.45], [-7.185, 57.451], [-7.183, 57.451], [-7.184, 57.45]]], [[[-7.179, 57.45], [-7.18, 57.45], [-7.182, 57.451], [-7.181, 57.452], [-7.179, 57.45]]], [[[-7.218, 57.448], [-7.22, 57.448], [-7.22, 57.448], [-7.219, 57.449], [-7.218, 57.448]]], [[[-7.203, 57.448], [-7.205, 57.448], [-7.204, 57.449], [-7.206, 57.449], [-7.204, 57.449], [-7.203, 57.448]]], [[[-7.21, 57.447], [-7.217, 57.448], [-7.218, 57.449], [-7.211, 57.449], [-7.21, 57.447]]], [[[-7.239, 57.445], [-7.24, 57.445], [-7.242, 57.446], [-7.238, 57.445], [-7.239, 57.445]]], [[[-7.246, 57.444], [-7.247, 57.445], [-7.245, 57.445], [-7.246, 57.444]]], [[[-7.209, 57.445], [-7.211, 57.446], [-7.211, 57.447], [-7.209, 57.446], [-7.209, 57.445]]], [[[-7.258, 57.443], [-7.257, 57.444], [-7.256, 57.443], [-7.258, 57.443]]], [[[-7.261, 57.442], [-7.262, 57.443], [-7.261, 57.443], [-7.261, 57.442]]], [[[-7.263, 57.442], [-7.265, 57.442], [-7.263, 57.443], [-7.263, 57.442]]], [[[-7.23, 57.443], [-7.232, 57.443], [-7.233, 57.443], [-7.232, 57.443], [-7.23, 57.443]]], [[[-7.229, 57.443], [-7.23, 57.443], [-7.228, 57.443], [-7.229, 57.443]]], [[[-7.233, 57.442], [-7.234, 57.442], [-7.233, 57.442], [-7.233, 57.442]]], [[[-7.26, 57.441], [-7.259, 57.442], [-7.259, 57.441], [-7.26, 57.441]]], [[[-7.225, 57.442], [-7.226, 57.442], [-7.224, 57.442], [-7.225, 57.442]]], [[[-7.229, 57.441], [-7.23, 57.442], [-7.226, 57.441], [-7.229, 57.441]]], [[[-7.25, 57.44], [-7.249, 57.44], [-7.249, 57.44], [-7.25, 57.44]]], [[[-7.224, 57.441], [-7.225, 57.441], [-7.224, 57.441], [-7.224, 57.441]]], [[[-7.249, 57.438], [-7.25, 57.438], [-7.25, 57.438], [-7.249, 57.438], [-7.249, 57.438]]], [[[-7.26, 57.437], [-7.262, 57.437], [-7.258, 57.438], [-7.259, 57.437], [-7.26, 57.437]]], [[[-7.252, 57.437], [-7.253, 57.437], [-7.252, 57.438], [-7.252, 57.437]]], [[[-7.249, 57.437], [-7.249, 57.437], [-7.248, 57.437], [-7.249, 57.437]]], [[[-7.256, 57.436], [-7.258, 57.436], [-7.258, 57.436], [-7.257, 57.436], [-7.256, 57.436]]], [[[-7.254, 57.435], [-7.255, 57.435], [-7.254, 57.435], [-7.254, 57.435]]], [[[-7.224, 57.436], [-7.229, 57.437], [-7.231, 57.438], [-7.22, 57.438], [-7.224, 57.436]]], [[[-7.209, 57.436], [-7.211, 57.436], [-7.212, 57.436], [-7.21, 57.437], [-7.209, 57.436]]], [[[-7.249, 57.433], [-7.251, 57.433], [-7.249, 57.433], [-7.249, 57.433]]], [[[-7.198, 57.432], [-7.203, 57.432], [-7.205, 57.434], [-7.201, 57.435], [-7.198, 57.432]]], [[[-7.23, 57.43], [-7.231, 57.43], [-7.233, 57.431], [-7.23, 57.431], [-7.23, 57.43]]], [[[-7.19, 57.432], [-7.192, 57.433], [-7.194, 57.433], [-7.191, 57.433], [-7.19, 57.432]]], [[[-7.195, 57.43], [-7.196, 57.431], [-7.194, 57.432], [-7.194, 57.431], [-7.195, 57.43]]], [[[-7.189, 57.43], [-7.192, 57.431], [-7.193, 57.432], [-7.19, 57.431], [-7.189, 57.43]]], [[[-7.201, 57.429], [-7.203, 57.429], [-7.204, 57.43], [-7.203, 57.43], [-7.201, 57.429]]], [[[-7.195, 57.425], [-7.197, 57.426], [-7.197, 57.427], [-7.195, 57.426], [-7.195, 57.425]]], [[[-7.195, 57.425], [-7.196, 57.425], [-7.197, 57.425], [-7.196, 57.425], [-7.195, 57.425]]], [[[-7.203, 57.423], [-7.205, 57.423], [-7.206, 57.424], [-7.202, 57.423], [-7.203, 57.423]]], [[[-7.197, 57.421], [-7.198, 57.421], [-7.198, 57.422], [-7.196, 57.421], [-7.197, 57.421]]], [[[-7.19, 57.421], [-7.191, 57.421], [-7.19, 57.421], [-7.19, 57.421]]], [[[-7.202, 57.419], [-7.203, 57.42], [-7.201, 57.419], [-7.202, 57.419]]], [[[-7.203, 57.419], [-7.204, 57.419], [-7.203, 57.419], [-7.203, 57.419]]], [[[-7.199, 57.418], [-7.2, 57.419], [-7.199, 57.419], [-7.199, 57.418]]], [[[-7.294, 57.414], [-7.296, 57.414], [-7.296, 57.415], [-7.294, 57.414], [-7.294, 57.414]]], [[[-7.296, 57.414], [-7.298, 57.414], [-7.298, 57.414], [-7.297, 57.414], [-7.296, 57.414]]], [[[-7.297, 57.413], [-7.298, 57.413], [-7.296, 57.413], [-7.297, 57.413]]], [[[-7.292, 57.412], [-7.292, 57.412], [-7.29, 57.412], [-7.292, 57.412]]], [[[-7.292, 57.411], [-7.295, 57.412], [-7.293, 57.412], [-7.292, 57.411]]], [[[-7.29, 57.411], [-7.291, 57.411], [-7.291, 57.411], [-7.291, 57.412], [-7.29, 57.411]]], [[[-7.287, 57.41], [-7.289, 57.411], [-7.289, 57.411], [-7.286, 57.411], [-7.287, 57.41]]], [[[-7.284, 57.411], [-7.285, 57.411], [-7.284, 57.411], [-7.284, 57.411]]], [[[-7.2, 57.414], [-7.201, 57.414], [-7.203, 57.415], [-7.202, 57.415], [-7.2, 57.414]]], [[[-7.215, 57.413], [-7.218, 57.413], [-7.216, 57.414], [-7.215, 57.413]]], [[[-7.229, 57.412], [-7.229, 57.413], [-7.233, 57.413], [-7.228, 57.414], [-7.227, 57.412], [-7.229, 57.412]]], [[[-7.276, 57.408], [-7.277, 57.409], [-7.277, 57.409], [-7.276, 57.409], [-7.276, 57.408]]], [[[-7.238, 57.41], [-7.24, 57.41], [-7.238, 57.41], [-7.238, 57.41]]], [[[-7.27, 57.408], [-7.272, 57.409], [-7.272, 57.409], [-7.27, 57.408]]], [[[-7.21, 57.41], [-7.209, 57.414], [-7.197, 57.414], [-7.21, 57.411], [-7.21, 57.41]]], [[[-7.235, 57.409], [-7.237, 57.409], [-7.237, 57.41], [-7.234, 57.41], [-7.235, 57.409]]], [[[-7.273, 57.408], [-7.275, 57.408], [-7.273, 57.408], [-7.273, 57.408]]], [[[-7.242, 57.409], [-7.245, 57.41], [-7.245, 57.41], [-7.239, 57.409], [-7.242, 57.409]]], [[[-7.238, 57.409], [-7.239, 57.409], [-7.239, 57.409], [-7.238, 57.409], [-7.238, 57.409]]], [[[-7.217, 57.409], [-7.226, 57.409], [-7.233, 57.411], [-7.213, 57.413], [-7.217, 57.409]]], [[[-7.268, 57.406], [-7.269, 57.407], [-7.268, 57.407], [-7.268, 57.406]]], [[[-7.29, 57.405], [-7.291, 57.406], [-7.292, 57.406], [-7.289, 57.406], [-7.29, 57.405]]], [[[-7.265, 57.406], [-7.264, 57.407], [-7.264, 57.407], [-7.265, 57.406]]], [[[-7.269, 57.406], [-7.272, 57.407], [-7.272, 57.407], [-7.27, 57.407], [-7.269, 57.406]]], [[[-7.264, 57.406], [-7.264, 57.406], [-7.263, 57.406], [-7.264, 57.406]]], [[[-7.29, 57.405], [-7.292, 57.405], [-7.291, 57.405], [-7.29, 57.405]]], [[[-7.262, 57.406], [-7.263, 57.406], [-7.263, 57.406], [-7.262, 57.406]]], [[[-7.226, 57.407], [-7.227, 57.407], [-7.227, 57.407], [-7.226, 57.407], [-7.226, 57.407]]], [[[-7.231, 57.405], [-7.232, 57.405], [-7.232, 57.406], [-7.231, 57.406], [-7.231, 57.405]]], [[[-7.223, 57.406], [-7.224, 57.406], [-7.223, 57.406], [-7.223, 57.406], [-7.223, 57.406]]], [[[-7.257, 57.404], [-7.258, 57.404], [-7.259, 57.405], [-7.258, 57.405], [-7.257, 57.404]]], [[[-7.253, 57.404], [-7.255, 57.404], [-7.255, 57.405], [-7.253, 57.405], [-7.253, 57.404]]], [[[-7.287, 57.402], [-7.289, 57.402], [-7.289, 57.402], [-7.289, 57.402], [-7.287, 57.402]]], [[[-7.251, 57.403], [-7.252, 57.403], [-7.252, 57.404], [-7.251, 57.404], [-7.251, 57.403]]], [[[-7.259, 57.403], [-7.26, 57.403], [-7.259, 57.403], [-7.259, 57.403]]], [[[-7.254, 57.403], [-7.255, 57.403], [-7.254, 57.403], [-7.254, 57.403]]], [[[-7.252, 57.403], [-7.253, 57.403], [-7.253, 57.403], [-7.252, 57.403]]], [[[-7.253, 57.402], [-7.255, 57.403], [-7.254, 57.403], [-7.253, 57.402]]], [[[-7.26, 57.402], [-7.261, 57.403], [-7.261, 57.403], [-7.26, 57.402]]], [[[-7.249, 57.402], [-7.25, 57.403], [-7.249, 57.402], [-7.249, 57.402]]], [[[-7.253, 57.402], [-7.254, 57.402], [-7.255, 57.403], [-7.253, 57.402]]], [[[-7.233, 57.403], [-7.234, 57.403], [-7.234, 57.404], [-7.233, 57.403]]], [[[-7.251, 57.402], [-7.252, 57.402], [-7.251, 57.402], [-7.251, 57.402]]], [[[-7.252, 57.402], [-7.253, 57.402], [-7.253, 57.402], [-7.252, 57.402]]], [[[-7.259, 57.401], [-7.26, 57.402], [-7.26, 57.402], [-7.259, 57.402], [-7.259, 57.401]]], [[[-7.38, 57.396], [-7.381, 57.398], [-7.373, 57.404], [-7.37, 57.414], [-7.363, 57.418], [-7.37, 57.404], [-7.38, 57.396]]], [[[-7.249, 57.401], [-7.25, 57.402], [-7.249, 57.402], [-7.249, 57.401]]], [[[-7.26, 57.401], [-7.262, 57.401], [-7.259, 57.401], [-7.26, 57.401]]], [[[-7.252, 57.401], [-7.253, 57.401], [-7.253, 57.401], [-7.252, 57.401]]], [[[-7.274, 57.4], [-7.276, 57.401], [-7.277, 57.401], [-7.275, 57.401], [-7.274, 57.4]]], [[[-7.284, 57.399], [-7.288, 57.4], [-7.288, 57.4], [-7.287, 57.401], [-7.283, 57.399], [-7.284, 57.399]]], [[[-7.228, 57.401], [-7.23, 57.402], [-7.23, 57.402], [-7.228, 57.401], [-7.228, 57.401]]], [[[-7.26, 57.4], [-7.261, 57.4], [-7.263, 57.401], [-7.262, 57.401], [-7.26, 57.4]]], [[[-7.233, 57.4], [-7.236, 57.401], [-7.236, 57.401], [-7.231, 57.401], [-7.233, 57.4]]], [[[-7.251, 57.4], [-7.252, 57.4], [-7.252, 57.4], [-7.251, 57.4]]], [[[-7.266, 57.399], [-7.291, 57.41], [-7.316, 57.401], [-7.344, 57.421], [-7.392, 57.422], [-7.41, 57.47], [-7.353, 57.494], [-7.348, 57.484], [-7.338, 57.485], [-7.329, 57.484], [-7.337, 57.48], [-7.287, 57.484], [-7.299, 57.48], [-7.277, 57.478], [-7.267, 57.463], [-7.256, 57.465], [-7.252, 57.477], [-7.201, 57.461], [-7.236, 57.461], [-7.241, 57.451], [-7.218, 57.446], [-7.242, 57.447], [-7.25, 57.454], [-7.25, 57.44], [-7.265, 57.451], [-7.27, 57.444], [-7.263, 57.44], [-7.284, 57.438], [-7.204, 57.429], [-7.224, 57.427], [-7.206, 57.416], [-7.254, 57.412], [-7.235, 57.403], [-7.296, 57.416], [-7.314, 57.418], [-7.316, 57.416], [-7.273, 57.407], [-7.266, 57.399]]], [[[-7.253, 57.399], [-7.253, 57.399], [-7.253, 57.4], [-7.253, 57.399]]], [[[-7.189, 57.402], [-7.189, 57.404], [-7.188, 57.404], [-7.187, 57.402], [-7.189, 57.402]]], [[[-7.237, 57.4], [-7.24, 57.401], [-7.24, 57.401], [-7.237, 57.401], [-7.237, 57.4]]], [[[-7.226, 57.4], [-7.226, 57.401], [-7.225, 57.4], [-7.226, 57.4]]], [[[-7.246, 57.399], [-7.246, 57.4], [-7.245, 57.399], [-7.246, 57.399]]], [[[-7.255, 57.399], [-7.256, 57.399], [-7.258, 57.4], [-7.256, 57.399], [-7.255, 57.399]]], [[[-7.252, 57.399], [-7.253, 57.399], [-7.252, 57.399], [-7.252, 57.399]]], [[[-7.261, 57.398], [-7.261, 57.399], [-7.26, 57.398], [-7.261, 57.398]]], [[[-7.266, 57.398], [-7.268, 57.399], [-7.268, 57.399], [-7.266, 57.399], [-7.266, 57.398]]], [[[-7.189, 57.401], [-7.19, 57.401], [-7.19, 57.401], [-7.189, 57.401], [-7.189, 57.401]]], [[[-7.268, 57.397], [-7.269, 57.398], [-7.27, 57.398], [-7.269, 57.399], [-7.268, 57.397]]], [[[-7.389, 57.392], [-7.389, 57.392], [-7.389, 57.392], [-7.389, 57.392]]], [[[-7.24, 57.398], [-7.242, 57.399], [-7.24, 57.399], [-7.24, 57.398]]], [[[-7.272, 57.397], [-7.273, 57.397], [-7.275, 57.398], [-7.273, 57.398], [-7.272, 57.397]]], [[[-7.262, 57.397], [-7.264, 57.398], [-7.265, 57.398], [-7.262, 57.398], [-7.262, 57.397]]], [[[-7.38, 57.392], [-7.38, 57.392], [-7.38, 57.392], [-7.38, 57.392]]], [[[-7.275, 57.396], [-7.276, 57.396], [-7.277, 57.397], [-7.276, 57.398], [-7.275, 57.396]]], [[[-7.188, 57.4], [-7.189, 57.4], [-7.189, 57.4], [-7.188, 57.4], [-7.188, 57.4]]], [[[-7.267, 57.396], [-7.269, 57.396], [-7.27, 57.396], [-7.268, 57.396], [-7.267, 57.396]]], [[[-7.389, 57.39], [-7.389, 57.39], [-7.389, 57.39], [-7.389, 57.39]]], [[[-7.289, 57.394], [-7.291, 57.395], [-7.289, 57.395], [-7.289, 57.394]]], [[[-7.386, 57.39], [-7.386, 57.39], [-7.386, 57.391], [-7.386, 57.39]]], [[[-7.267, 57.395], [-7.268, 57.395], [-7.268, 57.396], [-7.267, 57.395]]], [[[-7.385, 57.39], [-7.386, 57.391], [-7.385, 57.39], [-7.385, 57.39]]], [[[-7.39, 57.39], [-7.39, 57.39], [-7.39, 57.39], [-7.39, 57.39]]], [[[-7.23, 57.396], [-7.232, 57.397], [-7.232, 57.398], [-7.231, 57.397], [-7.23, 57.396]]], [[[-7.388, 57.39], [-7.389, 57.39], [-7.388, 57.39], [-7.388, 57.39]]], [[[-7.271, 57.395], [-7.274, 57.395], [-7.275, 57.396], [-7.269, 57.395], [-7.271, 57.395]]], [[[-7.257, 57.395], [-7.26, 57.396], [-7.26, 57.396], [-7.259, 57.396], [-7.257, 57.395]]], [[[-7.389, 57.389], [-7.389, 57.39], [-7.388, 57.389], [-7.389, 57.389]]], [[[-7.284, 57.393], [-7.287, 57.394], [-7.289, 57.395], [-7.284, 57.396], [-7.284, 57.393]]], [[[-7.387, 57.389], [-7.388, 57.39], [-7.385, 57.39], [-7.385, 57.389], [-7.387, 57.389]]], [[[-7.38, 57.389], [-7.38, 57.389], [-7.379, 57.389], [-7.38, 57.389]]], [[[-7.383, 57.389], [-7.382, 57.389], [-7.382, 57.389], [-7.383, 57.389]]], [[[-7.391, 57.388], [-7.391, 57.388], [-7.391, 57.388], [-7.391, 57.388]]], [[[-7.382, 57.389], [-7.382, 57.389], [-7.382, 57.389], [-7.382, 57.389]]], [[[-7.389, 57.388], [-7.389, 57.388], [-7.389, 57.388], [-7.389, 57.388]]], [[[-7.389, 57.388], [-7.39, 57.388], [-7.39, 57.388], [-7.389, 57.388]]], [[[-7.27, 57.393], [-7.273, 57.394], [-7.273, 57.394], [-7.271, 57.394], [-7.27, 57.393]]], [[[-7.38, 57.388], [-7.38, 57.389], [-7.38, 57.388], [-7.38, 57.388]]], [[[-7.384, 57.387], [-7.385, 57.388], [-7.382, 57.387], [-7.384, 57.387]]], [[[-7.387, 57.387], [-7.387, 57.387], [-7.387, 57.387], [-7.387, 57.387]]], [[[-7.24, 57.393], [-7.25, 57.396], [-7.252, 57.399], [-7.242, 57.398], [-7.24, 57.393]]], [[[-7.387, 57.387], [-7.387, 57.387], [-7.387, 57.387], [-7.387, 57.387]]], [[[-7.393, 57.386], [-7.393, 57.387], [-7.393, 57.387], [-7.393, 57.386]]], [[[-7.388, 57.387], [-7.388, 57.387], [-7.388, 57.387], [-7.388, 57.387]]], [[[-7.39, 57.386], [-7.391, 57.387], [-7.39, 57.386], [-7.39, 57.386]]], [[[-7.389, 57.386], [-7.39, 57.386], [-7.389, 57.386], [-7.389, 57.386]]], [[[-7.387, 57.386], [-7.387, 57.386], [-7.387, 57.386], [-7.387, 57.386]]], [[[-7.384, 57.386], [-7.386, 57.386], [-7.385, 57.387], [-7.384, 57.386]]], [[[-7.391, 57.386], [-7.391, 57.386], [-7.391, 57.386], [-7.391, 57.386]]], [[[-7.396, 57.386], [-7.396, 57.386], [-7.396, 57.386], [-7.396, 57.386]]], [[[-7.384, 57.386], [-7.384, 57.386], [-7.384, 57.386], [-7.384, 57.386]]], [[[-7.386, 57.386], [-7.385, 57.386], [-7.385, 57.386], [-7.386, 57.386]]], [[[-7.237, 57.392], [-7.237, 57.393], [-7.236, 57.392], [-7.237, 57.392]]], [[[-7.247, 57.392], [-7.254, 57.394], [-7.257, 57.398], [-7.252, 57.397], [-7.247, 57.392]]], [[[-7.384, 57.386], [-7.384, 57.386], [-7.383, 57.386], [-7.384, 57.386]]], [[[-7.383, 57.386], [-7.383, 57.386], [-7.383, 57.386], [-7.383, 57.386]]], [[[-7.384, 57.386], [-7.384, 57.386], [-7.383, 57.386], [-7.383, 57.386], [-7.384, 57.386]]], [[[-7.383, 57.386], [-7.383, 57.386], [-7.383, 57.386], [-7.383, 57.386]]], [[[-7.383, 57.386], [-7.383, 57.386], [-7.383, 57.386], [-7.383, 57.386]]], [[[-7.383, 57.386], [-7.383, 57.386], [-7.383, 57.386], [-7.383, 57.386]]], [[[-7.383, 57.386], [-7.383, 57.386], [-7.383, 57.386], [-7.383, 57.386]]], [[[-7.39, 57.385], [-7.391, 57.386], [-7.389, 57.386], [-7.39, 57.385]]], [[[-7.384, 57.386], [-7.384, 57.386], [-7.384, 57.386], [-7.384, 57.386]]], [[[-7.384, 57.386], [-7.384, 57.386], [-7.384, 57.386], [-7.384, 57.386]]], [[[-7.383, 57.385], [-7.383, 57.386], [-7.383, 57.386], [-7.383, 57.385]]], [[[-7.384, 57.385], [-7.384, 57.385], [-7.384, 57.385], [-7.384, 57.385]]], [[[-7.387, 57.385], [-7.387, 57.385], [-7.387, 57.385], [-7.387, 57.385]]], [[[-7.389, 57.385], [-7.389, 57.385], [-7.389, 57.385], [-7.389, 57.385]]], [[[-7.383, 57.385], [-7.384, 57.385], [-7.383, 57.385], [-7.383, 57.385]]], [[[-7.382, 57.385], [-7.382, 57.386], [-7.382, 57.385], [-7.382, 57.385]]], [[[-7.383, 57.385], [-7.384, 57.385], [-7.383, 57.385], [-7.383, 57.385]]], [[[-7.383, 57.385], [-7.383, 57.385], [-7.383, 57.385], [-7.383, 57.385]]], [[[-7.383, 57.385], [-7.383, 57.386], [-7.382, 57.386], [-7.383, 57.385]]], [[[-7.383, 57.385], [-7.383, 57.385], [-7.383, 57.385], [-7.383, 57.385]]], [[[-7.383, 57.385], [-7.383, 57.385], [-7.383, 57.385], [-7.383, 57.385]]], [[[-7.252, 57.391], [-7.253, 57.391], [-7.252, 57.391], [-7.252, 57.391]]], [[[-7.192, 57.393], [-7.194, 57.393], [-7.191, 57.394], [-7.192, 57.393]]], [[[-7.262, 57.39], [-7.264, 57.39], [-7.264, 57.391], [-7.263, 57.391], [-7.262, 57.39]]], [[[-7.387, 57.385], [-7.387, 57.385], [-7.387, 57.385], [-7.387, 57.385]]], [[[-7.386, 57.385], [-7.386, 57.385], [-7.386, 57.385], [-7.386, 57.385]]], [[[-7.386, 57.385], [-7.386, 57.385], [-7.385, 57.385], [-7.386, 57.385]]], [[[-7.386, 57.385], [-7.386, 57.385], [-7.386, 57.385], [-7.386, 57.385]]], [[[-7.389, 57.384], [-7.389, 57.384], [-7.389, 57.384], [-7.389, 57.384]]], [[[-7.386, 57.384], [-7.386, 57.384], [-7.386, 57.384], [-7.386, 57.384]]], [[[-7.389, 57.384], [-7.389, 57.384], [-7.389, 57.384], [-7.389, 57.384]]], [[[-7.386, 57.384], [-7.386, 57.384], [-7.386, 57.384], [-7.386, 57.384]]], [[[-7.386, 57.384], [-7.386, 57.385], [-7.386, 57.385], [-7.386, 57.384]]], [[[-7.385, 57.384], [-7.385, 57.385], [-7.385, 57.385], [-7.385, 57.384]]], [[[-7.385, 57.384], [-7.385, 57.384], [-7.385, 57.385], [-7.385, 57.384]]], [[[-7.385, 57.384], [-7.385, 57.385], [-7.385, 57.384], [-7.385, 57.384]]], [[[-7.389, 57.384], [-7.391, 57.384], [-7.392, 57.385], [-7.391, 57.385], [-7.389, 57.384]]], [[[-7.386, 57.384], [-7.386, 57.384], [-7.386, 57.384], [-7.386, 57.384]]], [[[-7.248, 57.39], [-7.26, 57.39], [-7.266, 57.394], [-7.262, 57.396], [-7.248, 57.39]]], [[[-7.383, 57.384], [-7.384, 57.384], [-7.384, 57.385], [-7.385, 57.385], [-7.386, 57.386], [-7.383, 57.384]]], [[[-7.239, 57.39], [-7.239, 57.39], [-7.238, 57.39], [-7.239, 57.39]]], [[[-7.386, 57.384], [-7.386, 57.384], [-7.386, 57.384], [-7.386, 57.384]]], [[[-7.387, 57.384], [-7.388, 57.385], [-7.386, 57.384], [-7.387, 57.384]]], [[[-7.387, 57.384], [-7.386, 57.384], [-7.386, 57.384], [-7.387, 57.384]]], [[[-7.386, 57.384], [-7.386, 57.384], [-7.386, 57.384], [-7.386, 57.384]]], [[[-7.388, 57.384], [-7.388, 57.384], [-7.388, 57.384], [-7.388, 57.384]]], [[[-7.387, 57.384], [-7.387, 57.384], [-7.387, 57.384], [-7.387, 57.384]]], [[[-7.388, 57.384], [-7.388, 57.384], [-7.388, 57.384], [-7.388, 57.384]]], [[[-7.387, 57.384], [-7.387, 57.384], [-7.387, 57.384], [-7.387, 57.384]]], [[[-7.38, 57.384], [-7.38, 57.384], [-7.381, 57.384], [-7.38, 57.384]]], [[[-7.386, 57.384], [-7.386, 57.384], [-7.386, 57.384], [-7.386, 57.384]]], [[[-7.387, 57.384], [-7.387, 57.384], [-7.387, 57.384], [-7.387, 57.384]]], [[[-7.388, 57.384], [-7.389, 57.384], [-7.388, 57.384], [-7.388, 57.384]]], [[[-7.387, 57.384], [-7.387, 57.384], [-7.387, 57.384], [-7.387, 57.384]]], [[[-7.387, 57.384], [-7.387, 57.384], [-7.387, 57.384], [-7.387, 57.384]]], [[[-7.388, 57.384], [-7.388, 57.384], [-7.388, 57.384], [-7.388, 57.384]]], [[[-7.381, 57.384], [-7.381, 57.384], [-7.381, 57.384], [-7.381, 57.384]]], [[[-7.388, 57.383], [-7.388, 57.384], [-7.388, 57.384], [-7.388, 57.383]]], [[[-7.387, 57.383], [-7.387, 57.384], [-7.387, 57.384], [-7.387, 57.383]]], [[[-7.386, 57.384], [-7.387, 57.384], [-7.386, 57.384], [-7.386, 57.384]]], [[[-7.251, 57.389], [-7.253, 57.389], [-7.252, 57.39], [-7.251, 57.389]]], [[[-7.387, 57.383], [-7.387, 57.383], [-7.387, 57.384], [-7.387, 57.383]]], [[[-7.387, 57.383], [-7.387, 57.383], [-7.387, 57.383], [-7.387, 57.383]]], [[[-7.387, 57.383], [-7.387, 57.383], [-7.387, 57.383], [-7.387, 57.383]]], [[[-7.387, 57.383], [-7.388, 57.384], [-7.387, 57.384], [-7.387, 57.383]]], [[[-7.388, 57.383], [-7.388, 57.383], [-7.388, 57.383], [-7.388, 57.383]]], [[[-7.387, 57.383], [-7.387, 57.383], [-7.387, 57.383], [-7.387, 57.383]]], [[[-7.387, 57.383], [-7.387, 57.383], [-7.387, 57.383], [-7.387, 57.383]]], [[[-7.387, 57.383], [-7.387, 57.383], [-7.387, 57.383], [-7.387, 57.383]]], [[[-7.378, 57.383], [-7.378, 57.383], [-7.378, 57.383], [-7.378, 57.383]]], [[[-7.381, 57.383], [-7.381, 57.383], [-7.381, 57.383], [-7.381, 57.383]]], [[[-7.386, 57.383], [-7.386, 57.384], [-7.384, 57.384], [-7.384, 57.383], [-7.386, 57.383]]], [[[-7.386, 57.383], [-7.386, 57.383], [-7.386, 57.383], [-7.386, 57.383]]], [[[-7.387, 57.383], [-7.387, 57.383], [-7.387, 57.383], [-7.387, 57.383]]], [[[-7.388, 57.383], [-7.388, 57.383], [-7.387, 57.383], [-7.388, 57.383]]], [[[-7.387, 57.383], [-7.387, 57.383], [-7.387, 57.383], [-7.387, 57.383]]], [[[-7.26, 57.388], [-7.264, 57.389], [-7.264, 57.39], [-7.263, 57.39], [-7.26, 57.388]]], [[[-7.255, 57.388], [-7.256, 57.388], [-7.254, 57.388], [-7.255, 57.388]]], [[[-7.387, 57.382], [-7.387, 57.382], [-7.387, 57.382], [-7.387, 57.382]]], [[[-7.378, 57.383], [-7.378, 57.383], [-7.377, 57.383], [-7.378, 57.383]]], [[[-7.209, 57.39], [-7.209, 57.391], [-7.208, 57.391], [-7.208, 57.39], [-7.209, 57.39]]], [[[-7.233, 57.388], [-7.235, 57.389], [-7.236, 57.389], [-7.233, 57.389], [-7.233, 57.388]]], [[[-7.385, 57.382], [-7.387, 57.382], [-7.387, 57.382], [-7.385, 57.382], [-7.385, 57.382]]], [[[-7.212, 57.389], [-7.213, 57.389], [-7.212, 57.39], [-7.212, 57.389]]], [[[-7.249, 57.388], [-7.252, 57.388], [-7.253, 57.389], [-7.246, 57.389], [-7.249, 57.388]]], [[[-7.386, 57.382], [-7.386, 57.382], [-7.386, 57.382], [-7.386, 57.382]]], [[[-7.386, 57.382], [-7.386, 57.382], [-7.386, 57.382], [-7.386, 57.382]]], [[[-7.291, 57.386], [-7.291, 57.386], [-7.288, 57.386], [-7.291, 57.386]]], [[[-7.216, 57.388], [-7.219, 57.389], [-7.216, 57.389], [-7.216, 57.388]]], [[[-7.359, 57.382], [-7.359, 57.382], [-7.359, 57.382], [-7.359, 57.382]]], [[[-7.375, 57.382], [-7.374, 57.382], [-7.374, 57.382], [-7.375, 57.382]]], [[[-7.38, 57.381], [-7.381, 57.381], [-7.382, 57.382], [-7.38, 57.382], [-7.38, 57.381]]], [[[-7.374, 57.381], [-7.374, 57.381], [-7.374, 57.382], [-7.374, 57.381]]], [[[-7.386, 57.381], [-7.387, 57.381], [-7.387, 57.382], [-7.385, 57.381], [-7.386, 57.381]]], [[[-7.386, 57.38], [-7.386, 57.381], [-7.385, 57.381], [-7.386, 57.38]]], [[[-7.379, 57.381], [-7.379, 57.381], [-7.379, 57.381], [-7.379, 57.381]]], [[[-7.386, 57.38], [-7.386, 57.38], [-7.386, 57.38], [-7.386, 57.38]]], [[[-7.382, 57.38], [-7.382, 57.381], [-7.381, 57.381], [-7.382, 57.38]]], [[[-7.279, 57.384], [-7.279, 57.386], [-7.277, 57.386], [-7.278, 57.385], [-7.279, 57.384]]], [[[-7.365, 57.381], [-7.365, 57.381], [-7.365, 57.381], [-7.365, 57.381]]], [[[-7.253, 57.385], [-7.253, 57.386], [-7.252, 57.386], [-7.252, 57.385], [-7.253, 57.385]]], [[[-7.384, 57.379], [-7.386, 57.379], [-7.386, 57.38], [-7.385, 57.38], [-7.384, 57.379]]], [[[-7.248, 57.385], [-7.249, 57.385], [-7.249, 57.385], [-7.248, 57.386], [-7.248, 57.385]]], [[[-7.368, 57.38], [-7.368, 57.38], [-7.368, 57.38], [-7.368, 57.38]]], [[[-7.217, 57.386], [-7.218, 57.386], [-7.217, 57.386], [-7.217, 57.386]]], [[[-7.385, 57.379], [-7.385, 57.379], [-7.385, 57.379], [-7.385, 57.379]]], [[[-7.377, 57.379], [-7.377, 57.379], [-7.377, 57.38], [-7.377, 57.379]]], [[[-7.232, 57.385], [-7.239, 57.385], [-7.24, 57.386], [-7.229, 57.386], [-7.232, 57.385]]], [[[-7.352, 57.38], [-7.352, 57.38], [-7.351, 57.381], [-7.352, 57.38]]], [[[-7.381, 57.379], [-7.382, 57.38], [-7.379, 57.38], [-7.379, 57.38], [-7.381, 57.379]]], [[[-7.385, 57.378], [-7.385, 57.378], [-7.385, 57.378], [-7.385, 57.378]]], [[[-7.385, 57.378], [-7.385, 57.378], [-7.385, 57.378], [-7.385, 57.378]]], [[[-7.379, 57.378], [-7.379, 57.379], [-7.379, 57.379], [-7.379, 57.378]]], [[[-7.372, 57.379], [-7.373, 57.379], [-7.372, 57.379], [-7.372, 57.379]]], [[[-7.208, 57.385], [-7.217, 57.387], [-7.224, 57.387], [-7.234, 57.392], [-7.19, 57.411], [-7.197, 57.402], [-7.19, 57.396], [-7.222, 57.388], [-7.208, 57.385]]], [[[-7.378, 57.378], [-7.378, 57.378], [-7.378, 57.378], [-7.378, 57.378]]], [[[-7.353, 57.379], [-7.354, 57.379], [-7.353, 57.379], [-7.352, 57.379], [-7.352, 57.379], [-7.353, 57.379]]], [[[-7.245, 57.384], [-7.247, 57.384], [-7.247, 57.385], [-7.246, 57.384], [-7.245, 57.384]]], [[[-7.379, 57.378], [-7.38, 57.378], [-7.379, 57.378], [-7.379, 57.378]]], [[[-7.241, 57.383], [-7.244, 57.384], [-7.244, 57.385], [-7.241, 57.384], [-7.241, 57.383]]], [[[-7.384, 57.377], [-7.385, 57.378], [-7.384, 57.378], [-7.384, 57.377]]], [[[-7.216, 57.384], [-7.217, 57.385], [-7.214, 57.385], [-7.216, 57.385], [-7.216, 57.384]]], [[[-7.384, 57.377], [-7.384, 57.377], [-7.384, 57.377], [-7.384, 57.377]]], [[[-7.228, 57.384], [-7.229, 57.384], [-7.227, 57.384], [-7.228, 57.384]]], [[[-7.384, 57.377], [-7.384, 57.377], [-7.384, 57.378], [-7.384, 57.378], [-7.384, 57.377], [-7.384, 57.377]]], [[[-7.2, 57.385], [-7.201, 57.385], [-7.199, 57.386], [-7.2, 57.385]]], [[[-7.214, 57.384], [-7.214, 57.384], [-7.213, 57.384], [-7.214, 57.384]]], [[[-7.384, 57.377], [-7.384, 57.377], [-7.384, 57.377], [-7.384, 57.377]]], [[[-7.384, 57.377], [-7.384, 57.377], [-7.384, 57.377], [-7.384, 57.377]]], [[[-7.384, 57.377], [-7.384, 57.377], [-7.384, 57.377], [-7.384, 57.377]]], [[[-7.383, 57.377], [-7.384, 57.377], [-7.383, 57.377], [-7.383, 57.377]]], [[[-7.21, 57.384], [-7.212, 57.384], [-7.21, 57.384], [-7.21, 57.384]]], [[[-7.36, 57.378], [-7.359, 57.378], [-7.359, 57.378], [-7.36, 57.378]]], [[[-7.384, 57.376], [-7.384, 57.376], [-7.384, 57.376], [-7.384, 57.376]]], [[[-7.268, 57.381], [-7.269, 57.382], [-7.266, 57.382], [-7.268, 57.381]]], [[[-7.383, 57.376], [-7.383, 57.376], [-7.383, 57.376], [-7.383, 57.376]]], [[[-7.236, 57.382], [-7.238, 57.383], [-7.234, 57.382], [-7.236, 57.382]]], [[[-7.383, 57.376], [-7.383, 57.376], [-7.383, 57.376], [-7.383, 57.376]]], [[[-7.383, 57.375], [-7.383, 57.375], [-7.383, 57.375], [-7.383, 57.375]]], [[[-7.266, 57.38], [-7.268, 57.38], [-7.268, 57.381], [-7.266, 57.381], [-7.266, 57.38]]], [[[-7.383, 57.375], [-7.383, 57.375], [-7.383, 57.375], [-7.383, 57.375]]], [[[-7.383, 57.375], [-7.383, 57.375], [-7.383, 57.375], [-7.383, 57.375]]], [[[-7.382, 57.374], [-7.382, 57.375], [-7.382, 57.375], [-7.382, 57.374]]], [[[-7.382, 57.374], [-7.382, 57.374], [-7.382, 57.374], [-7.382, 57.374]]], [[[-7.381, 57.374], [-7.382, 57.374], [-7.382, 57.375], [-7.381, 57.374], [-7.381, 57.374]]], [[[-7.382, 57.374], [-7.382, 57.374], [-7.381, 57.374], [-7.382, 57.374]]], [[[-7.236, 57.38], [-7.241, 57.382], [-7.242, 57.382], [-7.246, 57.383], [-7.236, 57.38]]], [[[-7.381, 57.373], [-7.382, 57.373], [-7.382, 57.374], [-7.381, 57.373]]], [[[-7.382, 57.373], [-7.382, 57.373], [-7.382, 57.373], [-7.381, 57.373], [-7.382, 57.373]]], [[[-7.36, 57.373], [-7.36, 57.373], [-7.36, 57.373], [-7.36, 57.373]]], [[[-7.382, 57.372], [-7.382, 57.372], [-7.382, 57.372], [-7.382, 57.372]]], [[[-7.361, 57.372], [-7.362, 57.373], [-7.361, 57.373], [-7.361, 57.372]]], [[[-7.363, 57.372], [-7.363, 57.372], [-7.362, 57.372], [-7.363, 57.372]]], [[[-7.361, 57.372], [-7.361, 57.372], [-7.361, 57.372], [-7.361, 57.372]]], [[[-7.365, 57.371], [-7.365, 57.371], [-7.365, 57.371], [-7.365, 57.371]]], [[[-7.365, 57.37], [-7.365, 57.371], [-7.365, 57.371], [-7.365, 57.37]]], [[[-7.251, 57.375], [-7.252, 57.375], [-7.252, 57.375], [-7.251, 57.375]]], [[[-7.361, 57.369], [-7.361, 57.369], [-7.361, 57.369], [-7.361, 57.369]]], [[[-7.364, 57.369], [-7.364, 57.369], [-7.364, 57.369], [-7.364, 57.369]]], [[[-7.261, 57.373], [-7.263, 57.373], [-7.263, 57.374], [-7.26, 57.374], [-7.261, 57.373]]], [[[-7.276, 57.372], [-7.277, 57.372], [-7.278, 57.373], [-7.275, 57.373], [-7.276, 57.372]]], [[[-7.37, 57.368], [-7.371, 57.368], [-7.37, 57.368], [-7.37, 57.368]]], [[[-7.37, 57.367], [-7.37, 57.367], [-7.37, 57.367], [-7.37, 57.367]]], [[[-7.279, 57.37], [-7.28, 57.37], [-7.28, 57.37], [-7.279, 57.37], [-7.279, 57.37]]], [[[-7.273, 57.37], [-7.274, 57.371], [-7.275, 57.37], [-7.277, 57.371], [-7.273, 57.371], [-7.27, 57.37], [-7.273, 57.37]]], [[[-7.37, 57.365], [-7.37, 57.365], [-7.37, 57.366], [-7.37, 57.365]]], [[[-7.369, 57.365], [-7.369, 57.366], [-7.369, 57.366], [-7.369, 57.365]]], [[[-7.37, 57.365], [-7.37, 57.365], [-7.369, 57.365], [-7.37, 57.365]]], [[[-7.37, 57.365], [-7.37, 57.365], [-7.37, 57.365], [-7.37, 57.365]]], [[[-7.368, 57.365], [-7.368, 57.365], [-7.368, 57.365], [-7.368, 57.365]]], [[[-7.369, 57.365], [-7.37, 57.365], [-7.368, 57.365], [-7.369, 57.365]]], [[[-7.252, 57.37], [-7.252, 57.37], [-7.251, 57.37], [-7.252, 57.37]]], [[[-7.368, 57.365], [-7.368, 57.365], [-7.368, 57.365], [-7.368, 57.365]]], [[[-7.352, 57.365], [-7.352, 57.365], [-7.352, 57.365], [-7.352, 57.365]]], [[[-7.368, 57.365], [-7.368, 57.365], [-7.368, 57.365], [-7.368, 57.365]]], [[[-7.351, 57.365], [-7.352, 57.365], [-7.352, 57.365], [-7.351, 57.365]]], [[[-7.352, 57.365], [-7.352, 57.365], [-7.352, 57.365], [-7.352, 57.365]]], [[[-7.346, 57.365], [-7.347, 57.366], [-7.346, 57.366], [-7.346, 57.365]]], [[[-7.346, 57.365], [-7.346, 57.365], [-7.346, 57.365], [-7.346, 57.365]]], [[[-7.346, 57.365], [-7.346, 57.365], [-7.346, 57.365], [-7.346, 57.365]]], [[[-7.365, 57.364], [-7.365, 57.364], [-7.365, 57.364], [-7.365, 57.364]]], [[[-7.349, 57.365], [-7.349, 57.365], [-7.349, 57.365], [-7.349, 57.365]]], [[[-7.262, 57.368], [-7.265, 57.368], [-7.263, 57.369], [-7.262, 57.368]]], [[[-7.341, 57.365], [-7.341, 57.365], [-7.341, 57.365], [-7.341, 57.365]]], [[[-7.349, 57.365], [-7.349, 57.365], [-7.349, 57.365], [-7.349, 57.365]]], [[[-7.351, 57.365], [-7.35, 57.365], [-7.35, 57.365], [-7.351, 57.365]]], [[[-7.365, 57.364], [-7.367, 57.364], [-7.368, 57.365], [-7.366, 57.365], [-7.365, 57.364]]], [[[-7.336, 57.365], [-7.336, 57.365], [-7.335, 57.365], [-7.336, 57.365]]], [[[-7.365, 57.364], [-7.365, 57.364], [-7.365, 57.364], [-7.365, 57.364]]], [[[-7.25, 57.368], [-7.251, 57.369], [-7.25, 57.369], [-7.25, 57.368]]], [[[-7.367, 57.363], [-7.368, 57.363], [-7.366, 57.363], [-7.367, 57.363]]], [[[-7.344, 57.364], [-7.345, 57.364], [-7.343, 57.365], [-7.343, 57.364], [-7.344, 57.364]]], [[[-7.333, 57.364], [-7.334, 57.364], [-7.333, 57.364], [-7.333, 57.364]]], [[[-7.334, 57.364], [-7.334, 57.364], [-7.334, 57.364], [-7.334, 57.364]]], [[[-7.335, 57.364], [-7.335, 57.364], [-7.335, 57.364], [-7.335, 57.364]]], [[[-7.335, 57.364], [-7.335, 57.364], [-7.334, 57.364], [-7.335, 57.364]]], [[[-7.254, 57.367], [-7.257, 57.367], [-7.262, 57.37], [-7.258, 57.371], [-7.255, 57.37], [-7.254, 57.367]]], [[[-7.338, 57.364], [-7.338, 57.364], [-7.338, 57.364], [-7.338, 57.364]]], [[[-7.257, 57.367], [-7.258, 57.367], [-7.257, 57.367], [-7.257, 57.367]]], [[[-7.243, 57.367], [-7.245, 57.367], [-7.246, 57.369], [-7.245, 57.368], [-7.243, 57.367]]], [[[-7.339, 57.363], [-7.34, 57.363], [-7.339, 57.363], [-7.339, 57.363]]], [[[-7.353, 57.362], [-7.353, 57.362], [-7.353, 57.362], [-7.353, 57.362]]], [[[-7.347, 57.362], [-7.347, 57.362], [-7.346, 57.362], [-7.347, 57.362]]], [[[-7.268, 57.366], [-7.271, 57.366], [-7.271, 57.367], [-7.269, 57.367], [-7.268, 57.366]]], [[[-7.347, 57.362], [-7.347, 57.362], [-7.347, 57.362], [-7.347, 57.362]]], [[[-7.346, 57.362], [-7.347, 57.362], [-7.346, 57.362], [-7.346, 57.362]]], [[[-7.252, 57.365], [-7.255, 57.366], [-7.256, 57.366], [-7.255, 57.366], [-7.252, 57.365]]], [[[-7.346, 57.361], [-7.347, 57.361], [-7.346, 57.361], [-7.346, 57.361]]], [[[-7.344, 57.36], [-7.345, 57.361], [-7.345, 57.363], [-7.343, 57.361], [-7.344, 57.36]]], [[[-7.339, 57.36], [-7.339, 57.36], [-7.339, 57.36], [-7.339, 57.36]]], [[[-7.348, 57.359], [-7.349, 57.36], [-7.348, 57.36], [-7.348, 57.359]]], [[[-7.349, 57.359], [-7.349, 57.359], [-7.349, 57.359], [-7.349, 57.359]]], [[[-7.358, 57.358], [-7.358, 57.358], [-7.358, 57.358], [-7.358, 57.358]]], [[[-7.337, 57.359], [-7.337, 57.359], [-7.337, 57.359], [-7.337, 57.359]]], [[[-7.337, 57.359], [-7.337, 57.359], [-7.337, 57.359], [-7.337, 57.359]]], [[[-7.38, 57.357], [-7.38, 57.357], [-7.38, 57.357], [-7.38, 57.357]]], [[[-7.38, 57.357], [-7.38, 57.357], [-7.38, 57.357], [-7.38, 57.357]]], [[[-7.38, 57.357], [-7.38, 57.357], [-7.38, 57.357], [-7.38, 57.357]]], [[[-7.38, 57.357], [-7.38, 57.357], [-7.38, 57.357], [-7.38, 57.357]]], [[[-7.358, 57.358], [-7.358, 57.358], [-7.358, 57.358], [-7.358, 57.358]]], [[[-7.378, 57.356], [-7.378, 57.356], [-7.378, 57.356], [-7.378, 57.356]]], [[[-7.333, 57.358], [-7.333, 57.358], [-7.333, 57.358], [-7.333, 57.358]]], [[[-7.348, 57.357], [-7.348, 57.357], [-7.348, 57.357], [-7.348, 57.357]]], [[[-7.339, 57.358], [-7.339, 57.358], [-7.339, 57.358], [-7.339, 57.358]]], [[[-7.364, 57.356], [-7.364, 57.356], [-7.364, 57.356], [-7.364, 57.356]]], [[[-7.379, 57.356], [-7.379, 57.356], [-7.379, 57.356], [-7.379, 57.356]]], [[[-7.378, 57.356], [-7.378, 57.356], [-7.378, 57.356], [-7.378, 57.356]]], [[[-7.348, 57.357], [-7.349, 57.357], [-7.349, 57.357], [-7.348, 57.357]]], [[[-7.379, 57.356], [-7.379, 57.356], [-7.379, 57.356], [-7.379, 57.356]]], [[[-7.378, 57.356], [-7.378, 57.356], [-7.378, 57.356], [-7.378, 57.356]]], [[[-7.378, 57.355], [-7.378, 57.356], [-7.378, 57.356], [-7.378, 57.355]]], [[[-7.374, 57.356], [-7.374, 57.356], [-7.374, 57.356], [-7.374, 57.356]]], [[[-7.379, 57.355], [-7.379, 57.355], [-7.379, 57.355], [-7.379, 57.355]]], [[[-7.379, 57.355], [-7.379, 57.355], [-7.379, 57.355], [-7.379, 57.355]]], [[[-7.379, 57.355], [-7.379, 57.355], [-7.379, 57.355], [-7.379, 57.355]]], [[[-7.377, 57.355], [-7.378, 57.355], [-7.377, 57.355], [-7.377, 57.355]]], [[[-7.348, 57.357], [-7.348, 57.357], [-7.348, 57.357], [-7.348, 57.357]]], [[[-7.378, 57.355], [-7.378, 57.355], [-7.378, 57.355], [-7.378, 57.355]]], [[[-7.378, 57.355], [-7.378, 57.355], [-7.378, 57.355], [-7.378, 57.355]]], [[[-7.34, 57.357], [-7.34, 57.357], [-7.339, 57.357], [-7.34, 57.357]]], [[[-7.378, 57.355], [-7.378, 57.355], [-7.378, 57.355], [-7.378, 57.355]]], [[[-7.366, 57.356], [-7.366, 57.356], [-7.366, 57.356], [-7.366, 57.356]]], [[[-7.378, 57.355], [-7.378, 57.355], [-7.377, 57.355], [-7.378, 57.355]]], [[[-7.378, 57.355], [-7.378, 57.355], [-7.378, 57.355], [-7.378, 57.355]]], [[[-7.377, 57.355], [-7.378, 57.355], [-7.377, 57.355], [-7.377, 57.355]]], [[[-7.378, 57.355], [-7.378, 57.355], [-7.378, 57.355], [-7.378, 57.355]]], [[[-7.378, 57.355], [-7.378, 57.355], [-7.378, 57.355], [-7.378, 57.355]]], [[[-7.377, 57.355], [-7.377, 57.355], [-7.377, 57.355], [-7.377, 57.355]]], [[[-7.374, 57.355], [-7.374, 57.356], [-7.373, 57.356], [-7.374, 57.355]]], [[[-7.378, 57.355], [-7.378, 57.355], [-7.378, 57.355], [-7.378, 57.355]]], [[[-7.378, 57.355], [-7.378, 57.355], [-7.378, 57.355], [-7.378, 57.355]]], [[[-7.377, 57.355], [-7.377, 57.355], [-7.377, 57.355], [-7.377, 57.355]]], [[[-7.378, 57.355], [-7.378, 57.355], [-7.378, 57.355], [-7.378, 57.355]]], [[[-7.377, 57.355], [-7.377, 57.355], [-7.377, 57.355], [-7.377, 57.355]]], [[[-7.374, 57.355], [-7.375, 57.356], [-7.374, 57.356], [-7.374, 57.355]]], [[[-7.374, 57.355], [-7.374, 57.355], [-7.374, 57.355], [-7.374, 57.355]]], [[[-7.377, 57.355], [-7.377, 57.355], [-7.377, 57.355], [-7.377, 57.355]]], [[[-7.374, 57.355], [-7.374, 57.355], [-7.374, 57.355], [-7.374, 57.355]]], [[[-7.247, 57.36], [-7.248, 57.36], [-7.248, 57.361], [-7.245, 57.36], [-7.247, 57.36]]], [[[-7.342, 57.356], [-7.342, 57.356], [-7.342, 57.356], [-7.342, 57.356]]], [[[-7.252, 57.359], [-7.253, 57.359], [-7.253, 57.36], [-7.252, 57.36], [-7.252, 57.359]]], [[[-7.315, 57.357], [-7.315, 57.357], [-7.315, 57.357], [-7.315, 57.357]]], [[[-7.247, 57.359], [-7.248, 57.359], [-7.248, 57.36], [-7.247, 57.36], [-7.247, 57.359]]], [[[-7.314, 57.356], [-7.314, 57.356], [-7.314, 57.356], [-7.314, 57.356]]], [[[-7.341, 57.355], [-7.341, 57.356], [-7.34, 57.355], [-7.341, 57.355]]], [[[-7.352, 57.354], [-7.352, 57.354], [-7.352, 57.354], [-7.352, 57.354]]], [[[-7.351, 57.353], [-7.351, 57.354], [-7.351, 57.354], [-7.351, 57.353]]], [[[-7.314, 57.354], [-7.315, 57.354], [-7.314, 57.355], [-7.314, 57.354]]], [[[-7.313, 57.354], [-7.313, 57.354], [-7.313, 57.354], [-7.313, 57.354]]], [[[-7.345, 57.353], [-7.346, 57.353], [-7.345, 57.353], [-7.345, 57.353]]], [[[-7.324, 57.353], [-7.325, 57.353], [-7.324, 57.353], [-7.324, 57.353]]], [[[-7.338, 57.352], [-7.338, 57.352], [-7.338, 57.352], [-7.338, 57.352]]], [[[-7.238, 57.356], [-7.24, 57.356], [-7.241, 57.356], [-7.24, 57.356], [-7.238, 57.356]]], [[[-7.316, 57.352], [-7.316, 57.352], [-7.316, 57.352], [-7.316, 57.352]]], [[[-7.338, 57.351], [-7.338, 57.351], [-7.338, 57.351], [-7.338, 57.351]]], [[[-7.247, 57.355], [-7.248, 57.355], [-7.247, 57.356], [-7.247, 57.355]]], [[[-7.344, 57.351], [-7.344, 57.351], [-7.344, 57.351], [-7.344, 57.351]]], [[[-7.323, 57.352], [-7.323, 57.352], [-7.323, 57.352], [-7.323, 57.352]]], [[[-7.214, 57.356], [-7.216, 57.356], [-7.214, 57.357], [-7.214, 57.356]]], [[[-7.344, 57.351], [-7.344, 57.351], [-7.344, 57.351], [-7.344, 57.351]]], [[[-7.342, 57.351], [-7.343, 57.351], [-7.342, 57.351], [-7.342, 57.351]]], [[[-7.344, 57.35], [-7.344, 57.351], [-7.343, 57.351], [-7.344, 57.35]]], [[[-7.343, 57.35], [-7.343, 57.35], [-7.342, 57.35], [-7.343, 57.35]]], [[[-7.31, 57.352], [-7.31, 57.352], [-7.31, 57.352], [-7.31, 57.352]]], [[[-7.247, 57.354], [-7.249, 57.354], [-7.246, 57.355], [-7.247, 57.354]]], [[[-7.339, 57.35], [-7.339, 57.35], [-7.339, 57.35], [-7.339, 57.35]]], [[[-7.311, 57.351], [-7.311, 57.351], [-7.311, 57.351], [-7.311, 57.351]]], [[[-7.339, 57.35], [-7.339, 57.35], [-7.339, 57.35], [-7.339, 57.35]]], [[[-7.341, 57.35], [-7.342, 57.35], [-7.341, 57.35], [-7.341, 57.35]]], [[[-7.213, 57.355], [-7.214, 57.355], [-7.212, 57.355], [-7.213, 57.355]]], [[[-7.317, 57.349], [-7.317, 57.35], [-7.317, 57.35], [-7.317, 57.349]]], [[[-7.317, 57.349], [-7.317, 57.349], [-7.317, 57.349], [-7.317, 57.349]]], [[[-7.315, 57.349], [-7.316, 57.35], [-7.315, 57.349], [-7.315, 57.349]]], [[[-7.233, 57.353], [-7.234, 57.353], [-7.231, 57.353], [-7.233, 57.353]]], [[[-7.316, 57.349], [-7.317, 57.349], [-7.317, 57.349], [-7.316, 57.349]]], [[[-7.316, 57.349], [-7.315, 57.349], [-7.315, 57.349], [-7.316, 57.349]]], [[[-7.313, 57.348], [-7.314, 57.349], [-7.314, 57.349], [-7.313, 57.348]]], [[[-7.237, 57.351], [-7.237, 57.352], [-7.235, 57.352], [-7.236, 57.352], [-7.237, 57.351]]], [[[-7.337, 57.346], [-7.337, 57.346], [-7.337, 57.346], [-7.337, 57.346]]], [[[-7.223, 57.351], [-7.227, 57.351], [-7.228, 57.352], [-7.223, 57.352], [-7.223, 57.351]]], [[[-7.261, 57.348], [-7.263, 57.349], [-7.264, 57.349], [-7.26, 57.349], [-7.261, 57.348]]], [[[-7.336, 57.345], [-7.336, 57.345], [-7.336, 57.345], [-7.336, 57.345]]], [[[-7.217, 57.35], [-7.218, 57.35], [-7.219, 57.351], [-7.216, 57.351], [-7.217, 57.35]]], [[[-7.307, 57.346], [-7.308, 57.346], [-7.307, 57.347], [-7.307, 57.346]]], [[[-7.336, 57.345], [-7.336, 57.345], [-7.336, 57.345], [-7.336, 57.345]]], [[[-7.336, 57.345], [-7.336, 57.345], [-7.336, 57.345], [-7.336, 57.345]]], [[[-7.237, 57.349], [-7.238, 57.349], [-7.239, 57.35], [-7.237, 57.35], [-7.237, 57.349]]], [[[-7.216, 57.349], [-7.216, 57.35], [-7.216, 57.35], [-7.216, 57.349]]], [[[-7.239, 57.348], [-7.24, 57.349], [-7.239, 57.349], [-7.239, 57.348]]], [[[-7.217, 57.349], [-7.219, 57.349], [-7.219, 57.35], [-7.218, 57.35], [-7.217, 57.349]]], [[[-7.23, 57.348], [-7.231, 57.348], [-7.229, 57.349], [-7.23, 57.348]]], [[[-7.259, 57.347], [-7.261, 57.347], [-7.26, 57.347], [-7.259, 57.347]]], [[[-7.258, 57.347], [-7.259, 57.347], [-7.257, 57.347], [-7.258, 57.347]]], [[[-7.219, 57.348], [-7.219, 57.349], [-7.218, 57.349], [-7.219, 57.348]]], [[[-7.239, 57.347], [-7.241, 57.347], [-7.24, 57.348], [-7.239, 57.347]]], [[[-7.302, 57.344], [-7.303, 57.344], [-7.303, 57.344], [-7.302, 57.344]]], [[[-7.306, 57.344], [-7.306, 57.344], [-7.306, 57.344], [-7.306, 57.344]]], [[[-7.233, 57.347], [-7.236, 57.347], [-7.237, 57.347], [-7.234, 57.348], [-7.233, 57.347]]], [[[-7.259, 57.346], [-7.259, 57.346], [-7.258, 57.346], [-7.258, 57.346], [-7.259, 57.346]]], [[[-7.305, 57.343], [-7.306, 57.344], [-7.305, 57.344], [-7.305, 57.343]]], [[[-7.306, 57.343], [-7.306, 57.343], [-7.306, 57.343], [-7.306, 57.343]]], [[[-7.305, 57.343], [-7.305, 57.343], [-7.305, 57.343], [-7.305, 57.343]]], [[[-7.252, 57.346], [-7.253, 57.346], [-7.25, 57.346], [-7.252, 57.346]]], [[[-7.305, 57.343], [-7.306, 57.343], [-7.305, 57.343], [-7.305, 57.343]]], [[[-7.254, 57.345], [-7.257, 57.345], [-7.257, 57.345], [-7.255, 57.346], [-7.254, 57.345]]], [[[-7.33, 57.341], [-7.331, 57.341], [-7.331, 57.341], [-7.33, 57.341]]], [[[-7.237, 57.345], [-7.237, 57.345], [-7.238, 57.345], [-7.237, 57.345], [-7.237, 57.345]]], [[[-7.257, 57.343], [-7.257, 57.344], [-7.256, 57.344], [-7.257, 57.343]]], [[[-7.238, 57.343], [-7.238, 57.343], [-7.239, 57.343], [-7.239, 57.344], [-7.237, 57.343], [-7.238, 57.343]]], [[[-7.21, 57.343], [-7.209, 57.347], [-7.207, 57.347], [-7.208, 57.344], [-7.21, 57.343]]], [[[-7.217, 57.341], [-7.22, 57.343], [-7.212, 57.349], [-7.211, 57.346], [-7.217, 57.341]]], [[[-7.235, 57.335], [-7.234, 57.335], [-7.234, 57.335], [-7.235, 57.335]]], [[[-7.264, 57.326], [-7.265, 57.327], [-7.262, 57.327], [-7.262, 57.326], [-7.264, 57.326]]], [[[-7.225, 57.327], [-7.229, 57.329], [-7.221, 57.329], [-7.221, 57.328], [-7.225, 57.327]]], [[[-7.254, 57.326], [-7.255, 57.326], [-7.254, 57.326], [-7.254, 57.326]]], [[[-7.226, 57.326], [-7.227, 57.327], [-7.225, 57.327], [-7.226, 57.326]]], [[[-7.245, 57.325], [-7.248, 57.327], [-7.252, 57.327], [-7.241, 57.329], [-7.245, 57.325]]], [[[-7.228, 57.326], [-7.229, 57.326], [-7.227, 57.326], [-7.228, 57.326]]], [[[-7.229, 57.325], [-7.23, 57.325], [-7.229, 57.325], [-7.229, 57.325], [-7.229, 57.325]]], [[[-7.245, 57.323], [-7.247, 57.323], [-7.244, 57.325], [-7.239, 57.325], [-7.245, 57.323]]], [[[-7.221, 57.32], [-7.222, 57.321], [-7.222, 57.321], [-7.22, 57.32], [-7.221, 57.32]]], [[[-7.429, 57.28], [-7.43, 57.28], [-7.426, 57.281], [-7.425, 57.28], [-7.429, 57.28]]], [[[-7.355, 57.238], [-7.357, 57.238], [-7.356, 57.239], [-7.355, 57.238]]], [[[-7.304, 57.236], [-7.305, 57.238], [-7.302, 57.237], [-7.304, 57.236]]], [[[-7.356, 57.234], [-7.357, 57.234], [-7.356, 57.234], [-7.356, 57.234]]], [[[-7.344, 57.234], [-7.345, 57.234], [-7.344, 57.234], [-7.344, 57.234]]], [[[-7.297, 57.235], [-7.298, 57.235], [-7.297, 57.236], [-7.297, 57.235]]], [[[-7.303, 57.234], [-7.305, 57.235], [-7.304, 57.236], [-7.303, 57.235], [-7.303, 57.234]]], [[[-7.325, 57.232], [-7.325, 57.232], [-7.325, 57.232], [-7.325, 57.232]]], [[[-7.308, 57.232], [-7.309, 57.232], [-7.307, 57.232], [-7.308, 57.232]]], [[[-7.349, 57.23], [-7.353, 57.236], [-7.357, 57.238], [-7.347, 57.235], [-7.349, 57.23]]], [[[-7.327, 57.231], [-7.327, 57.231], [-7.326, 57.231], [-7.327, 57.231]]], [[[-7.333, 57.23], [-7.333, 57.23], [-7.333, 57.23], [-7.333, 57.23]]], [[[-7.346, 57.229], [-7.347, 57.23], [-7.347, 57.23], [-7.346, 57.23], [-7.346, 57.229]]], [[[-7.325, 57.23], [-7.327, 57.23], [-7.327, 57.23], [-7.326, 57.23], [-7.326, 57.23], [-7.325, 57.23]]], [[[-7.324, 57.23], [-7.325, 57.23], [-7.326, 57.23], [-7.324, 57.23], [-7.324, 57.23]]], [[[-7.347, 57.228], [-7.348, 57.228], [-7.346, 57.228], [-7.347, 57.228]]], [[[-7.34, 57.225], [-7.34, 57.226], [-7.341, 57.226], [-7.34, 57.226], [-7.34, 57.225]]], [[[-7.335, 57.226], [-7.335, 57.227], [-7.333, 57.227], [-7.335, 57.226], [-7.335, 57.226]]], [[[-7.34, 57.225], [-7.34, 57.225], [-7.34, 57.225], [-7.339, 57.225], [-7.34, 57.225]]], [[[-7.336, 57.225], [-7.337, 57.225], [-7.335, 57.225], [-7.336, 57.225]]], [[[-7.325, 57.224], [-7.327, 57.225], [-7.327, 57.225], [-7.327, 57.225], [-7.325, 57.224]]], [[[-7.307, 57.224], [-7.308, 57.224], [-7.308, 57.225], [-7.307, 57.224], [-7.307, 57.224]]], [[[-7.268, 57.213], [-7.269, 57.214], [-7.267, 57.214], [-7.267, 57.213], [-7.268, 57.213]]], [[[-7.262, 57.209], [-7.263, 57.209], [-7.261, 57.21], [-7.261, 57.209], [-7.262, 57.209]]], [[[-7.262, 57.208], [-7.263, 57.208], [-7.262, 57.209], [-7.262, 57.208]]], [[[-7.253, 57.198], [-7.252, 57.199], [-7.251, 57.199], [-7.251, 57.198], [-7.253, 57.198]]], [[[-7.249, 57.187], [-7.255, 57.19], [-7.256, 57.193], [-7.241, 57.192], [-7.249, 57.187]]], [[[-7.238, 57.187], [-7.239, 57.188], [-7.237, 57.189], [-7.237, 57.189], [-7.238, 57.187]]], [[[-7.245, 57.175], [-7.245, 57.175], [-7.244, 57.175], [-7.245, 57.175]]], [[[-7.306, 57.157], [-7.306, 57.157], [-7.305, 57.157], [-7.306, 57.157]]], [[[-7.301, 57.156], [-7.303, 57.157], [-7.304, 57.157], [-7.302, 57.157], [-7.301, 57.156]]], [[[-7.305, 57.155], [-7.306, 57.156], [-7.306, 57.156], [-7.305, 57.155]]], [[[-7.33, 57.15], [-7.333, 57.15], [-7.334, 57.151], [-7.331, 57.151], [-7.33, 57.15]]], [[[-7.334, 57.15], [-7.336, 57.15], [-7.336, 57.151], [-7.336, 57.151], [-7.334, 57.15]]], [[[-7.325, 57.15], [-7.327, 57.15], [-7.327, 57.151], [-7.327, 57.151], [-7.325, 57.15]]], [[[-7.333, 57.149], [-7.334, 57.149], [-7.335, 57.15], [-7.333, 57.149], [-7.333, 57.149]]], [[[-7.329, 57.149], [-7.331, 57.15], [-7.332, 57.15], [-7.331, 57.15], [-7.329, 57.149]]], [[[-7.331, 57.146], [-7.333, 57.148], [-7.333, 57.148], [-7.33, 57.148], [-7.331, 57.146]]], [[[-7.291, 57.147], [-7.296, 57.148], [-7.297, 57.15], [-7.29, 57.149], [-7.291, 57.147]]], [[[-7.327, 57.144], [-7.329, 57.144], [-7.33, 57.146], [-7.329, 57.146], [-7.327, 57.144]]], [[[-7.3, 57.145], [-7.301, 57.145], [-7.302, 57.145], [-7.301, 57.146], [-7.3, 57.145]]], [[[-7.33, 57.143], [-7.333, 57.143], [-7.335, 57.146], [-7.331, 57.145], [-7.33, 57.143]]], [[[-7.301, 57.144], [-7.302, 57.144], [-7.302, 57.145], [-7.3, 57.144], [-7.301, 57.144]]], [[[-7.325, 57.142], [-7.325, 57.143], [-7.324, 57.142], [-7.325, 57.142]]], [[[-7.305, 57.142], [-7.317, 57.142], [-7.329, 57.149], [-7.3, 57.143], [-7.305, 57.142]]], [[[-7.331, 57.141], [-7.333, 57.141], [-7.334, 57.141], [-7.333, 57.141], [-7.331, 57.141]]], [[[-7.306, 57.141], [-7.307, 57.142], [-7.305, 57.142], [-7.306, 57.141]]], [[[-7.325, 57.141], [-7.326, 57.141], [-7.326, 57.141], [-7.325, 57.141]]], [[[-7.336, 57.14], [-7.34, 57.141], [-7.343, 57.143], [-7.337, 57.145], [-7.336, 57.14]]], [[[-7.31, 57.141], [-7.311, 57.141], [-7.311, 57.141], [-7.31, 57.141]]], [[[-7.301, 57.141], [-7.303, 57.141], [-7.303, 57.141], [-7.302, 57.142], [-7.301, 57.141]]], [[[-7.256, 57.141], [-7.265, 57.142], [-7.266, 57.142], [-7.26, 57.144], [-7.256, 57.141]]], [[[-7.41, 57.128], [-7.414, 57.129], [-7.415, 57.13], [-7.408, 57.13], [-7.41, 57.128]]], [[[-7.398, 57.114], [-7.396, 57.114], [-7.396, 57.114], [-7.396, 57.114], [-7.398, 57.114]]], [[[-7.241, 57.119], [-7.241, 57.119], [-7.24, 57.119], [-7.241, 57.119]]], [[[-7.39, 57.11], [-7.391, 57.11], [-7.392, 57.111], [-7.391, 57.111], [-7.39, 57.11]]], [[[-7.4, 57.109], [-7.402, 57.11], [-7.401, 57.11], [-7.399, 57.11], [-7.4, 57.109]]], [[[-7.371, 57.102], [-7.372, 57.102], [-7.373, 57.103], [-7.37, 57.102], [-7.371, 57.102]]], [[[-7.368, 57.102], [-7.37, 57.102], [-7.369, 57.102], [-7.368, 57.102]]], [[[-7.313, 57.103], [-7.312, 57.104], [-7.311, 57.103], [-7.313, 57.103]]], [[[-7.309, 57.103], [-7.309, 57.103], [-7.309, 57.104], [-7.308, 57.103], [-7.309, 57.103]]], [[[-7.31, 57.103], [-7.311, 57.103], [-7.31, 57.103], [-7.31, 57.103]]], [[[-7.321, 57.102], [-7.322, 57.102], [-7.32, 57.103], [-7.32, 57.102], [-7.321, 57.102]]], [[[-7.307, 57.103], [-7.307, 57.103], [-7.305, 57.103], [-7.307, 57.103]]], [[[-7.36, 57.097], [-7.362, 57.097], [-7.363, 57.097], [-7.362, 57.097], [-7.36, 57.097]]], [[[-7.358, 57.096], [-7.36, 57.096], [-7.36, 57.097], [-7.359, 57.097], [-7.358, 57.096]]], [[[-7.307, 57.098], [-7.308, 57.098], [-7.307, 57.098], [-7.307, 57.098]]], [[[-7.317, 57.095], [-7.318, 57.095], [-7.318, 57.096], [-7.317, 57.096], [-7.317, 57.095]]], [[[-7.315, 57.093], [-7.317, 57.093], [-7.319, 57.094], [-7.317, 57.094], [-7.315, 57.093]]], [[[-7.235, 57.096], [-7.302, 57.111], [-7.375, 57.104], [-7.404, 57.131], [-7.423, 57.216], [-7.435, 57.236], [-7.458, 57.241], [-7.43, 57.246], [-7.421, 57.289], [-7.388, 57.298], [-7.4, 57.308], [-7.404, 57.359], [-7.427, 57.391], [-7.329, 57.399], [-7.326, 57.406], [-7.332, 57.394], [-7.319, 57.383], [-7.281, 57.384], [-7.266, 57.373], [-7.291, 57.376], [-7.282, 57.371], [-7.3, 57.372], [-7.239, 57.35], [-7.274, 57.35], [-7.27, 57.345], [-7.258, 57.341], [-7.241, 57.347], [-7.248, 57.342], [-7.234, 57.342], [-7.233, 57.347], [-7.221, 57.349], [-7.231, 57.336], [-7.264, 57.328], [-7.298, 57.34], [-7.272, 57.323], [-7.238, 57.32], [-7.235, 57.325], [-7.227, 57.324], [-7.221, 57.301], [-7.192, 57.3], [-7.203, 57.281], [-7.227, 57.282], [-7.253, 57.26], [-7.243, 57.249], [-7.257, 57.243], [-7.26, 57.227], [-7.283, 57.222], [-7.305, 57.226], [-7.283, 57.227], [-7.295, 57.236], [-7.304, 57.239], [-7.335, 57.231], [-7.344, 57.239], [-7.343, 57.241], [-7.346, 57.244], [-7.365, 57.243], [-7.35, 57.225], [-7.309, 57.23], [-7.301, 57.216], [-7.26, 57.206], [-7.267, 57.193], [-7.245, 57.164], [-7.256, 57.153], [-7.321, 57.164], [-7.3, 57.148], [-7.329, 57.159], [-7.324, 57.151], [-7.356, 57.154], [-7.339, 57.137], [-7.268, 57.142], [-7.245, 57.135], [-7.244, 57.119], [-7.233, 57.126], [-7.212, 57.117], [-7.23, 57.112], [-7.218, 57.111], [-7.235, 57.096]]], [[[-7.298, 57.34], [-7.336, 57.368], [-7.357, 57.358], [-7.336, 57.358], [-7.331, 57.353], [-7.323, 57.352], [-7.306, 57.343], [-7.298, 57.34]]], [[[-7.328, 57.339], [-7.338, 57.353], [-7.35, 57.353], [-7.35, 57.351], [-7.34, 57.349], [-7.337, 57.345], [-7.328, 57.339]]], [[[-7.351, 57.353], [-7.35, 57.354], [-7.352, 57.356], [-7.353, 57.355], [-7.351, 57.353]]], [[[-7.373, 57.354], [-7.371, 57.356], [-7.357, 57.358], [-7.365, 57.371], [-7.351, 57.382], [-7.374, 57.379], [-7.38, 57.393], [-7.39, 57.392], [-7.389, 57.392], [-7.387, 57.39], [-7.389, 57.391], [-7.392, 57.39], [-7.392, 57.387], [-7.399, 57.388], [-7.386, 57.38], [-7.388, 57.365], [-7.373, 57.354]]], [[[-7.267, 57.094], [-7.269, 57.094], [-7.272, 57.095], [-7.27, 57.096], [-7.267, 57.094]]], [[[-7.341, 57.088], [-7.343, 57.088], [-7.343, 57.089], [-7.341, 57.088], [-7.341, 57.088]]], [[[-7.351, 57.083], [-7.353, 57.083], [-7.35, 57.084], [-7.35, 57.083], [-7.351, 57.083]]], [[[-7.347, 57.083], [-7.348, 57.084], [-7.346, 57.084], [-7.347, 57.083]]], [[[-7.346, 57.083], [-7.345, 57.083], [-7.344, 57.083], [-7.346, 57.083]]], [[[-7.357, 57.082], [-7.358, 57.082], [-7.358, 57.083], [-7.357, 57.083], [-7.357, 57.082]]], [[[-7.352, 57.081], [-7.356, 57.083], [-7.356, 57.084], [-7.35, 57.082], [-7.352, 57.081]]], [[[-7.322, 57.083], [-7.324, 57.083], [-7.325, 57.083], [-7.323, 57.083], [-7.322, 57.083]]], [[[-7.342, 57.082], [-7.342, 57.083], [-7.341, 57.082], [-7.341, 57.082], [-7.342, 57.082]]], [[[-7.321, 57.081], [-7.324, 57.081], [-7.325, 57.083], [-7.321, 57.082], [-7.321, 57.081]]], [[[-7.361, 57.078], [-7.365, 57.078], [-7.369, 57.081], [-7.359, 57.081], [-7.361, 57.078]]], [[[-7.229, 57.084], [-7.231, 57.084], [-7.229, 57.085], [-7.229, 57.084]]], [[[-7.443, 57.063], [-7.451, 57.064], [-7.451, 57.064], [-7.435, 57.066], [-7.443, 57.063]]], [[[-7.451, 57.062], [-7.452, 57.063], [-7.451, 57.063], [-7.451, 57.062]]], [[[-7.418, 57.053], [-7.419, 57.054], [-7.416, 57.054], [-7.417, 57.054], [-7.418, 57.053]]], [[[-7.456, 57.051], [-7.457, 57.051], [-7.456, 57.051], [-7.456, 57.051]]], [[[-7.421, 57.052], [-7.422, 57.053], [-7.42, 57.052], [-7.421, 57.052]]], [[[-7.418, 57.051], [-7.419, 57.051], [-7.42, 57.052], [-7.418, 57.052], [-7.418, 57.051]]], [[[-7.292, 57.052], [-7.31, 57.061], [-7.313, 57.091], [-7.269, 57.091], [-7.278, 57.068], [-7.299, 57.067], [-7.278, 57.062], [-7.292, 57.052]]], [[[-7.293, 57.05], [-7.295, 57.05], [-7.294, 57.05], [-7.293, 57.05]]], [[[-7.295, 57.048], [-7.297, 57.049], [-7.292, 57.049], [-7.293, 57.048], [-7.295, 57.048]]], [[[-7.297, 57.048], [-7.298, 57.048], [-7.298, 57.048], [-7.296, 57.048], [-7.297, 57.048]]], [[[-7.304, 57.047], [-7.304, 57.048], [-7.303, 57.048], [-7.302, 57.048], [-7.304, 57.047]]], [[[-7.3, 57.047], [-7.3, 57.048], [-7.299, 57.047], [-7.3, 57.047]]], [[[-7.418, 57.042], [-7.418, 57.043], [-7.417, 57.043], [-7.418, 57.042]]], [[[-7.388, 57.042], [-7.403, 57.048], [-7.39, 57.062], [-7.371, 57.053], [-7.388, 57.042]]], [[[-7.3, 57.042], [-7.303, 57.042], [-7.304, 57.046], [-7.298, 57.045], [-7.3, 57.042]]], [[[-7.421, 57.026], [-7.425, 57.029], [-7.411, 57.03], [-7.412, 57.028], [-7.421, 57.026]]], [[[-7.382, 57.025], [-7.383, 57.025], [-7.384, 57.025], [-7.382, 57.026], [-7.382, 57.025]]], [[[-7.374, 57.02], [-7.375, 57.02], [-7.376, 57.02], [-7.373, 57.021], [-7.374, 57.02]]], [[[-7.347, 57.02], [-7.347, 57.021], [-7.344, 57.02], [-7.347, 57.02]]], [[[-7.521, 57.009], [-7.519, 57.01], [-7.519, 57.009], [-7.521, 57.009]]], [[[-7.375, 57.015], [-7.376, 57.015], [-7.376, 57.016], [-7.374, 57.015], [-7.375, 57.015]]], [[[-7.514, 57.009], [-7.516, 57.009], [-7.516, 57.01], [-7.514, 57.009], [-7.514, 57.009]]], [[[-7.332, 57.016], [-7.332, 57.017], [-7.331, 57.017], [-7.331, 57.016], [-7.332, 57.016]]], [[[-7.335, 57.016], [-7.338, 57.016], [-7.336, 57.017], [-7.335, 57.016]]], [[[-7.413, 57.012], [-7.415, 57.013], [-7.415, 57.013], [-7.413, 57.012], [-7.413, 57.012]]], [[[-7.324, 57.014], [-7.331, 57.018], [-7.344, 57.021], [-7.325, 57.026], [-7.324, 57.014]]], [[[-7.511, 57.004], [-7.511, 57.004], [-7.509, 57.004], [-7.511, 57.004]]], [[[-7.513, 57.003], [-7.515, 57.004], [-7.513, 57.003], [-7.513, 57.003]]], [[[-7.51, 57.003], [-7.51, 57.004], [-7.511, 57.003], [-7.511, 57.004], [-7.51, 57.003]]], [[[-7.519, 57.002], [-7.52, 57.002], [-7.519, 57.003], [-7.519, 57.002]]], [[[-7.376, 57.007], [-7.378, 57.007], [-7.379, 57.008], [-7.378, 57.008], [-7.376, 57.007]]], [[[-7.389, 57.006], [-7.39, 57.006], [-7.388, 57.006], [-7.389, 57.006]]], [[[-7.394, 57.006], [-7.395, 57.006], [-7.397, 57.007], [-7.396, 57.007], [-7.394, 57.006]]], [[[-7.379, 57.006], [-7.39, 57.008], [-7.391, 57.009], [-7.388, 57.009], [-7.379, 57.006]]], [[[-7.383, 57.004], [-7.386, 57.004], [-7.386, 57.006], [-7.383, 57.004], [-7.383, 57.004]]], [[[-7.332, 57.006], [-7.342, 57.011], [-7.363, 57.014], [-7.345, 57.019], [-7.332, 57.006]]], [[[-7.381, 57.004], [-7.382, 57.003], [-7.383, 57.004], [-7.381, 57.004], [-7.381, 57.004]]], [[[-7.366, 57.004], [-7.373, 57.005], [-7.374, 57.007], [-7.369, 57.007], [-7.366, 57.004]]], [[[-7.389, 57.002], [-7.392, 57.004], [-7.393, 57.007], [-7.389, 57.006], [-7.389, 57.002]]], [[[-7.391, 57.002], [-7.393, 57.002], [-7.394, 57.003], [-7.392, 57.003], [-7.391, 57.002]]], [[[-7.39, 57.002], [-7.39, 57.003], [-7.389, 57.002], [-7.39, 57.002]]], [[[-7.407, 57.001], [-7.408, 57.001], [-7.408, 57.002], [-7.407, 57.001]]], [[[-7.416, 57.001], [-7.418, 57.001], [-7.419, 57.001], [-7.419, 57.002], [-7.416, 57.001]]], [[[-7.377, 57.002], [-7.38, 57.002], [-7.38, 57.004], [-7.377, 57.003], [-7.377, 57.002]]], [[[-7.418, 57.0], [-7.418, 57.001], [-7.417, 57.0], [-7.418, 57.0]]], [[[-7.404, 57.001], [-7.405, 57.001], [-7.405, 57.001], [-7.404, 57.001]]], [[[-7.416, 56.999], [-7.417, 57.0], [-7.416, 57.0], [-7.416, 56.999]]], [[[-7.369, 57.001], [-7.372, 57.002], [-7.371, 57.002], [-7.368, 57.001], [-7.369, 57.001]]], [[[-7.411, 56.999], [-7.413, 56.999], [-7.412, 56.999], [-7.411, 56.999]]], [[[-7.394, 57.0], [-7.396, 57.001], [-7.395, 57.001], [-7.394, 57.0]]], [[[-7.366, 57.001], [-7.366, 57.001], [-7.365, 57.001], [-7.366, 57.001]]], [[[-7.392, 57.0], [-7.394, 57.0], [-7.395, 57.001], [-7.391, 57.001], [-7.392, 57.0]]], [[[-7.35, 57.001], [-7.351, 57.002], [-7.349, 57.002], [-7.349, 57.002], [-7.35, 57.001]]], [[[-7.397, 56.999], [-7.398, 56.999], [-7.398, 56.999], [-7.397, 56.999]]], [[[-7.413, 56.998], [-7.414, 56.998], [-7.414, 56.999], [-7.413, 56.998]]], [[[-7.344, 56.999], [-7.346, 56.999], [-7.344, 56.999], [-7.344, 56.999]]], [[[-7.527, 56.988], [-7.528, 56.989], [-7.527, 56.988], [-7.527, 56.988]]], [[[-7.39, 56.994], [-7.391, 56.994], [-7.391, 56.994], [-7.39, 56.994], [-7.39, 56.994]]], [[[-7.353, 56.994], [-7.358, 56.995], [-7.352, 57.0], [-7.342, 56.997], [-7.353, 56.994]]], [[[-7.366, 56.991], [-7.376, 56.994], [-7.379, 57.001], [-7.366, 57.001], [-7.366, 56.991]]], [[[-7.376, 56.987], [-7.377, 56.987], [-7.376, 56.987], [-7.376, 56.987]]], [[[-7.373, 56.983], [-7.373, 56.983], [-7.373, 56.983], [-7.373, 56.983]]], [[[-7.543, 56.973], [-7.542, 56.974], [-7.541, 56.973], [-7.543, 56.973]]], [[[-7.374, 56.98], [-7.376, 56.981], [-7.373, 56.981], [-7.373, 56.981], [-7.374, 56.98]]], [[[-7.524, 56.974], [-7.525, 56.974], [-7.526, 56.975], [-7.524, 56.974], [-7.524, 56.974]]], [[[-7.545, 56.972], [-7.546, 56.973], [-7.546, 56.974], [-7.545, 56.973], [-7.545, 56.972]]], [[[-7.383, 56.979], [-7.383, 56.98], [-7.382, 56.979], [-7.383, 56.979]]], [[[-7.37, 56.98], [-7.37, 56.98], [-7.368, 56.98], [-7.37, 56.98]]], [[[-7.379, 56.979], [-7.381, 56.98], [-7.379, 56.979], [-7.379, 56.979]]], [[[-7.384, 56.978], [-7.385, 56.978], [-7.385, 56.979], [-7.384, 56.979], [-7.384, 56.978]]], [[[-7.367, 56.979], [-7.369, 56.979], [-7.369, 56.979], [-7.366, 56.979], [-7.367, 56.979]]], [[[-7.368, 56.978], [-7.369, 56.978], [-7.367, 56.978], [-7.368, 56.978]]], [[[-7.418, 56.976], [-7.419, 56.976], [-7.419, 56.976], [-7.418, 56.976]]], [[[-7.552, 56.97], [-7.553, 56.97], [-7.552, 56.97], [-7.552, 56.97]]], [[[-7.417, 56.975], [-7.418, 56.976], [-7.417, 56.976], [-7.417, 56.975]]], [[[-7.555, 56.961], [-7.556, 56.961], [-7.555, 56.961], [-7.555, 56.961]]], [[[-7.555, 56.961], [-7.555, 56.961], [-7.555, 56.961], [-7.555, 56.961]]], [[[-7.557, 56.96], [-7.557, 56.961], [-7.557, 56.96], [-7.557, 56.96]]], [[[-7.42, 56.965], [-7.424, 56.966], [-7.424, 56.967], [-7.42, 56.967], [-7.42, 56.965]]], [[[-7.487, 56.952], [-7.488, 56.952], [-7.487, 56.952], [-7.487, 56.952]]], [[[-7.525, 56.942], [-7.529, 56.943], [-7.529, 56.943], [-7.524, 56.945], [-7.525, 56.942]]], [[[-7.455, 56.945], [-7.505, 56.958], [-7.511, 56.946], [-7.563, 56.956], [-7.552, 56.971], [-7.519, 56.974], [-7.513, 56.981], [-7.525, 56.988], [-7.508, 56.987], [-7.515, 56.999], [-7.502, 57.004], [-7.529, 57.013], [-7.458, 57.023], [-7.447, 57.041], [-7.456, 57.058], [-7.445, 57.058], [-7.42, 57.042], [-7.45, 57.023], [-7.393, 57.002], [-7.429, 57.012], [-7.407, 57.003], [-7.431, 57.002], [-7.375, 56.986], [-7.422, 56.992], [-7.405, 56.978], [-7.423, 56.976], [-7.427, 56.962], [-7.444, 56.96], [-7.43, 56.953], [-7.455, 56.945]]], [[[-7.482, 56.943], [-7.486, 56.944], [-7.486, 56.946], [-7.483, 56.946], [-7.482, 56.943]]], [[[-7.58, 56.933], [-7.581, 56.933], [-7.583, 56.934], [-7.582, 56.935], [-7.58, 56.933]]], [[[-7.577, 56.932], [-7.579, 56.932], [-7.582, 56.934], [-7.573, 56.934], [-7.577, 56.932]]], [[[-7.486, 56.931], [-7.487, 56.932], [-7.487, 56.932], [-7.486, 56.931]]], [[[-7.485, 56.93], [-7.486, 56.933], [-7.482, 56.932], [-7.483, 56.931], [-7.485, 56.93]]], [[[-7.478, 56.928], [-7.478, 56.928], [-7.478, 56.929], [-7.477, 56.929], [-7.478, 56.928]]], [[[-7.475, 56.927], [-7.475, 56.927], [-7.474, 56.928], [-7.475, 56.927]]], [[[-7.562, 56.921], [-7.562, 56.922], [-7.562, 56.922], [-7.562, 56.922], [-7.562, 56.921]]], [[[-7.464, 56.922], [-7.464, 56.922], [-7.464, 56.923], [-7.464, 56.922]]], [[[-7.463, 56.922], [-7.463, 56.922], [-7.463, 56.923], [-7.463, 56.922]]], [[[-7.463, 56.921], [-7.463, 56.921], [-7.463, 56.922], [-7.463, 56.921]]], [[[-7.463, 56.921], [-7.463, 56.921], [-7.463, 56.921], [-7.463, 56.921]]], [[[-7.507, 56.914], [-7.508, 56.915], [-7.507, 56.915], [-7.507, 56.914]]], [[[-7.507, 56.913], [-7.507, 56.914], [-7.507, 56.914], [-7.507, 56.913]]], [[[-7.507, 56.913], [-7.507, 56.913], [-7.507, 56.913], [-7.507, 56.913]]], [[[-7.533, 56.909], [-7.555, 56.912], [-7.561, 56.922], [-7.542, 56.927], [-7.573, 56.934], [-7.561, 56.942], [-7.571, 56.948], [-7.487, 56.932], [-7.534, 56.927], [-7.502, 56.921], [-7.533, 56.909]]], [[[-7.445, 56.911], [-7.451, 56.92], [-7.437, 56.921], [-7.437, 56.916], [-7.445, 56.911]]], [[[-7.446, 56.911], [-7.448, 56.912], [-7.448, 56.912], [-7.445, 56.911], [-7.446, 56.911]]], [[[-7.564, 56.898], [-7.565, 56.898], [-7.564, 56.898], [-7.564, 56.898]]], [[[-7.567, 56.896], [-7.571, 56.898], [-7.571, 56.9], [-7.564, 56.901], [-7.567, 56.896]]], [[[-7.57, 56.895], [-7.571, 56.895], [-7.571, 56.895], [-7.57, 56.895]]], [[[-7.571, 56.894], [-7.571, 56.894], [-7.57, 56.895], [-7.57, 56.894], [-7.571, 56.894]]], [[[-7.496, 56.897], [-7.497, 56.897], [-7.497, 56.898], [-7.496, 56.897]]], [[[-7.567, 56.893], [-7.57, 56.894], [-7.57, 56.896], [-7.566, 56.895], [-7.567, 56.893]]], [[[-7.567, 56.891], [-7.569, 56.891], [-7.57, 56.893], [-7.566, 56.892], [-7.567, 56.891]]], [[[-7.533, 56.887], [-7.535, 56.888], [-7.535, 56.89], [-7.534, 56.889], [-7.533, 56.887]]], [[[-7.492, 56.887], [-7.493, 56.887], [-7.492, 56.887], [-7.492, 56.887]]], [[[-7.49, 56.886], [-7.491, 56.886], [-7.489, 56.886], [-7.49, 56.886]]], [[[-7.514, 56.883], [-7.514, 56.883], [-7.513, 56.883], [-7.514, 56.883]]], [[[-7.505, 56.88], [-7.519, 56.881], [-7.539, 56.898], [-7.499, 56.898], [-7.492, 56.888], [-7.505, 56.88]]], [[[-7.497, 56.88], [-7.497, 56.881], [-7.496, 56.88], [-7.497, 56.88]]], [[[-7.553, 56.875], [-7.554, 56.875], [-7.553, 56.876], [-7.553, 56.875]]], [[[-7.551, 56.875], [-7.552, 56.876], [-7.548, 56.876], [-7.551, 56.875], [-7.551, 56.875]]], [[[-7.576, 56.87], [-7.581, 56.873], [-7.579, 56.877], [-7.572, 56.874], [-7.576, 56.87]]], [[[-7.602, 56.847], [-7.604, 56.847], [-7.604, 56.848], [-7.602, 56.848], [-7.602, 56.847]]], [[[-7.569, 56.847], [-7.583, 56.85], [-7.598, 56.849], [-7.579, 56.862], [-7.559, 56.856], [-7.569, 56.847]]], [[[-7.549, 56.848], [-7.553, 56.85], [-7.559, 56.854], [-7.555, 56.855], [-7.549, 56.848]]], [[[-7.603, 56.845], [-7.605, 56.846], [-7.605, 56.847], [-7.604, 56.846], [-7.603, 56.845]]], [[[-7.623, 56.844], [-7.624, 56.846], [-7.622, 56.846], [-7.623, 56.844]]], [[[-7.624, 56.844], [-7.625, 56.844], [-7.625, 56.845], [-7.624, 56.845], [-7.624, 56.844]]], [[[-7.605, 56.845], [-7.606, 56.845], [-7.605, 56.845], [-7.605, 56.845]]], [[[-7.622, 56.844], [-7.623, 56.844], [-7.622, 56.845], [-7.622, 56.844]]], [[[-7.603, 56.845], [-7.605, 56.845], [-7.605, 56.845], [-7.604, 56.845], [-7.603, 56.845]]], [[[-7.626, 56.844], [-7.626, 56.844], [-7.627, 56.845], [-7.625, 56.845], [-7.626, 56.844]]], [[[-7.616, 56.829], [-7.617, 56.829], [-7.617, 56.83], [-7.616, 56.83], [-7.616, 56.829]]], [[[-7.613, 56.828], [-7.615, 56.829], [-7.615, 56.83], [-7.613, 56.829], [-7.613, 56.828]]], [[[-7.62, 56.828], [-7.622, 56.83], [-7.622, 56.831], [-7.618, 56.829], [-7.62, 56.828]]], [[[-7.657, 56.815], [-7.659, 56.816], [-7.66, 56.817], [-7.656, 56.817], [-7.657, 56.815]]], [[[-7.663, 56.805], [-7.662, 56.808], [-7.659, 56.805], [-7.663, 56.805]]], [[[-7.649, 56.796], [-7.666, 56.8], [-7.648, 56.813], [-7.659, 56.822], [-7.621, 56.828], [-7.622, 56.803], [-7.649, 56.796]]], [[[-7.657, 56.793], [-7.655, 56.795], [-7.654, 56.794], [-7.655, 56.793], [-7.657, 56.793]]], [[[-7.65, 56.784], [-7.651, 56.784], [-7.65, 56.784], [-7.65, 56.784]]], [[[-7.637, 56.778], [-7.661, 56.785], [-7.644, 56.79], [-7.618, 56.788], [-7.612, 56.784], [-7.637, 56.778]]]]}}, {"type": "Feature", "properties": {"cd": "S22000032", "nm": "Mull and Islay"}, "geometry": {"type": "MultiPolygon", "coordinates": [[[[-6.445, 56.704], [-6.446, 56.704], [-6.446, 56.705], [-6.445, 56.705], [-6.445, 56.704]]], [[[-6.443, 56.703], [-6.444, 56.704], [-6.444, 56.704], [-6.444, 56.705], [-6.443, 56.703]]], [[[-6.449, 56.702], [-6.452, 56.702], [-6.452, 56.703], [-6.451, 56.704], [-6.449, 56.702]]], [[[-6.452, 56.7], [-6.454, 56.701], [-6.452, 56.702], [-6.452, 56.7]]], [[[-6.45, 56.7], [-6.451, 56.701], [-6.451, 56.702], [-6.45, 56.701], [-6.45, 56.7]]], [[[-6.454, 56.7], [-6.454, 56.701], [-6.452, 56.7], [-6.452, 56.7], [-6.454, 56.7]]], [[[-6.455, 56.7], [-6.457, 56.7], [-6.457, 56.701], [-6.455, 56.701], [-6.455, 56.7]]], [[[-6.45, 56.698], [-6.45, 56.698], [-6.449, 56.698], [-6.449, 56.698], [-6.45, 56.698]]], [[[-6.453, 56.697], [-6.454, 56.697], [-6.454, 56.697], [-6.453, 56.697]]], [[[-6.463, 56.696], [-6.464, 56.696], [-6.464, 56.696], [-6.463, 56.696], [-6.463, 56.696]]], [[[-6.456, 56.696], [-6.456, 56.697], [-6.455, 56.697], [-6.455, 56.697], [-6.456, 56.696]]], [[[-6.453, 56.696], [-6.454, 56.696], [-6.453, 56.696], [-6.453, 56.696], [-6.453, 56.696]]], [[[-6.452, 56.695], [-6.453, 56.696], [-6.451, 56.697], [-6.451, 56.696], [-6.452, 56.695]]], [[[-6.463, 56.695], [-6.463, 56.695], [-6.463, 56.695], [-6.463, 56.695]]], [[[-6.446, 56.694], [-6.448, 56.698], [-6.446, 56.699], [-6.442, 56.698], [-6.446, 56.694]]], [[[-6.458, 56.694], [-6.458, 56.695], [-6.459, 56.695], [-6.457, 56.695], [-6.458, 56.694]]], [[[-6.475, 56.689], [-6.476, 56.69], [-6.475, 56.69], [-6.475, 56.689], [-6.475, 56.689]]], [[[-6.447, 56.69], [-6.448, 56.69], [-6.448, 56.69], [-6.447, 56.69], [-6.447, 56.69]]], [[[-6.507, 56.686], [-6.507, 56.686], [-6.508, 56.686], [-6.506, 56.686], [-6.507, 56.686]]], [[[-6.496, 56.686], [-6.497, 56.687], [-6.497, 56.687], [-6.496, 56.687], [-6.496, 56.686]]], [[[-6.498, 56.686], [-6.5, 56.686], [-6.501, 56.687], [-6.5, 56.687], [-6.498, 56.686]]], [[[-6.503, 56.685], [-6.504, 56.685], [-6.504, 56.685], [-6.503, 56.685]]], [[[-6.506, 56.684], [-6.506, 56.685], [-6.505, 56.686], [-6.505, 56.685], [-6.506, 56.684]]], [[[-6.509, 56.684], [-6.51, 56.684], [-6.51, 56.684], [-6.509, 56.684]]], [[[-6.502, 56.683], [-6.504, 56.684], [-6.503, 56.684], [-6.502, 56.683]]], [[[-6.51, 56.681], [-6.511, 56.681], [-6.509, 56.681], [-6.51, 56.681]]], [[[-6.518, 56.68], [-6.519, 56.681], [-6.518, 56.681], [-6.518, 56.68]]], [[[-6.524, 56.677], [-6.526, 56.677], [-6.526, 56.678], [-6.524, 56.677]]], [[[-6.52, 56.677], [-6.52, 56.678], [-6.519, 56.679], [-6.519, 56.678], [-6.52, 56.677]]], [[[-6.45, 56.679], [-6.45, 56.679], [-6.45, 56.68], [-6.45, 56.679]]], [[[-6.537, 56.674], [-6.537, 56.674], [-6.537, 56.675], [-6.537, 56.674]]], [[[-6.544, 56.671], [-6.544, 56.672], [-6.544, 56.672], [-6.543, 56.672], [-6.544, 56.671]]], [[[-6.54, 56.671], [-6.541, 56.672], [-6.54, 56.672], [-6.54, 56.671]]], [[[-6.541, 56.668], [-6.542, 56.669], [-6.541, 56.669], [-6.541, 56.668]]], [[[-6.547, 56.667], [-6.548, 56.667], [-6.547, 56.667], [-6.547, 56.667]]], [[[-6.551, 56.664], [-6.551, 56.665], [-6.551, 56.665], [-6.551, 56.664]]], [[[-6.548, 56.662], [-6.549, 56.662], [-6.548, 56.662], [-6.548, 56.662]]], [[[-6.563, 56.659], [-6.565, 56.659], [-6.564, 56.66], [-6.563, 56.659]]], [[[-6.592, 56.645], [-6.592, 56.646], [-6.592, 56.645], [-6.592, 56.645]]], [[[-6.477, 56.645], [-6.478, 56.645], [-6.477, 56.646], [-6.477, 56.645]]], [[[-6.197, 56.643], [-6.198, 56.643], [-6.197, 56.643], [-6.197, 56.643]]], [[[-6.199, 56.64], [-6.2, 56.64], [-6.2, 56.64], [-6.199, 56.64]]], [[[-6.213, 56.638], [-6.213, 56.638], [-6.213, 56.639], [-6.213, 56.638], [-6.213, 56.638]]], [[[-6.496, 56.626], [-6.495, 56.627], [-6.495, 56.626], [-6.496, 56.626]]], [[[-6.215, 56.633], [-6.217, 56.634], [-6.216, 56.635], [-6.215, 56.634], [-6.215, 56.633]]], [[[-6.513, 56.616], [-6.518, 56.618], [-6.517, 56.62], [-6.514, 56.619], [-6.513, 56.616]]], [[[-6.511, 56.615], [-6.512, 56.616], [-6.511, 56.616], [-6.511, 56.615]]], [[[-6.649, 56.602], [-6.651, 56.603], [-6.65, 56.603], [-6.649, 56.602]]], [[[-6.678, 56.6], [-6.679, 56.6], [-6.678, 56.601], [-6.678, 56.6]]], [[[-6.258, 56.614], [-6.258, 56.615], [-6.258, 56.615], [-6.258, 56.614]]], [[[-6.525, 56.604], [-6.527, 56.609], [-6.522, 56.611], [-6.52, 56.608], [-6.525, 56.604]]], [[[-6.047, 56.62], [-6.048, 56.62], [-6.051, 56.621], [-6.048, 56.622], [-6.047, 56.62]]], [[[-6.539, 56.602], [-6.541, 56.602], [-6.541, 56.603], [-6.539, 56.603], [-6.539, 56.602]]], [[[-6.677, 56.596], [-6.678, 56.596], [-6.679, 56.597], [-6.677, 56.598], [-6.677, 56.596]]], [[[-6.532, 56.599], [-6.532, 56.599], [-6.531, 56.599], [-6.532, 56.599]]], [[[-6.233, 56.608], [-6.234, 56.608], [-6.234, 56.609], [-6.233, 56.608], [-6.233, 56.608]]], [[[-6.701, 56.59], [-6.701, 56.591], [-6.7, 56.591], [-6.7, 56.59], [-6.701, 56.59]]], [[[-6.03, 56.612], [-6.045, 56.617], [-6.048, 56.625], [-6.038, 56.622], [-6.03, 56.612]]], [[[-6.03, 56.611], [-6.033, 56.612], [-6.033, 56.613], [-6.03, 56.612], [-6.03, 56.611]]], [[[-6.556, 56.593], [-6.555, 56.594], [-6.555, 56.594], [-6.555, 56.593], [-6.556, 56.593]]], [[[-6.562, 56.591], [-6.563, 56.593], [-6.56, 56.593], [-6.562, 56.592], [-6.562, 56.591]]], [[[-6.225, 56.603], [-6.225, 56.603], [-6.226, 56.604], [-6.226, 56.604], [-6.225, 56.603]]], [[[-6.564, 56.589], [-6.564, 56.59], [-6.563, 56.59], [-6.563, 56.589], [-6.564, 56.589]]], [[[-6.704, 56.584], [-6.703, 56.584], [-6.702, 56.585], [-6.702, 56.584], [-6.704, 56.584]]], [[[-6.573, 56.586], [-6.573, 56.586], [-6.572, 56.586], [-6.573, 56.586]]], [[[-6.623, 56.583], [-6.624, 56.583], [-6.624, 56.584], [-6.623, 56.583]]], [[[-6.579, 56.583], [-6.579, 56.585], [-6.578, 56.584], [-6.579, 56.583]]], [[[-6.674, 56.578], [-6.674, 56.578], [-6.674, 56.578], [-6.674, 56.578]]], [[[-6.672, 56.577], [-6.673, 56.578], [-6.672, 56.578], [-6.672, 56.577]]], [[[-6.614, 56.576], [-6.616, 56.577], [-6.616, 56.578], [-6.614, 56.578], [-6.614, 56.576]]], [[[-6.648, 56.572], [-6.649, 56.573], [-6.648, 56.573], [-6.648, 56.573], [-6.648, 56.572]]], [[[-6.711, 56.569], [-6.712, 56.569], [-6.715, 56.571], [-6.712, 56.571], [-6.711, 56.569]]], [[[-6.634, 56.571], [-6.633, 56.572], [-6.633, 56.572], [-6.633, 56.572], [-6.634, 56.571]]], [[[-6.721, 56.565], [-6.722, 56.565], [-6.724, 56.567], [-6.721, 56.566], [-6.721, 56.565]]], [[[-6.633, 56.565], [-6.634, 56.567], [-6.633, 56.569], [-6.628, 56.567], [-6.633, 56.565]]], [[[-6.692, 56.563], [-6.71, 56.58], [-6.656, 56.594], [-6.612, 56.638], [-6.532, 56.676], [-6.517, 56.675], [-6.516, 56.681], [-6.513, 56.679], [-6.51, 56.68], [-6.509, 56.678], [-6.507, 56.679], [-6.499, 56.683], [-6.501, 56.683], [-6.504, 56.686], [-6.493, 56.682], [-6.495, 56.691], [-6.451, 56.685], [-6.506, 56.617], [-6.519, 56.623], [-6.525, 56.633], [-6.534, 56.639], [-6.523, 56.613], [-6.566, 56.595], [-6.567, 56.587], [-6.601, 56.589], [-6.611, 56.575], [-6.625, 56.592], [-6.638, 56.573], [-6.671, 56.583], [-6.692, 56.563]]], [[[-6.725, 56.56], [-6.733, 56.563], [-6.706, 56.567], [-6.708, 56.564], [-6.725, 56.56]]], [[[-6.695, 56.561], [-6.696, 56.562], [-6.696, 56.562], [-6.695, 56.562], [-6.695, 56.561]]], [[[-6.63, 56.563], [-6.63, 56.564], [-6.632, 56.564], [-6.631, 56.565], [-6.63, 56.563]]], [[[-6.697, 56.558], [-6.698, 56.559], [-6.697, 56.559], [-6.697, 56.558], [-6.697, 56.558]]], [[[-6.295, 56.57], [-6.296, 56.571], [-6.296, 56.571], [-6.295, 56.571], [-6.295, 56.57]]], [[[-6.761, 56.551], [-6.761, 56.552], [-6.763, 56.551], [-6.761, 56.553], [-6.761, 56.551]]], [[[-6.74, 56.548], [-6.741, 56.549], [-6.74, 56.549], [-6.74, 56.548]]], [[[-6.769, 56.545], [-6.773, 56.546], [-6.773, 56.547], [-6.771, 56.548], [-6.769, 56.545]]], [[[-6.932, 56.536], [-6.932, 56.536], [-6.932, 56.537], [-6.931, 56.536], [-6.932, 56.536]]], [[[-6.934, 56.535], [-6.934, 56.536], [-6.933, 56.536], [-6.934, 56.535]]], [[[-6.935, 56.534], [-6.937, 56.534], [-6.936, 56.534], [-6.935, 56.534]]], [[[-6.936, 56.533], [-6.936, 56.533], [-6.936, 56.533], [-6.936, 56.533]]], [[[-7.014, 56.529], [-7.015, 56.53], [-7.014, 56.53], [-7.014, 56.529]]], [[[-7.014, 56.529], [-7.015, 56.529], [-7.015, 56.53], [-7.014, 56.529], [-7.014, 56.529]]], [[[-7.012, 56.529], [-7.014, 56.529], [-7.012, 56.529], [-7.012, 56.529]]], [[[-6.868, 56.532], [-6.869, 56.533], [-6.868, 56.533], [-6.868, 56.532]]], [[[-6.857, 56.532], [-6.859, 56.532], [-6.857, 56.532], [-6.857, 56.532]]], [[[-6.905, 56.529], [-6.907, 56.531], [-6.903, 56.53], [-6.905, 56.529]]], [[[-5.98, 56.562], [-5.982, 56.562], [-5.982, 56.563], [-5.981, 56.563], [-5.98, 56.562]]], [[[-6.71, 56.535], [-6.711, 56.536], [-6.711, 56.537], [-6.71, 56.536], [-6.71, 56.535]]], [[[-6.887, 56.528], [-6.888, 56.528], [-6.888, 56.528], [-6.887, 56.528]]], [[[-7.014, 56.522], [-7.015, 56.523], [-7.015, 56.524], [-7.012, 56.523], [-7.014, 56.522]]], [[[-7.003, 56.523], [-7.005, 56.523], [-7.007, 56.524], [-7.004, 56.525], [-7.003, 56.523]]], [[[-7.015, 56.521], [-7.014, 56.522], [-7.013, 56.522], [-7.013, 56.522], [-7.015, 56.521]]], [[[-7.008, 56.521], [-7.008, 56.522], [-7.005, 56.522], [-7.006, 56.522], [-7.008, 56.521]]], [[[-7.003, 56.521], [-7.005, 56.521], [-7.005, 56.523], [-7.003, 56.522], [-7.003, 56.521]]], [[[-6.97, 56.52], [-6.97, 56.52], [-6.968, 56.52], [-6.97, 56.52]]], [[[-6.722, 56.528], [-6.722, 56.528], [-6.722, 56.529], [-6.722, 56.528], [-6.722, 56.528]]], [[[-6.984, 56.517], [-6.983, 56.517], [-6.983, 56.517], [-6.984, 56.517]]], [[[-6.747, 56.523], [-6.748, 56.523], [-6.747, 56.525], [-6.746, 56.524], [-6.747, 56.523]]], [[[-6.766, 56.52], [-6.767, 56.52], [-6.768, 56.522], [-6.765, 56.52], [-6.766, 56.52]]], [[[-6.329, 56.531], [-6.33, 56.532], [-6.329, 56.532], [-6.329, 56.532], [-6.329, 56.531]]], [[[-6.762, 56.512], [-6.77, 56.516], [-6.764, 56.519], [-6.754, 56.515], [-6.762, 56.512]]], [[[-6.995, 56.502], [-6.993, 56.503], [-6.993, 56.502], [-6.995, 56.502]]], [[[-5.912, 56.535], [-5.913, 56.535], [-5.914, 56.536], [-5.912, 56.536], [-5.912, 56.535]]], [[[-6.376, 56.519], [-6.379, 56.519], [-6.379, 56.52], [-6.376, 56.52], [-6.376, 56.519]]], [[[-6.799, 56.502], [-6.8, 56.503], [-6.798, 56.503], [-6.799, 56.502]]], [[[-6.382, 56.517], [-6.384, 56.519], [-6.382, 56.519], [-6.38, 56.518], [-6.382, 56.517]]], [[[-6.207, 56.519], [-6.208, 56.519], [-6.208, 56.519], [-6.207, 56.519], [-6.207, 56.519]]], [[[-6.985, 56.49], [-6.985, 56.491], [-6.983, 56.491], [-6.985, 56.49]]], [[[-6.407, 56.508], [-6.407, 56.509], [-6.406, 56.508], [-6.407, 56.508]]], [[[-6.397, 56.505], [-6.393, 56.514], [-6.388, 56.51], [-6.39, 56.507], [-6.397, 56.505]]], [[[-5.931, 56.521], [-5.933, 56.522], [-5.933, 56.522], [-5.929, 56.521], [-5.931, 56.521]]], [[[-6.812, 56.487], [-6.813, 56.488], [-6.812, 56.489], [-6.812, 56.488], [-6.812, 56.487]]], [[[-6.41, 56.502], [-6.41, 56.503], [-6.409, 56.503], [-6.409, 56.502], [-6.41, 56.502]]], [[[-6.411, 56.502], [-6.411, 56.502], [-6.411, 56.503], [-6.41, 56.502], [-6.411, 56.502]]], [[[-6.414, 56.502], [-6.415, 56.505], [-6.412, 56.505], [-6.413, 56.504], [-6.414, 56.502]]], [[[-6.407, 56.498], [-6.407, 56.499], [-6.407, 56.499], [-6.407, 56.498]]], [[[-6.425, 56.497], [-6.425, 56.499], [-6.42, 56.501], [-6.42, 56.5], [-6.425, 56.497]]], [[[-6.25, 56.497], [-6.251, 56.497], [-6.25, 56.497], [-6.25, 56.497], [-6.25, 56.497]]], [[[-6.305, 56.493], [-6.305, 56.495], [-6.31, 56.498], [-6.303, 56.496], [-6.305, 56.493]]], [[[-6.976, 56.465], [-6.977, 56.466], [-6.976, 56.466], [-6.976, 56.465]]], [[[-6.169, 56.491], [-6.17, 56.491], [-6.169, 56.492], [-6.169, 56.491]]], [[[-6.432, 56.48], [-6.428, 56.492], [-6.418, 56.495], [-6.425, 56.483], [-6.432, 56.48]]], [[[-6.433, 56.48], [-6.434, 56.48], [-6.433, 56.481], [-6.433, 56.48]]], [[[-6.17, 56.489], [-6.171, 56.49], [-6.171, 56.49], [-6.17, 56.49], [-6.17, 56.489]]], [[[-6.17, 56.488], [-6.172, 56.489], [-6.17, 56.489], [-6.17, 56.488]]], [[[-6.163, 56.488], [-6.167, 56.49], [-6.167, 56.49], [-6.165, 56.49], [-6.163, 56.488]]], [[[-6.167, 56.487], [-6.167, 56.487], [-6.167, 56.487], [-6.167, 56.487]]], [[[-6.159, 56.487], [-6.162, 56.488], [-6.163, 56.489], [-6.158, 56.488], [-6.159, 56.487]]], [[[-6.162, 56.486], [-6.163, 56.486], [-6.166, 56.487], [-6.162, 56.487], [-6.162, 56.486]]], [[[-6.303, 56.479], [-6.304, 56.479], [-6.303, 56.48], [-6.303, 56.479]]], [[[-6.152, 56.483], [-6.154, 56.483], [-6.159, 56.487], [-6.154, 56.486], [-6.152, 56.483]]], [[[-6.302, 56.477], [-6.304, 56.478], [-6.304, 56.479], [-6.302, 56.478], [-6.302, 56.477]]], [[[-6.163, 56.481], [-6.163, 56.483], [-6.162, 56.483], [-6.163, 56.482], [-6.163, 56.481]]], [[[-6.161, 56.48], [-6.162, 56.481], [-6.163, 56.481], [-6.161, 56.481], [-6.161, 56.48]]], [[[-6.142, 56.479], [-6.143, 56.479], [-6.143, 56.48], [-6.142, 56.48], [-6.142, 56.479]]], [[[-6.279, 56.474], [-6.282, 56.483], [-6.306, 56.48], [-6.308, 56.491], [-6.254, 56.494], [-6.279, 56.474]]], [[[-6.31, 56.471], [-6.309, 56.473], [-6.307, 56.473], [-6.306, 56.472], [-6.31, 56.471]]], [[[-6.305, 56.47], [-6.306, 56.471], [-6.305, 56.472], [-6.305, 56.471], [-6.305, 56.47]]], [[[-6.13, 56.474], [-6.133, 56.474], [-6.134, 56.475], [-6.132, 56.475], [-6.13, 56.474]]], [[[-6.224, 56.469], [-6.224, 56.471], [-6.223, 56.471], [-6.223, 56.469], [-6.224, 56.469]]], [[[-6.249, 56.468], [-6.249, 56.469], [-6.248, 56.468], [-6.249, 56.468]]], [[[-6.246, 56.467], [-6.248, 56.468], [-6.246, 56.468], [-6.246, 56.467]]], [[[-6.221, 56.467], [-6.222, 56.468], [-6.222, 56.469], [-6.22, 56.468], [-6.221, 56.467]]], [[[-6.918, 56.441], [-6.918, 56.442], [-6.917, 56.442], [-6.918, 56.441]]], [[[-6.918, 56.441], [-6.919, 56.441], [-6.918, 56.441], [-6.918, 56.441], [-6.918, 56.441]]], [[[-6.215, 56.466], [-6.215, 56.467], [-6.213, 56.467], [-6.215, 56.466]]], [[[-6.913, 56.441], [-6.913, 56.441], [-6.913, 56.441], [-6.913, 56.441]]], [[[-6.912, 56.44], [-6.913, 56.442], [-6.919, 56.443], [-6.933, 56.443], [-6.949, 56.458], [-6.98, 56.452], [-6.974, 56.488], [-6.986, 56.504], [-6.998, 56.502], [-6.998, 56.505], [-6.955, 56.521], [-6.951, 56.529], [-6.873, 56.519], [-6.817, 56.543], [-6.779, 56.537], [-6.76, 56.547], [-6.755, 56.556], [-6.742, 56.544], [-6.726, 56.539], [-6.733, 56.525], [-6.742, 56.53], [-6.805, 56.524], [-6.814, 56.513], [-6.795, 56.506], [-6.806, 56.502], [-6.812, 56.489], [-6.876, 56.489], [-6.897, 56.472], [-6.889, 56.447], [-6.912, 56.44]]], [[[-6.48, 56.456], [-6.478, 56.461], [-6.47, 56.465], [-6.474, 56.459], [-6.48, 56.456]]], [[[-6.211, 56.465], [-6.211, 56.467], [-6.21, 56.468], [-6.21, 56.465], [-6.211, 56.465]]], [[[-6.481, 56.455], [-6.481, 56.456], [-6.481, 56.455], [-6.481, 56.455]]], [[[-6.244, 56.462], [-6.245, 56.463], [-6.243, 56.463], [-6.243, 56.463], [-6.244, 56.462]]], [[[-6.224, 56.462], [-6.226, 56.463], [-6.223, 56.464], [-6.224, 56.463], [-6.224, 56.462]]], [[[-6.22, 56.462], [-6.221, 56.463], [-6.221, 56.465], [-6.219, 56.464], [-6.22, 56.462]]], [[[-6.24, 56.46], [-6.243, 56.461], [-6.237, 56.463], [-6.237, 56.461], [-6.24, 56.46]]], [[[-6.191, 56.462], [-6.191, 56.462], [-6.191, 56.462], [-6.191, 56.462]]], [[[-6.218, 56.46], [-6.219, 56.462], [-6.218, 56.462], [-6.217, 56.462], [-6.218, 56.46]]], [[[-6.204, 56.46], [-6.208, 56.472], [-6.225, 56.471], [-6.241, 56.466], [-6.244, 56.472], [-6.269, 56.478], [-6.23, 56.501], [-6.141, 56.472], [-6.204, 56.46]]], [[[-6.211, 56.459], [-6.211, 56.459], [-6.211, 56.46], [-6.211, 56.46], [-6.211, 56.459]]], [[[-6.237, 56.458], [-6.235, 56.46], [-6.233, 56.46], [-6.234, 56.459], [-6.237, 56.458]]], [[[-6.483, 56.449], [-6.485, 56.451], [-6.482, 56.454], [-6.481, 56.452], [-6.483, 56.449]]], [[[-6.242, 56.458], [-6.242, 56.458], [-6.24, 56.459], [-6.242, 56.458]]], [[[-6.09, 56.462], [-6.101, 56.464], [-6.076, 56.467], [-6.08, 56.463], [-6.09, 56.462]]], [[[-6.239, 56.456], [-6.24, 56.458], [-6.238, 56.458], [-6.239, 56.457], [-6.239, 56.456]]], [[[-6.174, 56.458], [-6.175, 56.458], [-6.176, 56.458], [-6.174, 56.458], [-6.174, 56.458]]], [[[-6.168, 56.457], [-6.171, 56.457], [-6.171, 56.457], [-6.169, 56.458], [-6.168, 56.457]]], [[[-6.135, 56.451], [-6.137, 56.452], [-6.134, 56.452], [-6.135, 56.451]]], [[[-6.259, 56.446], [-6.266, 56.45], [-6.267, 56.456], [-6.25, 56.452], [-6.259, 56.446]]], [[[-5.681, 56.461], [-5.682, 56.461], [-5.682, 56.462], [-5.68, 56.461], [-5.681, 56.461]]], [[[-6.341, 56.431], [-6.347, 56.435], [-6.339, 56.44], [-6.337, 56.437], [-6.341, 56.431]]], [[[-6.163, 56.435], [-6.166, 56.443], [-6.151, 56.447], [-6.15, 56.446], [-6.163, 56.435]]], [[[-6.152, 56.422], [-6.153, 56.422], [-6.152, 56.423], [-6.15, 56.423], [-6.152, 56.422]]], [[[-6.246, 56.41], [-6.248, 56.411], [-6.248, 56.412], [-6.245, 56.411], [-6.246, 56.41]]], [[[-5.648, 56.426], [-5.648, 56.427], [-5.647, 56.427], [-5.647, 56.427], [-5.648, 56.426]]], [[[-5.648, 56.425], [-5.647, 56.426], [-5.647, 56.425], [-5.648, 56.425]]], [[[-5.716, 56.406], [-5.717, 56.406], [-5.717, 56.406], [-5.716, 56.406]]], [[[-5.717, 56.405], [-5.718, 56.405], [-5.718, 56.406], [-5.717, 56.406], [-5.717, 56.405]]], [[[-5.985, 56.387], [-5.985, 56.388], [-5.985, 56.388], [-5.984, 56.388], [-5.985, 56.387]]], [[[-6.055, 56.378], [-6.055, 56.379], [-6.055, 56.379], [-6.054, 56.379], [-6.055, 56.378]]], [[[-6.376, 56.352], [-6.378, 56.353], [-6.375, 56.354], [-6.375, 56.353], [-6.376, 56.352]]], [[[-6.461, 56.347], [-6.463, 56.348], [-6.464, 56.349], [-6.459, 56.349], [-6.461, 56.347]]], [[[-6.463, 56.347], [-6.464, 56.348], [-6.463, 56.347], [-6.463, 56.347]]], [[[-6.405, 56.349], [-6.403, 56.351], [-6.402, 56.35], [-6.402, 56.35], [-6.405, 56.349]]], [[[-6.064, 56.361], [-6.066, 56.361], [-6.064, 56.361], [-6.064, 56.361]]], [[[-6.466, 56.347], [-6.469, 56.347], [-6.469, 56.347], [-6.467, 56.348], [-6.466, 56.347]]], [[[-6.066, 56.36], [-6.067, 56.36], [-6.065, 56.36], [-6.066, 56.36]]], [[[-6.337, 56.348], [-6.338, 56.348], [-6.337, 56.348], [-6.337, 56.348]]], [[[-6.353, 56.347], [-6.354, 56.348], [-6.352, 56.347], [-6.353, 56.347]]], [[[-6.359, 56.345], [-6.359, 56.345], [-6.359, 56.345], [-6.358, 56.345], [-6.359, 56.345]]], [[[-6.356, 56.344], [-6.357, 56.344], [-6.357, 56.345], [-6.356, 56.344]]], [[[-6.348, 56.344], [-6.349, 56.345], [-6.349, 56.345], [-6.348, 56.344]]], [[[-6.364, 56.343], [-6.365, 56.344], [-6.364, 56.345], [-6.364, 56.343]]], [[[-6.354, 56.343], [-6.355, 56.343], [-6.354, 56.344], [-6.354, 56.343]]], [[[-6.321, 56.344], [-6.321, 56.344], [-6.32, 56.344], [-6.321, 56.344]]], [[[-6.361, 56.343], [-6.361, 56.343], [-6.36, 56.343], [-6.361, 56.343]]], [[[-6.365, 56.342], [-6.365, 56.342], [-6.366, 56.343], [-6.364, 56.342], [-6.365, 56.342]]], [[[-6.308, 56.343], [-6.308, 56.343], [-6.308, 56.343], [-6.308, 56.343]]], [[[-6.276, 56.344], [-6.276, 56.344], [-6.276, 56.345], [-6.275, 56.344], [-6.276, 56.344]]], [[[-6.272, 56.343], [-6.273, 56.343], [-6.272, 56.343], [-6.272, 56.343]]], [[[-6.102, 56.346], [-6.102, 56.346], [-6.101, 56.346], [-6.102, 56.346]]], [[[-6.373, 56.336], [-6.374, 56.337], [-6.373, 56.337], [-6.373, 56.336]]], [[[-6.432, 56.333], [-6.434, 56.333], [-6.434, 56.334], [-6.433, 56.334], [-6.432, 56.333]]], [[[-6.436, 56.333], [-6.436, 56.334], [-6.434, 56.334], [-6.435, 56.333], [-6.436, 56.333]]], [[[-6.288, 56.336], [-6.289, 56.337], [-6.289, 56.337], [-6.288, 56.337], [-6.288, 56.336]]], [[[-5.872, 56.35], [-5.87, 56.352], [-5.866, 56.352], [-5.867, 56.35], [-5.872, 56.35]]], [[[-6.372, 56.333], [-6.372, 56.338], [-6.365, 56.34], [-6.368, 56.335], [-6.372, 56.333]]], [[[-6.196, 56.339], [-6.197, 56.339], [-6.198, 56.339], [-6.197, 56.339], [-6.196, 56.339]]], [[[-6.432, 56.33], [-6.433, 56.33], [-6.435, 56.331], [-6.43, 56.331], [-6.429, 56.331], [-6.432, 56.33]]], [[[-6.199, 56.338], [-6.2, 56.339], [-6.199, 56.339], [-6.199, 56.338], [-6.199, 56.338]]], [[[-6.43, 56.329], [-6.431, 56.33], [-6.429, 56.329], [-6.43, 56.329]]], [[[-6.369, 56.33], [-6.37, 56.331], [-6.369, 56.332], [-6.369, 56.33]]], [[[-6.432, 56.328], [-6.433, 56.328], [-6.432, 56.328], [-6.432, 56.328]]], [[[-6.214, 56.335], [-6.215, 56.337], [-6.212, 56.337], [-6.212, 56.336], [-6.214, 56.335]]], [[[-6.197, 56.335], [-6.198, 56.335], [-6.197, 56.335], [-6.197, 56.335]]], [[[-6.37, 56.328], [-6.371, 56.329], [-6.369, 56.329], [-6.37, 56.328]]], [[[-6.213, 56.333], [-6.214, 56.333], [-6.214, 56.334], [-6.213, 56.333]]], [[[-6.249, 56.329], [-6.25, 56.33], [-6.249, 56.33], [-6.249, 56.329]]], [[[-6.256, 56.328], [-6.257, 56.328], [-6.257, 56.329], [-6.256, 56.328]]], [[[-5.863, 56.339], [-5.864, 56.34], [-5.864, 56.34], [-5.862, 56.34], [-5.863, 56.339]]], [[[-6.438, 56.316], [-6.44, 56.316], [-6.44, 56.317], [-6.44, 56.317], [-6.438, 56.316]]], [[[-6.251, 56.323], [-6.254, 56.324], [-6.255, 56.325], [-6.252, 56.326], [-6.251, 56.323]]], [[[-6.445, 56.316], [-6.446, 56.316], [-6.444, 56.316], [-6.445, 56.316]]], [[[-6.447, 56.314], [-6.447, 56.315], [-6.446, 56.315], [-6.447, 56.314], [-6.447, 56.314]]], [[[-6.24, 56.321], [-6.241, 56.321], [-6.242, 56.322], [-6.241, 56.322], [-6.24, 56.321]]], [[[-6.444, 56.31], [-6.445, 56.31], [-6.446, 56.311], [-6.445, 56.312], [-6.444, 56.31]]], [[[-6.375, 56.312], [-6.374, 56.313], [-6.374, 56.313], [-6.375, 56.312]]], [[[-6.422, 56.307], [-6.445, 56.314], [-6.425, 56.321], [-6.422, 56.325], [-6.43, 56.335], [-6.382, 56.35], [-6.422, 56.307]]], [[[-6.436, 56.306], [-6.437, 56.308], [-6.434, 56.307], [-6.435, 56.307], [-6.436, 56.306]]], [[[-6.428, 56.306], [-6.429, 56.306], [-6.429, 56.306], [-6.428, 56.306]]], [[[-6.368, 56.308], [-6.369, 56.308], [-6.369, 56.308], [-6.368, 56.308], [-6.368, 56.308]]], [[[-6.371, 56.307], [-6.372, 56.307], [-6.371, 56.307], [-6.371, 56.307]]], [[[-6.37, 56.307], [-6.371, 56.307], [-6.37, 56.307], [-6.37, 56.307]]], [[[-6.37, 56.305], [-6.371, 56.305], [-6.368, 56.306], [-6.369, 56.305], [-6.37, 56.305]]], [[[-6.435, 56.301], [-6.436, 56.302], [-6.435, 56.302], [-6.435, 56.301]]], [[[-6.433, 56.301], [-6.433, 56.302], [-6.432, 56.302], [-6.433, 56.301]]], [[[-6.43, 56.301], [-6.432, 56.302], [-6.43, 56.301], [-6.43, 56.301]]], [[[-6.433, 56.301], [-6.433, 56.301], [-6.433, 56.302], [-6.432, 56.301], [-6.433, 56.301]]], [[[-5.966, 56.314], [-5.968, 56.314], [-5.965, 56.314], [-5.966, 56.314]]], [[[-6.387, 56.3], [-6.387, 56.3], [-6.384, 56.301], [-6.384, 56.3], [-6.387, 56.3]]], [[[-5.967, 56.314], [-5.97, 56.314], [-5.972, 56.314], [-5.97, 56.314], [-5.967, 56.314]]], [[[-6.381, 56.298], [-6.384, 56.299], [-6.383, 56.3], [-6.383, 56.3], [-6.381, 56.298]]], [[[-6.382, 56.297], [-6.384, 56.298], [-6.386, 56.297], [-6.385, 56.299], [-6.382, 56.297]]], [[[-6.392, 56.295], [-6.392, 56.296], [-6.391, 56.295], [-6.392, 56.295]]], [[[-6.383, 56.295], [-6.384, 56.295], [-6.384, 56.295], [-6.382, 56.295], [-6.383, 56.295]]], [[[-6.391, 56.294], [-6.391, 56.294], [-6.391, 56.295], [-6.391, 56.294]]], [[[-6.39, 56.294], [-6.39, 56.294], [-6.389, 56.294], [-6.389, 56.294], [-6.39, 56.294]]], [[[-6.379, 56.293], [-6.382, 56.293], [-6.382, 56.294], [-6.38, 56.294], [-6.379, 56.293]]], [[[-6.393, 56.292], [-6.394, 56.292], [-6.394, 56.293], [-6.393, 56.293], [-6.393, 56.292]]], [[[-6.351, 56.292], [-6.353, 56.292], [-6.352, 56.292], [-6.351, 56.292]]], [[[-6.455, 56.288], [-6.457, 56.288], [-6.457, 56.288], [-6.456, 56.288], [-6.455, 56.288]]], [[[-5.839, 56.308], [-5.839, 56.309], [-5.835, 56.309], [-5.835, 56.309], [-5.839, 56.308]]], [[[-6.388, 56.289], [-6.389, 56.292], [-6.383, 56.294], [-6.384, 56.293], [-6.388, 56.289]]], [[[-6.356, 56.29], [-6.356, 56.291], [-6.355, 56.291], [-6.355, 56.29], [-6.356, 56.29]]], [[[-6.457, 56.286], [-6.459, 56.287], [-6.459, 56.288], [-6.459, 56.287], [-6.457, 56.286]]], [[[-6.46, 56.285], [-6.461, 56.285], [-6.461, 56.285], [-6.46, 56.285], [-6.46, 56.285]]], [[[-6.354, 56.287], [-6.355, 56.288], [-6.352, 56.288], [-6.353, 56.288], [-6.354, 56.287]]], [[[-6.391, 56.285], [-6.394, 56.286], [-6.394, 56.289], [-6.39, 56.287], [-6.391, 56.285]]], [[[-6.454, 56.283], [-6.46, 56.286], [-6.46, 56.287], [-6.451, 56.285], [-6.454, 56.283]]], [[[-6.36, 56.286], [-6.36, 56.286], [-6.359, 56.287], [-6.359, 56.286], [-6.36, 56.286]]], [[[-6.367, 56.284], [-6.37, 56.285], [-6.37, 56.285], [-6.367, 56.285], [-6.367, 56.284]]], [[[-6.354, 56.285], [-6.355, 56.285], [-6.355, 56.286], [-6.354, 56.285], [-6.354, 56.285]]], [[[-6.362, 56.284], [-6.372, 56.292], [-6.386, 56.29], [-6.354, 56.299], [-6.362, 56.284]]], [[[-6.371, 56.284], [-6.372, 56.285], [-6.371, 56.285], [-6.371, 56.284]]], [[[-6.196, 56.289], [-6.196, 56.29], [-6.195, 56.29], [-6.196, 56.289]]], [[[-6.207, 56.288], [-6.207, 56.289], [-6.206, 56.289], [-6.207, 56.288]]], [[[-6.194, 56.288], [-6.194, 56.288], [-6.193, 56.289], [-6.193, 56.289], [-6.194, 56.288]]], [[[-6.212, 56.288], [-6.212, 56.288], [-6.213, 56.289], [-6.211, 56.288], [-6.212, 56.288]]], [[[-6.21, 56.287], [-6.21, 56.288], [-6.21, 56.288], [-6.21, 56.288], [-6.21, 56.287]]], [[[-6.203, 56.287], [-6.203, 56.288], [-6.202, 56.288], [-6.202, 56.287], [-6.203, 56.287]]], [[[-6.36, 56.281], [-6.361, 56.282], [-6.359, 56.282], [-6.36, 56.281]]], [[[-6.212, 56.286], [-6.213, 56.287], [-6.212, 56.286], [-6.212, 56.286]]], [[[-6.221, 56.286], [-6.221, 56.286], [-6.221, 56.286], [-6.221, 56.286]]], [[[-6.171, 56.287], [-6.171, 56.288], [-6.171, 56.288], [-6.171, 56.287], [-6.171, 56.287]]], [[[-6.357, 56.28], [-6.356, 56.283], [-6.352, 56.281], [-6.354, 56.28], [-6.357, 56.28]]], [[[-6.181, 56.286], [-6.181, 56.286], [-6.181, 56.286], [-6.181, 56.286]]], [[[-6.22, 56.284], [-6.221, 56.285], [-6.22, 56.285], [-6.22, 56.285], [-6.22, 56.284]]], [[[-6.233, 56.284], [-6.233, 56.284], [-6.232, 56.284], [-6.233, 56.284]]], [[[-6.238, 56.283], [-6.238, 56.283], [-6.237, 56.284], [-6.237, 56.283], [-6.238, 56.283]]], [[[-6.229, 56.283], [-6.229, 56.284], [-6.228, 56.283], [-6.229, 56.283]]], [[[-6.226, 56.283], [-6.226, 56.283], [-6.226, 56.283], [-6.226, 56.283]]], [[[-6.183, 56.284], [-6.185, 56.285], [-6.183, 56.286], [-6.183, 56.284]]], [[[-6.16, 56.285], [-6.159, 56.286], [-6.159, 56.285], [-6.16, 56.285]]], [[[-6.229, 56.282], [-6.229, 56.282], [-6.229, 56.282], [-6.229, 56.282]]], [[[-6.375, 56.275], [-6.375, 56.276], [-6.374, 56.276], [-6.374, 56.276], [-6.375, 56.275]]], [[[-6.331, 56.276], [-6.331, 56.277], [-6.331, 56.277], [-6.331, 56.277], [-6.331, 56.276]]], [[[-6.349, 56.272], [-6.354, 56.274], [-6.356, 56.274], [-6.345, 56.275], [-6.349, 56.272]]], [[[-6.36, 56.271], [-6.36, 56.271], [-6.36, 56.272], [-6.36, 56.272], [-6.36, 56.271]]], [[[-6.328, 56.272], [-6.329, 56.272], [-6.328, 56.272], [-6.328, 56.272]]], [[[-6.351, 56.271], [-6.352, 56.271], [-6.352, 56.271], [-6.351, 56.271], [-6.351, 56.271]]], [[[-6.342, 56.271], [-6.346, 56.271], [-6.347, 56.272], [-6.344, 56.272], [-6.342, 56.271]]], [[[-6.298, 56.271], [-6.298, 56.271], [-6.298, 56.271], [-6.298, 56.271], [-6.298, 56.271]]], [[[-6.272, 56.271], [-6.272, 56.272], [-6.27, 56.272], [-6.272, 56.271]]], [[[-6.273, 56.271], [-6.275, 56.271], [-6.274, 56.272], [-6.273, 56.271]]], [[[-6.26, 56.269], [-6.26, 56.269], [-6.26, 56.27], [-6.259, 56.269], [-6.26, 56.269]]], [[[-6.307, 56.266], [-6.31, 56.267], [-6.307, 56.267], [-6.307, 56.266]]], [[[-6.294, 56.267], [-6.296, 56.268], [-6.295, 56.271], [-6.291, 56.269], [-6.294, 56.267]]], [[[-6.303, 56.266], [-6.305, 56.267], [-6.304, 56.267], [-6.303, 56.266]]], [[[-6.304, 56.264], [-6.305, 56.265], [-6.304, 56.266], [-6.303, 56.265], [-6.304, 56.264]]], [[[-6.267, 56.264], [-6.269, 56.274], [-6.3, 56.274], [-6.306, 56.267], [-6.329, 56.272], [-6.33, 56.285], [-6.349, 56.282], [-6.345, 56.305], [-6.364, 56.303], [-6.365, 56.311], [-6.377, 56.309], [-6.365, 56.337], [-6.351, 56.348], [-6.295, 56.344], [-6.267, 56.324], [-6.286, 56.327], [-6.298, 56.324], [-6.236, 56.316], [-6.237, 56.33], [-6.248, 56.33], [-6.251, 56.342], [-6.233, 56.344], [-6.19, 56.332], [-6.019, 56.365], [-6.003, 56.378], [-6.015, 56.388], [-5.993, 56.383], [-5.979, 56.39], [-6.023, 56.395], [-6.059, 56.376], [-6.073, 56.384], [-6.101, 56.367], [-6.176, 56.357], [-6.201, 56.363], [-6.209, 56.38], [-6.151, 56.413], [-6.129, 56.448], [-6.055, 56.451], [-5.997, 56.482], [-6.007, 56.5], [-6.004, 56.497], [-6.002, 56.497], [-6.001, 56.498], [-5.999, 56.495], [-5.998, 56.495], [-5.997, 56.494], [-5.995, 56.493], [-6.001, 56.498], [-6.003, 56.497], [-6.007, 56.5], [-6.013, 56.5], [-6.122, 56.472], [-6.15, 56.481], [-6.138, 56.491], [-6.149, 56.5], [-6.225, 56.529], [-6.333, 56.533], [-6.337, 56.552], [-6.305, 56.558], [-6.28, 56.577], [-6.315, 56.577], [-6.324, 56.606], [-6.275, 56.603], [-6.254, 56.613], [-6.188, 56.582], [-6.224, 56.605], [-6.212, 56.603], [-6.227, 56.614], [-6.227, 56.633], [-6.195, 56.624], [-6.208, 56.636], [-6.199, 56.632], [-6.198, 56.642], [-6.126, 56.656], [-6.066, 56.638], [-6.058, 56.628], [-6.069, 56.62], [-5.989, 56.58], [-5.962, 56.538], [-5.975, 56.531], [-5.951, 56.518], [-5.864, 56.522], [-5.825, 56.506], [-5.824, 56.517], [-5.797, 56.515], [-5.768, 56.489], [-5.72, 56.486], [-5.678, 56.461], [-5.685, 56.452], [-5.655, 56.457], [-5.646, 56.447], [-5.651, 56.425], [-5.679, 56.441], [-5.687, 56.436], [-5.69, 56.428], [-5.694, 56.427], [-5.687, 56.428], [-5.686, 56.435], [-5.676, 56.435], [-5.675, 56.42], [-5.652, 56.417], [-5.668, 56.39], [-5.71, 56.387], [-5.719, 56.395], [-5.71, 56.414], [-5.748, 56.413], [-5.732, 56.396], [-5.754, 56.394], [-5.758, 56.381], [-5.794, 56.366], [-5.691, 56.383], [-5.706, 56.361], [-5.832, 56.311], [-5.889, 56.322], [-5.846, 56.346], [-5.877, 56.356], [-5.934, 56.322], [-5.987, 56.323], [-6.045, 56.292], [-6.079, 56.302], [-6.143, 56.284], [-6.199, 56.292], [-6.245, 56.289], [-6.267, 56.264]]], [[[-6.27, 56.263], [-6.271, 56.263], [-6.27, 56.264], [-6.27, 56.263]]], [[[-6.266, 56.263], [-6.266, 56.263], [-6.266, 56.263], [-6.266, 56.263]]], [[[-6.267, 56.263], [-6.268, 56.263], [-6.267, 56.263], [-6.267, 56.263]]], [[[-6.37, 56.255], [-6.371, 56.255], [-6.371, 56.256], [-6.37, 56.255], [-6.37, 56.255]]], [[[-6.349, 56.249], [-6.35, 56.25], [-6.348, 56.25], [-6.348, 56.249], [-6.349, 56.249]]], [[[-6.412, 56.241], [-6.414, 56.241], [-6.412, 56.241], [-6.412, 56.241]]], [[[-6.413, 56.239], [-6.414, 56.24], [-6.411, 56.24], [-6.411, 56.24], [-6.413, 56.239]]], [[[-6.397, 56.239], [-6.398, 56.24], [-6.397, 56.241], [-6.396, 56.24], [-6.397, 56.239]]], [[[-6.412, 56.238], [-6.412, 56.239], [-6.41, 56.239], [-6.411, 56.238], [-6.412, 56.238]]], [[[-6.393, 56.23], [-6.393, 56.231], [-6.391, 56.23], [-6.392, 56.23], [-6.393, 56.23]]], [[[-6.394, 56.229], [-6.395, 56.229], [-6.394, 56.229], [-6.394, 56.229]]], [[[-5.747, 56.247], [-5.747, 56.25], [-5.742, 56.251], [-5.743, 56.249], [-5.747, 56.247]]], [[[-6.383, 56.224], [-6.383, 56.225], [-6.382, 56.225], [-6.383, 56.224]]], [[[-5.694, 56.242], [-5.696, 56.243], [-5.696, 56.243], [-5.694, 56.242], [-5.694, 56.242]]], [[[-5.775, 56.237], [-5.772, 56.246], [-5.75, 56.248], [-5.753, 56.242], [-5.775, 56.237]]], [[[-5.72, 56.235], [-5.724, 56.237], [-5.719, 56.24], [-5.716, 56.236], [-5.72, 56.235]]], [[[-5.789, 56.232], [-5.786, 56.237], [-5.78, 56.238], [-5.783, 56.234], [-5.789, 56.232]]], [[[-5.795, 56.232], [-5.795, 56.232], [-5.793, 56.232], [-5.795, 56.232]]], [[[-5.788, 56.23], [-5.786, 56.231], [-5.786, 56.231], [-5.786, 56.231], [-5.788, 56.23]]], [[[-5.794, 56.23], [-5.795, 56.231], [-5.792, 56.231], [-5.793, 56.231], [-5.794, 56.23]]], [[[-5.725, 56.227], [-5.725, 56.232], [-5.71, 56.235], [-5.716, 56.228], [-5.725, 56.227]]], [[[-5.72, 56.225], [-5.719, 56.226], [-5.719, 56.226], [-5.719, 56.226], [-5.72, 56.225]]], [[[-5.818, 56.216], [-5.813, 56.222], [-5.798, 56.228], [-5.802, 56.222], [-5.818, 56.216]]], [[[-5.713, 56.207], [-5.713, 56.208], [-5.712, 56.208], [-5.712, 56.208], [-5.713, 56.207]]], [[[-5.724, 56.205], [-5.724, 56.209], [-5.719, 56.209], [-5.72, 56.206], [-5.724, 56.205]]], [[[-5.697, 56.202], [-5.715, 56.212], [-5.691, 56.237], [-5.698, 56.224], [-5.685, 56.203], [-5.697, 56.202]]], [[[-5.686, 56.201], [-5.687, 56.202], [-5.684, 56.201], [-5.686, 56.201]]], [[[-5.675, 56.192], [-5.675, 56.192], [-5.675, 56.192], [-5.675, 56.192]]], [[[-5.676, 56.191], [-5.676, 56.192], [-5.675, 56.192], [-5.675, 56.192], [-5.676, 56.191]]], [[[-5.742, 56.178], [-5.742, 56.179], [-5.742, 56.179], [-5.742, 56.178]]], [[[-5.744, 56.178], [-5.744, 56.178], [-5.744, 56.179], [-5.744, 56.179], [-5.744, 56.178]]], [[[-6.636, 56.13], [-6.636, 56.132], [-6.632, 56.132], [-6.633, 56.13], [-6.636, 56.13]]], [[[-6.639, 56.13], [-6.641, 56.131], [-6.638, 56.132], [-6.638, 56.13], [-6.639, 56.13]]], [[[-5.701, 56.16], [-5.744, 56.161], [-5.752, 56.17], [-5.69, 56.201], [-5.67, 56.171], [-5.701, 56.16]]], [[[-6.635, 56.128], [-6.636, 56.129], [-6.632, 56.129], [-6.632, 56.129], [-6.635, 56.128]]], [[[-5.746, 56.145], [-5.746, 56.146], [-5.745, 56.146], [-5.746, 56.145]]], [[[-5.729, 56.145], [-5.73, 56.145], [-5.73, 56.146], [-5.729, 56.146], [-5.729, 56.145]]], [[[-5.745, 56.144], [-5.745, 56.146], [-5.743, 56.145], [-5.743, 56.144], [-5.745, 56.144]]], [[[-6.182, 56.115], [-6.183, 56.115], [-6.183, 56.115], [-6.182, 56.115], [-6.182, 56.115]]], [[[-5.77, 56.122], [-5.769, 56.123], [-5.769, 56.122], [-5.77, 56.122]]], [[[-5.776, 56.118], [-5.777, 56.119], [-5.775, 56.119], [-5.776, 56.118]]], [[[-5.79, 56.111], [-5.79, 56.111], [-5.79, 56.111], [-5.79, 56.111]]], [[[-5.785, 56.11], [-5.786, 56.11], [-5.785, 56.111], [-5.785, 56.11]]], [[[-5.788, 56.109], [-5.788, 56.109], [-5.787, 56.109], [-5.787, 56.109], [-5.788, 56.109]]], [[[-6.161, 56.087], [-6.162, 56.087], [-6.16, 56.088], [-6.161, 56.087]]], [[[-5.864, 56.078], [-5.864, 56.079], [-5.864, 56.079], [-5.864, 56.078]]], [[[-6.262, 56.064], [-6.26, 56.065], [-6.26, 56.065], [-6.26, 56.064], [-6.262, 56.064]]], [[[-6.255, 56.062], [-6.255, 56.062], [-6.254, 56.063], [-6.253, 56.062], [-6.255, 56.062]]], [[[-5.878, 56.072], [-5.878, 56.072], [-5.877, 56.072], [-5.878, 56.072]]], [[[-6.252, 56.035], [-6.255, 56.035], [-6.254, 56.036], [-6.252, 56.035]]], [[[-6.279, 56.033], [-6.279, 56.034], [-6.277, 56.034], [-6.279, 56.033]]], [[[-6.251, 56.034], [-6.252, 56.034], [-6.252, 56.035], [-6.252, 56.035], [-6.251, 56.034]]], [[[-6.25, 56.033], [-6.252, 56.033], [-6.252, 56.034], [-6.251, 56.034], [-6.25, 56.033]]], [[[-6.237, 56.031], [-6.239, 56.031], [-6.236, 56.031], [-6.237, 56.031]]], [[[-6.243, 56.029], [-6.245, 56.029], [-6.247, 56.03], [-6.243, 56.03], [-6.243, 56.029]]], [[[-6.247, 56.028], [-6.249, 56.029], [-6.249, 56.031], [-6.244, 56.029], [-6.247, 56.028]]], [[[-6.235, 56.028], [-6.234, 56.029], [-6.233, 56.029], [-6.233, 56.029], [-6.235, 56.028]]], [[[-6.248, 56.028], [-6.25, 56.029], [-6.251, 56.029], [-6.249, 56.029], [-6.248, 56.028]]], [[[-6.232, 56.028], [-6.233, 56.028], [-6.232, 56.028], [-6.232, 56.028]]], [[[-6.217, 56.028], [-6.222, 56.041], [-6.25, 56.034], [-6.246, 56.045], [-6.272, 56.035], [-6.28, 56.038], [-6.248, 56.055], [-6.261, 56.057], [-6.246, 56.063], [-6.256, 56.064], [-6.258, 56.066], [-6.241, 56.073], [-6.253, 56.075], [-6.246, 56.086], [-6.205, 56.108], [-6.193, 56.106], [-6.188, 56.102], [-6.184, 56.102], [-6.177, 56.121], [-6.141, 56.13], [-6.133, 56.121], [-6.166, 56.08], [-6.197, 56.062], [-6.185, 56.044], [-6.217, 56.028]]], [[[-6.262, 56.017], [-6.263, 56.017], [-6.264, 56.018], [-6.262, 56.018], [-6.262, 56.017]]], [[[-5.763, 56.033], [-5.764, 56.034], [-5.763, 56.034], [-5.763, 56.034], [-5.763, 56.033]]], [[[-6.263, 56.015], [-6.266, 56.015], [-6.27, 56.015], [-6.28, 56.017], [-6.265, 56.018], [-6.263, 56.015]]], [[[-6.269, 56.014], [-6.271, 56.014], [-6.268, 56.015], [-6.264, 56.014], [-6.269, 56.014]]], [[[-5.971, 56.022], [-5.97, 56.022], [-5.969, 56.022], [-5.97, 56.022], [-5.971, 56.022]]], [[[-5.767, 56.026], [-5.767, 56.028], [-5.766, 56.027], [-5.767, 56.026]]], [[[-6.258, 56.004], [-6.259, 56.004], [-6.258, 56.005], [-6.258, 56.004]]], [[[-6.222, 56.003], [-6.223, 56.007], [-6.218, 56.007], [-6.219, 56.005], [-6.222, 56.003]]], [[[-6.254, 56.001], [-6.253, 56.014], [-6.271, 56.024], [-6.235, 56.025], [-6.226, 56.028], [-6.206, 56.021], [-6.231, 56.019], [-6.254, 56.001]]], [[[-6.269, 55.999], [-6.271, 55.999], [-6.274, 56.0], [-6.269, 56.0], [-6.269, 55.999]]], [[[-6.275, 55.998], [-6.275, 56.0], [-6.271, 55.998], [-6.274, 55.998], [-6.275, 55.998]]], [[[-6.262, 55.998], [-6.266, 56.0], [-6.27, 56.003], [-6.257, 55.999], [-6.262, 55.998]]], [[[-6.228, 55.999], [-6.228, 55.999], [-6.227, 56.0], [-6.227, 55.999], [-6.228, 55.999]]], [[[-6.279, 55.997], [-6.277, 55.999], [-6.276, 55.998], [-6.277, 55.997], [-6.279, 55.997]]], [[[-5.785, 56.012], [-5.784, 56.014], [-5.782, 56.014], [-5.784, 56.013], [-5.785, 56.012]]], [[[-5.794, 56.009], [-5.794, 56.01], [-5.793, 56.011], [-5.793, 56.009], [-5.794, 56.009]]], [[[-5.991, 55.999], [-5.992, 55.999], [-5.991, 56.0], [-5.991, 55.999]]], [[[-6.0, 55.991], [-6.0, 55.991], [-5.999, 55.991], [-6.0, 55.991]]], [[[-6.003, 55.983], [-6.003, 55.983], [-6.003, 55.985], [-6.002, 55.984], [-6.003, 55.983]]], [[[-5.999, 55.973], [-6.0, 55.973], [-6.0, 55.974], [-5.999, 55.973], [-5.999, 55.973]]], [[[-5.869, 55.975], [-5.867, 55.976], [-5.867, 55.975], [-5.869, 55.975]]], [[[-5.875, 55.974], [-5.875, 55.975], [-5.874, 55.975], [-5.875, 55.974]]], [[[-5.874, 55.973], [-5.875, 55.973], [-5.876, 55.973], [-5.874, 55.974], [-5.874, 55.973]]], [[[-5.986, 55.968], [-5.986, 55.969], [-5.985, 55.968], [-5.985, 55.968], [-5.986, 55.968]]], [[[-5.914, 55.968], [-5.914, 55.969], [-5.911, 55.97], [-5.912, 55.968], [-5.914, 55.968]]], [[[-5.985, 55.965], [-5.986, 55.966], [-5.984, 55.967], [-5.984, 55.966], [-5.985, 55.965]]], [[[-5.917, 55.966], [-5.918, 55.967], [-5.917, 55.968], [-5.917, 55.966]]], [[[-5.834, 55.968], [-5.834, 55.968], [-5.834, 55.968], [-5.834, 55.968]]], [[[-5.893, 55.966], [-5.89, 55.97], [-5.888, 55.97], [-5.891, 55.966], [-5.893, 55.966]]], [[[-5.919, 55.964], [-5.921, 55.964], [-5.922, 55.966], [-5.918, 55.965], [-5.919, 55.964]]], [[[-5.951, 55.962], [-5.951, 55.962], [-5.951, 55.963], [-5.951, 55.962]]], [[[-5.936, 55.96], [-5.936, 55.961], [-5.935, 55.962], [-5.936, 55.96]]], [[[-5.939, 55.96], [-5.94, 55.96], [-5.939, 55.96], [-5.939, 55.96]]], [[[-5.947, 55.958], [-5.947, 55.958], [-5.947, 55.958], [-5.947, 55.958]]], [[[-5.947, 55.957], [-5.947, 55.957], [-5.947, 55.958], [-5.947, 55.957]]], [[[-5.979, 55.956], [-5.979, 55.956], [-5.978, 55.957], [-5.978, 55.956], [-5.979, 55.956]]], [[[-5.981, 55.954], [-5.98, 55.955], [-5.979, 55.955], [-5.979, 55.954], [-5.981, 55.954]]], [[[-5.981, 55.952], [-5.982, 55.952], [-5.981, 55.953], [-5.981, 55.952], [-5.981, 55.952]]], [[[-6.339, 55.896], [-6.345, 55.898], [-6.329, 55.903], [-6.33, 55.9], [-6.339, 55.896]]], [[[-6.357, 55.887], [-6.353, 55.889], [-6.351, 55.888], [-6.352, 55.888], [-6.357, 55.887]]], [[[-5.875, 55.901], [-5.875, 55.902], [-5.875, 55.902], [-5.875, 55.901]]], [[[-5.875, 55.901], [-5.875, 55.901], [-5.875, 55.901], [-5.875, 55.901]]], [[[-6.355, 55.88], [-6.354, 55.881], [-6.353, 55.881], [-6.355, 55.88]]], [[[-6.358, 55.877], [-6.359, 55.878], [-6.358, 55.878], [-6.358, 55.877]]], [[[-6.417, 55.854], [-6.418, 55.855], [-6.417, 55.855], [-6.417, 55.854]]], [[[-5.831, 55.874], [-5.831, 55.874], [-5.831, 55.874], [-5.831, 55.874]]], [[[-5.911, 55.857], [-5.912, 55.859], [-5.908, 55.862], [-5.907, 55.86], [-5.911, 55.857]]], [[[-5.929, 55.848], [-5.93, 55.85], [-5.928, 55.851], [-5.928, 55.85], [-5.929, 55.848]]], [[[-5.919, 55.846], [-5.919, 55.847], [-5.919, 55.847], [-5.918, 55.847], [-5.919, 55.846]]], [[[-5.925, 55.845], [-5.925, 55.848], [-5.921, 55.848], [-5.923, 55.846], [-5.925, 55.845]]], [[[-5.937, 55.833], [-5.933, 55.84], [-5.929, 55.841], [-5.936, 55.834], [-5.937, 55.833]]], [[[-5.942, 55.831], [-5.942, 55.832], [-5.941, 55.832], [-5.942, 55.831]]], [[[-6.075, 55.81], [-6.075, 55.81], [-6.077, 55.812], [-6.074, 55.812], [-6.075, 55.81]]], [[[-5.951, 55.814], [-5.951, 55.814], [-5.951, 55.814], [-5.951, 55.814]]], [[[-5.95, 55.814], [-5.95, 55.814], [-5.95, 55.814], [-5.95, 55.814]]], [[[-5.952, 55.809], [-5.952, 55.81], [-5.951, 55.81], [-5.951, 55.81], [-5.952, 55.809]]], [[[-6.034, 55.794], [-6.034, 55.795], [-6.033, 55.794], [-6.034, 55.794]]], [[[-6.037, 55.79], [-6.04, 55.791], [-6.04, 55.794], [-6.034, 55.791], [-6.037, 55.79]]], [[[-5.97, 55.792], [-6.036, 55.795], [-6.072, 55.812], [-6.097, 55.872], [-6.087, 55.9], [-6.027, 55.947], [-5.915, 55.956], [-5.849, 55.978], [-5.855, 55.99], [-5.882, 55.97], [-5.894, 55.982], [-5.94, 55.96], [-5.959, 55.968], [-5.967, 55.965], [-5.973, 55.971], [-5.994, 55.976], [-5.999, 55.975], [-6.001, 55.973], [-6.006, 55.973], [-6.007, 55.975], [-5.95, 56.038], [-5.821, 56.09], [-5.738, 56.141], [-5.697, 56.144], [-5.688, 56.111], [-5.756, 56.048], [-5.777, 56.016], [-5.793, 56.013], [-5.82, 55.973], [-5.836, 55.971], [-5.845, 55.94], [-5.876, 55.905], [-5.878, 55.893], [-5.873, 55.89], [-5.887, 55.879], [-5.882, 55.891], [-5.897, 55.89], [-5.894, 55.872], [-5.902, 55.867], [-5.937, 55.867], [-5.951, 55.835], [-5.94, 55.826], [-5.953, 55.817], [-5.97, 55.792]]], [[[-6.262, 55.782], [-6.265, 55.783], [-6.266, 55.783], [-6.262, 55.783], [-6.262, 55.782]]], [[[-5.992, 55.787], [-5.994, 55.791], [-5.989, 55.791], [-5.99, 55.79], [-5.992, 55.787]]], [[[-5.994, 55.786], [-5.994, 55.787], [-5.994, 55.787], [-5.994, 55.786]]], [[[-6.46, 55.769], [-6.46, 55.769], [-6.459, 55.77], [-6.46, 55.769]]], [[[-6.469, 55.76], [-6.469, 55.761], [-6.469, 55.76], [-6.469, 55.76]]], [[[-6.471, 55.756], [-6.471, 55.756], [-6.47, 55.756], [-6.471, 55.756]]], [[[-6.484, 55.745], [-6.483, 55.746], [-6.483, 55.746], [-6.484, 55.745]]], [[[-6.498, 55.711], [-6.498, 55.712], [-6.497, 55.712], [-6.498, 55.711]]], [[[-6.515, 55.698], [-6.515, 55.699], [-6.514, 55.699], [-6.515, 55.698]]], [[[-6.533, 55.696], [-6.533, 55.696], [-6.532, 55.696], [-6.533, 55.696]]], [[[-6.532, 55.695], [-6.532, 55.696], [-6.532, 55.696], [-6.531, 55.696], [-6.532, 55.695]]], [[[-6.533, 55.694], [-6.534, 55.694], [-6.533, 55.695], [-6.533, 55.694]]], [[[-6.516, 55.687], [-6.517, 55.687], [-6.514, 55.687], [-6.516, 55.687]]], [[[-6.522, 55.683], [-6.523, 55.684], [-6.521, 55.684], [-6.522, 55.683]]], [[[-6.515, 55.678], [-6.517, 55.68], [-6.522, 55.681], [-6.518, 55.683], [-6.515, 55.678]]], [[[-6.516, 55.673], [-6.517, 55.673], [-6.517, 55.674], [-6.515, 55.673], [-6.516, 55.673]]], [[[-6.511, 55.671], [-6.512, 55.672], [-6.51, 55.671], [-6.511, 55.671]]], [[[-6.515, 55.671], [-6.515, 55.677], [-6.506, 55.672], [-6.506, 55.671], [-6.512, 55.672], [-6.515, 55.671]]], [[[-6.512, 55.671], [-6.512, 55.671], [-6.513, 55.671], [-6.512, 55.672], [-6.512, 55.671], [-6.512, 55.671]]], [[[-6.028, 55.675], [-6.027, 55.675], [-6.026, 55.675], [-6.027, 55.675], [-6.028, 55.675]]], [[[-6.039, 55.672], [-6.039, 55.672], [-6.039, 55.673], [-6.039, 55.672], [-6.039, 55.672]]], [[[-6.044, 55.671], [-6.042, 55.675], [-6.039, 55.675], [-6.043, 55.671], [-6.044, 55.671]]], [[[-6.046, 55.671], [-6.046, 55.671], [-6.045, 55.671], [-6.045, 55.671], [-6.046, 55.671]]], [[[-6.031, 55.67], [-6.034, 55.671], [-6.025, 55.672], [-6.029, 55.671], [-6.031, 55.67]]], [[[-6.05, 55.669], [-6.05, 55.669], [-6.05, 55.669], [-6.05, 55.669]]], [[[-6.029, 55.669], [-6.029, 55.67], [-6.025, 55.671], [-6.027, 55.67], [-6.029, 55.669]]], [[[-6.049, 55.668], [-6.048, 55.67], [-6.046, 55.67], [-6.047, 55.669], [-6.049, 55.668]]], [[[-6.056, 55.666], [-6.055, 55.667], [-6.054, 55.667], [-6.055, 55.667], [-6.056, 55.666]]], [[[-6.023, 55.665], [-6.026, 55.669], [-6.018, 55.669], [-6.021, 55.667], [-6.023, 55.665]]], [[[-6.052, 55.662], [-6.052, 55.663], [-6.047, 55.665], [-6.048, 55.663], [-6.052, 55.662]]], [[[-6.03, 55.662], [-6.03, 55.663], [-6.029, 55.663], [-6.03, 55.662], [-6.03, 55.662]]], [[[-6.031, 55.661], [-6.032, 55.661], [-6.031, 55.662], [-6.031, 55.661], [-6.031, 55.661]]], [[[-6.301, 55.65], [-6.302, 55.651], [-6.301, 55.651], [-6.301, 55.65]]], [[[-6.301, 55.65], [-6.3, 55.651], [-6.3, 55.651], [-6.301, 55.65]]], [[[-6.043, 55.658], [-6.042, 55.66], [-6.039, 55.66], [-6.042, 55.658], [-6.043, 55.658]]], [[[-6.059, 55.657], [-6.054, 55.662], [-6.052, 55.662], [-6.052, 55.661], [-6.059, 55.657]]], [[[-6.04, 55.656], [-6.042, 55.658], [-6.039, 55.659], [-6.037, 55.657], [-6.04, 55.656]]], [[[-6.044, 55.655], [-6.044, 55.655], [-6.046, 55.655], [-6.042, 55.656], [-6.044, 55.655]]], [[[-6.042, 55.655], [-6.041, 55.656], [-6.04, 55.655], [-6.042, 55.655]]], [[[-6.047, 55.653], [-6.046, 55.654], [-6.044, 55.655], [-6.045, 55.654], [-6.047, 55.653]]], [[[-6.048, 55.653], [-6.047, 55.653], [-6.046, 55.653], [-6.048, 55.653]]], [[[-6.048, 55.652], [-6.049, 55.652], [-6.045, 55.653], [-6.047, 55.652], [-6.048, 55.652]]], [[[-6.09, 55.644], [-6.09, 55.644], [-6.09, 55.644], [-6.09, 55.644]]], [[[-6.091, 55.642], [-6.092, 55.642], [-6.089, 55.643], [-6.089, 55.642], [-6.091, 55.642]]], [[[-6.08, 55.64], [-6.081, 55.64], [-6.081, 55.64], [-6.08, 55.64]]], [[[-6.082, 55.639], [-6.082, 55.639], [-6.082, 55.639], [-6.082, 55.639]]], [[[-6.09, 55.638], [-6.09, 55.642], [-6.083, 55.643], [-6.084, 55.639], [-6.09, 55.638]]], [[[-6.082, 55.636], [-6.081, 55.638], [-6.081, 55.638], [-6.081, 55.637], [-6.082, 55.636]]], [[[-6.083, 55.635], [-6.083, 55.636], [-6.082, 55.635], [-6.083, 55.635]]], [[[-6.098, 55.634], [-6.097, 55.635], [-6.096, 55.635], [-6.097, 55.635], [-6.098, 55.634]]], [[[-6.083, 55.635], [-6.084, 55.635], [-6.083, 55.635], [-6.083, 55.635]]], [[[-6.157, 55.626], [-6.155, 55.627], [-6.155, 55.627], [-6.157, 55.626]]], [[[-6.195, 55.623], [-6.194, 55.623], [-6.194, 55.623], [-6.195, 55.623]]], [[[-6.185, 55.621], [-6.186, 55.621], [-6.183, 55.622], [-6.183, 55.621], [-6.185, 55.621]]], [[[-6.188, 55.62], [-6.188, 55.621], [-6.187, 55.621], [-6.188, 55.62]]], [[[-6.19, 55.62], [-6.19, 55.62], [-6.189, 55.621], [-6.189, 55.62], [-6.19, 55.62]]], [[[-6.336, 55.613], [-6.336, 55.614], [-6.334, 55.614], [-6.333, 55.614], [-6.336, 55.613]]], [[[-6.335, 55.608], [-6.335, 55.609], [-6.334, 55.609], [-6.335, 55.608]]], [[[-6.334, 55.608], [-6.334, 55.609], [-6.333, 55.609], [-6.334, 55.608], [-6.334, 55.608]]], [[[-6.143, 55.613], [-6.153, 55.615], [-6.132, 55.62], [-6.141, 55.617], [-6.143, 55.613]]], [[[-6.143, 55.612], [-6.143, 55.613], [-6.142, 55.613], [-6.142, 55.612], [-6.143, 55.612]]], [[[-6.333, 55.606], [-6.334, 55.606], [-6.333, 55.606], [-6.333, 55.606]]], [[[-6.15, 55.602], [-6.151, 55.602], [-6.15, 55.603], [-6.15, 55.602], [-6.15, 55.602]]], [[[-6.268, 55.579], [-6.339, 55.591], [-6.328, 55.609], [-6.334, 55.619], [-6.309, 55.646], [-6.259, 55.658], [-6.291, 55.705], [-6.311, 55.719], [-6.341, 55.718], [-6.332, 55.742], [-6.262, 55.764], [-6.253, 55.779], [-6.347, 55.784], [-6.415, 55.706], [-6.488, 55.671], [-6.51, 55.677], [-6.526, 55.693], [-6.493, 55.713], [-6.507, 55.719], [-6.498, 55.736], [-6.461, 55.752], [-6.471, 55.755], [-6.469, 55.756], [-6.47, 55.758], [-6.469, 55.758], [-6.47, 55.759], [-6.468, 55.758], [-6.469, 55.762], [-6.459, 55.768], [-6.456, 55.773], [-6.457, 55.782], [-6.487, 55.792], [-6.457, 55.809], [-6.465, 55.828], [-6.454, 55.853], [-6.392, 55.858], [-6.328, 55.892], [-6.346, 55.835], [-6.319, 55.822], [-6.328, 55.834], [-6.305, 55.867], [-6.316, 55.873], [-6.28, 55.877], [-6.197, 55.927], [-6.124, 55.938], [-6.132, 55.89], [-6.103, 55.846], [-6.105, 55.814], [-6.084, 55.783], [-6.047, 55.764], [-6.053, 55.742], [-6.029, 55.724], [-6.04, 55.71], [-6.036, 55.691], [-6.025, 55.696], [-6.031, 55.684], [-6.02, 55.685], [-6.05, 55.672], [-6.058, 55.659], [-6.073, 55.663], [-6.08, 55.641], [-6.086, 55.649], [-6.151, 55.626], [-6.218, 55.63], [-6.212, 55.62], [-6.268, 55.579]]]]}}, {"type": "Feature", "properties": {"cd": "S22000035", "nm": "Orkney Islands"}, "geometry": {"type": "MultiPolygon", "coordinates": [[[[-2.388, 59.398], [-2.388, 59.398], [-2.387, 59.399], [-2.387, 59.398], [-2.388, 59.398]]], [[[-2.383, 59.394], [-2.384, 59.395], [-2.383, 59.395], [-2.383, 59.395], [-2.383, 59.394]]], [[[-2.385, 59.394], [-2.387, 59.394], [-2.384, 59.395], [-2.385, 59.394]]], [[[-2.382, 59.394], [-2.383, 59.394], [-2.382, 59.394], [-2.382, 59.394]]], [[[-2.409, 59.39], [-2.41, 59.39], [-2.41, 59.391], [-2.409, 59.391], [-2.409, 59.39]]], [[[-2.891, 59.377], [-2.892, 59.377], [-2.891, 59.377], [-2.891, 59.377]]], [[[-2.935, 59.356], [-2.933, 59.357], [-2.934, 59.356], [-2.935, 59.356]]], [[[-2.875, 59.356], [-2.877, 59.356], [-2.874, 59.356], [-2.875, 59.356]]], [[[-2.935, 59.355], [-2.935, 59.356], [-2.934, 59.356], [-2.934, 59.355], [-2.935, 59.355]]], [[[-2.886, 59.355], [-2.886, 59.355], [-2.885, 59.355], [-2.886, 59.355]]], [[[-2.936, 59.35], [-2.936, 59.35], [-2.935, 59.35], [-2.936, 59.35]]], [[[-2.868, 59.346], [-2.869, 59.346], [-2.867, 59.348], [-2.874, 59.354], [-2.864, 59.351], [-2.868, 59.346]]], [[[-2.42, 59.348], [-2.45, 59.358], [-2.434, 59.385], [-2.382, 59.393], [-2.371, 59.385], [-2.405, 59.381], [-2.412, 59.367], [-2.398, 59.356], [-2.42, 59.348]]], [[[-3.073, 59.333], [-3.073, 59.334], [-3.072, 59.334], [-3.073, 59.333]]], [[[-3.072, 59.332], [-3.072, 59.333], [-3.071, 59.334], [-3.071, 59.332], [-3.072, 59.332]]], [[[-2.905, 59.323], [-2.911, 59.349], [-2.879, 59.386], [-2.869, 59.37], [-2.889, 59.354], [-2.877, 59.334], [-2.905, 59.323]]], [[[-2.564, 59.314], [-2.564, 59.315], [-2.564, 59.315], [-2.564, 59.314]]], [[[-2.563, 59.314], [-2.563, 59.314], [-2.563, 59.315], [-2.562, 59.315], [-2.563, 59.314]]], [[[-3.029, 59.308], [-3.03, 59.308], [-3.029, 59.308], [-3.029, 59.308]]], [[[-2.562, 59.309], [-2.562, 59.31], [-2.561, 59.31], [-2.561, 59.31], [-2.562, 59.309]]], [[[-2.564, 59.308], [-2.565, 59.309], [-2.561, 59.309], [-2.561, 59.308], [-2.564, 59.308]]], [[[-2.522, 59.307], [-2.524, 59.307], [-2.525, 59.308], [-2.523, 59.308], [-2.522, 59.307]]], [[[-2.565, 59.306], [-2.566, 59.306], [-2.567, 59.306], [-2.566, 59.307], [-2.565, 59.306]]], [[[-2.619, 59.303], [-2.623, 59.304], [-2.619, 59.307], [-2.617, 59.306], [-2.619, 59.303]]], [[[-2.523, 59.3], [-2.523, 59.302], [-2.521, 59.302], [-2.522, 59.301], [-2.523, 59.3]]], [[[-2.523, 59.3], [-2.524, 59.301], [-2.523, 59.301], [-2.523, 59.3], [-2.523, 59.3]]], [[[-2.523, 59.3], [-2.523, 59.3], [-2.523, 59.3], [-2.523, 59.3]]], [[[-2.567, 59.299], [-2.568, 59.299], [-2.567, 59.3], [-2.567, 59.299]]], [[[-2.877, 59.296], [-2.879, 59.296], [-2.876, 59.297], [-2.876, 59.296], [-2.877, 59.296]]], [[[-2.616, 59.296], [-2.616, 59.298], [-2.618, 59.301], [-2.614, 59.298], [-2.616, 59.296]]], [[[-2.528, 59.296], [-2.529, 59.297], [-2.529, 59.297], [-2.528, 59.296]]], [[[-2.88, 59.294], [-2.88, 59.295], [-2.879, 59.295], [-2.879, 59.294], [-2.88, 59.294]]], [[[-2.528, 59.296], [-2.528, 59.296], [-2.528, 59.296], [-2.528, 59.296], [-2.528, 59.296]]], [[[-2.882, 59.29], [-2.883, 59.29], [-2.883, 59.291], [-2.882, 59.291], [-2.882, 59.29]]], [[[-2.948, 59.278], [-2.948, 59.278], [-2.949, 59.28], [-2.947, 59.279], [-2.948, 59.278]]], [[[-2.386, 59.281], [-2.388, 59.281], [-2.385, 59.281], [-2.386, 59.281]]], [[[-2.391, 59.28], [-2.391, 59.281], [-2.39, 59.281], [-2.391, 59.28]]], [[[-2.946, 59.276], [-2.946, 59.276], [-2.946, 59.276], [-2.946, 59.276]]], [[[-2.376, 59.276], [-2.383, 59.276], [-2.388, 59.279], [-2.377, 59.281], [-2.376, 59.276]]], [[[-2.871, 59.27], [-2.872, 59.27], [-2.871, 59.27], [-2.871, 59.27]]], [[[-2.553, 59.271], [-2.552, 59.272], [-2.552, 59.272], [-2.553, 59.271]]], [[[-2.98, 59.262], [-2.979, 59.264], [-2.979, 59.263], [-2.98, 59.262]]], [[[-2.987, 59.261], [-2.988, 59.262], [-2.988, 59.262], [-2.987, 59.261]]], [[[-2.907, 59.26], [-2.907, 59.26], [-2.907, 59.26], [-2.907, 59.26]]], [[[-2.982, 59.258], [-2.983, 59.258], [-2.983, 59.258], [-2.983, 59.259], [-2.982, 59.258]]], [[[-2.979, 59.258], [-2.98, 59.258], [-2.979, 59.259], [-2.978, 59.258], [-2.979, 59.258]]], [[[-2.979, 59.257], [-2.98, 59.258], [-2.98, 59.258], [-2.979, 59.257]]], [[[-2.977, 59.257], [-2.978, 59.258], [-2.977, 59.259], [-2.976, 59.258], [-2.977, 59.257]]], [[[-2.754, 59.252], [-2.754, 59.253], [-2.754, 59.253], [-2.754, 59.252]]], [[[-2.755, 59.251], [-2.756, 59.251], [-2.755, 59.251], [-2.755, 59.251]]], [[[-2.757, 59.25], [-2.756, 59.252], [-2.756, 59.25], [-2.757, 59.25]]], [[[-2.977, 59.246], [-2.978, 59.247], [-2.978, 59.248], [-2.975, 59.248], [-2.977, 59.246]]], [[[-2.978, 59.243], [-2.981, 59.243], [-2.981, 59.245], [-2.977, 59.244], [-2.978, 59.243]]], [[[-2.805, 59.241], [-2.807, 59.242], [-2.807, 59.243], [-2.805, 59.242], [-2.805, 59.241]]], [[[-2.894, 59.236], [-2.895, 59.236], [-2.893, 59.236], [-2.893, 59.236], [-2.894, 59.236]]], [[[-2.898, 59.232], [-2.898, 59.232], [-2.898, 59.232], [-2.898, 59.232]]], [[[-2.709, 59.233], [-2.71, 59.233], [-2.71, 59.233], [-2.709, 59.233]]], [[[-2.711, 59.232], [-2.71, 59.233], [-2.709, 59.233], [-2.711, 59.232]]], [[[-2.83, 59.229], [-2.836, 59.237], [-2.834, 59.242], [-2.826, 59.233], [-2.83, 59.229]]], [[[-2.902, 59.228], [-2.903, 59.228], [-2.903, 59.229], [-2.901, 59.229], [-2.902, 59.228]]], [[[-2.883, 59.228], [-2.875, 59.256], [-2.891, 59.255], [-2.911, 59.277], [-2.961, 59.29], [-2.948, 59.273], [-2.977, 59.268], [-2.982, 59.266], [-2.98, 59.26], [-2.981, 59.259], [-2.983, 59.259], [-3.025, 59.278], [-3.023, 59.305], [-3.07, 59.333], [-3.002, 59.328], [-2.98, 59.336], [-2.976, 59.354], [-2.952, 59.36], [-2.944, 59.349], [-2.969, 59.341], [-2.952, 59.338], [-2.956, 59.328], [-2.989, 59.317], [-2.904, 59.304], [-2.883, 59.286], [-2.881, 59.266], [-2.856, 59.269], [-2.837, 59.249], [-2.86, 59.251], [-2.883, 59.228]]], [[[-2.73, 59.228], [-2.746, 59.234], [-2.745, 59.245], [-2.717, 59.232], [-2.73, 59.228]]], [[[-2.904, 59.225], [-2.907, 59.226], [-2.907, 59.227], [-2.904, 59.227], [-2.904, 59.225]]], [[[-2.59, 59.22], [-2.593, 59.221], [-2.591, 59.223], [-2.588, 59.222], [-2.59, 59.22]]], [[[-2.855, 59.205], [-2.856, 59.21], [-2.852, 59.209], [-2.852, 59.206], [-2.855, 59.205]]], [[[-2.821, 59.202], [-2.83, 59.213], [-2.829, 59.227], [-2.816, 59.215], [-2.821, 59.202]]], [[[-2.693, 59.184], [-2.696, 59.221], [-2.679, 59.22], [-2.593, 59.269], [-2.615, 59.294], [-2.529, 59.303], [-2.556, 59.287], [-2.553, 59.276], [-2.583, 59.264], [-2.544, 59.26], [-2.486, 59.288], [-2.451, 59.29], [-2.447, 59.304], [-2.422, 59.312], [-2.417, 59.288], [-2.39, 59.279], [-2.479, 59.277], [-2.519, 59.24], [-2.507, 59.223], [-2.524, 59.234], [-2.511, 59.252], [-2.523, 59.258], [-2.538, 59.251], [-2.525, 59.238], [-2.565, 59.237], [-2.57, 59.221], [-2.581, 59.226], [-2.577, 59.237], [-2.561, 59.239], [-2.57, 59.245], [-2.602, 59.229], [-2.636, 59.236], [-2.674, 59.191], [-2.688, 59.204], [-2.693, 59.184]]], [[[-2.991, 59.18], [-2.99, 59.181], [-2.99, 59.181], [-2.991, 59.18]]], [[[-2.691, 59.176], [-2.69, 59.178], [-2.689, 59.178], [-2.689, 59.176], [-2.691, 59.176]]], [[[-2.921, 59.174], [-2.919, 59.178], [-2.915, 59.177], [-2.92, 59.174], [-2.921, 59.174]]], [[[-2.694, 59.173], [-2.693, 59.174], [-2.692, 59.174], [-2.694, 59.173]]], [[[-2.696, 59.171], [-2.698, 59.172], [-2.696, 59.171], [-2.696, 59.171]]], [[[-2.914, 59.167], [-2.914, 59.168], [-2.913, 59.168], [-2.913, 59.168], [-2.914, 59.167]]], [[[-2.913, 59.167], [-2.912, 59.167], [-2.912, 59.167], [-2.913, 59.167]]], [[[-3.114, 59.165], [-3.115, 59.165], [-3.114, 59.166], [-3.114, 59.165]]], [[[-3.115, 59.163], [-3.116, 59.163], [-3.117, 59.163], [-3.116, 59.163], [-3.115, 59.163]]], [[[-2.824, 59.164], [-2.825, 59.167], [-2.824, 59.169], [-2.823, 59.169], [-2.824, 59.164]]], [[[-2.951, 59.163], [-2.954, 59.164], [-2.955, 59.169], [-2.947, 59.166], [-2.951, 59.163]]], [[[-2.652, 59.162], [-2.656, 59.165], [-2.647, 59.17], [-2.647, 59.166], [-2.652, 59.162]]], [[[-2.945, 59.156], [-2.945, 59.157], [-2.945, 59.157], [-2.945, 59.156]]], [[[-2.687, 59.156], [-2.69, 59.157], [-2.689, 59.159], [-2.688, 59.159], [-2.687, 59.156]]], [[[-3.111, 59.15], [-3.111, 59.151], [-3.11, 59.151], [-3.111, 59.15]]], [[[-3.11, 59.15], [-3.111, 59.15], [-3.11, 59.15], [-3.11, 59.15]]], [[[-2.613, 59.152], [-2.613, 59.152], [-2.611, 59.152], [-2.612, 59.152], [-2.613, 59.152]]], [[[-3.097, 59.148], [-3.098, 59.148], [-3.098, 59.149], [-3.097, 59.148], [-3.097, 59.148]]], [[[-3.107, 59.148], [-3.111, 59.149], [-3.111, 59.15], [-3.106, 59.148], [-3.107, 59.148]]], [[[-3.096, 59.147], [-3.096, 59.148], [-3.095, 59.148], [-3.096, 59.147]]], [[[-2.623, 59.15], [-2.622, 59.151], [-2.62, 59.15], [-2.623, 59.15]]], [[[-2.623, 59.15], [-2.624, 59.15], [-2.625, 59.151], [-2.624, 59.151], [-2.623, 59.15]]], [[[-2.621, 59.15], [-2.621, 59.15], [-2.62, 59.15], [-2.621, 59.15]]], [[[-3.094, 59.144], [-3.094, 59.144], [-3.093, 59.144], [-3.094, 59.144]]], [[[-2.618, 59.147], [-2.619, 59.147], [-2.618, 59.148], [-2.618, 59.147]]], [[[-2.585, 59.147], [-2.6, 59.148], [-2.603, 59.152], [-2.583, 59.157], [-2.585, 59.147]]], [[[-2.617, 59.147], [-2.617, 59.147], [-2.616, 59.147], [-2.617, 59.147]]], [[[-2.913, 59.144], [-2.913, 59.144], [-2.912, 59.144], [-2.913, 59.144]]], [[[-3.299, 59.14], [-3.299, 59.14], [-3.299, 59.14], [-3.299, 59.14]]], [[[-3.312, 59.139], [-3.312, 59.139], [-3.312, 59.139], [-3.312, 59.139]]], [[[-2.593, 59.143], [-2.593, 59.144], [-2.592, 59.143], [-2.593, 59.143], [-2.593, 59.143]]], [[[-3.12, 59.139], [-3.129, 59.142], [-3.128, 59.147], [-3.111, 59.146], [-3.12, 59.139]]], [[[-3.313, 59.137], [-3.313, 59.137], [-3.313, 59.137], [-3.313, 59.137]]], [[[-3.118, 59.139], [-3.119, 59.139], [-3.118, 59.139], [-3.118, 59.139]]], [[[-3.338, 59.134], [-3.34, 59.138], [-3.329, 59.137], [-3.329, 59.136], [-3.338, 59.134]]], [[[-2.788, 59.138], [-2.794, 59.16], [-2.824, 59.171], [-2.828, 59.188], [-2.78, 59.189], [-2.79, 59.236], [-2.755, 59.25], [-2.763, 59.232], [-2.734, 59.218], [-2.766, 59.192], [-2.757, 59.159], [-2.739, 59.148], [-2.788, 59.138]]], [[[-3.102, 59.136], [-3.103, 59.136], [-3.102, 59.136], [-3.102, 59.136]]], [[[-3.144, 59.133], [-3.144, 59.133], [-3.145, 59.133], [-3.144, 59.133]]], [[[-2.669, 59.136], [-2.67, 59.137], [-2.669, 59.137], [-2.668, 59.137], [-2.669, 59.136]]], [[[-3.142, 59.132], [-3.142, 59.132], [-3.142, 59.132], [-3.142, 59.132]]], [[[-3.327, 59.127], [-3.327, 59.128], [-3.327, 59.128], [-3.327, 59.127]]], [[[-3.328, 59.127], [-3.328, 59.128], [-3.328, 59.128], [-3.328, 59.127]]], [[[-3.327, 59.126], [-3.328, 59.127], [-3.328, 59.127], [-3.327, 59.126]]], [[[-3.327, 59.125], [-3.327, 59.125], [-3.326, 59.125], [-3.327, 59.125]]], [[[-3.326, 59.125], [-3.326, 59.125], [-3.326, 59.125], [-3.326, 59.125]]], [[[-3.321, 59.124], [-3.324, 59.124], [-3.324, 59.125], [-3.322, 59.125], [-3.321, 59.124]]], [[[-3.02, 59.127], [-3.077, 59.138], [-3.118, 59.173], [-3.076, 59.2], [-3.051, 59.197], [-3.037, 59.179], [-2.953, 59.18], [-2.979, 59.163], [-2.964, 59.136], [-3.02, 59.127]]], [[[-2.665, 59.128], [-2.677, 59.129], [-2.681, 59.135], [-2.665, 59.14], [-2.665, 59.128]]], [[[-2.92, 59.125], [-2.945, 59.155], [-2.935, 59.17], [-2.908, 59.164], [-2.92, 59.125]]], [[[-3.329, 59.12], [-3.33, 59.12], [-3.329, 59.121], [-3.329, 59.12]]], [[[-2.916, 59.124], [-2.917, 59.124], [-2.916, 59.124], [-2.916, 59.124]]], [[[-2.828, 59.124], [-2.834, 59.128], [-2.832, 59.132], [-2.826, 59.133], [-2.828, 59.124]]], [[[-2.919, 59.123], [-2.92, 59.123], [-2.92, 59.124], [-2.919, 59.123], [-2.919, 59.123]]], [[[-2.92, 59.122], [-2.92, 59.123], [-2.92, 59.123], [-2.92, 59.122]]], [[[-2.543, 59.124], [-2.543, 59.125], [-2.542, 59.125], [-2.543, 59.124]]], [[[-2.919, 59.122], [-2.919, 59.123], [-2.918, 59.123], [-2.919, 59.122]]], [[[-2.916, 59.122], [-2.916, 59.122], [-2.915, 59.122], [-2.916, 59.122]]], [[[-2.83, 59.119], [-2.832, 59.119], [-2.832, 59.121], [-2.829, 59.121], [-2.83, 59.119]]], [[[-2.967, 59.111], [-2.98, 59.114], [-3.012, 59.113], [-2.955, 59.126], [-2.967, 59.111]]], [[[-2.55, 59.108], [-2.551, 59.11], [-2.55, 59.11], [-2.549, 59.109], [-2.55, 59.108]]], [[[-4.403, 59.086], [-4.404, 59.087], [-4.402, 59.087], [-4.403, 59.087], [-4.403, 59.086]]], [[[-2.55, 59.105], [-2.55, 59.106], [-2.549, 59.106], [-2.55, 59.105]]], [[[-2.55, 59.105], [-2.55, 59.105], [-2.548, 59.105], [-2.549, 59.105], [-2.55, 59.105]]], [[[-4.411, 59.082], [-4.41, 59.087], [-4.404, 59.086], [-4.408, 59.082], [-4.411, 59.082]]], [[[-3.348, 59.097], [-3.35, 59.097], [-3.351, 59.098], [-3.348, 59.099], [-3.348, 59.097]]], [[[-2.527, 59.092], [-2.527, 59.093], [-2.527, 59.093], [-2.527, 59.092]]], [[[-2.53, 59.091], [-2.53, 59.091], [-2.528, 59.092], [-2.529, 59.091], [-2.53, 59.091]]], [[[-2.95, 59.087], [-2.955, 59.088], [-2.956, 59.09], [-2.947, 59.091], [-2.95, 59.087]]], [[[-2.897, 59.078], [-2.899, 59.08], [-2.899, 59.081], [-2.895, 59.079], [-2.897, 59.078]]], [[[-2.839, 59.077], [-2.84, 59.078], [-2.84, 59.078], [-2.839, 59.077]]], [[[-2.974, 59.072], [-2.993, 59.086], [-2.965, 59.092], [-2.947, 59.078], [-2.974, 59.072]]], [[[-2.6, 59.071], [-2.605, 59.097], [-2.633, 59.108], [-2.658, 59.1], [-2.644, 59.087], [-2.651, 59.076], [-2.688, 59.077], [-2.67, 59.109], [-2.62, 59.118], [-2.675, 59.153], [-2.63, 59.162], [-2.617, 59.154], [-2.636, 59.156], [-2.625, 59.143], [-2.573, 59.142], [-2.605, 59.137], [-2.593, 59.115], [-2.537, 59.122], [-2.553, 59.111], [-2.548, 59.098], [-2.527, 59.093], [-2.536, 59.077], [-2.567, 59.084], [-2.6, 59.071]]], [[[-2.998, 59.069], [-3.0, 59.07], [-2.996, 59.07], [-2.997, 59.069], [-2.998, 59.069]]], [[[-2.959, 59.068], [-2.96, 59.07], [-2.958, 59.071], [-2.957, 59.07], [-2.959, 59.068]]], [[[-2.988, 59.066], [-2.989, 59.067], [-2.988, 59.067], [-2.987, 59.067], [-2.988, 59.066]]], [[[-2.565, 59.064], [-2.567, 59.064], [-2.569, 59.066], [-2.567, 59.066], [-2.565, 59.064]]], [[[-2.947, 59.061], [-2.947, 59.062], [-2.946, 59.062], [-2.945, 59.062], [-2.947, 59.061]]], [[[-2.934, 59.06], [-2.935, 59.06], [-2.935, 59.061], [-2.933, 59.061], [-2.934, 59.06]]], [[[-2.947, 59.06], [-2.947, 59.06], [-2.948, 59.061], [-2.947, 59.062], [-2.947, 59.06]]], [[[-3.242, 59.057], [-3.241, 59.057], [-3.241, 59.057], [-3.242, 59.057]]], [[[-2.944, 59.059], [-2.946, 59.061], [-2.945, 59.062], [-2.943, 59.061], [-2.944, 59.059]]], [[[-3.357, 59.047], [-3.356, 59.047], [-3.356, 59.047], [-3.357, 59.047]]], [[[-3.276, 59.047], [-3.276, 59.047], [-3.276, 59.047], [-3.276, 59.047]]], [[[-2.931, 59.049], [-2.931, 59.05], [-2.929, 59.051], [-2.929, 59.05], [-2.931, 59.049]]], [[[-3.227, 59.043], [-3.228, 59.043], [-3.228, 59.044], [-3.227, 59.043]]], [[[-4.506, 59.023], [-4.507, 59.024], [-4.506, 59.025], [-4.505, 59.024], [-4.506, 59.023]]], [[[-3.263, 59.04], [-3.263, 59.04], [-3.263, 59.04], [-3.263, 59.04]]], [[[-3.264, 59.04], [-3.264, 59.04], [-3.264, 59.04], [-3.264, 59.04]]], [[[-3.246, 59.035], [-3.246, 59.035], [-3.246, 59.035], [-3.246, 59.035]]], [[[-3.237, 59.032], [-3.238, 59.032], [-3.238, 59.032], [-3.237, 59.032]]], [[[-3.238, 59.032], [-3.238, 59.032], [-3.238, 59.032], [-3.238, 59.032]]], [[[-2.584, 59.036], [-2.584, 59.037], [-2.583, 59.037], [-2.584, 59.036]]], [[[-2.581, 59.036], [-2.581, 59.037], [-2.58, 59.037], [-2.581, 59.036]]], [[[-3.236, 59.031], [-3.236, 59.031], [-3.236, 59.031], [-3.236, 59.031]]], [[[-3.226, 59.031], [-3.226, 59.031], [-3.226, 59.031], [-3.226, 59.031]]], [[[-3.237, 59.03], [-3.237, 59.03], [-3.237, 59.03], [-3.237, 59.03]]], [[[-3.237, 59.03], [-3.237, 59.03], [-3.237, 59.03], [-3.237, 59.03]]], [[[-3.237, 59.03], [-3.237, 59.03], [-3.237, 59.03], [-3.237, 59.03]]], [[[-2.58, 59.034], [-2.58, 59.034], [-2.58, 59.034], [-2.58, 59.034]]], [[[-3.228, 59.028], [-3.228, 59.029], [-3.227, 59.029], [-3.228, 59.028]]], [[[-3.231, 59.028], [-3.231, 59.028], [-3.231, 59.028], [-3.231, 59.028]]], [[[-3.223, 59.025], [-3.223, 59.026], [-3.223, 59.025], [-3.223, 59.025]]], [[[-2.559, 59.03], [-2.559, 59.03], [-2.559, 59.03], [-2.559, 59.03]]], [[[-3.221, 59.025], [-3.221, 59.025], [-3.221, 59.025], [-3.221, 59.025]]], [[[-3.221, 59.024], [-3.221, 59.024], [-3.221, 59.024], [-3.221, 59.024]]], [[[-3.221, 59.024], [-3.221, 59.024], [-3.221, 59.024], [-3.221, 59.024]]], [[[-3.362, 59.022], [-3.362, 59.023], [-3.362, 59.023], [-3.362, 59.022]]], [[[-3.364, 59.022], [-3.363, 59.022], [-3.363, 59.022], [-3.364, 59.022]]], [[[-3.364, 59.022], [-3.364, 59.022], [-3.364, 59.022], [-3.364, 59.022]]], [[[-3.364, 59.022], [-3.364, 59.022], [-3.364, 59.022], [-3.364, 59.022]]], [[[-3.219, 59.023], [-3.219, 59.023], [-3.218, 59.023], [-3.219, 59.023]]], [[[-3.247, 59.023], [-3.248, 59.023], [-3.247, 59.023], [-3.247, 59.023]]], [[[-3.219, 59.023], [-3.219, 59.023], [-3.219, 59.023], [-3.219, 59.023]]], [[[-3.247, 59.022], [-3.247, 59.022], [-3.247, 59.022], [-3.247, 59.022]]], [[[-3.239, 59.022], [-3.239, 59.022], [-3.239, 59.022], [-3.239, 59.022]]], [[[-3.364, 59.02], [-3.364, 59.021], [-3.363, 59.02], [-3.364, 59.02]]], [[[-3.238, 59.021], [-3.238, 59.021], [-3.238, 59.021], [-3.238, 59.021]]], [[[-3.238, 59.021], [-3.239, 59.021], [-3.238, 59.021], [-3.238, 59.021]]], [[[-3.241, 59.021], [-3.242, 59.021], [-3.242, 59.021], [-3.241, 59.021]]], [[[-3.239, 59.021], [-3.24, 59.021], [-3.238, 59.021], [-3.239, 59.021]]], [[[-3.242, 59.021], [-3.243, 59.021], [-3.242, 59.021], [-3.242, 59.021]]], [[[-3.238, 59.021], [-3.238, 59.021], [-3.238, 59.021], [-3.238, 59.021]]], [[[-3.245, 59.02], [-3.246, 59.021], [-3.246, 59.021], [-3.245, 59.021], [-3.245, 59.02]]], [[[-2.573, 59.025], [-2.575, 59.038], [-2.56, 59.034], [-2.56, 59.03], [-2.573, 59.025]]], [[[-3.362, 59.018], [-3.362, 59.018], [-3.362, 59.018], [-3.362, 59.018]]], [[[-3.366, 59.016], [-3.367, 59.016], [-3.365, 59.016], [-3.366, 59.016]]], [[[-3.29, 59.016], [-3.29, 59.016], [-3.29, 59.016], [-3.29, 59.016]]], [[[-3.235, 59.016], [-3.235, 59.016], [-3.235, 59.016], [-3.235, 59.016]]], [[[-2.901, 59.018], [-2.904, 59.02], [-2.906, 59.026], [-2.897, 59.026], [-2.901, 59.018]]], [[[-3.289, 59.015], [-3.289, 59.015], [-3.289, 59.015], [-3.289, 59.015]]], [[[-3.364, 59.014], [-3.365, 59.014], [-3.364, 59.014], [-3.364, 59.014]]], [[[-2.831, 59.018], [-2.857, 59.03], [-2.935, 59.032], [-2.902, 59.077], [-2.862, 59.052], [-2.87, 59.058], [-2.838, 59.065], [-2.84, 59.077], [-2.801, 59.087], [-2.802, 59.069], [-2.824, 59.047], [-2.805, 59.029], [-2.831, 59.018]]], [[[-2.938, 59.016], [-2.939, 59.017], [-2.939, 59.018], [-2.938, 59.018], [-2.938, 59.016]]], [[[-3.238, 59.013], [-3.238, 59.013], [-3.238, 59.013], [-3.238, 59.013]]], [[[-3.237, 59.012], [-3.238, 59.012], [-3.238, 59.012], [-3.237, 59.012]]], [[[-3.215, 59.012], [-3.215, 59.012], [-3.215, 59.012], [-3.215, 59.012]]], [[[-3.237, 59.012], [-3.238, 59.012], [-3.237, 59.012], [-3.237, 59.012]]], [[[-3.237, 59.012], [-3.237, 59.012], [-3.236, 59.012], [-3.237, 59.012]]], [[[-3.238, 59.012], [-3.238, 59.012], [-3.238, 59.012], [-3.238, 59.012]]], [[[-3.29, 59.011], [-3.29, 59.011], [-3.29, 59.011], [-3.29, 59.011]]], [[[-3.212, 59.012], [-3.212, 59.012], [-3.212, 59.012], [-3.212, 59.012]]], [[[-3.211, 59.011], [-3.211, 59.011], [-3.211, 59.011], [-3.211, 59.011]]], [[[-3.211, 59.01], [-3.212, 59.01], [-3.211, 59.01], [-3.211, 59.01]]], [[[-3.21, 59.009], [-3.21, 59.01], [-3.21, 59.01], [-3.21, 59.009]]], [[[-3.203, 59.009], [-3.203, 59.009], [-3.203, 59.009], [-3.203, 59.009]]], [[[-3.202, 59.009], [-3.203, 59.009], [-3.203, 59.009], [-3.202, 59.009]]], [[[-3.253, 59.008], [-3.253, 59.008], [-3.253, 59.008], [-3.253, 59.008]]], [[[-3.283, 59.008], [-3.283, 59.008], [-3.283, 59.008], [-3.283, 59.008]]], [[[-3.206, 59.008], [-3.209, 59.009], [-3.209, 59.01], [-3.208, 59.01], [-3.206, 59.008]]], [[[-3.227, 59.008], [-3.227, 59.008], [-3.227, 59.008], [-3.227, 59.008]]], [[[-3.227, 59.008], [-3.228, 59.008], [-3.228, 59.008], [-3.227, 59.008]]], [[[-3.235, 59.008], [-3.235, 59.008], [-3.235, 59.008], [-3.235, 59.008]]], [[[-3.252, 59.008], [-3.252, 59.008], [-3.252, 59.008], [-3.252, 59.008]]], [[[-3.227, 59.008], [-3.227, 59.008], [-3.226, 59.008], [-3.227, 59.008]]], [[[-3.252, 59.008], [-3.252, 59.008], [-3.251, 59.008], [-3.252, 59.008]]], [[[-3.205, 59.008], [-3.205, 59.008], [-3.204, 59.008], [-3.205, 59.008]]], [[[-3.206, 59.008], [-3.206, 59.008], [-3.206, 59.008], [-3.206, 59.008]]], [[[-3.232, 59.007], [-3.234, 59.008], [-3.233, 59.008], [-3.232, 59.007]]], [[[-3.206, 59.008], [-3.206, 59.008], [-3.206, 59.008], [-3.206, 59.008]]], [[[-3.209, 59.007], [-3.209, 59.007], [-3.209, 59.007], [-3.209, 59.007]]], [[[-3.229, 59.007], [-3.229, 59.007], [-3.229, 59.007], [-3.229, 59.007]]], [[[-3.208, 59.006], [-3.207, 59.006], [-3.207, 59.006], [-3.208, 59.006]]], [[[-2.945, 59.007], [-2.945, 59.008], [-2.945, 59.007], [-2.945, 59.007]]], [[[-3.206, 59.005], [-3.206, 59.005], [-3.206, 59.005], [-3.206, 59.005]]], [[[-2.945, 59.006], [-2.945, 59.007], [-2.945, 59.007], [-2.945, 59.007], [-2.945, 59.006]]], [[[-3.065, 59.005], [-3.066, 59.011], [-3.06, 59.01], [-3.062, 59.005], [-3.065, 59.005]]], [[[-3.206, 59.004], [-3.206, 59.004], [-3.206, 59.004], [-3.206, 59.004]]], [[[-3.205, 59.003], [-3.205, 59.003], [-3.205, 59.003], [-3.205, 59.003]]], [[[-3.207, 59.002], [-3.207, 59.002], [-3.207, 59.002], [-3.207, 59.002]]], [[[-3.083, 59.002], [-3.088, 59.004], [-3.077, 59.005], [-3.079, 59.003], [-3.083, 59.002]]], [[[-3.205, 58.996], [-3.205, 58.996], [-3.205, 58.996], [-3.205, 58.996]]], [[[-3.205, 58.996], [-3.205, 58.996], [-3.205, 58.996], [-3.205, 58.996]]], [[[-3.201, 58.996], [-3.201, 58.996], [-3.201, 58.996], [-3.201, 58.996]]], [[[-3.2, 58.996], [-3.2, 58.996], [-3.2, 58.996], [-3.2, 58.996]]], [[[-3.201, 58.996], [-3.201, 58.996], [-3.201, 58.996], [-3.201, 58.996]]], [[[-3.198, 58.995], [-3.199, 58.996], [-3.199, 58.996], [-3.198, 58.995]]], [[[-3.202, 58.995], [-3.203, 58.996], [-3.202, 58.996], [-3.202, 58.995]]], [[[-3.208, 58.989], [-3.208, 58.989], [-3.208, 58.989], [-3.208, 58.989]]], [[[-3.213, 58.987], [-3.213, 58.987], [-3.213, 58.988], [-3.213, 58.987]]], [[[-3.243, 58.987], [-3.243, 58.987], [-3.243, 58.987], [-3.243, 58.987]]], [[[-3.213, 58.987], [-3.214, 58.987], [-3.214, 58.987], [-3.213, 58.987]]], [[[-2.797, 58.988], [-2.797, 58.989], [-2.796, 58.988], [-2.797, 58.988]]], [[[-2.796, 58.987], [-2.796, 58.987], [-2.796, 58.987], [-2.796, 58.987]]], [[[-2.847, 58.986], [-2.847, 58.986], [-2.844, 58.987], [-2.842, 58.986], [-2.847, 58.986]]], [[[-2.842, 58.986], [-2.842, 58.986], [-2.841, 58.986], [-2.842, 58.986]]], [[[-2.84, 58.985], [-2.84, 58.985], [-2.839, 58.985], [-2.84, 58.985]]], [[[-2.795, 58.985], [-2.795, 58.985], [-2.795, 58.985], [-2.795, 58.985]]], [[[-2.794, 58.977], [-2.794, 58.977], [-2.794, 58.977], [-2.794, 58.977]]], [[[-2.793, 58.976], [-2.793, 58.976], [-2.793, 58.976], [-2.793, 58.976]]], [[[-2.793, 58.974], [-2.793, 58.974], [-2.793, 58.974], [-2.793, 58.974]]], [[[-2.707, 58.965], [-2.707, 58.965], [-2.707, 58.966], [-2.707, 58.965]]], [[[-2.908, 58.964], [-2.908, 58.964], [-2.906, 58.964], [-2.908, 58.964]]], [[[-2.707, 58.965], [-2.707, 58.965], [-2.707, 58.965], [-2.707, 58.965]]], [[[-2.702, 58.964], [-2.703, 58.965], [-2.702, 58.965], [-2.702, 58.964]]], [[[-2.703, 58.964], [-2.704, 58.964], [-2.703, 58.965], [-2.703, 58.964]]], [[[-3.288, 58.958], [-3.29, 58.959], [-3.29, 58.96], [-3.288, 58.959], [-3.288, 58.958]]], [[[-3.335, 58.952], [-3.335, 58.952], [-3.336, 58.953], [-3.334, 58.952], [-3.335, 58.952]]], [[[-2.709, 58.953], [-2.709, 58.953], [-2.709, 58.953], [-2.709, 58.953]]], [[[-2.71, 58.952], [-2.71, 58.952], [-2.709, 58.952], [-2.71, 58.952]]], [[[-2.827, 58.95], [-2.828, 58.95], [-2.827, 58.95], [-2.827, 58.95]]], [[[-2.829, 58.95], [-2.829, 58.951], [-2.828, 58.951], [-2.829, 58.95]]], [[[-2.829, 58.95], [-2.828, 58.95], [-2.828, 58.95], [-2.829, 58.95], [-2.829, 58.95]]], [[[-2.826, 58.948], [-2.827, 58.949], [-2.826, 58.949], [-2.826, 58.948]]], [[[-2.809, 58.944], [-2.81, 58.945], [-2.808, 58.945], [-2.809, 58.944]]], [[[-3.296, 58.94], [-3.298, 58.941], [-3.298, 58.941], [-3.297, 58.941], [-3.296, 58.94]]], [[[-2.81, 58.943], [-2.811, 58.943], [-2.812, 58.944], [-2.811, 58.944], [-2.81, 58.943]]], [[[-2.703, 58.942], [-2.705, 58.943], [-2.7, 58.944], [-2.701, 58.942], [-2.703, 58.942]]], [[[-3.076, 58.938], [-3.075, 58.939], [-3.074, 58.939], [-3.076, 58.938]]], [[[-3.319, 58.93], [-3.323, 58.931], [-3.323, 58.932], [-3.321, 58.932], [-3.319, 58.93]]], [[[-3.319, 58.926], [-3.32, 58.928], [-3.322, 58.928], [-3.318, 58.928], [-3.319, 58.926]]], [[[-3.322, 58.926], [-3.323, 58.927], [-3.322, 58.927], [-3.32, 58.926], [-3.322, 58.926]]], [[[-3.081, 58.927], [-3.079, 58.928], [-3.079, 58.928], [-3.081, 58.927]]], [[[-3.282, 58.92], [-3.307, 58.925], [-3.313, 58.939], [-3.266, 58.93], [-3.282, 58.92]]], [[[-2.798, 58.923], [-2.799, 58.923], [-2.798, 58.923], [-2.798, 58.923]]], [[[-2.71, 58.921], [-2.712, 58.921], [-2.709, 58.921], [-2.71, 58.921]]], [[[-2.786, 58.912], [-2.786, 58.913], [-2.785, 58.912], [-2.786, 58.912]]], [[[-3.19, 58.909], [-3.191, 58.913], [-3.184, 58.91], [-3.186, 58.909], [-3.19, 58.909]]], [[[-2.66, 58.91], [-2.659, 58.911], [-2.657, 58.911], [-2.657, 58.91], [-2.66, 58.91]]], [[[-2.706, 58.903], [-2.707, 58.904], [-2.704, 58.904], [-2.705, 58.903], [-2.706, 58.903]]], [[[-2.701, 58.899], [-2.702, 58.903], [-2.692, 58.901], [-2.696, 58.901], [-2.701, 58.899]]], [[[-2.699, 58.899], [-2.698, 58.899], [-2.698, 58.899], [-2.699, 58.899]]], [[[-2.704, 58.897], [-2.705, 58.898], [-2.703, 58.9], [-2.702, 58.898], [-2.704, 58.897]]], [[[-2.682, 58.891], [-2.684, 58.899], [-2.664, 58.902], [-2.672, 58.896], [-2.682, 58.891]]], [[[-2.899, 58.88], [-2.9, 58.88], [-2.898, 58.88], [-2.899, 58.88], [-2.899, 58.88]]], [[[-3.169, 58.872], [-3.176, 58.879], [-3.179, 58.887], [-3.157, 58.878], [-3.169, 58.872]]], [[[-2.92, 58.871], [-2.921, 58.872], [-2.92, 58.872], [-2.92, 58.871]]], [[[-3.193, 58.857], [-3.2, 58.859], [-3.202, 58.868], [-3.19, 58.861], [-3.193, 58.857]]], [[[-3.08, 58.852], [-3.072, 58.855], [-3.066, 58.855], [-3.068, 58.853], [-3.08, 58.852]]], [[[-2.982, 58.849], [-2.989, 58.854], [-2.958, 58.86], [-2.968, 58.857], [-2.982, 58.849]]], [[[-3.045, 58.844], [-3.046, 58.844], [-3.046, 58.845], [-3.044, 58.845], [-3.045, 58.844]]], [[[-3.167, 58.833], [-3.181, 58.845], [-3.169, 58.857], [-3.15, 58.838], [-3.167, 58.833]]], [[[-3.128, 58.813], [-3.148, 58.829], [-3.119, 58.843], [-3.065, 58.846], [-3.114, 58.837], [-3.077, 58.832], [-3.08, 58.814], [-3.128, 58.813]]], [[[-3.109, 58.795], [-3.113, 58.798], [-3.093, 58.804], [-3.1, 58.797], [-3.109, 58.795]]], [[[-3.219, 58.782], [-3.219, 58.782], [-3.218, 58.782], [-3.219, 58.782]]], [[[-3.197, 58.778], [-3.198, 58.778], [-3.197, 58.778], [-3.197, 58.778]]], [[[-3.241, 58.774], [-3.24, 58.775], [-3.24, 58.774], [-3.241, 58.774]]], [[[-3.23, 58.772], [-3.297, 58.778], [-3.322, 58.796], [-3.328, 58.817], [-3.37, 58.837], [-3.379, 58.868], [-3.435, 58.871], [-3.433, 58.887], [-3.403, 58.922], [-3.329, 58.929], [-3.312, 58.916], [-3.317, 58.907], [-3.212, 58.878], [-3.231, 58.87], [-3.198, 58.853], [-3.215, 58.841], [-3.191, 58.836], [-3.205, 58.827], [-3.17, 58.821], [-3.246, 58.801], [-3.259, 58.787], [-3.153, 58.807], [-3.139, 58.802], [-3.154, 58.787], [-3.13, 58.788], [-3.188, 58.777], [-3.232, 58.785], [-3.22, 58.776], [-3.23, 58.772]]], [[[-3.052, 58.752], [-3.053, 58.752], [-3.052, 58.752], [-3.052, 58.752]]], [[[-3.072, 58.739], [-3.071, 58.74], [-3.072, 58.739], [-3.072, 58.739]]], [[[-3.057, 58.737], [-3.057, 58.737], [-3.056, 58.737], [-3.057, 58.737]]], [[[-3.072, 58.736], [-3.073, 58.736], [-3.072, 58.737], [-3.071, 58.736], [-3.072, 58.736]]], [[[-3.064, 58.736], [-3.072, 58.738], [-3.05, 58.752], [-3.053, 58.74], [-3.064, 58.736]]], [[[-3.064, 58.735], [-3.064, 58.735], [-3.063, 58.735], [-3.064, 58.735]]], [[[-3.068, 58.734], [-3.069, 58.735], [-3.067, 58.735], [-3.067, 58.734], [-3.068, 58.734]]], [[[-2.96, 58.73], [-2.992, 58.754], [-2.98, 58.761], [-2.979, 58.786], [-3.022, 58.805], [-3.01, 58.813], [-2.999, 58.806], [-3.004, 58.803], [-2.999, 58.8], [-2.974, 58.818], [-3.037, 58.82], [-3.013, 58.833], [-2.964, 58.836], [-2.958, 58.826], [-2.908, 58.839], [-2.963, 58.852], [-2.913, 58.857], [-2.924, 58.877], [-2.897, 58.895], [-2.931, 58.891], [-2.98, 58.963], [-3.015, 58.943], [-3.091, 58.943], [-3.078, 58.93], [-3.203, 58.912], [-3.228, 58.932], [-3.23, 58.967], [-3.25, 58.974], [-3.247, 58.98], [-3.254, 58.984], [-3.207, 58.992], [-3.27, 59.015], [-3.291, 59.017], [-3.3, 59.016], [-3.266, 59.003], [-3.262, 58.994], [-3.28, 58.996], [-3.283, 58.995], [-3.252, 58.982], [-3.263, 58.963], [-3.293, 58.968], [-3.294, 58.952], [-3.306, 58.95], [-3.354, 58.964], [-3.366, 59.015], [-3.348, 59.038], [-3.358, 59.044], [-3.357, 59.048], [-3.334, 59.055], [-3.349, 59.061], [-3.347, 59.098], [-3.348, 59.1], [-3.349, 59.1], [-3.354, 59.1], [-3.358, 59.104], [-3.32, 59.123], [-3.325, 59.136], [-3.198, 59.154], [-3.095, 59.118], [-3.073, 59.123], [-3.046, 59.105], [-3.063, 59.096], [-3.009, 59.078], [-3.002, 59.054], [-3.012, 59.039], [-3.039, 59.048], [-3.066, 59.048], [-3.053, 59.036], [-3.062, 59.023], [-3.124, 59.01], [-3.053, 58.994], [-3.041, 59.009], [-3.007, 59.01], [-2.96, 58.985], [-2.932, 59.014], [-2.902, 59.01], [-2.915, 58.993], [-2.888, 58.991], [-2.92, 58.983], [-2.919, 58.965], [-2.889, 58.96], [-2.855, 58.986], [-2.825, 58.981], [-2.81, 58.985], [-2.807, 58.99], [-2.799, 58.992], [-2.792, 58.965], [-2.848, 58.958], [-2.825, 58.934], [-2.843, 58.926], [-2.827, 58.921], [-2.804, 58.929], [-2.784, 58.916], [-2.786, 58.94], [-2.805, 58.948], [-2.708, 58.973], [-2.707, 58.948], [-2.719, 58.937], [-2.711, 58.922], [-2.786, 58.915], [-2.828, 58.873], [-2.855, 58.892], [-2.897, 58.896], [-2.884, 58.89], [-2.913, 58.869], [-2.885, 58.874], [-2.889, 58.855], [-2.858, 58.853], [-2.906, 58.84], [-2.878, 58.819], [-2.931, 58.794], [-2.921, 58.783], [-2.94, 58.767], [-2.909, 58.755], [-2.924, 58.739], [-2.917, 58.735], [-2.96, 58.73]]], [[[-3.198, 58.994], [-3.207, 59.001], [-3.205, 59.007], [-3.202, 59.006], [-3.199, 59.008], [-3.22, 59.016], [-3.226, 59.053], [-3.229, 59.052], [-3.245, 59.058], [-3.236, 59.051], [-3.278, 59.045], [-3.243, 59.035], [-3.237, 59.027], [-3.241, 59.022], [-3.251, 59.022], [-3.235, 59.007], [-3.21, 58.995], [-3.198, 58.994]]], [[[-2.979, 58.729], [-2.979, 58.729], [-2.977, 58.732], [-2.974, 58.732], [-2.979, 58.729]]], [[[-2.933, 58.69], [-2.933, 58.69], [-2.933, 58.69], [-2.933, 58.69]]], [[[-2.923, 58.686], [-2.93, 58.687], [-2.933, 58.689], [-2.915, 58.689], [-2.923, 58.686]]], [[[-2.889, 58.682], [-2.889, 58.683], [-2.888, 58.683], [-2.889, 58.682]]], [[[-2.913, 58.674], [-2.911, 58.675], [-2.909, 58.675], [-2.911, 58.674], [-2.913, 58.674]]]]}}, {"type": "Feature", "properties": {"cd": "S22000039", "nm": "Shetland Islands"}, "geometry": {"type": "MultiPolygon", "coordinates": [[[[-0.874, 60.86], [-0.875, 60.861], [-0.872, 60.86], [-0.874, 60.86]]], [[[-0.886, 60.854], [-0.887, 60.855], [-0.883, 60.856], [-0.884, 60.856], [-0.886, 60.854]]], [[[-0.89, 60.851], [-0.888, 60.855], [-0.885, 60.854], [-0.887, 60.852], [-0.89, 60.851]]], [[[-0.893, 60.849], [-0.895, 60.849], [-0.892, 60.852], [-0.891, 60.853], [-0.893, 60.849]]], [[[-0.897, 60.849], [-0.895, 60.851], [-0.894, 60.85], [-0.895, 60.849], [-0.897, 60.849]]], [[[-0.834, 60.843], [-0.834, 60.844], [-0.833, 60.844], [-0.834, 60.843]]], [[[-0.898, 60.841], [-0.899, 60.841], [-0.9, 60.842], [-0.897, 60.842], [-0.898, 60.841]]], [[[-0.901, 60.839], [-0.902, 60.839], [-0.9, 60.84], [-0.901, 60.839]]], [[[-0.77, 60.836], [-0.77, 60.836], [-0.77, 60.836], [-0.77, 60.836]]], [[[-0.901, 60.836], [-0.901, 60.837], [-0.899, 60.837], [-0.901, 60.836]]], [[[-0.819, 60.836], [-0.818, 60.836], [-0.818, 60.836], [-0.818, 60.836], [-0.819, 60.836]]], [[[-0.9, 60.835], [-0.9, 60.836], [-0.899, 60.836], [-0.899, 60.836], [-0.9, 60.835]]], [[[-0.819, 60.835], [-0.819, 60.835], [-0.818, 60.836], [-0.819, 60.835], [-0.819, 60.835]]], [[[-0.816, 60.833], [-0.815, 60.834], [-0.814, 60.834], [-0.815, 60.833], [-0.816, 60.833]]], [[[-0.774, 60.832], [-0.773, 60.833], [-0.77, 60.833], [-0.77, 60.832], [-0.774, 60.832]]], [[[-0.774, 60.829], [-0.775, 60.832], [-0.77, 60.832], [-0.773, 60.829], [-0.774, 60.829]]], [[[-0.853, 60.83], [-0.853, 60.83], [-0.853, 60.83], [-0.853, 60.83]]], [[[-0.778, 60.828], [-0.777, 60.829], [-0.777, 60.829], [-0.778, 60.828]]], [[[-0.909, 60.829], [-0.91, 60.829], [-0.91, 60.829], [-0.909, 60.829], [-0.909, 60.829]]], [[[-0.907, 60.827], [-0.908, 60.827], [-0.907, 60.828], [-0.907, 60.827]]], [[[-0.909, 60.823], [-0.91, 60.823], [-0.91, 60.824], [-0.908, 60.823], [-0.909, 60.823]]], [[[-0.771, 60.82], [-0.771, 60.821], [-0.77, 60.821], [-0.77, 60.821], [-0.771, 60.82]]], [[[-0.94, 60.813], [-0.939, 60.814], [-0.938, 60.813], [-0.94, 60.813]]], [[[-0.778, 60.798], [-0.778, 60.799], [-0.777, 60.799], [-0.777, 60.799], [-0.778, 60.798]]], [[[-0.802, 60.786], [-0.802, 60.786], [-0.802, 60.786], [-0.802, 60.786]]], [[[-0.954, 60.782], [-0.955, 60.782], [-0.952, 60.782], [-0.954, 60.782]]], [[[-0.956, 60.781], [-0.956, 60.782], [-0.958, 60.783], [-0.956, 60.783], [-0.954, 60.781], [-0.956, 60.781]]], [[[-0.949, 60.77], [-0.949, 60.772], [-0.947, 60.771], [-0.947, 60.77], [-0.949, 60.77]]], [[[-0.946, 60.769], [-0.948, 60.769], [-0.948, 60.77], [-0.946, 60.77], [-0.946, 60.769]]], [[[-0.785, 60.752], [-0.786, 60.752], [-0.785, 60.752], [-0.785, 60.752]]], [[[-0.788, 60.748], [-0.787, 60.749], [-0.787, 60.748], [-0.788, 60.748]]], [[[-0.795, 60.74], [-0.799, 60.745], [-0.791, 60.761], [-0.784, 60.747], [-0.795, 60.74]]], [[[-1.116, 60.739], [-1.117, 60.739], [-1.116, 60.74], [-1.116, 60.739], [-1.116, 60.739]]], [[[-0.971, 60.736], [-0.973, 60.737], [-0.973, 60.738], [-0.97, 60.737], [-0.971, 60.736]]], [[[-0.971, 60.735], [-0.972, 60.736], [-0.97, 60.736], [-0.971, 60.735]]], [[[-1.044, 60.735], [-1.047, 60.735], [-1.046, 60.735], [-1.044, 60.735]]], [[[-1.072, 60.735], [-1.071, 60.735], [-1.071, 60.735], [-1.071, 60.735], [-1.072, 60.735]]], [[[-1.043, 60.734], [-1.044, 60.734], [-1.043, 60.734], [-1.043, 60.734]]], [[[-1.114, 60.734], [-1.114, 60.738], [-1.108, 60.736], [-1.109, 60.735], [-1.114, 60.734]]], [[[-0.97, 60.733], [-0.972, 60.733], [-0.972, 60.734], [-0.971, 60.734], [-0.97, 60.733]]], [[[-1.071, 60.733], [-1.071, 60.733], [-1.071, 60.734], [-1.071, 60.734], [-1.071, 60.733]]], [[[-1.075, 60.733], [-1.075, 60.733], [-1.075, 60.734], [-1.075, 60.733]]], [[[-0.814, 60.731], [-0.814, 60.736], [-0.808, 60.739], [-0.808, 60.734], [-0.814, 60.731]]], [[[-1.071, 60.733], [-1.072, 60.733], [-1.071, 60.733], [-1.071, 60.733], [-1.071, 60.733]]], [[[-0.964, 60.731], [-0.965, 60.732], [-0.966, 60.731], [-0.965, 60.732], [-0.964, 60.732], [-0.964, 60.731]]], [[[-1.043, 60.732], [-1.045, 60.732], [-1.045, 60.734], [-1.042, 60.733], [-1.043, 60.732]]], [[[-1.077, 60.732], [-1.078, 60.733], [-1.078, 60.733], [-1.077, 60.732]]], [[[-1.113, 60.729], [-1.113, 60.73], [-1.113, 60.73], [-1.113, 60.729]]], [[[-1.117, 60.729], [-1.118, 60.729], [-1.117, 60.729], [-1.117, 60.729]]], [[[-1.017, 60.727], [-1.018, 60.727], [-1.019, 60.728], [-1.017, 60.728], [-1.017, 60.727]]], [[[-1.017, 60.727], [-1.015, 60.728], [-1.013, 60.727], [-1.017, 60.727]]], [[[-1.129, 60.725], [-1.128, 60.726], [-1.128, 60.725], [-1.129, 60.725]]], [[[-1.011, 60.723], [-1.011, 60.724], [-1.01, 60.724], [-1.01, 60.723], [-1.011, 60.723]]], [[[-1.128, 60.72], [-1.129, 60.72], [-1.126, 60.721], [-1.126, 60.72], [-1.128, 60.72]]], [[[-1.004, 60.708], [-1.006, 60.708], [-1.005, 60.71], [-1.004, 60.708]]], [[[-1.133, 60.695], [-1.133, 60.695], [-1.133, 60.696], [-1.133, 60.695]]], [[[-0.832, 60.691], [-0.833, 60.691], [-0.832, 60.692], [-0.832, 60.691], [-0.832, 60.691]]], [[[-0.832, 60.682], [-0.832, 60.683], [-0.832, 60.683], [-0.832, 60.682]]], [[[-0.947, 60.673], [-0.982, 60.684], [-0.965, 60.696], [-0.984, 60.72], [-0.952, 60.718], [-0.967, 60.728], [-0.957, 60.731], [-0.961, 60.744], [-0.939, 60.751], [-0.947, 60.761], [-0.932, 60.782], [-0.955, 60.791], [-0.925, 60.81], [-0.938, 60.813], [-0.913, 60.816], [-0.895, 60.83], [-0.9, 60.841], [-0.897, 60.84], [-0.882, 60.846], [-0.866, 60.834], [-0.88, 60.806], [-0.867, 60.806], [-0.835, 60.844], [-0.826, 60.831], [-0.798, 60.835], [-0.76, 60.819], [-0.804, 60.81], [-0.777, 60.797], [-0.781, 60.78], [-0.836, 60.787], [-0.803, 60.758], [-0.866, 60.757], [-0.813, 60.749], [-0.871, 60.702], [-0.834, 60.697], [-0.831, 60.685], [-0.857, 60.674], [-0.913, 60.69], [-0.947, 60.673]]], [[[-0.949, 60.67], [-0.951, 60.671], [-0.948, 60.672], [-0.949, 60.67]]], [[[-0.838, 60.659], [-0.842, 60.661], [-0.844, 60.665], [-0.834, 60.661], [-0.838, 60.659]]], [[[-0.887, 60.66], [-0.901, 60.661], [-0.919, 60.678], [-0.877, 60.671], [-0.887, 60.66]]], [[[-1.314, 60.662], [-1.314, 60.663], [-1.312, 60.663], [-1.313, 60.662], [-1.314, 60.662]]], [[[-0.973, 60.659], [-0.985, 60.667], [-0.989, 60.672], [-0.968, 60.661], [-0.973, 60.659]]], [[[-0.879, 60.655], [-0.88, 60.656], [-0.877, 60.656], [-0.877, 60.655], [-0.879, 60.655]]], [[[-0.878, 60.654], [-0.877, 60.655], [-0.876, 60.655], [-0.876, 60.655], [-0.878, 60.654]]], [[[-1.314, 60.656], [-1.315, 60.656], [-1.315, 60.657], [-1.314, 60.656], [-1.314, 60.656]]], [[[-1.164, 60.651], [-1.165, 60.651], [-1.164, 60.652], [-1.164, 60.651]]], [[[-1.304, 60.651], [-1.306, 60.653], [-1.3, 60.653], [-1.3, 60.651], [-1.304, 60.651]]], [[[-0.939, 60.643], [-0.945, 60.644], [-0.947, 60.645], [-0.939, 60.646], [-0.939, 60.643]]], [[[-0.911, 60.637], [-0.915, 60.637], [-0.915, 60.642], [-0.907, 60.641], [-0.911, 60.637]]], [[[-1.311, 60.638], [-1.31, 60.638], [-1.308, 60.638], [-1.308, 60.638], [-1.311, 60.638]]], [[[-0.867, 60.633], [-0.868, 60.633], [-0.866, 60.633], [-0.867, 60.633]]], [[[-0.901, 60.632], [-0.898, 60.635], [-0.896, 60.636], [-0.895, 60.632], [-0.901, 60.632]]], [[[-0.848, 60.629], [-0.849, 60.629], [-0.847, 60.629], [-0.848, 60.629]]], [[[-0.829, 60.628], [-0.831, 60.628], [-0.829, 60.629], [-0.829, 60.628]]], [[[-1.344, 60.628], [-1.344, 60.628], [-1.344, 60.628], [-1.344, 60.628]]], [[[-0.823, 60.622], [-0.825, 60.623], [-0.824, 60.623], [-0.823, 60.622]]], [[[-1.332, 60.625], [-1.332, 60.626], [-1.331, 60.626], [-1.332, 60.625]]], [[[-0.773, 60.615], [-0.777, 60.616], [-0.774, 60.616], [-0.773, 60.615]]], [[[-0.823, 60.614], [-0.823, 60.615], [-0.822, 60.615], [-0.823, 60.614]]], [[[-1.438, 60.618], [-1.438, 60.62], [-1.437, 60.62], [-1.437, 60.619], [-1.438, 60.618]]], [[[-1.439, 60.617], [-1.439, 60.618], [-1.438, 60.618], [-1.439, 60.617], [-1.439, 60.617]]], [[[-1.407, 60.616], [-1.406, 60.617], [-1.405, 60.617], [-1.405, 60.617], [-1.407, 60.616]]], [[[-1.443, 60.617], [-1.443, 60.617], [-1.442, 60.617], [-1.443, 60.617]]], [[[-1.439, 60.616], [-1.439, 60.617], [-1.439, 60.616], [-1.439, 60.616]]], [[[-1.416, 60.616], [-1.416, 60.616], [-1.416, 60.616], [-1.416, 60.616]]], [[[-1.421, 60.616], [-1.421, 60.616], [-1.42, 60.616], [-1.421, 60.616]]], [[[-1.429, 60.615], [-1.429, 60.616], [-1.427, 60.616], [-1.429, 60.615]]], [[[-1.433, 60.615], [-1.434, 60.621], [-1.416, 60.618], [-1.419, 60.616], [-1.422, 60.618], [-1.433, 60.615]]], [[[-1.415, 60.615], [-1.415, 60.615], [-1.414, 60.616], [-1.415, 60.615]]], [[[-1.402, 60.613], [-1.403, 60.613], [-1.403, 60.614], [-1.402, 60.613], [-1.402, 60.613]]], [[[-1.401, 60.612], [-1.401, 60.613], [-1.4, 60.613], [-1.4, 60.613], [-1.401, 60.612]]], [[[-0.768, 60.606], [-0.768, 60.607], [-0.767, 60.607], [-0.767, 60.606], [-0.768, 60.606]]], [[[-1.387, 60.61], [-1.387, 60.611], [-1.386, 60.611], [-1.387, 60.61]]], [[[-0.769, 60.605], [-0.768, 60.606], [-0.768, 60.606], [-0.768, 60.606], [-0.769, 60.605]]], [[[-1.426, 60.609], [-1.426, 60.609], [-1.426, 60.609], [-1.426, 60.609]]], [[[-1.206, 60.606], [-1.207, 60.608], [-1.205, 60.606], [-1.206, 60.606]]], [[[-1.43, 60.607], [-1.43, 60.607], [-1.43, 60.607], [-1.43, 60.607]]], [[[-1.036, 60.601], [-1.038, 60.601], [-1.039, 60.603], [-1.036, 60.603], [-1.036, 60.601]]], [[[-1.436, 60.603], [-1.436, 60.605], [-1.435, 60.605], [-1.435, 60.603], [-1.436, 60.603]]], [[[-1.432, 60.602], [-1.432, 60.603], [-1.43, 60.603], [-1.432, 60.602]]], [[[-1.43, 60.602], [-1.43, 60.602], [-1.427, 60.602], [-1.428, 60.602], [-1.43, 60.602]]], [[[-1.423, 60.601], [-1.423, 60.601], [-1.423, 60.601], [-1.423, 60.601]]], [[[-1.002, 60.597], [-1.015, 60.602], [-1.0, 60.619], [-0.969, 60.612], [-1.002, 60.606], [-1.002, 60.597]]], [[[-0.871, 60.59], [-0.872, 60.59], [-0.872, 60.59], [-0.871, 60.59]]], [[[-1.442, 60.593], [-1.443, 60.593], [-1.442, 60.594], [-1.442, 60.593]]], [[[-0.842, 60.587], [-0.842, 60.588], [-0.842, 60.587], [-0.842, 60.587]]], [[[-0.842, 60.587], [-0.842, 60.587], [-0.842, 60.587], [-0.842, 60.587]]], [[[-0.838, 60.586], [-0.838, 60.587], [-0.837, 60.586], [-0.838, 60.586]]], [[[-0.78, 60.584], [-0.781, 60.584], [-0.78, 60.584], [-0.78, 60.584]]], [[[-0.79, 60.581], [-0.791, 60.581], [-0.79, 60.582], [-0.79, 60.581]]], [[[-1.208, 60.582], [-1.209, 60.583], [-1.209, 60.586], [-1.207, 60.584], [-1.208, 60.582]]], [[[-0.788, 60.579], [-0.789, 60.58], [-0.789, 60.58], [-0.788, 60.58], [-0.788, 60.579]]], [[[-0.787, 60.579], [-0.788, 60.579], [-0.788, 60.58], [-0.786, 60.579], [-0.787, 60.579]]], [[[-1.436, 60.58], [-1.436, 60.581], [-1.436, 60.58], [-1.436, 60.58]]], [[[-0.789, 60.576], [-0.79, 60.577], [-0.79, 60.577], [-0.788, 60.577], [-0.789, 60.576]]], [[[-1.009, 60.574], [-1.009, 60.574], [-1.009, 60.575], [-1.009, 60.574]]], [[[-1.458, 60.57], [-1.459, 60.571], [-1.46, 60.571], [-1.46, 60.572], [-1.456, 60.57], [-1.458, 60.57]]], [[[-1.007, 60.564], [-1.007, 60.564], [-1.007, 60.565], [-1.006, 60.564], [-1.007, 60.564]]], [[[-0.887, 60.562], [-0.948, 60.61], [-0.936, 60.631], [-0.898, 60.62], [-0.869, 60.633], [-0.837, 60.63], [-0.818, 60.602], [-0.778, 60.616], [-0.774, 60.605], [-0.765, 60.604], [-0.771, 60.592], [-0.791, 60.583], [-0.801, 60.568], [-0.831, 60.588], [-0.894, 60.592], [-0.86, 60.569], [-0.887, 60.562]]], [[[-1.476, 60.564], [-1.479, 60.564], [-1.479, 60.565], [-1.477, 60.565], [-1.476, 60.564]]], [[[-1.265, 60.556], [-1.265, 60.558], [-1.264, 60.558], [-1.264, 60.556], [-1.265, 60.556]]], [[[-1.529, 60.555], [-1.53, 60.556], [-1.53, 60.556], [-1.529, 60.556], [-1.529, 60.555]]], [[[-1.013, 60.55], [-1.014, 60.55], [-1.013, 60.551], [-1.013, 60.55]]], [[[-1.491, 60.55], [-1.492, 60.55], [-1.492, 60.551], [-1.492, 60.551], [-1.491, 60.55]]], [[[-1.498, 60.546], [-1.498, 60.546], [-1.498, 60.547], [-1.497, 60.547], [-1.498, 60.546]]], [[[-1.497, 60.546], [-1.497, 60.546], [-1.496, 60.546], [-1.496, 60.546], [-1.497, 60.546]]], [[[-1.518, 60.535], [-1.518, 60.535], [-1.517, 60.535], [-1.518, 60.535]]], [[[-1.506, 60.528], [-1.507, 60.529], [-1.506, 60.529], [-1.506, 60.529], [-1.506, 60.528]]], [[[-1.22, 60.511], [-1.229, 60.512], [-1.235, 60.517], [-1.225, 60.519], [-1.22, 60.511]]], [[[-1.598, 60.509], [-1.598, 60.51], [-1.596, 60.51], [-1.598, 60.509]]], [[[-1.612, 60.509], [-1.612, 60.509], [-1.612, 60.509], [-1.612, 60.509]]], [[[-1.194, 60.506], [-1.2, 60.51], [-1.201, 60.514], [-1.192, 60.509], [-1.194, 60.506]]], [[[-1.616, 60.505], [-1.616, 60.505], [-1.615, 60.505], [-1.616, 60.505]]], [[[-1.614, 60.504], [-1.614, 60.504], [-1.614, 60.505], [-1.614, 60.504]]], [[[-1.615, 60.502], [-1.616, 60.503], [-1.615, 60.503], [-1.615, 60.502]]], [[[-1.029, 60.498], [-1.031, 60.498], [-1.028, 60.498], [-1.028, 60.498], [-1.029, 60.498]]], [[[-1.617, 60.5], [-1.618, 60.5], [-1.617, 60.5], [-1.617, 60.5]]], [[[-1.266, 60.495], [-1.275, 60.499], [-1.275, 60.501], [-1.265, 60.5], [-1.266, 60.495]]], [[[-1.621, 60.496], [-1.622, 60.496], [-1.622, 60.497], [-1.621, 60.497], [-1.621, 60.496]]], [[[-1.063, 60.488], [-1.063, 60.489], [-1.062, 60.489], [-1.062, 60.489], [-1.063, 60.488]]], [[[-1.547, 60.486], [-1.547, 60.486], [-1.547, 60.486], [-1.547, 60.486]]], [[[-1.546, 60.486], [-1.547, 60.486], [-1.546, 60.486], [-1.546, 60.486]]], [[[-1.544, 60.485], [-1.545, 60.485], [-1.544, 60.485], [-1.544, 60.485]]], [[[-1.112, 60.483], [-1.146, 60.484], [-1.176, 60.523], [-1.188, 60.522], [-1.177, 60.526], [-1.19, 60.546], [-1.181, 60.572], [-1.194, 60.574], [-1.19, 60.562], [-1.202, 60.567], [-1.185, 60.582], [-1.203, 60.607], [-1.158, 60.658], [-1.153, 60.621], [-1.111, 60.605], [-1.146, 60.628], [-1.126, 60.692], [-1.135, 60.705], [-1.119, 60.719], [-1.128, 60.727], [-1.087, 60.729], [-1.075, 60.707], [-1.075, 60.733], [-1.042, 60.723], [-1.042, 60.732], [-1.025, 60.726], [-1.012, 60.727], [-0.999, 60.72], [-1.004, 60.706], [-0.987, 60.7], [-1.004, 60.704], [-1.008, 60.701], [-0.993, 60.678], [-0.997, 60.642], [-0.982, 60.637], [-1.033, 60.643], [-1.067, 60.669], [-1.054, 60.642], [-1.019, 60.617], [-1.046, 60.6], [-1.07, 60.611], [-1.073, 60.609], [-1.09, 60.605], [-1.091, 60.604], [-1.031, 60.597], [-1.029, 60.587], [-1.003, 60.581], [-1.004, 60.566], [-1.024, 60.561], [-1.014, 60.549], [-1.049, 60.55], [-1.035, 60.538], [-1.044, 60.534], [-1.021, 60.532], [-1.025, 60.51], [-1.036, 60.511], [-1.038, 60.502], [-1.029, 60.497], [-1.069, 60.49], [-1.117, 60.51], [-1.12, 60.496], [-1.098, 60.49], [-1.112, 60.483]]], [[[-1.544, 60.485], [-1.545, 60.485], [-1.544, 60.485], [-1.544, 60.485]]], [[[-1.545, 60.485], [-1.545, 60.485], [-1.545, 60.485], [-1.545, 60.485]]], [[[-1.142, 60.482], [-1.144, 60.483], [-1.142, 60.483], [-1.142, 60.482]]], [[[-1.543, 60.484], [-1.543, 60.484], [-1.543, 60.484], [-1.543, 60.484]]], [[[-1.543, 60.483], [-1.543, 60.484], [-1.543, 60.484], [-1.543, 60.483]]], [[[-1.634, 60.483], [-1.635, 60.484], [-1.634, 60.484], [-1.634, 60.483]]], [[[-1.54, 60.482], [-1.541, 60.482], [-1.54, 60.482], [-1.54, 60.482]]], [[[-1.54, 60.481], [-1.54, 60.482], [-1.54, 60.481], [-1.54, 60.481]]], [[[-1.632, 60.481], [-1.632, 60.481], [-1.632, 60.482], [-1.631, 60.481], [-1.632, 60.481]]], [[[-1.533, 60.481], [-1.534, 60.481], [-1.534, 60.481], [-1.533, 60.481]]], [[[-1.63, 60.481], [-1.63, 60.481], [-1.63, 60.481], [-1.63, 60.481]]], [[[-1.634, 60.481], [-1.633, 60.481], [-1.636, 60.481], [-1.635, 60.482], [-1.633, 60.481], [-1.634, 60.481]]], [[[-1.512, 60.48], [-1.512, 60.48], [-1.512, 60.48], [-1.512, 60.48]]], [[[-1.524, 60.479], [-1.524, 60.48], [-1.524, 60.48], [-1.524, 60.479]]], [[[-1.538, 60.479], [-1.539, 60.48], [-1.538, 60.48], [-1.538, 60.479]]], [[[-1.105, 60.477], [-1.108, 60.477], [-1.104, 60.482], [-1.102, 60.478], [-1.105, 60.477]]], [[[-1.517, 60.478], [-1.518, 60.478], [-1.518, 60.479], [-1.517, 60.478]]], [[[-1.498, 60.478], [-1.499, 60.478], [-1.498, 60.479], [-1.498, 60.478], [-1.498, 60.478]]], [[[-1.499, 60.478], [-1.499, 60.478], [-1.499, 60.478], [-1.499, 60.478]]], [[[-1.525, 60.478], [-1.525, 60.478], [-1.525, 60.478], [-1.525, 60.478]]], [[[-1.518, 60.477], [-1.518, 60.477], [-1.518, 60.478], [-1.518, 60.477]]], [[[-1.5, 60.476], [-1.501, 60.476], [-1.5, 60.476], [-1.5, 60.476]]], [[[-1.619, 60.474], [-1.619, 60.474], [-1.618, 60.474], [-1.619, 60.474]]], [[[-1.623, 60.471], [-1.628, 60.473], [-1.628, 60.476], [-1.622, 60.475], [-1.623, 60.471]]], [[[-1.63, 60.47], [-1.634, 60.472], [-1.632, 60.474], [-1.628, 60.471], [-1.63, 60.47]]], [[[-1.604, 60.468], [-1.604, 60.469], [-1.603, 60.47], [-1.602, 60.469], [-1.604, 60.468]]], [[[-1.516, 60.465], [-1.516, 60.466], [-1.516, 60.466], [-1.515, 60.466], [-1.516, 60.465]]], [[[-1.52, 60.465], [-1.522, 60.466], [-1.52, 60.467], [-1.52, 60.465]]], [[[-1.523, 60.464], [-1.524, 60.464], [-1.523, 60.465], [-1.523, 60.464]]], [[[-1.142, 60.462], [-1.151, 60.463], [-1.163, 60.467], [-1.154, 60.475], [-1.142, 60.462]]], [[[-1.522, 60.463], [-1.522, 60.464], [-1.522, 60.463], [-1.522, 60.463]]], [[[-1.529, 60.462], [-1.529, 60.462], [-1.529, 60.463], [-1.529, 60.462], [-1.529, 60.462]]], [[[-1.509, 60.461], [-1.509, 60.461], [-1.509, 60.461], [-1.509, 60.461]]], [[[-1.511, 60.461], [-1.512, 60.461], [-1.509, 60.461], [-1.511, 60.461]]], [[[-1.507, 60.46], [-1.507, 60.461], [-1.507, 60.461], [-1.507, 60.46]]], [[[-1.487, 60.459], [-1.487, 60.46], [-1.487, 60.46], [-1.486, 60.459], [-1.487, 60.459]]], [[[-1.05, 60.453], [-1.05, 60.454], [-1.049, 60.454], [-1.049, 60.453], [-1.05, 60.453]]], [[[-1.051, 60.453], [-1.052, 60.453], [-1.051, 60.453], [-1.051, 60.453]]], [[[-1.505, 60.455], [-1.505, 60.455], [-1.504, 60.455], [-1.505, 60.455]]], [[[-1.495, 60.455], [-1.496, 60.455], [-1.495, 60.455], [-1.495, 60.455]]], [[[-1.048, 60.452], [-1.049, 60.452], [-1.048, 60.452], [-1.048, 60.452]]], [[[-1.044, 60.452], [-1.045, 60.455], [-1.039, 60.455], [-1.04, 60.453], [-1.044, 60.452]]], [[[-1.05, 60.452], [-1.051, 60.452], [-1.052, 60.452], [-1.05, 60.452], [-1.05, 60.452]]], [[[-1.051, 60.45], [-1.051, 60.45], [-1.049, 60.45], [-1.051, 60.45]]], [[[-1.435, 60.448], [-1.437, 60.448], [-1.435, 60.449], [-1.435, 60.448]]], [[[-1.444, 60.448], [-1.443, 60.448], [-1.442, 60.448], [-1.442, 60.448], [-1.444, 60.448]]], [[[-1.138, 60.446], [-1.137, 60.449], [-1.134, 60.452], [-1.13, 60.452], [-1.138, 60.446]]], [[[-1.454, 60.445], [-1.457, 60.445], [-1.456, 60.447], [-1.452, 60.447], [-1.454, 60.445]]], [[[-0.856, 60.44], [-0.855, 60.44], [-0.855, 60.44], [-0.856, 60.44]]], [[[-0.863, 60.439], [-0.863, 60.44], [-0.861, 60.44], [-0.862, 60.439], [-0.863, 60.439]]], [[[-1.456, 60.442], [-1.457, 60.443], [-1.455, 60.443], [-1.455, 60.443], [-1.456, 60.442]]], [[[-1.462, 60.44], [-1.464, 60.441], [-1.462, 60.442], [-1.462, 60.44]]], [[[-1.158, 60.438], [-1.158, 60.444], [-1.151, 60.447], [-1.148, 60.439], [-1.158, 60.438]]], [[[-0.761, 60.433], [-0.761, 60.434], [-0.76, 60.434], [-0.76, 60.433], [-0.761, 60.433]]], [[[-0.766, 60.432], [-0.765, 60.434], [-0.764, 60.433], [-0.765, 60.433], [-0.766, 60.432]]], [[[-1.461, 60.437], [-1.457, 60.442], [-1.451, 60.44], [-1.454, 60.438], [-1.461, 60.437]]], [[[-0.758, 60.432], [-0.76, 60.432], [-0.758, 60.432], [-0.758, 60.432]]], [[[-0.742, 60.429], [-0.74, 60.43], [-0.74, 60.429], [-0.742, 60.429]]], [[[-0.74, 60.428], [-0.741, 60.428], [-0.74, 60.428], [-0.74, 60.428]]], [[[-1.458, 60.43], [-1.459, 60.43], [-1.459, 60.43], [-1.458, 60.43]]], [[[-1.152, 60.428], [-1.155, 60.429], [-1.155, 60.43], [-1.151, 60.43], [-1.152, 60.428]]], [[[-0.73, 60.424], [-0.73, 60.425], [-0.728, 60.426], [-0.728, 60.425], [-0.73, 60.424]]], [[[-0.728, 60.424], [-0.729, 60.424], [-0.726, 60.426], [-0.725, 60.425], [-0.728, 60.424]]], [[[-0.781, 60.423], [-0.781, 60.424], [-0.778, 60.425], [-0.779, 60.424], [-0.781, 60.423]]], [[[-0.729, 60.423], [-0.73, 60.423], [-0.727, 60.423], [-0.729, 60.423]]], [[[-0.782, 60.423], [-0.783, 60.423], [-0.782, 60.424], [-0.782, 60.423], [-0.782, 60.423]]], [[[-0.75, 60.422], [-0.759, 60.425], [-0.74, 60.427], [-0.744, 60.426], [-0.75, 60.422]]], [[[-0.731, 60.421], [-0.73, 60.422], [-0.729, 60.422], [-0.731, 60.421]]], [[[-0.751, 60.421], [-0.751, 60.421], [-0.751, 60.421], [-0.751, 60.421]]], [[[-0.732, 60.421], [-0.731, 60.421], [-0.731, 60.421], [-0.732, 60.421]]], [[[-0.732, 60.42], [-0.732, 60.42], [-0.731, 60.42], [-0.732, 60.42]]], [[[-0.736, 60.42], [-0.734, 60.421], [-0.733, 60.421], [-0.733, 60.42], [-0.736, 60.42]]], [[[-0.735, 60.42], [-0.735, 60.42], [-0.734, 60.42], [-0.735, 60.42]]], [[[-0.735, 60.42], [-0.736, 60.42], [-0.735, 60.42], [-0.735, 60.42]]], [[[-0.754, 60.419], [-0.753, 60.42], [-0.753, 60.419], [-0.754, 60.419]]], [[[-0.753, 60.419], [-0.753, 60.419], [-0.753, 60.42], [-0.753, 60.419]]], [[[-0.749, 60.419], [-0.749, 60.421], [-0.734, 60.425], [-0.735, 60.421], [-0.749, 60.419]]], [[[-0.759, 60.419], [-0.758, 60.419], [-0.757, 60.419], [-0.759, 60.419]]], [[[-0.771, 60.419], [-0.771, 60.419], [-0.771, 60.419], [-0.771, 60.419]]], [[[-0.754, 60.419], [-0.754, 60.419], [-0.753, 60.419], [-0.754, 60.419]]], [[[-0.749, 60.419], [-0.747, 60.419], [-0.747, 60.419], [-0.749, 60.419]]], [[[-0.768, 60.419], [-0.768, 60.419], [-0.767, 60.419], [-0.768, 60.419]]], [[[-0.751, 60.419], [-0.751, 60.419], [-0.75, 60.419], [-0.751, 60.419]]], [[[-0.749, 60.418], [-0.751, 60.418], [-0.748, 60.418], [-0.749, 60.418]]], [[[-0.751, 60.418], [-0.751, 60.418], [-0.75, 60.418], [-0.751, 60.418]]], [[[-0.846, 60.418], [-0.846, 60.419], [-0.844, 60.419], [-0.844, 60.419], [-0.846, 60.418]]], [[[-1.452, 60.42], [-1.452, 60.42], [-1.451, 60.42], [-1.452, 60.42]]], [[[-1.129, 60.418], [-1.129, 60.418], [-1.129, 60.418], [-1.129, 60.418]]], [[[-1.45, 60.415], [-1.45, 60.415], [-1.45, 60.415], [-1.449, 60.415], [-1.45, 60.415]]], [[[-0.797, 60.409], [-0.792, 60.417], [-0.784, 60.42], [-0.785, 60.422], [-0.765, 60.427], [-0.779, 60.425], [-0.772, 60.43], [-0.76, 60.432], [-0.764, 60.423], [-0.754, 60.42], [-0.797, 60.409]]], [[[-1.441, 60.413], [-1.442, 60.414], [-1.44, 60.414], [-1.441, 60.413]]], [[[-1.426, 60.409], [-1.426, 60.41], [-1.429, 60.411], [-1.421, 60.412], [-1.426, 60.409]]], [[[-1.433, 60.409], [-1.434, 60.409], [-1.436, 60.41], [-1.435, 60.41], [-1.433, 60.409], [-1.433, 60.409]]], [[[-0.796, 60.404], [-0.798, 60.406], [-0.792, 60.405], [-0.796, 60.404]]], [[[-0.795, 60.402], [-0.795, 60.404], [-0.793, 60.404], [-0.792, 60.403], [-0.795, 60.402]]], [[[-1.427, 60.406], [-1.426, 60.407], [-1.433, 60.41], [-1.427, 60.41], [-1.425, 60.407], [-1.425, 60.407], [-1.427, 60.406]]], [[[-1.422, 60.406], [-1.423, 60.406], [-1.423, 60.406], [-1.422, 60.406], [-1.422, 60.406]]], [[[-1.121, 60.399], [-1.121, 60.4], [-1.12, 60.4], [-1.121, 60.399]]], [[[-0.811, 60.396], [-0.811, 60.396], [-0.809, 60.396], [-0.81, 60.396], [-0.811, 60.396]]], [[[-0.804, 60.395], [-0.806, 60.396], [-0.801, 60.396], [-0.802, 60.395], [-0.804, 60.395]]], [[[-0.817, 60.394], [-0.816, 60.395], [-0.814, 60.395], [-0.816, 60.394], [-0.817, 60.394]]], [[[-1.125, 60.396], [-1.124, 60.397], [-1.123, 60.397], [-1.125, 60.396]]], [[[-1.41, 60.394], [-1.411, 60.394], [-1.41, 60.395], [-1.41, 60.394]]], [[[-0.908, 60.389], [-0.908, 60.39], [-0.907, 60.39], [-0.908, 60.389]]], [[[-0.905, 60.389], [-0.907, 60.389], [-0.907, 60.39], [-0.905, 60.39], [-0.905, 60.389]]], [[[-0.914, 60.385], [-0.915, 60.387], [-0.909, 60.388], [-0.911, 60.387], [-0.914, 60.385]]], [[[-1.457, 60.382], [-1.458, 60.382], [-1.457, 60.383], [-1.456, 60.382], [-1.457, 60.382]]], [[[-1.079, 60.379], [-1.079, 60.38], [-1.078, 60.38], [-1.078, 60.38], [-1.079, 60.379]]], [[[-0.892, 60.377], [-0.892, 60.377], [-0.892, 60.377], [-0.892, 60.377], [-0.892, 60.377]]], [[[-0.894, 60.376], [-0.895, 60.376], [-0.893, 60.376], [-0.893, 60.376], [-0.894, 60.376]]], [[[-1.387, 60.377], [-1.39, 60.378], [-1.39, 60.379], [-1.389, 60.379], [-1.387, 60.377]]], [[[-1.052, 60.374], [-1.053, 60.375], [-1.052, 60.375], [-1.052, 60.374]]], [[[-1.463, 60.376], [-1.464, 60.377], [-1.462, 60.377], [-1.463, 60.376]]], [[[-1.476, 60.375], [-1.476, 60.376], [-1.474, 60.376], [-1.475, 60.375], [-1.476, 60.375]]], [[[-1.052, 60.372], [-1.052, 60.373], [-1.052, 60.372], [-1.052, 60.372]]], [[[-1.025, 60.372], [-1.026, 60.373], [-1.021, 60.373], [-1.024, 60.372], [-1.025, 60.372]]], [[[-1.817, 60.375], [-1.817, 60.378], [-1.813, 60.376], [-1.816, 60.375], [-1.817, 60.375]]], [[[-0.894, 60.369], [-0.894, 60.37], [-0.893, 60.37], [-0.894, 60.369]]], [[[-1.817, 60.373], [-1.817, 60.373], [-1.817, 60.373], [-1.817, 60.373], [-1.817, 60.373]]], [[[-1.811, 60.372], [-1.813, 60.372], [-1.815, 60.374], [-1.812, 60.374], [-1.811, 60.372]]], [[[-1.812, 60.372], [-1.813, 60.372], [-1.813, 60.372], [-1.812, 60.372], [-1.812, 60.372]]], [[[-0.897, 60.366], [-0.897, 60.369], [-0.893, 60.369], [-0.895, 60.367], [-0.897, 60.366]]], [[[-1.057, 60.367], [-1.058, 60.368], [-1.061, 60.367], [-1.056, 60.368], [-1.057, 60.367]]], [[[-1.819, 60.37], [-1.82, 60.371], [-1.819, 60.371], [-1.819, 60.37]]], [[[-1.062, 60.366], [-1.062, 60.367], [-1.061, 60.367], [-1.062, 60.366]]], [[[-1.827, 60.368], [-1.828, 60.369], [-1.825, 60.369], [-1.827, 60.368]]], [[[-1.053, 60.365], [-1.055, 60.366], [-1.051, 60.369], [-1.05, 60.366], [-1.053, 60.365]]], [[[-1.051, 60.364], [-1.052, 60.365], [-1.051, 60.365], [-1.051, 60.365], [-1.051, 60.364]]], [[[-0.902, 60.363], [-0.902, 60.365], [-0.896, 60.365], [-0.898, 60.364], [-0.902, 60.363]]], [[[-0.94, 60.36], [-0.94, 60.361], [-0.94, 60.36], [-0.94, 60.36]]], [[[-1.061, 60.358], [-1.061, 60.359], [-1.061, 60.359], [-1.061, 60.358]]], [[[-1.053, 60.357], [-1.055, 60.358], [-1.054, 60.359], [-1.053, 60.358], [-1.053, 60.357]]], [[[-0.911, 60.356], [-0.909, 60.359], [-0.904, 60.359], [-0.905, 60.358], [-0.911, 60.356]]], [[[-1.046, 60.357], [-1.047, 60.357], [-1.046, 60.358], [-1.046, 60.357]]], [[[-1.023, 60.356], [-1.023, 60.356], [-1.022, 60.356], [-1.022, 60.356], [-1.023, 60.356]]], [[[-1.06, 60.355], [-1.061, 60.357], [-1.057, 60.358], [-1.057, 60.356], [-1.06, 60.355]]], [[[-1.363, 60.353], [-1.366, 60.361], [-1.354, 60.36], [-1.355, 60.355], [-1.363, 60.353]]], [[[-1.042, 60.351], [-1.045, 60.363], [-1.026, 60.37], [-1.032, 60.354], [-1.042, 60.351]]], [[[-1.071, 60.351], [-1.072, 60.352], [-1.07, 60.355], [-1.069, 60.352], [-1.071, 60.351]]], [[[-1.04, 60.35], [-1.04, 60.35], [-1.038, 60.351], [-1.039, 60.35], [-1.04, 60.35]]], [[[-1.455, 60.349], [-1.455, 60.35], [-1.454, 60.35], [-1.454, 60.349], [-1.455, 60.349]]], [[[-1.452, 60.349], [-1.453, 60.349], [-1.453, 60.35], [-1.452, 60.349], [-1.452, 60.349]]], [[[-0.883, 60.343], [-0.882, 60.345], [-0.88, 60.344], [-0.883, 60.343]]], [[[-1.719, 60.347], [-1.72, 60.347], [-1.719, 60.347], [-1.719, 60.347]]], [[[-1.434, 60.346], [-1.434, 60.347], [-1.433, 60.346], [-1.434, 60.346]]], [[[-1.432, 60.345], [-1.452, 60.349], [-1.454, 60.353], [-1.463, 60.356], [-1.476, 60.374], [-1.429, 60.391], [-1.38, 60.373], [-1.39, 60.352], [-1.432, 60.345]]], [[[-1.433, 60.345], [-1.433, 60.345], [-1.432, 60.345], [-1.433, 60.345]]], [[[-0.862, 60.338], [-0.863, 60.34], [-0.855, 60.342], [-0.857, 60.34], [-0.862, 60.338]]], [[[-1.692, 60.343], [-1.693, 60.343], [-1.692, 60.343], [-1.692, 60.343]]], [[[-1.477, 60.342], [-1.478, 60.342], [-1.477, 60.342], [-1.477, 60.342]]], [[[-1.475, 60.342], [-1.476, 60.342], [-1.474, 60.342], [-1.475, 60.342]]], [[[-0.887, 60.338], [-0.893, 60.339], [-0.884, 60.343], [-0.883, 60.341], [-0.887, 60.338]]], [[[-1.704, 60.342], [-1.704, 60.343], [-1.703, 60.342], [-1.704, 60.342]]], [[[-1.699, 60.342], [-1.7, 60.342], [-1.699, 60.342], [-1.699, 60.342]]], [[[-1.69, 60.34], [-1.69, 60.341], [-1.689, 60.34], [-1.69, 60.34]]], [[[-1.663, 60.339], [-1.664, 60.34], [-1.663, 60.34], [-1.663, 60.339]]], [[[-1.663, 60.339], [-1.663, 60.339], [-1.662, 60.339], [-1.663, 60.339]]], [[[-1.737, 60.338], [-1.737, 60.339], [-1.736, 60.339], [-1.737, 60.338]]], [[[-1.03, 60.333], [-1.03, 60.333], [-1.029, 60.333], [-1.029, 60.333], [-1.03, 60.333]]], [[[-1.489, 60.334], [-1.488, 60.335], [-1.488, 60.335], [-1.489, 60.334]]], [[[-1.488, 60.334], [-1.488, 60.334], [-1.487, 60.335], [-1.488, 60.334]]], [[[-1.742, 60.335], [-1.744, 60.335], [-1.745, 60.336], [-1.74, 60.336], [-1.742, 60.335]]], [[[-1.125, 60.332], [-1.127, 60.333], [-1.128, 60.333], [-1.124, 60.333], [-1.125, 60.332]]], [[[-0.984, 60.33], [-0.984, 60.331], [-0.984, 60.331], [-0.984, 60.33]]], [[[-1.438, 60.333], [-1.439, 60.333], [-1.439, 60.333], [-1.438, 60.333]]], [[[-1.749, 60.333], [-1.753, 60.336], [-1.745, 60.335], [-1.746, 60.334], [-1.749, 60.333]]], [[[-1.438, 60.332], [-1.439, 60.332], [-1.438, 60.332], [-1.438, 60.332]]], [[[-1.439, 60.331], [-1.44, 60.331], [-1.44, 60.332], [-1.44, 60.333], [-1.439, 60.331]]], [[[-1.738, 60.332], [-1.738, 60.332], [-1.737, 60.332], [-1.737, 60.332], [-1.738, 60.332]]], [[[-1.119, 60.328], [-1.12, 60.328], [-1.12, 60.329], [-1.119, 60.328], [-1.119, 60.328]]], [[[-1.133, 60.328], [-1.133, 60.328], [-1.133, 60.329], [-1.132, 60.328], [-1.133, 60.328]]], [[[-1.733, 60.33], [-1.733, 60.331], [-1.733, 60.331], [-1.733, 60.331], [-1.733, 60.33]]], [[[-1.005, 60.326], [-1.039, 60.339], [-1.015, 60.346], [-1.022, 60.354], [-1.003, 60.369], [-0.963, 60.383], [-0.9, 60.382], [-1.005, 60.326]]], [[[-0.907, 60.325], [-0.909, 60.326], [-0.906, 60.328], [-0.905, 60.326], [-0.907, 60.325]]], [[[-1.731, 60.329], [-1.731, 60.329], [-1.73, 60.33], [-1.73, 60.329], [-1.731, 60.329]]], [[[-1.661, 60.326], [-1.662, 60.327], [-1.661, 60.328], [-1.66, 60.327], [-1.661, 60.326]]], [[[-1.476, 60.325], [-1.476, 60.326], [-1.476, 60.326], [-1.476, 60.325]]], [[[-1.495, 60.322], [-1.495, 60.324], [-1.492, 60.324], [-1.493, 60.323], [-1.495, 60.322]]], [[[-1.722, 60.323], [-1.724, 60.323], [-1.722, 60.323], [-1.722, 60.323]]], [[[-1.708, 60.323], [-1.707, 60.323], [-1.706, 60.323], [-1.706, 60.323], [-1.708, 60.323]]], [[[-1.722, 60.322], [-1.723, 60.323], [-1.722, 60.323], [-1.722, 60.322]]], [[[-1.392, 60.321], [-1.406, 60.327], [-1.392, 60.333], [-1.401, 60.34], [-1.38, 60.341], [-1.374, 60.334], [-1.392, 60.321]]], [[[-1.486, 60.322], [-1.487, 60.322], [-1.486, 60.322], [-1.486, 60.322]]], [[[-1.723, 60.322], [-1.725, 60.323], [-1.723, 60.323], [-1.723, 60.322]]], [[[-1.513, 60.321], [-1.514, 60.322], [-1.513, 60.322], [-1.513, 60.321]]], [[[-1.491, 60.321], [-1.493, 60.323], [-1.486, 60.322], [-1.487, 60.321], [-1.491, 60.321]]], [[[-1.666, 60.321], [-1.666, 60.322], [-1.665, 60.321], [-1.666, 60.321]]], [[[-1.509, 60.32], [-1.51, 60.32], [-1.509, 60.321], [-1.509, 60.321], [-1.509, 60.32]]], [[[-1.515, 60.319], [-1.515, 60.32], [-1.514, 60.32], [-1.514, 60.319], [-1.515, 60.319]]], [[[-1.513, 60.319], [-1.511, 60.32], [-1.511, 60.32], [-1.511, 60.32], [-1.513, 60.319]]], [[[-1.449, 60.319], [-1.449, 60.32], [-1.447, 60.319], [-1.449, 60.319]]], [[[-1.663, 60.318], [-1.665, 60.319], [-1.664, 60.319], [-1.663, 60.319], [-1.663, 60.318]]], [[[-1.719, 60.317], [-1.719, 60.318], [-1.722, 60.318], [-1.719, 60.318], [-1.719, 60.317]]], [[[-1.458, 60.316], [-1.459, 60.317], [-1.457, 60.317], [-1.458, 60.316]]], [[[-1.704, 60.316], [-1.705, 60.316], [-1.703, 60.317], [-1.704, 60.316]]], [[[-1.548, 60.315], [-1.548, 60.315], [-1.547, 60.315], [-1.548, 60.315]]], [[[-1.691, 60.315], [-1.71, 60.318], [-1.702, 60.328], [-1.717, 60.319], [-1.72, 60.326], [-1.739, 60.337], [-1.729, 60.346], [-1.691, 60.343], [-1.691, 60.334], [-1.687, 60.331], [-1.676, 60.336], [-1.682, 60.343], [-1.664, 60.341], [-1.676, 60.329], [-1.661, 60.324], [-1.691, 60.315]]], [[[-1.549, 60.314], [-1.55, 60.315], [-1.548, 60.315], [-1.549, 60.314]]], [[[-1.485, 60.314], [-1.491, 60.315], [-1.493, 60.316], [-1.486, 60.315], [-1.485, 60.314]]], [[[-1.492, 60.313], [-1.491, 60.314], [-1.491, 60.313], [-1.492, 60.313]]], [[[-1.532, 60.313], [-1.531, 60.314], [-1.528, 60.314], [-1.531, 60.313], [-1.532, 60.313]]], [[[-1.538, 60.312], [-1.538, 60.313], [-1.537, 60.313], [-1.538, 60.312]]], [[[-1.539, 60.312], [-1.539, 60.312], [-1.539, 60.312], [-1.538, 60.312], [-1.539, 60.312]]], [[[-1.554, 60.312], [-1.554, 60.312], [-1.553, 60.312], [-1.554, 60.312]]], [[[-1.537, 60.312], [-1.537, 60.312], [-1.537, 60.312], [-1.537, 60.312]]], [[[-1.473, 60.311], [-1.482, 60.321], [-1.466, 60.327], [-1.491, 60.327], [-1.48, 60.34], [-1.438, 60.327], [-1.469, 60.319], [-1.473, 60.311]]], [[[-1.537, 60.311], [-1.537, 60.311], [-1.537, 60.312], [-1.537, 60.311]]], [[[-1.548, 60.309], [-1.553, 60.311], [-1.546, 60.315], [-1.544, 60.313], [-1.548, 60.309]]], [[[-1.653, 60.309], [-1.656, 60.31], [-1.656, 60.312], [-1.652, 60.311], [-1.653, 60.309]]], [[[-1.472, 60.308], [-1.473, 60.308], [-1.474, 60.308], [-1.472, 60.308], [-1.472, 60.308]]], [[[-1.479, 60.307], [-1.479, 60.308], [-1.478, 60.308], [-1.479, 60.307]]], [[[-1.552, 60.307], [-1.554, 60.309], [-1.55, 60.309], [-1.55, 60.308], [-1.552, 60.307]]], [[[-1.601, 60.307], [-1.603, 60.307], [-1.602, 60.307], [-1.601, 60.307]]], [[[-1.61, 60.307], [-1.61, 60.307], [-1.61, 60.309], [-1.609, 60.308], [-1.61, 60.307]]], [[[-1.462, 60.306], [-1.462, 60.306], [-1.46, 60.306], [-1.462, 60.306]]], [[[-1.078, 60.303], [-1.081, 60.303], [-1.081, 60.305], [-1.076, 60.305], [-1.078, 60.303]]], [[[-1.6, 60.305], [-1.6, 60.306], [-1.599, 60.305], [-1.6, 60.305]]], [[[-1.077, 60.302], [-1.078, 60.302], [-1.075, 60.303], [-1.076, 60.303], [-1.077, 60.302]]], [[[-1.554, 60.304], [-1.553, 60.304], [-1.553, 60.304], [-1.554, 60.304]]], [[[-1.595, 60.304], [-1.595, 60.304], [-1.595, 60.304], [-1.595, 60.304]]], [[[-1.552, 60.304], [-1.553, 60.304], [-1.552, 60.304], [-1.552, 60.304]]], [[[-1.594, 60.304], [-1.593, 60.304], [-1.593, 60.304], [-1.594, 60.304]]], [[[-1.595, 60.303], [-1.595, 60.304], [-1.595, 60.304], [-1.595, 60.303]]], [[[-1.599, 60.303], [-1.599, 60.303], [-1.598, 60.303], [-1.599, 60.303]]], [[[-1.593, 60.303], [-1.593, 60.304], [-1.592, 60.303], [-1.593, 60.303]]], [[[-1.562, 60.302], [-1.563, 60.302], [-1.562, 60.302], [-1.562, 60.302]]], [[[-1.552, 60.302], [-1.553, 60.302], [-1.552, 60.302], [-1.552, 60.302]]], [[[-1.557, 60.3], [-1.556, 60.301], [-1.556, 60.3], [-1.557, 60.3]]], [[[-1.45, 60.298], [-1.45, 60.299], [-1.449, 60.298], [-1.45, 60.298]]], [[[-1.538, 60.298], [-1.539, 60.298], [-1.539, 60.298], [-1.538, 60.298]]], [[[-1.588, 60.297], [-1.589, 60.297], [-1.588, 60.297], [-1.588, 60.297], [-1.588, 60.297]]], [[[-1.141, 60.288], [-1.142, 60.288], [-1.141, 60.288], [-1.141, 60.288]]], [[[-1.482, 60.289], [-1.482, 60.29], [-1.482, 60.29], [-1.482, 60.289]]], [[[-1.572, 60.289], [-1.573, 60.289], [-1.572, 60.289], [-1.572, 60.289]]], [[[-1.573, 60.288], [-1.574, 60.289], [-1.574, 60.289], [-1.573, 60.288]]], [[[-1.472, 60.287], [-1.472, 60.287], [-1.472, 60.287], [-1.472, 60.287]]], [[[-1.472, 60.286], [-1.473, 60.286], [-1.472, 60.287], [-1.472, 60.286]]], [[[-1.14, 60.282], [-1.139, 60.282], [-1.139, 60.282], [-1.139, 60.282], [-1.14, 60.282]]], [[[-1.126, 60.277], [-1.127, 60.278], [-1.125, 60.278], [-1.125, 60.278], [-1.126, 60.277]]], [[[-1.115, 60.276], [-1.115, 60.277], [-1.113, 60.277], [-1.115, 60.276]]], [[[-1.132, 60.274], [-1.133, 60.275], [-1.131, 60.276], [-1.13, 60.275], [-1.132, 60.274]]], [[[-1.692, 60.276], [-1.692, 60.276], [-1.693, 60.276], [-1.692, 60.276], [-1.692, 60.276]]], [[[-1.122, 60.273], [-1.122, 60.273], [-1.121, 60.273], [-1.122, 60.273]]], [[[-1.69, 60.272], [-1.691, 60.273], [-1.69, 60.273], [-1.69, 60.272]]], [[[-1.094, 60.269], [-1.093, 60.269], [-1.093, 60.269], [-1.094, 60.269]]], [[[-1.693, 60.269], [-1.694, 60.269], [-1.694, 60.269], [-1.693, 60.269]]], [[[-1.689, 60.266], [-1.691, 60.266], [-1.688, 60.266], [-1.689, 60.266]]], [[[-1.699, 60.263], [-1.699, 60.264], [-1.697, 60.264], [-1.697, 60.263], [-1.699, 60.263]]], [[[-1.13, 60.259], [-1.128, 60.259], [-1.128, 60.259], [-1.128, 60.259], [-1.13, 60.259]]], [[[-1.704, 60.254], [-1.704, 60.255], [-1.704, 60.254], [-1.704, 60.254]]], [[[-1.696, 60.253], [-1.697, 60.253], [-1.696, 60.254], [-1.696, 60.253]]], [[[-1.09, 60.248], [-1.091, 60.25], [-1.088, 60.25], [-1.088, 60.249], [-1.09, 60.248]]], [[[-1.146, 60.243], [-1.146, 60.243], [-1.145, 60.244], [-1.145, 60.244], [-1.146, 60.243]]], [[[-1.15, 60.243], [-1.15, 60.243], [-1.149, 60.243], [-1.15, 60.243]]], [[[-1.144, 60.242], [-1.144, 60.243], [-1.143, 60.243], [-1.144, 60.242]]], [[[-1.153, 60.242], [-1.154, 60.242], [-1.153, 60.243], [-1.153, 60.242]]], [[[-1.14, 60.242], [-1.142, 60.242], [-1.137, 60.244], [-1.138, 60.242], [-1.14, 60.242]]], [[[-1.137, 60.242], [-1.138, 60.242], [-1.134, 60.243], [-1.135, 60.242], [-1.137, 60.242]]], [[[-1.154, 60.241], [-1.154, 60.241], [-1.152, 60.241], [-1.154, 60.241]]], [[[-1.159, 60.241], [-1.158, 60.241], [-1.158, 60.241], [-1.159, 60.241]]], [[[-1.693, 60.24], [-1.692, 60.24], [-1.692, 60.24], [-1.693, 60.24]]], [[[-1.157, 60.234], [-1.152, 60.24], [-1.144, 60.239], [-1.153, 60.235], [-1.157, 60.234]]], [[[-1.692, 60.234], [-1.693, 60.235], [-1.692, 60.235], [-1.692, 60.234]]], [[[-1.69, 60.234], [-1.691, 60.234], [-1.691, 60.234], [-1.691, 60.234], [-1.69, 60.234]]], [[[-1.28, 60.215], [-1.28, 60.216], [-1.28, 60.216], [-1.28, 60.215]]], [[[-1.509, 60.214], [-1.51, 60.215], [-1.51, 60.215], [-1.509, 60.214]]], [[[-1.594, 60.214], [-1.594, 60.215], [-1.592, 60.215], [-1.593, 60.214], [-1.594, 60.214]]], [[[-1.567, 60.212], [-1.571, 60.213], [-1.577, 60.215], [-1.568, 60.218], [-1.567, 60.212]]], [[[-1.594, 60.211], [-1.594, 60.211], [-1.595, 60.212], [-1.594, 60.211]]], [[[-1.285, 60.21], [-1.286, 60.21], [-1.286, 60.21], [-1.285, 60.21]]], [[[-1.628, 60.211], [-1.632, 60.212], [-1.631, 60.212], [-1.635, 60.212], [-1.628, 60.211]]], [[[-1.112, 60.207], [-1.11, 60.209], [-1.109, 60.208], [-1.11, 60.207], [-1.112, 60.207]]], [[[-1.287, 60.208], [-1.288, 60.208], [-1.287, 60.209], [-1.287, 60.208]]], [[[-1.508, 60.209], [-1.508, 60.209], [-1.507, 60.209], [-1.508, 60.209]]], [[[-1.595, 60.208], [-1.596, 60.208], [-1.595, 60.208], [-1.595, 60.208]]], [[[-1.622, 60.206], [-1.623, 60.207], [-1.621, 60.206], [-1.622, 60.206]]], [[[-1.624, 60.206], [-1.626, 60.206], [-1.625, 60.206], [-1.624, 60.206]]], [[[-1.153, 60.203], [-1.153, 60.204], [-1.152, 60.204], [-1.153, 60.203]]], [[[-1.324, 60.204], [-1.323, 60.206], [-1.32, 60.207], [-1.32, 60.205], [-1.324, 60.204]]], [[[-1.157, 60.196], [-1.156, 60.197], [-1.156, 60.197], [-1.157, 60.196]]], [[[-1.319, 60.196], [-1.322, 60.199], [-1.327, 60.196], [-1.331, 60.196], [-1.323, 60.202], [-1.319, 60.196]]], [[[-1.393, 60.196], [-1.394, 60.197], [-1.394, 60.198], [-1.392, 60.198], [-1.393, 60.196]]], [[[-1.149, 60.194], [-1.149, 60.194], [-1.148, 60.194], [-1.149, 60.194]]], [[[-1.393, 60.194], [-1.393, 60.195], [-1.393, 60.195], [-1.393, 60.195], [-1.393, 60.194]]], [[[-1.563, 60.195], [-1.563, 60.196], [-1.562, 60.195], [-1.563, 60.195]]], [[[-1.068, 60.19], [-1.073, 60.191], [-1.074, 60.191], [-1.068, 60.193], [-1.068, 60.19]]], [[[-1.145, 60.19], [-1.146, 60.191], [-1.143, 60.191], [-1.145, 60.19]]], [[[-1.573, 60.192], [-1.574, 60.192], [-1.572, 60.192], [-1.573, 60.192]]], [[[-1.079, 60.189], [-1.078, 60.191], [-1.074, 60.192], [-1.074, 60.191], [-1.079, 60.189]]], [[[-1.571, 60.191], [-1.572, 60.192], [-1.571, 60.192], [-1.571, 60.191], [-1.571, 60.191]]], [[[-1.548, 60.191], [-1.549, 60.192], [-1.548, 60.192], [-1.548, 60.191]]], [[[-1.588, 60.191], [-1.605, 60.204], [-1.579, 60.209], [-1.563, 60.196], [-1.588, 60.191]]], [[[-1.118, 60.188], [-1.119, 60.188], [-1.117, 60.188], [-1.118, 60.188]]], [[[-1.291, 60.189], [-1.29, 60.189], [-1.29, 60.189], [-1.291, 60.189]]], [[[-1.332, 60.189], [-1.333, 60.19], [-1.331, 60.19], [-1.331, 60.189], [-1.332, 60.189]]], [[[-1.549, 60.189], [-1.55, 60.19], [-1.549, 60.189], [-1.549, 60.189]]], [[[-1.552, 60.189], [-1.553, 60.19], [-1.553, 60.191], [-1.552, 60.189]]], [[[-1.15, 60.185], [-1.151, 60.185], [-1.15, 60.185], [-1.15, 60.185]]], [[[-1.29, 60.186], [-1.291, 60.186], [-1.29, 60.186], [-1.29, 60.186]]], [[[-1.368, 60.185], [-1.368, 60.187], [-1.367, 60.188], [-1.366, 60.186], [-1.368, 60.185]]], [[[-1.33, 60.183], [-1.331, 60.187], [-1.325, 60.189], [-1.327, 60.184], [-1.33, 60.183]]], [[[-1.102, 60.182], [-1.103, 60.183], [-1.098, 60.183], [-1.1, 60.182], [-1.102, 60.182]]], [[[-1.532, 60.181], [-1.533, 60.182], [-1.532, 60.181], [-1.532, 60.181]]], [[[-1.543, 60.181], [-1.542, 60.181], [-1.542, 60.181], [-1.543, 60.181]]], [[[-1.531, 60.18], [-1.532, 60.18], [-1.532, 60.181], [-1.531, 60.181], [-1.531, 60.18]]], [[[-1.541, 60.18], [-1.542, 60.18], [-1.54, 60.18], [-1.541, 60.18]]], [[[-1.537, 60.18], [-1.538, 60.18], [-1.537, 60.18], [-1.537, 60.18]]], [[[-1.522, 60.179], [-1.522, 60.179], [-1.521, 60.18], [-1.522, 60.179]]], [[[-1.377, 60.174], [-1.378, 60.175], [-1.378, 60.175], [-1.376, 60.175], [-1.377, 60.174]]], [[[-1.378, 60.173], [-1.378, 60.173], [-1.377, 60.173], [-1.378, 60.173]]], [[[-1.374, 60.172], [-1.374, 60.173], [-1.373, 60.174], [-1.374, 60.172]]], [[[-1.436, 60.167], [-1.437, 60.168], [-1.436, 60.168], [-1.436, 60.167]]], [[[-1.514, 60.165], [-1.515, 60.165], [-1.515, 60.165], [-1.514, 60.165], [-1.514, 60.165]]], [[[-1.512, 60.165], [-1.513, 60.165], [-1.512, 60.166], [-1.512, 60.165]]], [[[-1.377, 60.163], [-1.378, 60.163], [-1.377, 60.165], [-1.377, 60.163], [-1.377, 60.163]]], [[[-1.491, 60.163], [-1.492, 60.163], [-1.491, 60.164], [-1.49, 60.164], [-1.491, 60.163]]], [[[-1.335, 60.162], [-1.341, 60.164], [-1.341, 60.167], [-1.333, 60.166], [-1.335, 60.162]]], [[[-1.491, 60.162], [-1.491, 60.162], [-1.49, 60.163], [-1.491, 60.162]]], [[[-1.379, 60.162], [-1.379, 60.162], [-1.378, 60.162], [-1.379, 60.162]]], [[[-1.385, 60.161], [-1.385, 60.162], [-1.383, 60.162], [-1.383, 60.162], [-1.385, 60.161]]], [[[-1.32, 60.161], [-1.32, 60.161], [-1.32, 60.161], [-1.32, 60.161]]], [[[-1.384, 60.161], [-1.383, 60.162], [-1.382, 60.161], [-1.383, 60.161], [-1.384, 60.161]]], [[[-1.378, 60.161], [-1.379, 60.161], [-1.378, 60.162], [-1.378, 60.161]]], [[[-1.503, 60.161], [-1.503, 60.162], [-1.503, 60.162], [-1.503, 60.161]]], [[[-1.501, 60.161], [-1.501, 60.162], [-1.5, 60.162], [-1.501, 60.161]]], [[[-1.51, 60.161], [-1.512, 60.161], [-1.512, 60.161], [-1.51, 60.163], [-1.508, 60.163], [-1.51, 60.161]]], [[[-1.378, 60.16], [-1.378, 60.161], [-1.377, 60.161], [-1.377, 60.161], [-1.378, 60.16]]], [[[-1.481, 60.16], [-1.481, 60.161], [-1.48, 60.161], [-1.479, 60.16], [-1.481, 60.16]]], [[[-1.475, 60.16], [-1.476, 60.16], [-1.476, 60.16], [-1.475, 60.16], [-1.475, 60.16]]], [[[-1.48, 60.159], [-1.48, 60.16], [-1.479, 60.16], [-1.48, 60.159]]], [[[-1.481, 60.159], [-1.481, 60.16], [-1.48, 60.16], [-1.48, 60.159], [-1.481, 60.159]]], [[[-1.475, 60.158], [-1.474, 60.158], [-1.474, 60.158], [-1.475, 60.158]]], [[[-2.074, 60.159], [-2.075, 60.159], [-2.075, 60.159], [-2.074, 60.159]]], [[[-2.077, 60.158], [-2.078, 60.158], [-2.077, 60.158], [-2.077, 60.158]]], [[[-2.073, 60.158], [-2.074, 60.158], [-2.073, 60.158], [-2.073, 60.158]]], [[[-1.38, 60.155], [-1.38, 60.158], [-1.376, 60.159], [-1.377, 60.156], [-1.38, 60.155]]], [[[-1.475, 60.155], [-1.476, 60.156], [-1.474, 60.157], [-1.474, 60.156], [-1.475, 60.155]]], [[[-2.085, 60.156], [-2.083, 60.157], [-2.082, 60.157], [-2.085, 60.156]]], [[[-2.058, 60.155], [-2.058, 60.156], [-2.057, 60.156], [-2.058, 60.155]]], [[[-1.477, 60.154], [-1.476, 60.155], [-1.476, 60.155], [-1.476, 60.154], [-1.477, 60.154]]], [[[-1.468, 60.154], [-1.468, 60.154], [-1.468, 60.154], [-1.468, 60.154]]], [[[-1.468, 60.153], [-1.468, 60.154], [-1.468, 60.154], [-1.468, 60.153]]], [[[-1.117, 60.151], [-1.118, 60.151], [-1.118, 60.152], [-1.117, 60.151]]], [[[-1.465, 60.148], [-1.464, 60.149], [-1.464, 60.148], [-1.465, 60.148]]], [[[-1.298, 60.147], [-1.299, 60.147], [-1.299, 60.147], [-1.298, 60.147]]], [[[-1.141, 60.146], [-1.142, 60.146], [-1.141, 60.146], [-1.141, 60.146]]], [[[-1.307, 60.143], [-1.307, 60.145], [-1.304, 60.145], [-1.304, 60.144], [-1.307, 60.143]]], [[[-1.351, 60.143], [-1.351, 60.143], [-1.351, 60.143], [-1.351, 60.143]]], [[[-2.043, 60.143], [-2.044, 60.143], [-2.044, 60.143], [-2.043, 60.143], [-2.043, 60.143]]], [[[-1.168, 60.139], [-1.169, 60.14], [-1.168, 60.14], [-1.168, 60.14], [-1.168, 60.139]]], [[[-2.117, 60.142], [-2.117, 60.142], [-2.116, 60.142], [-2.117, 60.142]]], [[[-1.361, 60.139], [-1.369, 60.145], [-1.352, 60.15], [-1.352, 60.144], [-1.361, 60.139]]], [[[-1.359, 60.138], [-1.359, 60.139], [-1.356, 60.14], [-1.359, 60.138]]], [[[-1.35, 60.138], [-1.354, 60.138], [-1.355, 60.14], [-1.347, 60.14], [-1.35, 60.138]]], [[[-1.356, 60.138], [-1.355, 60.139], [-1.355, 60.138], [-1.355, 60.138], [-1.356, 60.138]]], [[[-1.331, 60.134], [-1.328, 60.138], [-1.329, 60.142], [-1.326, 60.136], [-1.331, 60.134]]], [[[-1.014, 60.131], [-1.035, 60.148], [-1.046, 60.15], [-1.006, 60.151], [-1.014, 60.131]]], [[[-1.379, 60.132], [-1.379, 60.132], [-1.379, 60.132], [-1.379, 60.132]]], [[[-1.154, 60.13], [-1.155, 60.13], [-1.155, 60.13], [-1.154, 60.13]]], [[[-1.371, 60.131], [-1.374, 60.131], [-1.372, 60.133], [-1.371, 60.131]]], [[[-1.378, 60.131], [-1.378, 60.131], [-1.377, 60.131], [-1.378, 60.131]]], [[[-1.16, 60.129], [-1.16, 60.129], [-1.16, 60.129], [-1.16, 60.129]]], [[[-1.373, 60.128], [-1.373, 60.129], [-1.38, 60.129], [-1.37, 60.13], [-1.373, 60.128]]], [[[-1.356, 60.127], [-1.356, 60.127], [-1.356, 60.127], [-1.356, 60.127]]], [[[-1.376, 60.125], [-1.379, 60.126], [-1.378, 60.128], [-1.373, 60.127], [-1.376, 60.125]]], [[[-1.067, 60.123], [-1.066, 60.124], [-1.066, 60.123], [-1.067, 60.123]]], [[[-1.372, 60.125], [-1.373, 60.126], [-1.371, 60.126], [-1.371, 60.125], [-1.372, 60.125]]], [[[-1.334, 60.124], [-1.334, 60.125], [-1.333, 60.124], [-1.334, 60.124]]], [[[-1.376, 60.124], [-1.377, 60.124], [-1.376, 60.124], [-1.376, 60.124]]], [[[-1.317, 60.123], [-1.315, 60.126], [-1.313, 60.125], [-1.314, 60.123], [-1.317, 60.123]]], [[[-1.377, 60.123], [-1.377, 60.123], [-1.377, 60.123], [-1.377, 60.123]]], [[[-1.357, 60.122], [-1.361, 60.125], [-1.36, 60.127], [-1.353, 60.123], [-1.357, 60.122]]], [[[-1.378, 60.121], [-1.378, 60.122], [-1.377, 60.122], [-1.378, 60.121]]], [[[-1.377, 60.121], [-1.377, 60.122], [-1.374, 60.123], [-1.376, 60.121], [-1.377, 60.121]]], [[[-1.196, 60.119], [-1.196, 60.12], [-1.196, 60.12], [-1.195, 60.12], [-1.196, 60.119]]], [[[-2.049, 60.121], [-2.049, 60.122], [-2.049, 60.121], [-2.049, 60.121]]], [[[-1.338, 60.119], [-1.35, 60.122], [-1.356, 60.122], [-1.335, 60.124], [-1.338, 60.119]]], [[[-1.194, 60.117], [-1.194, 60.117], [-1.194, 60.117], [-1.194, 60.117], [-1.194, 60.117]]], [[[-1.374, 60.112], [-1.372, 60.123], [-1.359, 60.119], [-1.364, 60.118], [-1.374, 60.112]]], [[[-1.372, 60.112], [-1.372, 60.112], [-1.371, 60.112], [-1.37, 60.112], [-1.372, 60.112]]], [[[-1.373, 60.112], [-1.373, 60.112], [-1.372, 60.112], [-1.373, 60.112]]], [[[-2.066, 60.113], [-2.067, 60.113], [-2.066, 60.113], [-2.066, 60.113]]], [[[-1.34, 60.11], [-1.34, 60.111], [-1.338, 60.111], [-1.34, 60.11]]], [[[-1.374, 60.11], [-1.374, 60.11], [-1.373, 60.11], [-1.374, 60.11]]], [[[-1.369, 60.108], [-1.37, 60.109], [-1.369, 60.109], [-1.369, 60.108]]], [[[-2.065, 60.11], [-2.116, 60.133], [-2.116, 60.14], [-2.052, 60.157], [-2.04, 60.14], [-2.065, 60.11]]], [[[-1.37, 60.108], [-1.37, 60.109], [-1.369, 60.108], [-1.37, 60.108]]], [[[-1.371, 60.108], [-1.371, 60.108], [-1.37, 60.108], [-1.371, 60.108]]], [[[-1.201, 60.107], [-1.202, 60.107], [-1.202, 60.107], [-1.201, 60.107]]], [[[-1.374, 60.107], [-1.376, 60.108], [-1.371, 60.107], [-1.372, 60.107], [-1.374, 60.107]]], [[[-1.073, 60.103], [-1.122, 60.12], [-1.115, 60.158], [-1.138, 60.163], [-1.147, 60.18], [-1.079, 60.171], [-1.09, 60.186], [-1.08, 60.189], [-1.072, 60.158], [-1.046, 60.167], [-1.073, 60.103]]], [[[-1.21, 60.102], [-1.21, 60.102], [-1.21, 60.102], [-1.21, 60.102]]], [[[-1.223, 60.099], [-1.223, 60.099], [-1.223, 60.1], [-1.223, 60.099]]], [[[-1.302, 60.099], [-1.311, 60.1], [-1.298, 60.109], [-1.3, 60.126], [-1.273, 60.131], [-1.302, 60.099]]], [[[-1.304, 60.098], [-1.305, 60.099], [-1.304, 60.099], [-1.304, 60.098]]], [[[-1.213, 60.093], [-1.213, 60.094], [-1.213, 60.094], [-1.213, 60.094], [-1.213, 60.093]]], [[[-1.352, 60.089], [-1.352, 60.089], [-1.353, 60.089], [-1.352, 60.089], [-1.351, 60.089], [-1.352, 60.089]]], [[[-1.21, 60.081], [-1.211, 60.081], [-1.21, 60.081], [-1.21, 60.081]]], [[[-1.357, 60.076], [-1.358, 60.076], [-1.355, 60.076], [-1.357, 60.076]]], [[[-1.355, 60.074], [-1.354, 60.075], [-1.353, 60.075], [-1.355, 60.074]]], [[[-1.354, 60.072], [-1.355, 60.073], [-1.354, 60.073], [-1.354, 60.072]]], [[[-1.21, 60.069], [-1.211, 60.07], [-1.21, 60.069], [-1.21, 60.069]]], [[[-1.332, 60.068], [-1.335, 60.068], [-1.333, 60.069], [-1.332, 60.068]]], [[[-1.205, 60.065], [-1.206, 60.065], [-1.207, 60.065], [-1.205, 60.066], [-1.205, 60.065]]], [[[-1.207, 60.064], [-1.208, 60.064], [-1.207, 60.064], [-1.207, 60.064]]], [[[-1.335, 60.063], [-1.336, 60.063], [-1.336, 60.063], [-1.335, 60.063]]], [[[-1.354, 60.062], [-1.354, 60.063], [-1.353, 60.064], [-1.354, 60.062]]], [[[-1.33, 60.061], [-1.332, 60.061], [-1.332, 60.062], [-1.33, 60.062], [-1.33, 60.061]]], [[[-1.2, 60.059], [-1.2, 60.059], [-1.199, 60.059], [-1.2, 60.059]]], [[[-1.356, 60.058], [-1.357, 60.059], [-1.356, 60.059], [-1.356, 60.058]]], [[[-1.198, 60.056], [-1.198, 60.056], [-1.198, 60.056], [-1.198, 60.056]]], [[[-1.344, 60.056], [-1.344, 60.056], [-1.343, 60.056], [-1.344, 60.056], [-1.344, 60.056]]], [[[-1.344, 60.055], [-1.345, 60.055], [-1.344, 60.055], [-1.344, 60.055]]], [[[-1.335, 60.053], [-1.336, 60.053], [-1.336, 60.054], [-1.335, 60.053]]], [[[-1.363, 60.052], [-1.362, 60.054], [-1.361, 60.053], [-1.363, 60.052]]], [[[-1.213, 60.042], [-1.213, 60.043], [-1.213, 60.042], [-1.213, 60.042]]], [[[-1.368, 60.041], [-1.378, 60.049], [-1.343, 60.06], [-1.356, 60.079], [-1.326, 60.095], [-1.328, 60.101], [-1.341, 60.098], [-1.349, 60.107], [-1.321, 60.105], [-1.311, 60.117], [-1.334, 60.081], [-1.338, 60.07], [-1.335, 60.066], [-1.341, 60.058], [-1.35, 60.057], [-1.351, 60.049], [-1.368, 60.041]]], [[[-1.337, 60.04], [-1.324, 60.061], [-1.331, 60.063], [-1.33, 60.082], [-1.3, 60.097], [-1.337, 60.04]]], [[[-1.205, 60.035], [-1.206, 60.035], [-1.204, 60.035], [-1.205, 60.035]]], [[[-1.172, 60.034], [-1.175, 60.034], [-1.175, 60.035], [-1.172, 60.034], [-1.172, 60.034]]], [[[-1.216, 60.032], [-1.217, 60.032], [-1.216, 60.032], [-1.216, 60.032]]], [[[-1.23, 60.03], [-1.23, 60.03], [-1.229, 60.03], [-1.23, 60.03]]], [[[-1.353, 60.029], [-1.353, 60.029], [-1.353, 60.029], [-1.353, 60.029]]], [[[-1.359, 60.028], [-1.359, 60.029], [-1.359, 60.029], [-1.359, 60.028]]], [[[-1.354, 60.028], [-1.354, 60.029], [-1.354, 60.029], [-1.354, 60.028]]], [[[-1.345, 60.028], [-1.344, 60.028], [-1.344, 60.028], [-1.345, 60.028]]], [[[-1.345, 60.027], [-1.345, 60.027], [-1.345, 60.027], [-1.345, 60.027]]], [[[-1.331, 60.02], [-1.331, 60.021], [-1.329, 60.021], [-1.331, 60.02]]], [[[-1.351, 60.019], [-1.352, 60.023], [-1.367, 60.029], [-1.347, 60.029], [-1.351, 60.019]]], [[[-1.368, 60.019], [-1.371, 60.02], [-1.37, 60.025], [-1.367, 60.024], [-1.368, 60.019]]], [[[-1.337, 60.006], [-1.337, 60.006], [-1.337, 60.006], [-1.337, 60.006]]], [[[-1.156, 59.997], [-1.157, 59.998], [-1.156, 59.998], [-1.156, 59.997]]], [[[-1.16, 59.997], [-1.161, 59.997], [-1.157, 59.997], [-1.157, 59.997], [-1.16, 59.997]]], [[[-1.347, 59.995], [-1.347, 59.995], [-1.346, 59.996], [-1.346, 59.995], [-1.346, 59.995], [-1.347, 59.995]]], [[[-1.347, 59.994], [-1.348, 59.994], [-1.347, 59.994], [-1.347, 59.994]]], [[[-1.346, 59.993], [-1.347, 59.993], [-1.346, 59.993], [-1.346, 59.993]]], [[[-1.345, 59.991], [-1.346, 59.992], [-1.345, 59.992], [-1.345, 59.991]]], [[[-1.175, 59.99], [-1.193, 60.003], [-1.192, 60.008], [-1.158, 59.994], [-1.175, 59.99]]], [[[-1.344, 59.99], [-1.345, 59.991], [-1.344, 59.991], [-1.344, 59.99]]], [[[-1.343, 59.989], [-1.344, 59.989], [-1.345, 59.989], [-1.341, 59.99], [-1.343, 59.989]]], [[[-1.259, 59.988], [-1.26, 59.989], [-1.259, 59.989], [-1.259, 59.988]]], [[[-1.271, 59.986], [-1.272, 59.986], [-1.271, 59.987], [-1.271, 59.986]]], [[[-1.357, 59.98], [-1.357, 59.981], [-1.355, 59.981], [-1.357, 59.98]]], [[[-1.357, 59.978], [-1.357, 59.978], [-1.356, 59.978], [-1.357, 59.978]]], [[[-1.361, 59.974], [-1.362, 59.974], [-1.36, 59.974], [-1.361, 59.974]]], [[[-1.255, 59.972], [-1.256, 59.972], [-1.255, 59.972], [-1.255, 59.972]]], [[[-1.364, 59.972], [-1.365, 59.973], [-1.362, 59.973], [-1.364, 59.972]]], [[[-1.259, 59.969], [-1.26, 59.969], [-1.26, 59.969], [-1.259, 59.969], [-1.259, 59.969]]], [[[-1.358, 59.967], [-1.361, 59.967], [-1.36, 59.968], [-1.356, 59.968], [-1.358, 59.967]]], [[[-1.344, 59.967], [-1.345, 59.967], [-1.344, 59.967], [-1.344, 59.967]]], [[[-1.343, 59.966], [-1.343, 59.967], [-1.343, 59.966], [-1.343, 59.966]]], [[[-1.346, 59.966], [-1.346, 59.967], [-1.346, 59.967], [-1.346, 59.966]]], [[[-1.347, 59.966], [-1.347, 59.966], [-1.347, 59.967], [-1.347, 59.966]]], [[[-1.342, 59.966], [-1.343, 59.966], [-1.342, 59.966], [-1.342, 59.966]]], [[[-1.352, 59.966], [-1.351, 59.967], [-1.35, 59.967], [-1.35, 59.966], [-1.352, 59.966]]], [[[-1.35, 59.966], [-1.35, 59.967], [-1.349, 59.967], [-1.349, 59.967], [-1.35, 59.966]]], [[[-1.346, 59.965], [-1.345, 59.966], [-1.344, 59.966], [-1.344, 59.965], [-1.346, 59.965]]], [[[-1.341, 59.964], [-1.341, 59.964], [-1.341, 59.964], [-1.341, 59.964]]], [[[-1.342, 59.963], [-1.343, 59.964], [-1.342, 59.966], [-1.341, 59.965], [-1.342, 59.964], [-1.342, 59.963]]], [[[-1.343, 59.963], [-1.343, 59.963], [-1.343, 59.964], [-1.342, 59.963], [-1.343, 59.963]]], [[[-1.335, 59.96], [-1.334, 59.961], [-1.334, 59.96], [-1.335, 59.96]]], [[[-1.338, 59.956], [-1.337, 59.957], [-1.336, 59.957], [-1.338, 59.956]]], [[[-1.353, 59.953], [-1.353, 59.953], [-1.353, 59.953], [-1.353, 59.953]]], [[[-1.362, 59.952], [-1.362, 59.952], [-1.362, 59.952], [-1.362, 59.952]]], [[[-1.362, 59.95], [-1.363, 59.95], [-1.363, 59.951], [-1.362, 59.95]]], [[[-1.363, 59.95], [-1.364, 59.95], [-1.362, 59.95], [-1.363, 59.95]]], [[[-1.342, 59.949], [-1.343, 59.95], [-1.342, 59.95], [-1.342, 59.949]]], [[[-1.353, 59.949], [-1.361, 59.95], [-1.362, 59.951], [-1.358, 59.955], [-1.353, 59.949]]], [[[-1.363, 59.941], [-1.364, 59.941], [-1.363, 59.941], [-1.363, 59.941]]], [[[-1.366, 59.937], [-1.367, 59.937], [-1.366, 59.937], [-1.366, 59.937]]], [[[-1.373, 59.925], [-1.374, 59.926], [-1.373, 59.926], [-1.373, 59.925]]], [[[-1.369, 59.918], [-1.368, 59.918], [-1.368, 59.918], [-1.369, 59.918]]], [[[-1.373, 59.917], [-1.373, 59.917], [-1.373, 59.917], [-1.373, 59.917]]], [[[-1.285, 59.916], [-1.285, 59.916], [-1.285, 59.916], [-1.285, 59.916]]], [[[-1.39, 59.911], [-1.39, 59.911], [-1.391, 59.911], [-1.39, 59.911]]], [[[-1.39, 59.909], [-1.391, 59.909], [-1.39, 59.909], [-1.39, 59.909]]], [[[-1.386, 59.901], [-1.387, 59.901], [-1.386, 59.901], [-1.386, 59.901], [-1.386, 59.901]]], [[[-1.385, 59.896], [-1.385, 59.896], [-1.385, 59.897], [-1.385, 59.896]]], [[[-1.384, 59.893], [-1.385, 59.893], [-1.385, 59.893], [-1.384, 59.893], [-1.384, 59.893]]], [[[-1.382, 59.892], [-1.382, 59.893], [-1.381, 59.893], [-1.382, 59.892]]], [[[-1.386, 59.891], [-1.386, 59.892], [-1.385, 59.892], [-1.385, 59.892], [-1.386, 59.891]]], [[[-1.384, 59.889], [-1.385, 59.89], [-1.384, 59.89], [-1.384, 59.89], [-1.384, 59.889]]], [[[-1.383, 59.889], [-1.383, 59.89], [-1.383, 59.889], [-1.383, 59.889]]], [[[-1.38, 59.888], [-1.381, 59.889], [-1.38, 59.889], [-1.38, 59.888]]], [[[-1.379, 59.887], [-1.38, 59.888], [-1.38, 59.889], [-1.379, 59.888], [-1.379, 59.887]]], [[[-1.272, 59.886], [-1.272, 59.887], [-1.271, 59.887], [-1.272, 59.886]]], [[[-1.272, 59.886], [-1.272, 59.886], [-1.272, 59.886], [-1.272, 59.886], [-1.272, 59.886], [-1.272, 59.886]]], [[[-1.353, 59.885], [-1.353, 59.886], [-1.353, 59.886], [-1.353, 59.885]]], [[[-1.269, 59.875], [-1.268, 59.875], [-1.267, 59.876], [-1.267, 59.875], [-1.269, 59.875]]], [[[-1.271, 59.874], [-1.272, 59.875], [-1.272, 59.875], [-1.271, 59.875], [-1.271, 59.874]]], [[[-1.332, 59.873], [-1.332, 59.874], [-1.332, 59.874], [-1.332, 59.873]]], [[[-1.323, 59.869], [-1.325, 59.87], [-1.324, 59.871], [-1.321, 59.871], [-1.323, 59.869]]], [[[-1.32, 59.869], [-1.321, 59.869], [-1.32, 59.869], [-1.32, 59.869]]], [[[-1.33, 59.868], [-1.335, 59.869], [-1.33, 59.873], [-1.328, 59.871], [-1.33, 59.868]]], [[[-1.335, 59.867], [-1.334, 59.868], [-1.334, 59.867], [-1.335, 59.867]]], [[[-1.286, 59.864], [-1.287, 59.864], [-1.287, 59.865], [-1.286, 59.864]]], [[[-1.311, 59.862], [-1.311, 59.863], [-1.31, 59.863], [-1.311, 59.862]]], [[[-1.271, 59.861], [-1.271, 59.861], [-1.271, 59.861], [-1.271, 59.861]]], [[[-1.27, 59.861], [-1.27, 59.861], [-1.27, 59.861], [-1.27, 59.861]]], [[[-1.312, 59.859], [-1.313, 59.859], [-1.313, 59.86], [-1.312, 59.86], [-1.312, 59.859]]], [[[-1.279, 59.858], [-1.279, 59.858], [-1.279, 59.858], [-1.279, 59.858]]], [[[-1.313, 59.858], [-1.313, 59.859], [-1.313, 59.859], [-1.312, 59.859], [-1.313, 59.858]]], [[[-1.277, 59.856], [-1.278, 59.856], [-1.278, 59.857], [-1.277, 59.856]]], [[[-1.277, 59.855], [-1.277, 59.856], [-1.276, 59.856], [-1.277, 59.855]]], [[[-1.277, 59.855], [-1.277, 59.855], [-1.277, 59.855], [-1.277, 59.855]]], [[[-1.312, 59.855], [-1.312, 59.856], [-1.31, 59.857], [-1.312, 59.855]]], [[[-1.278, 59.853], [-1.279, 59.853], [-1.278, 59.853], [-1.278, 59.853]]], [[[-1.276, 59.852], [-1.297, 59.876], [-1.301, 59.875], [-1.306, 59.862], [-1.309, 59.862], [-1.308, 59.858], [-1.31, 59.859], [-1.311, 59.856], [-1.312, 59.855], [-1.314, 59.855], [-1.317, 59.869], [-1.306, 59.882], [-1.319, 59.898], [-1.344, 59.897], [-1.35, 59.883], [-1.359, 59.893], [-1.378, 59.888], [-1.38, 59.889], [-1.382, 59.889], [-1.379, 59.894], [-1.392, 59.913], [-1.364, 59.92], [-1.373, 59.934], [-1.364, 59.946], [-1.329, 59.948], [-1.338, 59.954], [-1.33, 59.965], [-1.332, 59.969], [-1.361, 59.969], [-1.355, 59.981], [-1.33, 59.972], [-1.329, 59.977], [-1.347, 59.999], [-1.318, 60.013], [-1.304, 60.058], [-1.272, 60.098], [-1.267, 60.135], [-1.306, 60.133], [-1.291, 60.147], [-1.302, 60.149], [-1.284, 60.196], [-1.297, 60.193], [-1.317, 60.159], [-1.318, 60.172], [-1.303, 60.201], [-1.271, 60.223], [-1.265, 60.24], [-1.298, 60.211], [-1.319, 60.17], [-1.328, 60.164], [-1.301, 60.218], [-1.307, 60.23], [-1.294, 60.24], [-1.293, 60.254], [-1.348, 60.201], [-1.369, 60.235], [-1.355, 60.244], [-1.434, 60.255], [-1.376, 60.236], [-1.361, 60.194], [-1.373, 60.19], [-1.369, 60.21], [-1.395, 60.2], [-1.399, 60.217], [-1.401, 60.179], [-1.422, 60.165], [-1.439, 60.172], [-1.431, 60.184], [-1.439, 60.189], [-1.462, 60.146], [-1.47, 60.16], [-1.492, 60.167], [-1.511, 60.165], [-1.512, 60.183], [-1.547, 60.187], [-1.543, 60.204], [-1.484, 60.204], [-1.504, 60.209], [-1.47, 60.221], [-1.507, 60.215], [-1.506, 60.228], [-1.491, 60.231], [-1.522, 60.237], [-1.511, 60.242], [-1.534, 60.247], [-1.515, 60.229], [-1.557, 60.199], [-1.564, 60.204], [-1.551, 60.221], [-1.564, 60.229], [-1.612, 60.22], [-1.598, 60.211], [-1.606, 60.211], [-1.623, 60.206], [-1.652, 60.22], [-1.638, 60.23], [-1.689, 60.234], [-1.698, 60.247], [-1.686, 60.254], [-1.703, 60.255], [-1.69, 60.262], [-1.697, 60.265], [-1.685, 60.269], [-1.688, 60.275], [-1.68, 60.277], [-1.703, 60.29], [-1.666, 60.306], [-1.601, 60.307], [-1.573, 60.287], [-1.569, 60.288], [-1.569, 60.293], [-1.582, 60.299], [-1.578, 60.302], [-1.536, 60.292], [-1.551, 60.306], [-1.505, 60.32], [-1.477, 60.285], [-1.482, 60.284], [-1.48, 60.274], [-1.459, 60.289], [-1.478, 60.289], [-1.488, 60.307], [-1.455, 60.295], [-1.444, 60.297], [-1.466, 60.305], [-1.46, 60.305], [-1.438, 60.309], [-1.463, 60.314], [-1.434, 60.322], [-1.427, 60.329], [-1.419, 60.315], [-1.388, 60.314], [-1.39, 60.305], [-1.375, 60.284], [-1.366, 60.299], [-1.339, 60.301], [-1.364, 60.305], [-1.376, 60.323], [-1.355, 60.345], [-1.339, 60.334], [-1.331, 60.337], [-1.34, 60.36], [-1.262, 60.351], [-1.302, 60.37], [-1.364, 60.369], [-1.344, 60.383], [-1.353, 60.394], [-1.378, 60.377], [-1.405, 60.384], [-1.41, 60.396], [-1.385, 60.398], [-1.416, 60.404], [-1.408, 60.414], [-1.39, 60.408], [-1.4, 60.419], [-1.453, 60.416], [-1.449, 60.444], [-1.444, 60.447], [-1.437, 60.446], [-1.422, 60.451], [-1.465, 60.452], [-1.464, 60.465], [-1.43, 60.471], [-1.466, 60.468], [-1.457, 60.49], [-1.489, 60.476], [-1.481, 60.47], [-1.488, 60.459], [-1.497, 60.453], [-1.511, 60.466], [-1.515, 60.466], [-1.494, 60.476], [-1.496, 60.484], [-1.538, 60.479], [-1.554, 60.491], [-1.571, 60.476], [-1.613, 60.473], [-1.633, 60.487], [-1.611, 60.509], [-1.562, 60.505], [-1.579, 60.509], [-1.566, 60.515], [-1.567, 60.538], [-1.533, 60.556], [-1.518, 60.532], [-1.468, 60.51], [-1.445, 60.504], [-1.394, 60.512], [-1.455, 60.511], [-1.497, 60.542], [-1.435, 60.574], [-1.445, 60.588], [-1.419, 60.602], [-1.435, 60.603], [-1.421, 60.615], [-1.333, 60.6], [-1.35, 60.62], [-1.309, 60.638], [-1.304, 60.595], [-1.336, 60.583], [-1.314, 60.571], [-1.315, 60.541], [-1.353, 60.542], [-1.367, 60.526], [-1.324, 60.525], [-1.363, 60.517], [-1.324, 60.511], [-1.344, 60.503], [-1.334, 60.502], [-1.337, 60.489], [-1.357, 60.479], [-1.332, 60.478], [-1.327, 60.495], [-1.31, 60.495], [-1.311, 60.483], [-1.331, 60.478], [-1.333, 60.462], [-1.32, 60.451], [-1.35, 60.456], [-1.338, 60.452], [-1.364, 60.429], [-1.356, 60.413], [-1.371, 60.414], [-1.384, 60.397], [-1.328, 60.411], [-1.347, 60.414], [-1.331, 60.437], [-1.26, 60.443], [-1.304, 60.468], [-1.28, 60.488], [-1.262, 60.476], [-1.229, 60.495], [-1.203, 60.478], [-1.208, 60.456], [-1.178, 60.46], [-1.203, 60.445], [-1.167, 60.442], [-1.194, 60.432], [-1.173, 60.434], [-1.167, 60.42], [-1.195, 60.432], [-1.255, 60.405], [-1.259, 60.398], [-1.194, 60.42], [-1.224, 60.402], [-1.17, 60.414], [-1.164, 60.377], [-1.151, 60.404], [-1.122, 60.404], [-1.137, 60.412], [-1.119, 60.429], [-1.11, 60.415], [-1.071, 60.446], [-1.051, 60.45], [-1.048, 60.44], [-1.141, 60.383], [-1.127, 60.382], [-1.129, 60.369], [-1.108, 60.394], [-1.075, 60.388], [-1.075, 60.357], [-1.118, 60.345], [-1.194, 60.353], [-1.175, 60.347], [-1.168, 60.322], [-1.156, 60.338], [-1.134, 60.32], [-1.085, 60.326], [-1.093, 60.31], [-1.082, 60.305], [-1.116, 60.303], [-1.16, 60.281], [-1.143, 60.28], [-1.155, 60.272], [-1.148, 60.265], [-1.108, 60.276], [-1.117, 60.271], [-1.096, 60.27], [-1.102, 60.259], [-1.144, 60.259], [-1.154, 60.247], [-1.139, 60.25], [-1.17, 60.238], [-1.178, 60.252], [-1.165, 60.26], [-1.199, 60.27], [-1.21, 60.266], [-1.194, 60.245], [-1.231, 60.23], [-1.185, 60.232], [-1.222, 60.199], [-1.167, 60.223], [-1.219, 60.171], [-1.154, 60.204], [-1.159, 60.198], [-1.159, 60.189], [-1.145, 60.189], [-1.165, 60.169], [-1.132, 60.149], [-1.16, 60.149], [-1.155, 60.129], [-1.172, 60.141], [-1.175, 60.119], [-1.204, 60.131], [-1.199, 60.106], [-1.226, 60.101], [-1.207, 60.09], [-1.217, 60.073], [-1.208, 60.073], [-1.213, 60.065], [-1.197, 60.055], [-1.204, 60.048], [-1.172, 60.041], [-1.208, 60.035], [-1.213, 60.041], [-1.207, 60.042], [-1.209, 60.047], [-1.217, 60.04], [-1.213, 60.035], [-1.233, 60.034], [-1.223, 60.008], [-1.198, 59.991], [-1.209, 59.989], [-1.205, 59.972], [-1.221, 59.995], [-1.234, 59.981], [-1.253, 59.997], [-1.278, 59.99], [-1.267, 59.977], [-1.254, 59.976], [-1.258, 59.967], [-1.263, 59.965], [-1.255, 59.954], [-1.265, 59.949], [-1.258, 59.935], [-1.272, 59.92], [-1.292, 59.922], [-1.269, 59.908], [-1.278, 59.894], [-1.272, 59.886], [-1.301, 59.884], [-1.269, 59.876], [-1.276, 59.852]]], [[[-1.317, 59.852], [-1.316, 59.853], [-1.316, 59.852], [-1.317, 59.852]]], [[[-1.276, 59.852], [-1.276, 59.852], [-1.275, 59.853], [-1.275, 59.852], [-1.276, 59.852]]], [[[-1.319, 59.849], [-1.317, 59.852], [-1.314, 59.851], [-1.314, 59.85], [-1.319, 59.849]]], [[[-1.631, 59.554], [-1.632, 59.554], [-1.632, 59.554], [-1.631, 59.554], [-1.631, 59.554]]], [[[-1.631, 59.553], [-1.632, 59.553], [-1.63, 59.553], [-1.631, 59.553]]], [[[-1.603, 59.548], [-1.603, 59.548], [-1.604, 59.548], [-1.603, 59.549], [-1.602, 59.548], [-1.603, 59.548]]], [[[-1.637, 59.545], [-1.639, 59.545], [-1.638, 59.545], [-1.637, 59.545]]], [[[-1.646, 59.537], [-1.646, 59.538], [-1.648, 59.538], [-1.646, 59.539], [-1.645, 59.538], [-1.646, 59.537]]], [[[-1.646, 59.534], [-1.648, 59.535], [-1.647, 59.535], [-1.646, 59.534]]], [[[-1.658, 59.523], [-1.658, 59.524], [-1.656, 59.524], [-1.658, 59.523]]], [[[-1.627, 59.522], [-1.628, 59.522], [-1.627, 59.522], [-1.627, 59.522]]], [[[-1.657, 59.518], [-1.657, 59.519], [-1.657, 59.519], [-1.657, 59.518]]], [[[-1.656, 59.517], [-1.657, 59.518], [-1.657, 59.518], [-1.657, 59.518], [-1.656, 59.517]]], [[[-1.658, 59.517], [-1.659, 59.517], [-1.659, 59.518], [-1.658, 59.517]]], [[[-1.657, 59.517], [-1.658, 59.517], [-1.656, 59.517], [-1.657, 59.517], [-1.657, 59.517]]], [[[-1.653, 59.516], [-1.653, 59.516], [-1.653, 59.516], [-1.653, 59.516]]], [[[-1.653, 59.515], [-1.654, 59.516], [-1.653, 59.516], [-1.652, 59.516], [-1.653, 59.515]]], [[[-1.627, 59.515], [-1.626, 59.515], [-1.626, 59.515], [-1.627, 59.515]]], [[[-1.633, 59.514], [-1.633, 59.514], [-1.632, 59.514], [-1.633, 59.514]]], [[[-1.643, 59.513], [-1.643, 59.513], [-1.642, 59.513], [-1.643, 59.513]]], [[[-1.655, 59.512], [-1.655, 59.513], [-1.654, 59.513], [-1.655, 59.512]]], [[[-1.632, 59.512], [-1.633, 59.512], [-1.632, 59.513], [-1.631, 59.513], [-1.632, 59.512]]], [[[-1.638, 59.512], [-1.658, 59.523], [-1.644, 59.525], [-1.64, 59.552], [-1.607, 59.553], [-1.613, 59.541], [-1.599, 59.541], [-1.599, 59.533], [-1.613, 59.535], [-1.609, 59.523], [-1.626, 59.527], [-1.638, 59.512]]], [[[-1.648, 59.509], [-1.648, 59.51], [-1.647, 59.51], [-1.648, 59.509]]], [[[-1.652, 59.507], [-1.652, 59.508], [-1.65, 59.508], [-1.651, 59.507], [-1.652, 59.507]]]]}}, {"type": "Feature", "properties": {"cd": "S22000047", "nm": "Aberdeen"}, "geometry": {"type": "MultiPolygon", "coordinates": [[[[-2.05, 57.128], [-2.05, 57.128], [-2.049, 57.128], [-2.05, 57.128]]], [[[-2.052, 57.125], [-2.052, 57.125], [-2.052, 57.126], [-2.052, 57.125]]], [[[-2.056, 57.12], [-2.055, 57.12], [-2.054, 57.12], [-2.056, 57.12]]], [[[-2.056, 57.118], [-2.057, 57.118], [-2.055, 57.118], [-2.056, 57.118]]], [[[-2.06, 57.114], [-2.06, 57.114], [-2.06, 57.114], [-2.06, 57.114]]], [[[-2.073, 57.104], [-2.073, 57.104], [-2.072, 57.104], [-2.073, 57.104]]], [[[-2.073, 57.102], [-2.074, 57.102], [-2.073, 57.103], [-2.073, 57.102]]], [[[-2.073, 57.102], [-2.072, 57.102], [-2.072, 57.102], [-2.073, 57.102]]], [[[-2.073, 57.098], [-2.073, 57.099], [-2.073, 57.099], [-2.073, 57.098]]], [[[-2.072, 57.098], [-2.072, 57.098], [-2.071, 57.098], [-2.072, 57.098], [-2.072, 57.098]]], [[[-2.079, 57.093], [-2.08, 57.093], [-2.079, 57.093], [-2.079, 57.093]]], [[[-2.104, 57.061], [-2.105, 57.061], [-2.104, 57.061], [-2.104, 57.061]]], [[[-2.196, 56.938], [-2.198, 56.939], [-2.197, 56.939], [-2.196, 56.938]]], [[[-2.198, 56.922], [-2.199, 56.923], [-2.198, 56.923], [-2.198, 56.922]]], [[[-2.211, 56.896], [-2.211, 56.896], [-2.211, 56.896], [-2.211, 56.896]]], [[[-2.211, 56.892], [-2.212, 56.893], [-2.211, 56.892], [-2.211, 56.892]]], [[[-2.272, 56.832], [-2.272, 56.832], [-2.271, 56.832], [-2.272, 56.832]]], [[[-2.313, 56.799], [-2.315, 56.8], [-2.313, 56.8], [-2.313, 56.799]]], [[[-2.459, 56.747], [-2.53, 56.785], [-2.666, 56.79], [-2.677, 56.784], [-2.67, 56.772], [-2.693, 56.772], [-2.704, 56.785], [-2.695, 56.789], [-2.729, 56.803], [-2.714, 56.807], [-2.721, 56.815], [-2.65, 56.815], [-2.672, 56.847], [-2.662, 56.889], [-2.681, 56.888], [-2.681, 56.91], [-2.725, 56.926], [-2.765, 56.96], [-2.825, 56.962], [-2.833, 56.977], [-2.884, 56.986], [-2.954, 56.967], [-3.026, 56.973], [-3.083, 56.958], [-3.11, 56.919], [-3.107, 56.895], [-3.12, 56.888], [-3.16, 56.907], [-3.174, 56.9], [-3.284, 56.929], [-3.285, 56.907], [-3.372, 56.875], [-3.43, 56.887], [-3.466, 56.873], [-3.538, 56.892], [-3.561, 56.884], [-3.568, 56.895], [-3.559, 56.9], [-3.583, 56.931], [-3.646, 56.923], [-3.675, 56.932], [-3.684, 56.916], [-3.71, 56.914], [-3.741, 56.934], [-3.783, 56.923], [-3.802, 56.936], [-3.788, 56.963], [-3.748, 56.993], [-3.744, 57.017], [-3.757, 57.038], [-3.732, 57.057], [-3.753, 57.062], [-3.75, 57.076], [-3.684, 57.095], [-3.657, 57.069], [-3.646, 57.088], [-3.593, 57.084], [-3.558, 57.096], [-3.553, 57.083], [-3.336, 57.111], [-3.322, 57.131], [-3.349, 57.148], [-3.342, 57.156], [-3.357, 57.167], [-3.354, 57.178], [-3.243, 57.202], [-3.246, 57.219], [-3.209, 57.256], [-3.092, 57.284], [-3.044, 57.279], [-3.019, 57.262], [-2.984, 57.278], [-2.952, 57.318], [-2.972, 57.328], [-2.97, 57.351], [-2.984, 57.363], [-2.955, 57.378], [-2.968, 57.384], [-2.927, 57.403], [-2.931, 57.412], [-2.86, 57.416], [-2.829, 57.435], [-2.814, 57.416], [-2.793, 57.415], [-2.802, 57.405], [-2.784, 57.395], [-2.728, 57.394], [-2.742, 57.38], [-2.733, 57.375], [-2.69, 57.384], [-2.677, 57.4], [-2.625, 57.407], [-2.655, 57.408], [-2.679, 57.441], [-2.707, 57.443], [-2.698, 57.458], [-2.667, 57.454], [-2.645, 57.478], [-2.623, 57.482], [-2.555, 57.473], [-2.507, 57.442], [-2.46, 57.459], [-2.444, 57.448], [-2.402, 57.455], [-2.414, 57.476], [-2.397, 57.482], [-2.405, 57.489], [-2.362, 57.485], [-2.331, 57.498], [-2.222, 57.496], [-2.209, 57.484], [-2.205, 57.501], [-2.173, 57.507], [-2.149, 57.481], [-2.131, 57.494], [-2.031, 57.48], [-2.049, 57.456], [-2.022, 57.44], [-2.022, 57.426], [-1.991, 57.415], [-1.977, 57.391], [-1.998, 57.352], [-2.017, 57.361], [-2.023, 57.361], [-2.036, 57.363], [-2.053, 57.364], [-1.995, 57.347], [-2.014, 57.335], [-1.999, 57.331], [-2.003, 57.316], [-1.995, 57.32], [-1.99, 57.305], [-2.044, 57.243], [-2.075, 57.179], [-2.083, 57.176], [-2.099, 57.178], [-2.107, 57.178], [-2.108, 57.177], [-2.108, 57.176], [-2.105, 57.174], [-2.076, 57.177], [-2.076, 57.149], [-2.061, 57.146], [-2.095, 57.145], [-2.075, 57.141], [-2.091, 57.14], [-2.095, 57.138], [-2.098, 57.13], [-2.114, 57.128], [-2.121, 57.122], [-2.096, 57.13], [-2.092, 57.139], [-2.071, 57.14], [-2.056, 57.145], [-2.047, 57.139], [-2.059, 57.132], [-2.048, 57.129], [-2.051, 57.128], [-2.055, 57.123], [-2.054, 57.122], [-2.056, 57.122], [-2.055, 57.119], [-2.06, 57.118], [-2.063, 57.107], [-2.073, 57.104], [-2.072, 57.097], [-2.09, 57.084], [-2.092, 57.068], [-2.161, 57.018], [-2.177, 56.98], [-2.209, 56.968], [-2.191, 56.951], [-2.201, 56.948], [-2.196, 56.909], [-2.233, 56.863], [-2.274, 56.845], [-2.277, 56.83], [-2.326, 56.796], [-2.459, 56.747]]]]}}, {"type": "Feature", "properties": {"cd": "S22000048", "nm": "Alness and Invergordon"}, "geometry": {"type": "MultiPolygon", "coordinates": [[[[-3.927, 57.842], [-3.948, 57.852], [-3.964, 57.852], [-3.943, 57.853], [-3.927, 57.842]]], [[[-3.944, 57.815], [-3.945, 57.816], [-3.943, 57.815], [-3.943, 57.815], [-3.944, 57.815]]], [[[-4.039, 57.736], [-4.039, 57.737], [-4.038, 57.737], [-4.039, 57.736]]], [[[-4.044, 57.734], [-4.044, 57.735], [-4.043, 57.734], [-4.044, 57.734]]], [[[-4.392, 57.632], [-4.497, 57.66], [-4.572, 57.662], [-4.603, 57.651], [-4.633, 57.661], [-4.626, 57.693], [-4.648, 57.699], [-4.642, 57.719], [-4.673, 57.748], [-4.647, 57.764], [-4.683, 57.781], [-4.551, 57.816], [-4.529, 57.844], [-4.441, 57.849], [-4.39, 57.875], [-4.37, 57.865], [-4.361, 57.881], [-4.296, 57.852], [-4.191, 57.862], [-4.163, 57.833], [-4.119, 57.829], [-4.139, 57.844], [-4.11, 57.841], [-4.109, 57.835], [-4.099, 57.837], [-4.104, 57.834], [-4.077, 57.828], [-4.059, 57.819], [-4.044, 57.814], [-4.038, 57.813], [-4.036, 57.813], [-4.038, 57.812], [-4.037, 57.812], [-4.036, 57.813], [-4.036, 57.814], [-4.048, 57.815], [-3.961, 57.846], [-3.919, 57.838], [-3.898, 57.829], [-3.893, 57.825], [-3.916, 57.832], [-3.912, 57.827], [-3.94, 57.821], [-3.947, 57.814], [-3.962, 57.818], [-3.952, 57.812], [-3.858, 57.825], [-3.828, 57.836], [-3.813, 57.86], [-3.772, 57.867], [-3.793, 57.836], [-3.916, 57.753], [-3.976, 57.694], [-4.038, 57.695], [-4.007, 57.73], [-4.01, 57.734], [-4.009, 57.741], [-4.01, 57.742], [-4.015, 57.736], [-4.085, 57.728], [-4.168, 57.685], [-4.206, 57.693], [-4.238, 57.68], [-4.285, 57.683], [-4.303, 57.672], [-4.28, 57.665], [-4.392, 57.632]]]]}}, {"type": "Feature", "properties": {"cd": "S22000049", "nm": "Arbroath and Montrose"}, "geometry": {"type": "MultiPolygon", "coordinates": [[[[-2.462, 56.703], [-2.476, 56.707], [-2.477, 56.722], [-2.499, 56.723], [-2.487, 56.728], [-2.494, 56.743], [-2.425, 56.755], [-2.462, 56.703]]], [[[-2.48, 56.624], [-2.48, 56.625], [-2.479, 56.625], [-2.48, 56.625], [-2.48, 56.624]]], [[[-2.655, 56.521], [-2.661, 56.537], [-2.718, 56.531], [-2.807, 56.569], [-2.78, 56.577], [-2.791, 56.584], [-2.784, 56.593], [-2.723, 56.603], [-2.69, 56.637], [-2.661, 56.641], [-2.658, 56.655], [-2.691, 56.639], [-2.736, 56.645], [-2.717, 56.67], [-2.753, 56.674], [-2.636, 56.681], [-2.622, 56.663], [-2.606, 56.663], [-2.565, 56.677], [-2.565, 56.71], [-2.516, 56.699], [-2.436, 56.701], [-2.447, 56.68], [-2.511, 56.651], [-2.502, 56.63], [-2.48, 56.621], [-2.538, 56.567], [-2.604, 56.551], [-2.655, 56.521]]]]}}, {"type": "Feature", "properties": {"cd": "S22000050", "nm": "Aviemore and Grantown-on-Spey"}, "geometry": {"type": "MultiPolygon", "coordinates": [[[[-4.252, 56.926], [-4.252, 56.926], [-4.252, 56.926], [-4.252, 56.926]]], [[[-4.467, 56.777], [-4.57, 56.846], [-4.549, 56.885], [-4.451, 56.948], [-4.39, 56.943], [-4.352, 56.951], [-4.334, 56.978], [-4.279, 56.976], [-4.255, 56.989], [-4.288, 57.001], [-4.283, 57.019], [-4.416, 56.994], [-4.497, 56.956], [-4.536, 56.969], [-4.574, 56.961], [-4.589, 56.977], [-4.583, 56.984], [-4.616, 56.997], [-4.637, 57.033], [-4.629, 57.043], [-4.586, 57.063], [-4.54, 57.054], [-4.518, 57.072], [-4.488, 57.063], [-4.469, 57.077], [-4.447, 57.067], [-4.396, 57.084], [-4.366, 57.061], [-4.325, 57.1], [-4.302, 57.091], [-4.223, 57.122], [-4.151, 57.123], [-4.138, 57.133], [-4.158, 57.147], [-4.12, 57.188], [-4.064, 57.192], [-4.035, 57.252], [-3.997, 57.256], [-3.961, 57.273], [-3.954, 57.293], [-3.78, 57.36], [-3.758, 57.394], [-3.721, 57.4], [-3.73, 57.418], [-3.715, 57.431], [-3.685, 57.423], [-3.618, 57.435], [-3.61, 57.447], [-3.503, 57.461], [-3.471, 57.433], [-3.413, 57.424], [-3.386, 57.389], [-3.399, 57.383], [-3.395, 57.371], [-3.494, 57.305], [-3.449, 57.281], [-3.461, 57.274], [-3.448, 57.257], [-3.463, 57.238], [-3.43, 57.223], [-3.447, 57.212], [-3.432, 57.204], [-3.452, 57.177], [-3.536, 57.167], [-3.56, 57.141], [-3.618, 57.112], [-3.655, 57.116], [-3.715, 57.079], [-3.75, 57.076], [-3.753, 57.062], [-3.732, 57.057], [-3.757, 57.038], [-3.744, 57.017], [-3.748, 56.993], [-3.788, 56.963], [-3.802, 56.936], [-3.895, 56.923], [-3.951, 56.947], [-3.969, 56.93], [-3.968, 56.899], [-4.023, 56.889], [-4.035, 56.901], [-4.111, 56.895], [-4.174, 56.912], [-4.206, 56.884], [-4.192, 56.877], [-4.228, 56.858], [-4.304, 56.851], [-4.342, 56.821], [-4.367, 56.831], [-4.331, 56.876], [-4.248, 56.927], [-4.266, 56.926], [-4.339, 56.881], [-4.443, 56.781], [-4.467, 56.777]]]]}}, {"type": "Feature", "properties": {"cd": "S22000051", "nm": "Ayr"}, "geometry": {"type": "MultiPolygon", "coordinates": [[[[-4.733, 55.525], [-4.736, 55.527], [-4.736, 55.528], [-4.733, 55.527], [-4.733, 55.525]]], [[[-4.399, 55.282], [-4.398, 55.282], [-4.398, 55.282], [-4.399, 55.282]]], [[[-4.387, 55.273], [-4.387, 55.273], [-4.387, 55.273], [-4.387, 55.273]]], [[[-4.387, 55.259], [-4.387, 55.259], [-4.385, 55.259], [-4.385, 55.259], [-4.387, 55.259]]], [[[-4.359, 55.258], [-4.36, 55.258], [-4.36, 55.259], [-4.359, 55.258]]], [[[-4.378, 55.224], [-4.379, 55.224], [-4.378, 55.224], [-4.378, 55.224]]], [[[-4.387, 55.204], [-4.387, 55.204], [-4.387, 55.204], [-4.387, 55.204]]], [[[-4.439, 55.138], [-4.443, 55.168], [-4.462, 55.17], [-4.47, 55.196], [-4.496, 55.198], [-4.536, 55.238], [-4.567, 55.236], [-4.627, 55.267], [-4.714, 55.287], [-4.676, 55.307], [-4.658, 55.333], [-4.692, 55.344], [-4.706, 55.336], [-4.697, 55.347], [-4.741, 55.357], [-4.723, 55.362], [-4.77, 55.368], [-4.77, 55.401], [-4.754, 55.416], [-4.713, 55.433], [-4.648, 55.437], [-4.646, 55.47], [-4.622, 55.46], [-4.644, 55.471], [-4.628, 55.478], [-4.621, 55.5], [-4.631, 55.518], [-4.625, 55.514], [-4.624, 55.514], [-4.622, 55.514], [-4.623, 55.515], [-4.685, 55.545], [-4.684, 55.551], [-4.659, 55.548], [-4.658, 55.57], [-4.648, 55.563], [-4.606, 55.593], [-4.568, 55.602], [-4.569, 55.593], [-4.536, 55.591], [-4.544, 55.586], [-4.537, 55.574], [-4.5, 55.563], [-4.437, 55.568], [-4.35, 55.556], [-4.337, 55.573], [-4.276, 55.572], [-4.244, 55.569], [-4.223, 55.55], [-4.148, 55.573], [-4.082, 55.568], [-4.04, 55.592], [-3.997, 55.564], [-3.957, 55.556], [-3.959, 55.541], [-4.026, 55.492], [-4.012, 55.483], [-4.017, 55.473], [-3.986, 55.464], [-4.017, 55.447], [-4.002, 55.437], [-4.091, 55.412], [-4.107, 55.369], [-4.086, 55.351], [-4.119, 55.322], [-4.116, 55.3], [-4.146, 55.284], [-4.197, 55.316], [-4.233, 55.323], [-4.249, 55.306], [-4.301, 55.31], [-4.348, 55.265], [-4.378, 55.267], [-4.399, 55.284], [-4.39, 55.258], [-4.372, 55.252], [-4.372, 55.235], [-4.394, 55.218], [-4.388, 55.203], [-4.38, 55.208], [-4.375, 55.22], [-4.37, 55.227], [-4.369, 55.228], [-4.368, 55.228], [-4.368, 55.228], [-4.366, 55.229], [-4.36, 55.258], [-4.358, 55.258], [-4.358, 55.259], [-4.357, 55.259], [-4.357, 55.259], [-4.356, 55.259], [-4.357, 55.26], [-4.357, 55.261], [-4.356, 55.261], [-4.355, 55.261], [-4.356, 55.262], [-4.356, 55.263], [-4.355, 55.264], [-4.354, 55.265], [-4.354, 55.265], [-4.348, 55.264], [-4.348, 55.264], [-4.347, 55.265], [-4.345, 55.264], [-4.355, 55.264], [-4.356, 55.263], [-4.355, 55.261], [-4.356, 55.259], [-4.358, 55.258], [-4.36, 55.258], [-4.355, 55.253], [-4.377, 55.201], [-4.392, 55.202], [-4.409, 55.179], [-4.41, 55.152], [-4.439, 55.138]]]]}}, {"type": "Feature", "properties": {"cd": "S22000052", "nm": "Broadford and Kyle of Lochalsh"}, "geometry": {"type": "MultiPolygon", "coordinates": [[[[-5.751, 57.558], [-5.754, 57.56], [-5.753, 57.561], [-5.75, 57.56], [-5.751, 57.558]]], [[[-5.687, 57.531], [-5.689, 57.532], [-5.688, 57.532], [-5.686, 57.531], [-5.687, 57.531]]], [[[-5.685, 57.527], [-5.686, 57.528], [-5.686, 57.528], [-5.685, 57.528], [-5.685, 57.527]]], [[[-5.657, 57.523], [-5.661, 57.525], [-5.662, 57.527], [-5.658, 57.527], [-5.657, 57.523]]], [[[-5.829, 57.398], [-5.831, 57.403], [-5.828, 57.406], [-5.825, 57.402], [-5.829, 57.398]]], [[[-5.477, 57.397], [-5.478, 57.397], [-5.477, 57.398], [-5.477, 57.397]]], [[[-5.487, 57.39], [-5.485, 57.392], [-5.484, 57.392], [-5.486, 57.39], [-5.487, 57.39]]], [[[-5.835, 57.372], [-5.841, 57.372], [-5.835, 57.376], [-5.835, 57.372]]], [[[-5.65, 57.373], [-5.652, 57.377], [-5.647, 57.378], [-5.65, 57.376], [-5.65, 57.373]]], [[[-5.647, 57.37], [-5.649, 57.371], [-5.646, 57.373], [-5.645, 57.37], [-5.647, 57.37]]], [[[-5.618, 57.358], [-5.618, 57.359], [-5.616, 57.359], [-5.616, 57.359], [-5.618, 57.358]]], [[[-5.599, 57.352], [-5.598, 57.353], [-5.596, 57.352], [-5.598, 57.353], [-5.599, 57.352]]], [[[-5.652, 57.349], [-5.652, 57.349], [-5.652, 57.349], [-5.652, 57.349]]], [[[-5.605, 57.35], [-5.606, 57.35], [-5.605, 57.35], [-5.605, 57.35]]], [[[-5.598, 57.35], [-5.598, 57.35], [-5.598, 57.35], [-5.598, 57.35]]], [[[-5.602, 57.349], [-5.604, 57.35], [-5.604, 57.35], [-5.602, 57.35], [-5.602, 57.349]]], [[[-5.666, 57.346], [-5.667, 57.346], [-5.665, 57.346], [-5.666, 57.346]]], [[[-5.668, 57.342], [-5.668, 57.343], [-5.666, 57.343], [-5.666, 57.343], [-5.668, 57.342]]], [[[-5.835, 57.333], [-5.846, 57.335], [-5.859, 57.355], [-5.841, 57.338], [-5.841, 57.352], [-5.821, 57.342], [-5.835, 57.333]]], [[[-5.689, 57.337], [-5.689, 57.337], [-5.688, 57.337], [-5.688, 57.337], [-5.689, 57.337]]], [[[-5.927, 57.325], [-5.927, 57.327], [-5.925, 57.327], [-5.925, 57.326], [-5.927, 57.325]]], [[[-5.698, 57.331], [-5.698, 57.332], [-5.697, 57.333], [-5.697, 57.332], [-5.698, 57.331]]], [[[-5.693, 57.328], [-5.694, 57.328], [-5.692, 57.328], [-5.693, 57.328]]], [[[-5.076, 57.33], [-5.078, 57.33], [-5.076, 57.33], [-5.076, 57.33]]], [[[-5.891, 57.306], [-5.895, 57.307], [-5.897, 57.315], [-5.883, 57.31], [-5.891, 57.306]]], [[[-5.109, 57.323], [-5.109, 57.323], [-5.108, 57.323], [-5.109, 57.323]]], [[[-5.154, 57.32], [-5.154, 57.32], [-5.153, 57.32], [-5.154, 57.32]]], [[[-5.733, 57.3], [-5.735, 57.301], [-5.731, 57.301], [-5.733, 57.3]]], [[[-5.733, 57.298], [-5.734, 57.3], [-5.731, 57.3], [-5.732, 57.298], [-5.733, 57.298]]], [[[-5.167, 57.313], [-5.167, 57.313], [-5.167, 57.313], [-5.167, 57.313]]], [[[-5.168, 57.313], [-5.169, 57.313], [-5.169, 57.313], [-5.168, 57.313]]], [[[-5.167, 57.313], [-5.167, 57.313], [-5.167, 57.313], [-5.167, 57.313]]], [[[-5.739, 57.285], [-5.739, 57.289], [-5.735, 57.288], [-5.736, 57.286], [-5.739, 57.285]]], [[[-5.954, 57.274], [-6.007, 57.289], [-6.023, 57.305], [-6.016, 57.32], [-5.961, 57.322], [-5.925, 57.307], [-5.926, 57.283], [-5.954, 57.274]]], [[[-5.918, 57.273], [-5.92, 57.274], [-5.921, 57.276], [-5.919, 57.276], [-5.918, 57.273]]], [[[-5.736, 57.278], [-5.737, 57.279], [-5.737, 57.281], [-5.735, 57.281], [-5.736, 57.278]]], [[[-5.74, 57.278], [-5.742, 57.278], [-5.738, 57.28], [-5.738, 57.279], [-5.74, 57.278]]], [[[-5.712, 57.277], [-5.712, 57.277], [-5.713, 57.277], [-5.711, 57.277], [-5.712, 57.277]]], [[[-5.707, 57.276], [-5.708, 57.277], [-5.706, 57.277], [-5.707, 57.276]]], [[[-5.864, 57.268], [-5.87, 57.278], [-5.848, 57.275], [-5.849, 57.272], [-5.864, 57.268]]], [[[-5.579, 57.262], [-5.581, 57.268], [-5.573, 57.267], [-5.574, 57.262], [-5.579, 57.262]]], [[[-6.162, 57.195], [-6.166, 57.196], [-6.166, 57.197], [-6.161, 57.196], [-6.162, 57.195]]], [[[-6.15, 57.193], [-6.152, 57.194], [-6.152, 57.194], [-6.15, 57.194], [-6.15, 57.193]]], [[[-5.891, 57.172], [-5.897, 57.172], [-5.898, 57.174], [-5.895, 57.177], [-5.891, 57.172]]], [[[-5.934, 57.169], [-5.934, 57.17], [-5.934, 57.17], [-5.933, 57.17], [-5.933, 57.17], [-5.934, 57.169]]], [[[-5.693, 57.168], [-5.693, 57.168], [-5.691, 57.168], [-5.692, 57.168], [-5.693, 57.168]]], [[[-5.696, 57.167], [-5.697, 57.169], [-5.694, 57.169], [-5.695, 57.168], [-5.696, 57.167]]], [[[-5.699, 57.166], [-5.699, 57.167], [-5.697, 57.167], [-5.698, 57.166], [-5.699, 57.166]]], [[[-5.703, 57.166], [-5.705, 57.168], [-5.701, 57.168], [-5.702, 57.168], [-5.703, 57.166]]], [[[-5.684, 57.151], [-5.685, 57.151], [-5.683, 57.151], [-5.684, 57.151]]], [[[-5.978, 57.138], [-5.979, 57.139], [-5.976, 57.139], [-5.978, 57.138]]], [[[-5.794, 57.144], [-5.791, 57.15], [-5.782, 57.151], [-5.782, 57.146], [-5.794, 57.144]]], [[[-5.784, 57.143], [-5.784, 57.144], [-5.78, 57.144], [-5.781, 57.143], [-5.784, 57.143]]], [[[-5.791, 57.143], [-5.79, 57.143], [-5.789, 57.143], [-5.791, 57.143]]], [[[-5.619, 57.142], [-5.622, 57.143], [-5.614, 57.143], [-5.616, 57.142], [-5.619, 57.142]]], [[[-5.607, 57.14], [-5.61, 57.14], [-5.611, 57.14], [-5.609, 57.141], [-5.607, 57.14]]], [[[-6.093, 57.124], [-6.095, 57.124], [-6.096, 57.127], [-6.092, 57.125], [-6.093, 57.124]]], [[[-5.454, 57.107], [-5.454, 57.108], [-5.452, 57.107], [-5.454, 57.107]]], [[[-5.527, 57.101], [-5.528, 57.101], [-5.527, 57.101], [-5.527, 57.101]]], [[[-5.529, 57.099], [-5.528, 57.099], [-5.528, 57.099], [-5.529, 57.099]]], [[[-5.528, 57.097], [-5.528, 57.098], [-5.527, 57.098], [-5.527, 57.097], [-5.528, 57.097]]], [[[-5.111, 57.105], [-5.111, 57.105], [-5.111, 57.105], [-5.111, 57.105]]], [[[-5.107, 57.104], [-5.107, 57.104], [-5.107, 57.104], [-5.107, 57.104]]], [[[-5.106, 57.104], [-5.106, 57.104], [-5.106, 57.104], [-5.106, 57.104]]], [[[-5.085, 57.1], [-5.086, 57.1], [-5.086, 57.101], [-5.085, 57.1]]], [[[-5.04, 57.101], [-5.04, 57.101], [-5.039, 57.101], [-5.04, 57.101]]], [[[-5.051, 57.098], [-5.051, 57.098], [-5.051, 57.098], [-5.051, 57.098]]], [[[-5.051, 57.098], [-5.052, 57.098], [-5.051, 57.098], [-5.051, 57.098]]], [[[-5.059, 57.096], [-5.155, 57.102], [-5.197, 57.112], [-5.199, 57.124], [-5.353, 57.149], [-5.423, 57.127], [-5.423, 57.116], [-5.439, 57.111], [-5.527, 57.102], [-5.553, 57.112], [-5.563, 57.134], [-5.679, 57.148], [-5.692, 57.172], [-5.624, 57.212], [-5.656, 57.228], [-5.636, 57.25], [-5.584, 57.256], [-5.53, 57.271], [-5.433, 57.212], [-5.393, 57.231], [-5.451, 57.237], [-5.516, 57.274], [-5.486, 57.297], [-5.485, 57.307], [-5.431, 57.315], [-5.409, 57.31], [-5.407, 57.303], [-5.407, 57.303], [-5.404, 57.302], [-5.403, 57.301], [-5.402, 57.302], [-5.408, 57.31], [-5.432, 57.315], [-5.428, 57.316], [-5.426, 57.317], [-5.481, 57.312], [-5.52, 57.277], [-5.558, 57.284], [-5.592, 57.271], [-5.648, 57.287], [-5.673, 57.28], [-5.734, 57.283], [-5.718, 57.283], [-5.729, 57.297], [-5.716, 57.315], [-5.671, 57.327], [-5.686, 57.342], [-5.644, 57.346], [-5.662, 57.335], [-5.65, 57.334], [-5.535, 57.353], [-5.46, 57.389], [-5.435, 57.415], [-5.45, 57.425], [-5.552, 57.358], [-5.601, 57.355], [-5.613, 57.359], [-5.6, 57.365], [-5.633, 57.365], [-5.639, 57.376], [-5.634, 57.38], [-5.609, 57.384], [-5.61, 57.385], [-5.597, 57.388], [-5.594, 57.391], [-5.615, 57.399], [-5.608, 57.421], [-5.643, 57.391], [-5.73, 57.355], [-5.788, 57.346], [-5.807, 57.376], [-5.82, 57.361], [-5.831, 57.391], [-5.819, 57.388], [-5.821, 57.402], [-5.806, 57.391], [-5.825, 57.419], [-5.806, 57.439], [-5.854, 57.442], [-5.873, 57.474], [-5.849, 57.563], [-5.839, 57.556], [-5.841, 57.576], [-5.812, 57.586], [-5.743, 57.554], [-5.742, 57.543], [-5.707, 57.54], [-5.717, 57.552], [-5.702, 57.553], [-5.697, 57.53], [-5.65, 57.509], [-5.656, 57.542], [-5.621, 57.521], [-5.626, 57.531], [-5.606, 57.536], [-5.511, 57.537], [-5.517, 57.55], [-5.592, 57.557], [-5.669, 57.546], [-5.704, 57.564], [-5.681, 57.568], [-5.686, 57.577], [-5.737, 57.597], [-5.738, 57.61], [-5.712, 57.612], [-5.406, 57.581], [-5.399, 57.559], [-5.361, 57.565], [-5.313, 57.543], [-5.271, 57.548], [-5.236, 57.569], [-5.22, 57.532], [-5.191, 57.521], [-5.093, 57.543], [-5.02, 57.529], [-5.007, 57.509], [-5.018, 57.503], [-4.996, 57.481], [-5.028, 57.464], [-5.11, 57.479], [-5.119, 57.46], [-5.234, 57.45], [-5.259, 57.434], [-5.24, 57.413], [-5.097, 57.412], [-5.108, 57.38], [-5.096, 57.366], [-5.047, 57.366], [-5.011, 57.334], [-5.087, 57.333], [-5.174, 57.313], [-5.029, 57.326], [-5.035, 57.304], [-5.111, 57.29], [-5.173, 57.257], [-5.232, 57.252], [-5.283, 57.218], [-5.233, 57.206], [-5.252, 57.175], [-5.222, 57.174], [-5.205, 57.201], [-5.068, 57.166], [-5.086, 57.153], [-5.081, 57.142], [-5.163, 57.159], [-5.177, 57.153], [-5.08, 57.134], [-5.086, 57.122], [-5.034, 57.103], [-5.048, 57.1], [-5.059, 57.096]]], [[[-5.056, 57.096], [-5.056, 57.096], [-5.056, 57.097], [-5.055, 57.097], [-5.056, 57.096]]], [[[-5.057, 57.096], [-5.057, 57.096], [-5.057, 57.096], [-5.057, 57.096]]], [[[-5.057, 57.096], [-5.057, 57.096], [-5.057, 57.096], [-5.057, 57.096]]], [[[-5.057, 57.096], [-5.057, 57.096], [-5.057, 57.096], [-5.057, 57.096]]], [[[-6.021, 57.019], [-6.022, 57.02], [-6.022, 57.02], [-6.021, 57.02], [-6.021, 57.019]]], [[[-6.018, 57.018], [-6.038, 57.057], [-5.999, 57.074], [-6.008, 57.09], [-5.985, 57.107], [-6.004, 57.113], [-5.998, 57.124], [-5.915, 57.166], [-5.866, 57.171], [-5.843, 57.183], [-5.838, 57.19], [-5.898, 57.18], [-5.902, 57.171], [-5.992, 57.169], [-6.003, 57.2], [-6.037, 57.228], [-6.03, 57.183], [-6.05, 57.181], [-6.056, 57.157], [-6.087, 57.127], [-6.113, 57.137], [-6.102, 57.17], [-6.112, 57.191], [-6.144, 57.187], [-6.19, 57.213], [-6.151, 57.243], [-6.16, 57.266], [-6.124, 57.257], [-6.12, 57.276], [-6.073, 57.266], [-6.022, 57.288], [-5.994, 57.27], [-5.922, 57.263], [-5.905, 57.253], [-5.914, 57.241], [-5.886, 57.238], [-5.753, 57.275], [-5.711, 57.271], [-5.732, 57.261], [-5.668, 57.265], [-5.648, 57.255], [-5.666, 57.237], [-5.669, 57.209], [-5.698, 57.193], [-5.781, 57.167], [-5.808, 57.176], [-5.796, 57.16], [-5.806, 57.146], [-5.787, 57.138], [-5.806, 57.137], [-5.798, 57.129], [-5.824, 57.109], [-5.853, 57.112], [-5.889, 57.081], [-5.894, 57.061], [-5.961, 57.028], [-6.018, 57.018]]]]}}, {"type": "Feature", "properties": {"cd": "S22000053", "nm": "Dalbeattie and Castle Douglas"}, "geometry": {"type": "MultiPolygon", "coordinates": [[[[-4.095, 54.765], [-4.125, 54.778], [-4.122, 54.788], [-4.139, 54.776], [-4.16, 54.78], [-4.179, 54.792], [-4.181, 54.809], [-4.22, 54.825], [-4.139, 54.854], [-4.149, 54.863], [-4.129, 54.892], [-4.161, 54.955], [-4.157, 54.979], [-4.174, 54.997], [-4.162, 55.019], [-4.122, 55.044], [-4.06, 55.011], [-4.044, 55.025], [-4.06, 55.038], [-4.016, 55.05], [-3.984, 55.036], [-3.995, 55.023], [-3.981, 55.011], [-3.94, 55.018], [-3.912, 54.985], [-3.857, 54.967], [-3.866, 54.976], [-3.858, 54.994], [-3.879, 55.006], [-3.728, 55.018], [-3.746, 54.999], [-3.716, 54.99], [-3.703, 54.954], [-3.663, 54.95], [-3.618, 54.921], [-3.644, 54.888], [-3.666, 54.891], [-3.665, 54.906], [-3.679, 54.89], [-3.787, 54.853], [-3.812, 54.871], [-3.813, 54.895], [-3.837, 54.894], [-3.821, 54.903], [-3.82, 54.907], [-3.824, 54.912], [-3.822, 54.914], [-3.822, 54.917], [-3.82, 54.917], [-3.819, 54.918], [-3.82, 54.919], [-3.821, 54.919], [-3.821, 54.921], [-3.826, 54.924], [-3.827, 54.924], [-3.821, 54.919], [-3.82, 54.918], [-3.823, 54.917], [-3.824, 54.912], [-3.821, 54.903], [-3.84, 54.896], [-3.835, 54.891], [-3.828, 54.89], [-3.828, 54.888], [-3.82, 54.887], [-3.826, 54.861], [-3.807, 54.845], [-3.842, 54.867], [-3.856, 54.865], [-3.835, 54.846], [-3.864, 54.846], [-3.824, 54.824], [-3.976, 54.769], [-4.045, 54.77], [-4.065, 54.781], [-4.046, 54.815], [-4.055, 54.826], [-4.072, 54.818], [-4.041, 54.848], [-4.049, 54.854], [-4.035, 54.86], [-4.051, 54.867], [-4.051, 54.849], [-4.045, 54.846], [-4.091, 54.814], [-4.09, 54.782], [-4.106, 54.778], [-4.09, 54.775], [-4.095, 54.765]]], [[[-4.086, 54.764], [-4.089, 54.765], [-4.084, 54.769], [-4.083, 54.765], [-4.086, 54.764]]]]}}, {"type": "Feature", "properties": {"cd": "S22000054", "nm": "Dumbarton and Helensburgh"}, "geometry": {"type": "MultiPolygon", "coordinates": [[[[-4.715, 56.306], [-4.716, 56.306], [-4.716, 56.306], [-4.715, 56.306]]], [[[-4.712, 56.305], [-4.713, 56.305], [-4.712, 56.305], [-4.712, 56.305]]], [[[-4.695, 56.284], [-4.695, 56.284], [-4.695, 56.284], [-4.695, 56.284]]], [[[-4.701, 56.28], [-4.701, 56.28], [-4.701, 56.28], [-4.701, 56.28]]], [[[-4.697, 56.277], [-4.697, 56.278], [-4.696, 56.278], [-4.696, 56.278], [-4.697, 56.277]]], [[[-4.708, 56.249], [-4.709, 56.249], [-4.709, 56.249], [-4.708, 56.249]]], [[[-4.714, 56.246], [-4.714, 56.246], [-4.713, 56.246], [-4.713, 56.246], [-4.714, 56.246]]], [[[-4.711, 56.245], [-4.711, 56.246], [-4.71, 56.246], [-4.71, 56.245], [-4.711, 56.245]]], [[[-4.696, 56.212], [-4.697, 56.212], [-4.696, 56.212], [-4.696, 56.212]]], [[[-4.707, 56.204], [-4.707, 56.204], [-4.707, 56.204], [-4.707, 56.204]]], [[[-4.702, 56.195], [-4.702, 56.195], [-4.702, 56.195], [-4.702, 56.195]]], [[[-4.701, 56.195], [-4.701, 56.195], [-4.701, 56.195], [-4.701, 56.195]]], [[[-4.675, 56.169], [-4.675, 56.169], [-4.675, 56.169], [-4.675, 56.169], [-4.675, 56.169]]], [[[-4.658, 56.147], [-4.657, 56.148], [-4.657, 56.147], [-4.658, 56.147]]], [[[-4.653, 56.146], [-4.653, 56.146], [-4.653, 56.146], [-4.653, 56.146]]], [[[-4.622, 56.101], [-4.622, 56.101], [-4.622, 56.101], [-4.622, 56.101]]], [[[-4.623, 56.101], [-4.623, 56.101], [-4.623, 56.101], [-4.623, 56.101]]], [[[-4.634, 56.1], [-4.634, 56.1], [-4.633, 56.1], [-4.634, 56.1]]], [[[-4.611, 56.101], [-4.606, 56.109], [-4.595, 56.109], [-4.599, 56.103], [-4.611, 56.101]]], [[[-4.633, 56.1], [-4.633, 56.1], [-4.633, 56.1], [-4.633, 56.1]]], [[[-4.627, 56.1], [-4.627, 56.1], [-4.627, 56.1], [-4.627, 56.1]]], [[[-4.621, 56.099], [-4.621, 56.099], [-4.621, 56.099], [-4.621, 56.099]]], [[[-4.628, 56.098], [-4.627, 56.1], [-4.627, 56.099], [-4.628, 56.098]]], [[[-4.622, 56.098], [-4.622, 56.098], [-4.622, 56.098], [-4.622, 56.098]]], [[[-4.621, 56.087], [-4.622, 56.087], [-4.621, 56.087], [-4.621, 56.087]]], [[[-4.619, 56.087], [-4.619, 56.087], [-4.619, 56.087], [-4.619, 56.087]]], [[[-4.635, 56.086], [-4.636, 56.086], [-4.635, 56.086], [-4.635, 56.086]]], [[[-4.616, 56.085], [-4.619, 56.087], [-4.617, 56.092], [-4.62, 56.093], [-4.609, 56.093], [-4.616, 56.085]]], [[[-4.621, 56.083], [-4.621, 56.083], [-4.621, 56.083], [-4.621, 56.083]]], [[[-4.631, 56.08], [-4.627, 56.092], [-4.618, 56.09], [-4.622, 56.084], [-4.631, 56.08]]], [[[-4.619, 56.08], [-4.619, 56.081], [-4.619, 56.081], [-4.619, 56.08]]], [[[-4.633, 56.08], [-4.633, 56.08], [-4.633, 56.08], [-4.633, 56.08]]], [[[-4.632, 56.079], [-4.632, 56.079], [-4.632, 56.079], [-4.632, 56.079]]], [[[-4.612, 56.078], [-4.615, 56.081], [-4.62, 56.081], [-4.621, 56.082], [-4.599, 56.084], [-4.612, 56.078]]], [[[-4.622, 56.078], [-4.622, 56.078], [-4.622, 56.078], [-4.622, 56.078]]], [[[-4.637, 56.069], [-4.637, 56.069], [-4.637, 56.069], [-4.637, 56.069]]], [[[-4.572, 56.069], [-4.568, 56.072], [-4.564, 56.072], [-4.569, 56.069], [-4.572, 56.069]]], [[[-4.576, 56.066], [-4.577, 56.066], [-4.576, 56.066], [-4.576, 56.066]]], [[[-4.539, 56.066], [-4.54, 56.066], [-4.539, 56.067], [-4.539, 56.066]]], [[[-4.58, 56.063], [-4.582, 56.064], [-4.584, 56.064], [-4.579, 56.066], [-4.58, 56.063]]], [[[-4.63, 56.055], [-4.63, 56.055], [-4.63, 56.055], [-4.63, 56.055]]], [[[-4.568, 56.053], [-4.568, 56.054], [-4.568, 56.054], [-4.568, 56.053]]], [[[-4.567, 56.051], [-4.567, 56.051], [-4.567, 56.051], [-4.567, 56.051]]], [[[-4.568, 56.051], [-4.568, 56.051], [-4.567, 56.051], [-4.568, 56.051]]], [[[-4.569, 56.051], [-4.569, 56.051], [-4.569, 56.051], [-4.569, 56.051]]], [[[-4.567, 56.05], [-4.567, 56.05], [-4.567, 56.05], [-4.567, 56.05]]], [[[-4.569, 56.05], [-4.57, 56.05], [-4.572, 56.05], [-4.571, 56.05], [-4.568, 56.05], [-4.569, 56.05]]], [[[-4.575, 56.048], [-4.575, 56.048], [-4.575, 56.048], [-4.575, 56.048]]], [[[-4.612, 56.041], [-4.612, 56.041], [-4.612, 56.041], [-4.612, 56.041]]], [[[-4.586, 56.041], [-4.586, 56.041], [-4.586, 56.041], [-4.586, 56.041]]], [[[-4.609, 56.04], [-4.604, 56.055], [-4.59, 56.059], [-4.593, 56.053], [-4.609, 56.04]]], [[[-4.631, 56.033], [-4.631, 56.033], [-4.63, 56.033], [-4.631, 56.033]]], [[[-4.631, 56.032], [-4.631, 56.032], [-4.631, 56.032], [-4.631, 56.032]]], [[[-4.63, 56.031], [-4.631, 56.032], [-4.63, 56.032], [-4.63, 56.031]]], [[[-4.595, 56.031], [-4.595, 56.031], [-4.595, 56.031], [-4.595, 56.031]]], [[[-4.596, 56.028], [-4.596, 56.028], [-4.596, 56.028], [-4.596, 56.028]]], [[[-4.597, 56.028], [-4.597, 56.028], [-4.597, 56.028], [-4.597, 56.028]]], [[[-4.596, 56.027], [-4.596, 56.027], [-4.596, 56.027], [-4.596, 56.027]]], [[[-4.593, 56.006], [-4.593, 56.006], [-4.593, 56.006], [-4.593, 56.006]]], [[[-4.582, 56.004], [-4.583, 56.004], [-4.582, 56.004], [-4.582, 56.004]]], [[[-4.471, 55.929], [-4.563, 55.935], [-4.564, 55.943], [-4.578, 55.953], [-4.574, 55.956], [-4.573, 55.958], [-4.573, 55.961], [-4.577, 55.963], [-4.57, 55.965], [-4.57, 55.966], [-4.572, 55.967], [-4.578, 55.964], [-4.58, 55.952], [-4.565, 55.94], [-4.574, 55.938], [-4.702, 55.968], [-4.685, 55.976], [-4.7, 55.992], [-4.788, 56.015], [-4.831, 56.08], [-4.842, 56.06], [-4.827, 56.035], [-4.767, 55.99], [-4.852, 55.989], [-4.88, 56.058], [-4.744, 56.205], [-4.786, 56.186], [-4.817, 56.15], [-4.849, 56.156], [-4.836, 56.177], [-4.874, 56.198], [-4.857, 56.21], [-4.848, 56.245], [-4.805, 56.277], [-4.824, 56.274], [-4.838, 56.294], [-4.781, 56.312], [-4.786, 56.324], [-4.744, 56.332], [-4.658, 56.322], [-4.682, 56.298], [-4.661, 56.281], [-4.692, 56.279], [-4.701, 56.3], [-4.704, 56.301], [-4.705, 56.302], [-4.715, 56.307], [-4.714, 56.304], [-4.72, 56.302], [-4.699, 56.282], [-4.716, 56.245], [-4.694, 56.217], [-4.708, 56.202], [-4.664, 56.165], [-4.671, 56.157], [-4.631, 56.098], [-4.641, 56.07], [-4.627, 56.059], [-4.642, 56.046], [-4.628, 56.026], [-4.582, 56.003], [-4.594, 56.032], [-4.583, 56.044], [-4.565, 56.05], [-4.566, 56.053], [-4.536, 56.054], [-4.514, 56.064], [-4.532, 56.073], [-4.515, 56.066], [-4.506, 56.059], [-4.505, 56.068], [-4.476, 56.061], [-4.499, 56.048], [-4.482, 56.012], [-4.448, 56.004], [-4.428, 55.981], [-4.464, 55.964], [-4.471, 55.929]]]]}}, {"type": "Feature", "properties": {"cd": "S22000055", "nm": "Dumfries"}, "geometry": {"type": "Polygon", "coordinates": [[[-3.413, 54.979], [-3.432, 54.993], [-3.455, 54.991], [-3.46, 54.981], [-3.468, 54.987], [-3.471, 54.988], [-3.487, 54.982], [-3.49, 54.985], [-3.489, 54.987], [-3.491, 54.988], [-3.492, 54.988], [-3.494, 54.988], [-3.495, 54.988], [-3.494, 54.99], [-3.501, 54.992], [-3.503, 54.991], [-3.503, 54.99], [-3.507, 54.989], [-3.506, 54.991], [-3.508, 54.992], [-3.509, 54.991], [-3.508, 54.991], [-3.51, 54.99], [-3.51, 54.991], [-3.512, 54.992], [-3.511, 54.992], [-3.511, 54.993], [-3.512, 54.993], [-3.513, 54.993], [-3.513, 54.992], [-3.51, 54.99], [-3.508, 54.99], [-3.508, 54.992], [-3.507, 54.989], [-3.495, 54.99], [-3.495, 54.988], [-3.488, 54.982], [-3.479, 54.98], [-3.471, 54.988], [-3.46, 54.98], [-3.454, 54.989], [-3.437, 54.989], [-3.487, 54.966], [-3.558, 54.977], [-3.578, 55.015], [-3.604, 55.034], [-3.605, 55.047], [-3.612, 55.052], [-3.61, 55.055], [-3.604, 55.057], [-3.603, 55.059], [-3.609, 55.064], [-3.615, 55.068], [-3.604, 55.058], [-3.614, 55.053], [-3.606, 55.035], [-3.61, 55.034], [-3.609, 55.036], [-3.612, 55.036], [-3.613, 55.036], [-3.614, 55.037], [-3.613, 55.036], [-3.612, 55.038], [-3.616, 55.038], [-3.617, 55.037], [-3.577, 55.008], [-3.591, 54.998], [-3.576, 54.979], [-3.594, 54.978], [-3.599, 54.973], [-3.587, 54.977], [-3.578, 54.962], [-3.59, 54.926], [-3.563, 54.907], [-3.598, 54.872], [-3.688, 54.88], [-3.694, 54.887], [-3.665, 54.906], [-3.666, 54.891], [-3.635, 54.893], [-3.618, 54.921], [-3.663, 54.95], [-3.703, 54.954], [-3.716, 54.99], [-3.746, 54.999], [-3.724, 55.017], [-3.879, 55.006], [-3.858, 54.994], [-3.866, 54.976], [-3.858, 54.975], [-3.857, 54.967], [-3.912, 54.985], [-3.94, 55.018], [-3.981, 55.011], [-3.995, 55.023], [-3.984, 55.036], [-4.016, 55.05], [-4.06, 55.038], [-4.044, 55.025], [-4.06, 55.011], [-4.122, 55.044], [-4.162, 55.019], [-4.177, 55.034], [-4.272, 55.047], [-4.286, 55.072], [-4.396, 55.098], [-4.386, 55.122], [-4.409, 55.134], [-4.413, 55.168], [-4.392, 55.202], [-4.377, 55.201], [-4.36, 55.258], [-4.301, 55.31], [-4.258, 55.305], [-4.239, 55.322], [-4.203, 55.318], [-4.143, 55.284], [-4.116, 55.3], [-4.119, 55.322], [-4.086, 55.351], [-4.107, 55.369], [-4.091, 55.412], [-4.002, 55.437], [-4.017, 55.447], [-3.986, 55.464], [-3.97, 55.454], [-3.869, 55.457], [-3.825, 55.444], [-3.777, 55.404], [-3.735, 55.408], [-3.733, 55.426], [-3.689, 55.44], [-3.708, 55.477], [-3.689, 55.515], [-3.741, 55.51], [-3.77, 55.531], [-3.723, 55.545], [-3.667, 55.536], [-3.575, 55.596], [-3.544, 55.584], [-3.61, 55.557], [-3.575, 55.551], [-3.569, 55.536], [-3.509, 55.509], [-3.54, 55.441], [-3.503, 55.409], [-3.354, 55.413], [-3.315, 55.445], [-3.293, 55.431], [-3.244, 55.429], [-3.312, 55.38], [-3.304, 55.369], [-3.32, 55.349], [-3.297, 55.342], [-3.31, 55.329], [-3.306, 55.315], [-3.239, 55.29], [-3.234, 55.271], [-3.204, 55.25], [-3.226, 55.198], [-3.147, 55.192], [-3.146, 55.176], [-3.127, 55.175], [-3.134, 55.164], [-3.111, 55.11], [-3.094, 55.103], [-3.092, 55.086], [-3.105, 55.078], [-3.147, 55.095], [-3.178, 55.085], [-3.172, 55.063], [-3.193, 55.045], [-3.115, 55.041], [-3.094, 55.027], [-3.13, 55.017], [-3.165, 55.026], [-3.159, 54.988], [-3.265, 54.969], [-3.276, 54.979], [-3.265, 54.987], [-3.267, 54.992], [-3.26, 54.996], [-3.261, 54.998], [-3.263, 54.999], [-3.279, 54.979], [-3.27, 54.966], [-3.331, 54.979], [-3.371, 54.971], [-3.413, 54.979]]]}}, {"type": "Feature", "properties": {"cd": "S22000056", "nm": "Dundee"}, "geometry": {"type": "MultiPolygon", "coordinates": [[[[-3.158, 56.413], [-3.184, 56.428], [-3.227, 56.419], [-3.208, 56.435], [-3.215, 56.439], [-3.251, 56.424], [-3.279, 56.433], [-3.24, 56.439], [-3.269, 56.472], [-3.247, 56.492], [-3.186, 56.507], [-3.212, 56.524], [-3.173, 56.526], [-3.164, 56.538], [-3.19, 56.561], [-3.211, 56.553], [-3.218, 56.561], [-3.271, 56.543], [-3.262, 56.534], [-3.284, 56.522], [-3.297, 56.54], [-3.24, 56.569], [-3.263, 56.581], [-3.251, 56.598], [-3.271, 56.609], [-3.289, 56.597], [-3.277, 56.618], [-3.31, 56.626], [-3.342, 56.662], [-3.365, 56.666], [-3.326, 56.684], [-3.341, 56.702], [-3.333, 56.712], [-3.364, 56.738], [-3.358, 56.748], [-3.39, 56.769], [-3.352, 56.82], [-3.407, 56.843], [-3.367, 56.882], [-3.285, 56.907], [-3.289, 56.927], [-3.174, 56.9], [-3.16, 56.907], [-3.12, 56.888], [-3.107, 56.895], [-3.11, 56.919], [-3.083, 56.958], [-3.026, 56.973], [-2.954, 56.967], [-2.892, 56.987], [-2.833, 56.977], [-2.825, 56.962], [-2.741, 56.949], [-2.725, 56.926], [-2.681, 56.91], [-2.681, 56.888], [-2.662, 56.889], [-2.672, 56.847], [-2.651, 56.814], [-2.721, 56.815], [-2.714, 56.807], [-2.729, 56.803], [-2.695, 56.789], [-2.704, 56.785], [-2.693, 56.772], [-2.67, 56.772], [-2.677, 56.784], [-2.666, 56.79], [-2.53, 56.785], [-2.47, 56.753], [-2.494, 56.743], [-2.492, 56.723], [-2.516, 56.723], [-2.529, 56.71], [-2.53, 56.716], [-2.539, 56.719], [-2.532, 56.713], [-2.539, 56.712], [-2.541, 56.713], [-2.543, 56.716], [-2.545, 56.716], [-2.553, 56.717], [-2.557, 56.716], [-2.559, 56.713], [-2.544, 56.716], [-2.542, 56.713], [-2.534, 56.711], [-2.532, 56.706], [-2.567, 56.709], [-2.561, 56.683], [-2.592, 56.665], [-2.622, 56.663], [-2.636, 56.681], [-2.753, 56.674], [-2.717, 56.67], [-2.738, 56.648], [-2.713, 56.641], [-2.658, 56.655], [-2.662, 56.64], [-2.69, 56.637], [-2.704, 56.613], [-2.782, 56.594], [-2.791, 56.584], [-2.78, 56.577], [-2.807, 56.569], [-2.718, 56.531], [-2.66, 56.536], [-2.655, 56.521], [-2.716, 56.495], [-2.735, 56.464], [-2.796, 56.481], [-2.988, 56.451], [-3.052, 56.458], [-3.158, 56.413]]], [[[-2.962, 56.384], [-2.982, 56.387], [-2.986, 56.402], [-3.07, 56.395], [-3.04, 56.416], [-2.99, 56.421], [-2.92, 56.452], [-2.803, 56.44], [-2.812, 56.408], [-2.857, 56.401], [-2.943, 56.416], [-2.929, 56.405], [-2.956, 56.402], [-2.962, 56.384]]]]}}, {"type": "Feature", "properties": {"cd": "S22000057", "nm": "Dunfermline and Kirkcaldy"}, "geometry": {"type": "MultiPolygon", "coordinates": [[[[-3.307, 56.027], [-3.303, 56.031], [-3.296, 56.029], [-3.301, 56.03], [-3.307, 56.027]]], [[[-3.13, 56.027], [-3.138, 56.031], [-3.141, 56.035], [-3.134, 56.034], [-3.13, 56.027]]], [[[-3.391, 56.006], [-3.465, 56.03], [-3.547, 56.04], [-3.576, 56.059], [-3.59, 56.059], [-3.593, 56.046], [-3.618, 56.056], [-3.665, 56.047], [-3.665, 56.064], [-3.646, 56.066], [-3.654, 56.079], [-3.643, 56.093], [-3.624, 56.093], [-3.627, 56.082], [-3.609, 56.076], [-3.576, 56.088], [-3.664, 56.123], [-3.581, 56.139], [-3.583, 56.151], [-3.564, 56.16], [-3.54, 56.146], [-3.454, 56.15], [-3.417, 56.138], [-3.37, 56.146], [-3.372, 56.164], [-3.346, 56.173], [-3.297, 56.171], [-3.309, 56.185], [-3.261, 56.196], [-3.275, 56.214], [-3.265, 56.22], [-3.291, 56.23], [-3.273, 56.243], [-3.284, 56.251], [-3.271, 56.253], [-3.275, 56.275], [-3.258, 56.283], [-3.301, 56.313], [-3.267, 56.328], [-3.205, 56.334], [-3.191, 56.316], [-3.155, 56.312], [-3.126, 56.295], [-3.139, 56.284], [-3.125, 56.282], [-3.124, 56.267], [-3.07, 56.271], [-3.078, 56.264], [-3.064, 56.242], [-3.026, 56.255], [-3.046, 56.267], [-3.011, 56.287], [-3.015, 56.274], [-2.922, 56.254], [-3.008, 56.233], [-3.011, 56.223], [-2.983, 56.216], [-2.998, 56.208], [-2.987, 56.198], [-2.997, 56.192], [-3.011, 56.195], [-3.014, 56.194], [-2.996, 56.189], [-3.084, 56.14], [-3.149, 56.118], [-3.174, 56.063], [-3.266, 56.059], [-3.322, 56.034], [-3.395, 56.029], [-3.403, 56.024], [-3.388, 56.022], [-3.391, 56.006]]]]}}, {"type": "Feature", "properties": {"cd": "S22000058", "nm": "Dunoon and Rothesay"}, "geometry": {"type": "MultiPolygon", "coordinates": [[[[-4.939, 56.256], [-4.939, 56.256], [-4.939, 56.256], [-4.939, 56.256], [-4.939, 56.256]]], [[[-5.193, 55.932], [-5.195, 55.933], [-5.195, 55.934], [-5.192, 55.933], [-5.193, 55.932]]], [[[-5.173, 55.93], [-5.173, 55.93], [-5.173, 55.931], [-5.173, 55.93], [-5.173, 55.93]]], [[[-5.178, 55.928], [-5.178, 55.929], [-5.177, 55.929], [-5.177, 55.929], [-5.178, 55.928]]], [[[-5.172, 55.925], [-5.174, 55.925], [-5.175, 55.928], [-5.172, 55.928], [-5.172, 55.925]]], [[[-5.351, 55.897], [-5.352, 55.897], [-5.35, 55.898], [-5.351, 55.897]]], [[[-5.353, 55.894], [-5.353, 55.894], [-5.352, 55.894], [-5.353, 55.894]]], [[[-5.345, 55.887], [-5.345, 55.887], [-5.344, 55.887], [-5.345, 55.887]]], [[[-5.338, 55.881], [-5.339, 55.882], [-5.337, 55.882], [-5.336, 55.882], [-5.338, 55.881]]], [[[-5.332, 55.871], [-5.332, 55.872], [-5.331, 55.872], [-5.331, 55.871], [-5.332, 55.871]]], [[[-5.308, 55.847], [-5.308, 55.849], [-5.306, 55.849], [-5.306, 55.848], [-5.308, 55.847]]], [[[-5.289, 55.847], [-5.289, 55.849], [-5.288, 55.848], [-5.289, 55.847]]], [[[-5.206, 55.826], [-5.257, 55.852], [-5.312, 55.852], [-5.311, 55.876], [-5.317, 55.871], [-5.313, 55.878], [-5.339, 55.89], [-5.348, 55.888], [-5.351, 55.91], [-5.337, 55.92], [-5.348, 55.928], [-5.327, 55.956], [-5.347, 55.969], [-5.342, 55.995], [-5.264, 56.071], [-5.203, 56.107], [-5.211, 56.116], [-5.203, 56.128], [-5.103, 56.155], [-5.08, 56.168], [-5.055, 56.211], [-4.982, 56.236], [-4.919, 56.27], [-4.969, 56.258], [-4.935, 56.297], [-4.89, 56.312], [-4.906, 56.324], [-4.889, 56.335], [-4.904, 56.347], [-4.882, 56.354], [-4.895, 56.363], [-4.857, 56.375], [-4.783, 56.344], [-4.793, 56.333], [-4.781, 56.312], [-4.838, 56.294], [-4.824, 56.274], [-4.805, 56.277], [-4.848, 56.245], [-4.857, 56.21], [-4.874, 56.198], [-4.836, 56.177], [-4.849, 56.156], [-4.817, 56.15], [-4.829, 56.128], [-4.862, 56.1], [-4.883, 56.104], [-4.892, 56.123], [-4.884, 56.145], [-4.906, 56.174], [-4.917, 56.164], [-4.9, 56.146], [-4.909, 56.112], [-4.874, 56.086], [-4.914, 56.051], [-4.898, 55.984], [-4.961, 56.005], [-4.961, 55.99], [-4.908, 55.968], [-4.979, 55.862], [-5.045, 55.871], [-5.068, 55.952], [-5.106, 55.972], [-5.124, 56.01], [-5.129, 55.996], [-5.082, 55.938], [-5.074, 55.901], [-5.112, 55.902], [-5.166, 55.932], [-5.179, 55.933], [-5.19, 55.947], [-5.186, 55.986], [-5.197, 55.985], [-5.189, 55.982], [-5.199, 55.97], [-5.196, 55.932], [-5.242, 55.894], [-5.209, 55.856], [-5.206, 55.826]]], [[[-5.158, 55.776], [-5.168, 55.791], [-5.163, 55.805], [-5.147, 55.785], [-5.158, 55.776]]], [[[-5.029, 55.722], [-5.093, 55.778], [-5.12, 55.772], [-5.127, 55.809], [-5.138, 55.802], [-5.143, 55.813], [-5.129, 55.845], [-5.17, 55.852], [-5.221, 55.902], [-5.186, 55.927], [-5.161, 55.922], [-5.078, 55.881], [-5.092, 55.863], [-5.062, 55.859], [-5.059, 55.839], [-5.025, 55.844], [-5.022, 55.809], [-5.001, 55.77], [-5.032, 55.757], [-5.004, 55.731], [-5.029, 55.722]]]]}}, {"type": "Feature", "properties": {"cd": "S22000059", "nm": "Edinburgh"}, "geometry": {"type": "MultiPolygon", "coordinates": [[[[-2.64, 56.076], [-2.643, 56.078], [-2.639, 56.079], [-2.638, 56.078], [-2.64, 56.076]]], [[[-2.719, 56.072], [-2.72, 56.072], [-2.723, 56.073], [-2.719, 56.075], [-2.719, 56.072]]], [[[-2.786, 56.071], [-2.786, 56.074], [-2.783, 56.074], [-2.783, 56.072], [-2.786, 56.071]]], [[[-2.784, 56.071], [-2.786, 56.071], [-2.781, 56.071], [-2.782, 56.071], [-2.784, 56.071]]], [[[-2.748, 56.07], [-2.75, 56.07], [-2.748, 56.07], [-2.748, 56.07]]], [[[-3.273, 56.011], [-3.275, 56.012], [-3.275, 56.012], [-3.273, 56.012], [-3.273, 56.011]]], [[[-3.387, 56.001], [-3.388, 56.001], [-3.384, 56.001], [-3.387, 56.001]]], [[[-3.291, 55.99], [-3.292, 55.995], [-3.288, 55.995], [-3.288, 55.993], [-3.291, 55.99]]], [[[-3.513, 55.626], [-3.525, 55.638], [-3.497, 55.662], [-3.524, 55.675], [-3.493, 55.68], [-3.556, 55.686], [-3.539, 55.693], [-3.538, 55.706], [-3.56, 55.703], [-3.569, 55.74], [-3.535, 55.771], [-3.558, 55.765], [-3.546, 55.786], [-3.472, 55.771], [-3.439, 55.785], [-3.436, 55.805], [-3.391, 55.824], [-3.42, 55.846], [-3.397, 55.869], [-3.414, 55.878], [-3.388, 55.903], [-3.444, 55.908], [-3.418, 55.934], [-3.45, 55.951], [-3.425, 55.954], [-3.448, 55.978], [-3.413, 55.998], [-3.39, 55.99], [-3.352, 56.002], [-3.304, 55.975], [-3.298, 55.982], [-3.223, 55.988], [-3.198, 55.98], [-3.182, 55.991], [-3.116, 55.957], [-3.053, 55.943], [-3.046, 55.953], [-2.9, 55.981], [-2.885, 55.998], [-2.891, 56.01], [-2.843, 56.015], [-2.864, 56.023], [-2.866, 56.038], [-2.838, 56.041], [-2.813, 56.063], [-2.679, 56.062], [-2.629, 56.052], [-2.614, 56.033], [-2.582, 56.023], [-2.591, 56.017], [-2.583, 56.007], [-2.592, 56.015], [-2.596, 56.005], [-2.605, 56.008], [-2.612, 56.007], [-2.613, 56.006], [-2.618, 56.002], [-2.619, 55.999], [-2.622, 55.998], [-2.624, 55.997], [-2.619, 55.999], [-2.613, 56.006], [-2.605, 56.007], [-2.581, 55.998], [-2.575, 56.012], [-2.553, 55.996], [-2.512, 56.006], [-2.402, 55.972], [-2.366, 55.944], [-2.467, 55.884], [-2.505, 55.912], [-2.554, 55.912], [-2.57, 55.892], [-2.533, 55.871], [-2.535, 55.861], [-2.549, 55.842], [-2.581, 55.845], [-2.594, 55.829], [-2.669, 55.847], [-2.74, 55.828], [-2.777, 55.844], [-2.84, 55.818], [-2.87, 55.824], [-2.883, 55.808], [-2.927, 55.793], [-2.941, 55.795], [-2.952, 55.819], [-3.075, 55.76], [-3.103, 55.737], [-3.092, 55.722], [-3.128, 55.71], [-3.151, 55.723], [-3.153, 55.696], [-3.2, 55.694], [-3.212, 55.713], [-3.254, 55.709], [-3.252, 55.695], [-3.285, 55.684], [-3.294, 55.701], [-3.279, 55.727], [-3.326, 55.714], [-3.364, 55.729], [-3.369, 55.716], [-3.397, 55.711], [-3.475, 55.659], [-3.488, 55.633], [-3.513, 55.626]]]]}}, {"type": "Feature", "properties": {"cd": "S22000060", "nm": "Elgin"}, "geometry": {"type": "MultiPolygon", "coordinates": [[[[-3.352, 57.729], [-3.351, 57.73], [-3.346, 57.73], [-3.351, 57.73], [-3.352, 57.729]]], [[[-2.851, 57.706], [-2.849, 57.707], [-2.849, 57.707], [-2.849, 57.707], [-2.851, 57.706]]], [[[-3.638, 57.641], [-3.642, 57.642], [-3.637, 57.643], [-3.638, 57.641]]], [[[-3.657, 57.069], [-3.684, 57.093], [-3.655, 57.116], [-3.618, 57.112], [-3.56, 57.141], [-3.536, 57.167], [-3.452, 57.177], [-3.432, 57.204], [-3.447, 57.212], [-3.43, 57.223], [-3.463, 57.238], [-3.448, 57.257], [-3.461, 57.274], [-3.449, 57.281], [-3.494, 57.305], [-3.395, 57.371], [-3.399, 57.383], [-3.386, 57.389], [-3.413, 57.424], [-3.471, 57.433], [-3.503, 57.461], [-3.61, 57.447], [-3.618, 57.435], [-3.66, 57.428], [-3.701, 57.436], [-3.683, 57.49], [-3.705, 57.511], [-3.691, 57.52], [-3.722, 57.529], [-3.712, 57.534], [-3.73, 57.561], [-3.712, 57.567], [-3.749, 57.591], [-3.739, 57.598], [-3.762, 57.631], [-3.69, 57.658], [-3.721, 57.653], [-3.698, 57.658], [-3.633, 57.663], [-3.62, 57.655], [-3.646, 57.64], [-3.63, 57.639], [-3.636, 57.636], [-3.637, 57.633], [-3.59, 57.631], [-3.586, 57.647], [-3.624, 57.663], [-3.524, 57.666], [-3.497, 57.679], [-3.489, 57.696], [-3.498, 57.704], [-3.342, 57.725], [-3.279, 57.724], [-3.283, 57.718], [-3.265, 57.707], [-3.258, 57.705], [-3.282, 57.718], [-3.105, 57.669], [-3.027, 57.664], [-2.851, 57.707], [-2.846, 57.698], [-2.836, 57.694], [-2.802, 57.695], [-2.803, 57.665], [-2.772, 57.65], [-2.811, 57.61], [-2.776, 57.584], [-2.747, 57.58], [-2.75, 57.568], [-2.72, 57.564], [-2.707, 57.53], [-2.687, 57.539], [-2.65, 57.53], [-2.708, 57.511], [-2.721, 57.493], [-2.678, 57.475], [-2.686, 57.458], [-2.672, 57.453], [-2.698, 57.458], [-2.707, 57.443], [-2.679, 57.441], [-2.666, 57.415], [-2.628, 57.41], [-2.631, 57.401], [-2.67, 57.402], [-2.69, 57.384], [-2.733, 57.375], [-2.742, 57.38], [-2.728, 57.394], [-2.784, 57.395], [-2.802, 57.405], [-2.793, 57.415], [-2.814, 57.416], [-2.829, 57.435], [-2.86, 57.416], [-2.931, 57.412], [-2.927, 57.403], [-2.968, 57.384], [-2.955, 57.378], [-2.984, 57.363], [-2.97, 57.351], [-2.972, 57.328], [-2.952, 57.318], [-2.99, 57.274], [-3.019, 57.262], [-3.044, 57.279], [-3.092, 57.284], [-3.209, 57.256], [-3.246, 57.219], [-3.243, 57.202], [-3.354, 57.178], [-3.357, 57.167], [-3.342, 57.156], [-3.349, 57.148], [-3.322, 57.131], [-3.336, 57.111], [-3.369, 57.1], [-3.423, 57.105], [-3.449, 57.092], [-3.553, 57.083], [-3.558, 57.096], [-3.593, 57.084], [-3.646, 57.088], [-3.657, 57.069]]]]}}, {"type": "Feature", "properties": {"cd": "S22000061", "nm": "Falkirk and Stirling"}, "geometry": {"type": "MultiPolygon", "coordinates": [[[[-4.271, 56.379], [-4.271, 56.379], [-4.271, 56.379], [-4.271, 56.379]]], [[[-4.597, 56.278], [-4.597, 56.278], [-4.597, 56.278], [-4.597, 56.278]]], [[[-4.596, 56.277], [-4.596, 56.277], [-4.596, 56.277], [-4.596, 56.277]]], [[[-4.596, 56.277], [-4.596, 56.277], [-4.596, 56.277], [-4.596, 56.277]]], [[[-4.584, 56.274], [-4.585, 56.274], [-4.584, 56.274], [-4.584, 56.274]]], [[[-4.592, 56.273], [-4.593, 56.274], [-4.589, 56.274], [-4.592, 56.273]]], [[[-4.58, 56.273], [-4.58, 56.273], [-4.58, 56.273], [-4.58, 56.273]]], [[[-4.58, 56.271], [-4.58, 56.271], [-4.578, 56.271], [-4.578, 56.271], [-4.58, 56.271]]], [[[-4.575, 56.258], [-4.576, 56.258], [-4.575, 56.258], [-4.575, 56.258]]], [[[-4.455, 56.245], [-4.456, 56.245], [-4.456, 56.245], [-4.455, 56.245], [-4.455, 56.245]]], [[[-4.454, 56.244], [-4.454, 56.244], [-4.454, 56.244], [-4.454, 56.244]]], [[[-4.448, 56.242], [-4.449, 56.242], [-4.449, 56.243], [-4.448, 56.242]]], [[[-4.443, 56.242], [-4.443, 56.243], [-4.44, 56.244], [-4.442, 56.243], [-4.443, 56.242]]], [[[-4.437, 56.242], [-4.437, 56.242], [-4.437, 56.243], [-4.437, 56.242]]], [[[-4.438, 56.242], [-4.439, 56.242], [-4.439, 56.242], [-4.438, 56.242]]], [[[-4.438, 56.238], [-4.438, 56.238], [-4.438, 56.238], [-4.438, 56.238]]], [[[-4.436, 56.235], [-4.437, 56.235], [-4.436, 56.236], [-4.436, 56.235]]], [[[-4.442, 56.235], [-4.442, 56.235], [-4.442, 56.235], [-4.442, 56.235]]], [[[-4.439, 56.234], [-4.439, 56.234], [-4.439, 56.234], [-4.439, 56.234]]], [[[-4.647, 56.151], [-4.648, 56.151], [-4.648, 56.151], [-4.647, 56.151]]], [[[-4.629, 56.135], [-4.629, 56.135], [-4.629, 56.135], [-4.629, 56.135]]], [[[-4.616, 56.126], [-4.616, 56.126], [-4.616, 56.126], [-4.616, 56.126]]], [[[-4.633, 56.125], [-4.633, 56.125], [-4.632, 56.125], [-4.633, 56.125]]], [[[-4.629, 56.122], [-4.629, 56.122], [-4.629, 56.122], [-4.629, 56.122]]], [[[-4.63, 56.122], [-4.629, 56.122], [-4.629, 56.123], [-4.628, 56.122], [-4.63, 56.122]]], [[[-4.632, 56.121], [-4.632, 56.121], [-4.632, 56.121], [-4.632, 56.121]]], [[[-4.583, 56.103], [-4.583, 56.103], [-4.583, 56.104], [-4.583, 56.103]]], [[[-4.558, 56.093], [-4.558, 56.093], [-4.558, 56.093], [-4.558, 56.093]]], [[[-4.587, 56.092], [-4.588, 56.092], [-4.587, 56.092], [-4.587, 56.092]]], [[[-4.56, 56.092], [-4.56, 56.092], [-4.56, 56.092], [-4.56, 56.092]]], [[[-4.592, 56.091], [-4.594, 56.092], [-4.594, 56.093], [-4.592, 56.093], [-4.592, 56.091]]], [[[-4.592, 56.083], [-4.598, 56.085], [-4.601, 56.089], [-4.589, 56.087], [-4.592, 56.083]]], [[[-4.576, 56.08], [-4.581, 56.084], [-4.566, 56.089], [-4.563, 56.087], [-4.576, 56.08]]], [[[-4.581, 56.079], [-4.581, 56.08], [-4.58, 56.08], [-4.581, 56.079]]], [[[-4.533, 56.08], [-4.533, 56.08], [-4.532, 56.08], [-4.533, 56.08]]], [[[-4.532, 56.079], [-4.532, 56.079], [-4.531, 56.08], [-4.532, 56.079]]], [[[-4.532, 56.079], [-4.533, 56.079], [-4.532, 56.079], [-4.532, 56.079]]], [[[-4.549, 56.078], [-4.549, 56.078], [-4.549, 56.078], [-4.549, 56.078]]], [[[-4.552, 56.073], [-4.554, 56.074], [-4.55, 56.077], [-4.55, 56.075], [-4.552, 56.073]]], [[[-4.561, 56.073], [-4.56, 56.082], [-4.55, 56.082], [-4.55, 56.08], [-4.561, 56.073]]], [[[-4.094, 56.029], [-4.094, 56.03], [-4.093, 56.03], [-4.094, 56.029]]], [[[-3.821, 55.895], [-3.809, 55.905], [-3.904, 55.938], [-3.86, 55.959], [-3.95, 55.971], [-3.953, 55.993], [-3.932, 55.993], [-3.911, 56.002], [-4.019, 56.006], [-4.03, 56.01], [-4.02, 56.028], [-4.092, 56.03], [-4.128, 56.047], [-4.129, 56.035], [-4.1, 56.019], [-4.136, 56.006], [-4.153, 56.009], [-4.163, 56.03], [-4.198, 56.01], [-4.275, 56.029], [-4.338, 56.017], [-4.336, 56.055], [-4.301, 56.049], [-4.283, 56.056], [-4.293, 56.067], [-4.387, 56.059], [-4.379, 56.045], [-4.392, 56.038], [-4.422, 56.042], [-4.43, 56.06], [-4.446, 56.051], [-4.467, 56.06], [-4.47, 56.047], [-4.482, 56.051], [-4.476, 56.061], [-4.505, 56.068], [-4.506, 56.059], [-4.548, 56.084], [-4.558, 56.099], [-4.585, 56.104], [-4.59, 56.119], [-4.632, 56.125], [-4.645, 56.163], [-4.686, 56.198], [-4.674, 56.216], [-4.695, 56.253], [-4.692, 56.279], [-4.66, 56.281], [-4.682, 56.298], [-4.658, 56.322], [-4.716, 56.33], [-4.722, 56.321], [-4.738, 56.332], [-4.786, 56.324], [-4.793, 56.333], [-4.783, 56.344], [-4.854, 56.37], [-4.813, 56.398], [-4.812, 56.418], [-4.768, 56.436], [-4.733, 56.434], [-4.726, 56.459], [-4.666, 56.46], [-4.601, 56.498], [-4.529, 56.505], [-4.53, 56.518], [-4.507, 56.523], [-4.481, 56.513], [-4.378, 56.534], [-4.369, 56.547], [-4.333, 56.54], [-4.31, 56.516], [-4.295, 56.47], [-4.147, 56.506], [-4.126, 56.501], [-4.099, 56.465], [-4.134, 56.464], [-4.163, 56.445], [-4.199, 56.459], [-4.197, 56.392], [-4.281, 56.384], [-4.239, 56.38], [-4.242, 56.353], [-4.223, 56.342], [-4.235, 56.326], [-4.116, 56.281], [-4.079, 56.29], [-4.052, 56.273], [-4.039, 56.28], [-4.038, 56.269], [-4.001, 56.276], [-3.996, 56.301], [-3.981, 56.303], [-3.971, 56.33], [-3.944, 56.338], [-3.949, 56.346], [-3.916, 56.348], [-3.878, 56.327], [-3.839, 56.337], [-3.859, 56.322], [-3.842, 56.314], [-3.867, 56.296], [-3.81, 56.286], [-3.847, 56.242], [-3.836, 56.196], [-3.781, 56.217], [-3.752, 56.212], [-3.737, 56.189], [-3.667, 56.189], [-3.651, 56.203], [-3.615, 56.206], [-3.56, 56.19], [-3.566, 56.181], [-3.552, 56.17], [-3.506, 56.169], [-3.569, 56.159], [-3.581, 56.139], [-3.664, 56.123], [-3.576, 56.088], [-3.609, 56.076], [-3.627, 56.082], [-3.624, 56.093], [-3.643, 56.093], [-3.654, 56.079], [-3.646, 56.066], [-3.665, 56.064], [-3.67, 56.046], [-3.777, 56.093], [-3.772, 56.093], [-3.77, 56.096], [-3.771, 56.097], [-3.767, 56.098], [-3.766, 56.099], [-3.815, 56.112], [-3.832, 56.104], [-3.826, 56.113], [-3.845, 56.125], [-3.857, 56.12], [-3.867, 56.108], [-3.871, 56.111], [-3.863, 56.114], [-3.866, 56.121], [-3.889, 56.132], [-3.906, 56.128], [-3.886, 56.128], [-3.881, 56.119], [-3.887, 56.12], [-3.89, 56.12], [-3.89, 56.118], [-3.888, 56.117], [-3.889, 56.115], [-3.867, 56.12], [-3.873, 56.11], [-3.868, 56.106], [-3.854, 56.119], [-3.838, 56.116], [-3.846, 56.102], [-3.833, 56.099], [-3.803, 56.107], [-3.769, 56.077], [-3.734, 56.065], [-3.728, 56.032], [-3.717, 56.027], [-3.754, 56.02], [-3.703, 56.027], [-3.683, 56.036], [-3.693, 56.024], [-3.68, 56.03], [-3.671, 56.016], [-3.677, 56.007], [-3.692, 56.005], [-3.694, 56.0], [-3.665, 56.002], [-3.652, 55.98], [-3.633, 55.978], [-3.69, 55.938], [-3.749, 55.957], [-3.796, 55.953], [-3.78, 55.919], [-3.803, 55.912], [-3.781, 55.902], [-3.821, 55.895]]], [[[-4.439, 56.23], [-4.429, 56.234], [-4.442, 56.24], [-4.436, 56.247], [-4.457, 56.256], [-4.535, 56.255], [-4.597, 56.283], [-4.616, 56.286], [-4.572, 56.252], [-4.467, 56.249], [-4.439, 56.23]]]]}}, {"type": "Feature", "properties": {"cd": "S22000062", "nm": "Fort William"}, "geometry": {"type": "MultiPolygon", "coordinates": [[[[-4.67, 57.155], [-4.67, 57.155], [-4.67, 57.155], [-4.67, 57.155]]], [[[-5.584, 57.114], [-5.585, 57.114], [-5.586, 57.115], [-5.583, 57.115], [-5.584, 57.114]]], [[[-4.986, 57.122], [-4.986, 57.123], [-4.986, 57.123], [-4.986, 57.122]]], [[[-4.983, 57.119], [-4.984, 57.119], [-4.983, 57.119], [-4.983, 57.119]]], [[[-4.992, 57.118], [-4.992, 57.118], [-4.992, 57.118], [-4.992, 57.118]]], [[[-4.992, 57.117], [-4.992, 57.118], [-4.992, 57.118], [-4.992, 57.117]]], [[[-4.993, 57.117], [-4.993, 57.117], [-4.993, 57.117], [-4.993, 57.117]]], [[[-5.001, 57.111], [-5.001, 57.111], [-5.001, 57.111], [-5.001, 57.111]]], [[[-5.111, 57.103], [-5.111, 57.103], [-5.111, 57.103], [-5.111, 57.103]]], [[[-5.111, 57.103], [-5.111, 57.103], [-5.111, 57.103], [-5.111, 57.103]]], [[[-5.111, 57.103], [-5.111, 57.103], [-5.111, 57.103], [-5.111, 57.103]]], [[[-5.11, 57.103], [-5.11, 57.103], [-5.11, 57.103], [-5.11, 57.103]]], [[[-5.111, 57.103], [-5.111, 57.103], [-5.111, 57.103], [-5.111, 57.103]]], [[[-5.111, 57.103], [-5.111, 57.103], [-5.111, 57.103], [-5.111, 57.103]]], [[[-5.111, 57.103], [-5.111, 57.103], [-5.111, 57.103], [-5.111, 57.103]]], [[[-5.771, 57.084], [-5.771, 57.085], [-5.77, 57.086], [-5.77, 57.085], [-5.771, 57.084]]], [[[-5.11, 57.102], [-5.11, 57.102], [-5.11, 57.102], [-5.11, 57.102]]], [[[-5.11, 57.102], [-5.11, 57.102], [-5.11, 57.102], [-5.11, 57.102]]], [[[-5.109, 57.102], [-5.109, 57.102], [-5.109, 57.102], [-5.109, 57.102]]], [[[-5.109, 57.102], [-5.109, 57.102], [-5.109, 57.102], [-5.109, 57.102]]], [[[-5.105, 57.1], [-5.105, 57.1], [-5.105, 57.1], [-5.105, 57.1]]], [[[-5.102, 57.1], [-5.102, 57.1], [-5.102, 57.1], [-5.102, 57.1]]], [[[-5.098, 57.1], [-5.099, 57.1], [-5.098, 57.1], [-5.098, 57.1]]], [[[-5.098, 57.1], [-5.098, 57.1], [-5.098, 57.1], [-5.098, 57.1]]], [[[-6.507, 57.055], [-6.508, 57.055], [-6.508, 57.056], [-6.507, 57.055]]], [[[-5.014, 57.1], [-5.014, 57.1], [-5.014, 57.1], [-5.014, 57.1]]], [[[-5.013, 57.1], [-5.013, 57.1], [-5.013, 57.1], [-5.013, 57.1]]], [[[-5.015, 57.1], [-5.015, 57.1], [-5.015, 57.1], [-5.015, 57.1]]], [[[-5.015, 57.099], [-5.015, 57.1], [-5.015, 57.1], [-5.015, 57.099]]], [[[-5.019, 57.099], [-5.019, 57.099], [-5.019, 57.099], [-5.019, 57.099]]], [[[-6.504, 57.054], [-6.505, 57.055], [-6.502, 57.055], [-6.503, 57.055], [-6.504, 57.054]]], [[[-5.024, 57.099], [-5.025, 57.099], [-5.024, 57.099], [-5.024, 57.099]]], [[[-5.091, 57.097], [-5.091, 57.097], [-5.091, 57.097], [-5.091, 57.097]]], [[[-5.092, 57.096], [-5.092, 57.096], [-5.092, 57.096], [-5.092, 57.096]]], [[[-5.091, 57.096], [-5.091, 57.096], [-5.091, 57.096], [-5.091, 57.096]]], [[[-6.537, 57.052], [-6.538, 57.052], [-6.537, 57.053], [-6.537, 57.052]]], [[[-5.032, 57.097], [-5.032, 57.098], [-5.032, 57.097], [-5.032, 57.097]]], [[[-5.087, 57.096], [-5.088, 57.096], [-5.087, 57.096], [-5.087, 57.096]]], [[[-5.087, 57.095], [-5.087, 57.096], [-5.087, 57.095], [-5.087, 57.095]]], [[[-5.078, 57.096], [-5.077, 57.096], [-5.077, 57.096], [-5.078, 57.096]]], [[[-5.07, 57.095], [-5.07, 57.095], [-5.07, 57.095], [-5.07, 57.095]]], [[[-5.05, 57.096], [-5.051, 57.096], [-5.05, 57.096], [-5.05, 57.096], [-5.05, 57.096]]], [[[-6.517, 57.051], [-6.516, 57.052], [-6.515, 57.052], [-6.517, 57.051]]], [[[-6.537, 57.05], [-6.538, 57.051], [-6.536, 57.051], [-6.536, 57.05], [-6.537, 57.05]]], [[[-5.033, 57.095], [-5.033, 57.095], [-5.033, 57.095], [-5.033, 57.095]]], [[[-5.066, 57.095], [-5.066, 57.095], [-5.066, 57.095], [-5.066, 57.095]]], [[[-5.081, 57.094], [-5.081, 57.094], [-5.081, 57.094], [-5.081, 57.094]]], [[[-5.081, 57.094], [-5.081, 57.094], [-5.081, 57.094], [-5.081, 57.094]]], [[[-5.068, 57.094], [-5.068, 57.094], [-5.068, 57.094], [-5.068, 57.094]]], [[[-5.08, 57.094], [-5.08, 57.094], [-5.08, 57.094], [-5.08, 57.094]]], [[[-5.079, 57.094], [-5.079, 57.094], [-5.079, 57.094], [-5.079, 57.094]]], [[[-5.057, 57.094], [-5.057, 57.094], [-5.057, 57.094], [-5.057, 57.094]]], [[[-5.067, 57.094], [-5.068, 57.094], [-5.067, 57.094], [-5.067, 57.094]]], [[[-5.058, 57.094], [-5.058, 57.094], [-5.057, 57.094], [-5.058, 57.094]]], [[[-5.049, 57.094], [-5.049, 57.094], [-5.049, 57.094], [-5.049, 57.094]]], [[[-5.052, 57.093], [-5.052, 57.093], [-5.052, 57.093], [-5.052, 57.093]]], [[[-5.048, 57.093], [-5.049, 57.093], [-5.048, 57.094], [-5.048, 57.093]]], [[[-5.068, 57.092], [-5.069, 57.092], [-5.069, 57.093], [-5.068, 57.092]]], [[[-5.043, 57.093], [-5.043, 57.093], [-5.042, 57.093], [-5.043, 57.093]]], [[[-5.078, 57.092], [-5.078, 57.092], [-5.078, 57.092], [-5.078, 57.092]]], [[[-5.044, 57.093], [-5.045, 57.093], [-5.044, 57.093], [-5.044, 57.093]]], [[[-5.066, 57.091], [-5.066, 57.092], [-5.066, 57.092], [-5.066, 57.091]]], [[[-6.487, 57.047], [-6.488, 57.048], [-6.487, 57.048], [-6.487, 57.047]]], [[[-6.595, 57.042], [-6.612, 57.052], [-6.557, 57.07], [-6.486, 57.065], [-6.489, 57.056], [-6.55, 57.058], [-6.595, 57.042]]], [[[-6.468, 57.043], [-6.511, 57.044], [-6.515, 57.051], [-6.497, 57.055], [-6.468, 57.043]]], [[[-6.594, 57.038], [-6.594, 57.039], [-6.592, 57.039], [-6.592, 57.039], [-6.594, 57.038]]], [[[-5.784, 57.042], [-5.782, 57.043], [-5.782, 57.042], [-5.784, 57.042]]], [[[-5.781, 57.036], [-5.782, 57.037], [-5.779, 57.036], [-5.781, 57.036]]], [[[-5.829, 57.007], [-5.83, 57.007], [-5.83, 57.008], [-5.829, 57.007]]], [[[-5.835, 57.005], [-5.836, 57.005], [-5.836, 57.006], [-5.835, 57.005]]], [[[-6.676, 56.968], [-6.678, 56.971], [-6.677, 56.975], [-6.673, 56.969], [-6.676, 56.968]]], [[[-6.683, 56.968], [-6.684, 56.969], [-6.683, 56.97], [-6.683, 56.969], [-6.683, 56.968]]], [[[-6.676, 56.968], [-6.678, 56.969], [-6.678, 56.971], [-6.676, 56.969], [-6.676, 56.968]]], [[[-6.682, 56.967], [-6.682, 56.97], [-6.678, 56.969], [-6.678, 56.968], [-6.682, 56.967]]], [[[-5.536, 56.997], [-5.535, 56.998], [-5.533, 56.998], [-5.534, 56.997], [-5.536, 56.997]]], [[[-5.635, 56.986], [-5.636, 56.987], [-5.634, 56.987], [-5.635, 56.986]]], [[[-5.79, 56.971], [-5.79, 56.971], [-5.79, 56.971], [-5.79, 56.971]]], [[[-5.787, 56.965], [-5.787, 56.965], [-5.787, 56.965], [-5.787, 56.965]]], [[[-5.779, 56.965], [-5.779, 56.965], [-5.779, 56.965], [-5.779, 56.965]]], [[[-5.778, 56.965], [-5.779, 56.965], [-5.779, 56.965], [-5.778, 56.965]]], [[[-5.773, 56.965], [-5.773, 56.965], [-5.773, 56.965], [-5.773, 56.965]]], [[[-5.783, 56.965], [-5.783, 56.965], [-5.783, 56.965], [-5.783, 56.965]]], [[[-5.787, 56.963], [-5.788, 56.963], [-5.788, 56.963], [-5.787, 56.964], [-5.787, 56.963]]], [[[-5.782, 56.963], [-5.782, 56.963], [-5.782, 56.963], [-5.782, 56.963]]], [[[-5.789, 56.963], [-5.792, 56.965], [-5.786, 56.964], [-5.789, 56.963], [-5.789, 56.963]]], [[[-5.788, 56.962], [-5.788, 56.962], [-5.788, 56.963], [-5.788, 56.963], [-5.788, 56.962]]], [[[-5.787, 56.962], [-5.787, 56.962], [-5.787, 56.962], [-5.787, 56.962]]], [[[-5.781, 56.962], [-5.781, 56.962], [-5.781, 56.962], [-5.781, 56.962]]], [[[-5.775, 56.962], [-5.775, 56.962], [-5.775, 56.962], [-5.775, 56.962]]], [[[-5.777, 56.961], [-5.779, 56.961], [-5.781, 56.965], [-5.777, 56.963], [-5.777, 56.961]]], [[[-5.777, 56.961], [-5.777, 56.961], [-5.777, 56.961], [-5.777, 56.961]]], [[[-5.781, 56.961], [-5.781, 56.961], [-5.78, 56.962], [-5.78, 56.961], [-5.781, 56.961]]], [[[-5.772, 56.96], [-5.774, 56.96], [-5.775, 56.964], [-5.771, 56.964], [-5.772, 56.96]]], [[[-5.857, 56.957], [-5.857, 56.958], [-5.856, 56.957], [-5.856, 56.957], [-5.857, 56.957]]], [[[-5.859, 56.957], [-5.86, 56.957], [-5.858, 56.957], [-5.859, 56.957]]], [[[-5.778, 56.959], [-5.778, 56.959], [-5.778, 56.959], [-5.778, 56.959]]], [[[-5.795, 56.959], [-5.795, 56.959], [-5.795, 56.959], [-5.795, 56.959]]], [[[-5.78, 56.959], [-5.781, 56.96], [-5.778, 56.959], [-5.779, 56.959], [-5.78, 56.959]]], [[[-5.873, 56.956], [-5.872, 56.956], [-5.871, 56.956], [-5.872, 56.956], [-5.873, 56.956]]], [[[-5.768, 56.957], [-5.769, 56.957], [-5.769, 56.958], [-5.768, 56.958], [-5.768, 56.957]]], [[[-5.772, 56.957], [-5.772, 56.957], [-5.773, 56.957], [-5.772, 56.957], [-5.772, 56.957]]], [[[-5.768, 56.957], [-5.77, 56.957], [-5.77, 56.958], [-5.768, 56.957]]], [[[-5.771, 56.957], [-5.771, 56.958], [-5.775, 56.959], [-5.77, 56.958], [-5.771, 56.957]]], [[[-5.702, 56.958], [-5.702, 56.958], [-5.702, 56.958], [-5.702, 56.958]]], [[[-5.637, 56.96], [-5.638, 56.96], [-5.637, 56.96], [-5.637, 56.96]]], [[[-5.7, 56.958], [-5.701, 56.958], [-5.7, 56.958], [-5.7, 56.958]]], [[[-5.635, 56.96], [-5.635, 56.96], [-5.635, 56.96], [-5.635, 56.96]]], [[[-5.636, 56.96], [-5.636, 56.96], [-5.636, 56.96], [-5.636, 56.96]]], [[[-5.696, 56.958], [-5.696, 56.958], [-5.696, 56.958], [-5.696, 56.958]]], [[[-5.697, 56.958], [-5.697, 56.958], [-5.697, 56.958], [-5.697, 56.958]]], [[[-5.7, 56.958], [-5.7, 56.958], [-5.7, 56.958], [-5.7, 56.958]]], [[[-5.699, 56.958], [-5.7, 56.958], [-5.699, 56.958], [-5.699, 56.958]]], [[[-5.872, 56.952], [-5.873, 56.952], [-5.873, 56.953], [-5.872, 56.953], [-5.872, 56.952]]], [[[-5.699, 56.957], [-5.699, 56.957], [-5.699, 56.957], [-5.699, 56.957]]], [[[-5.644, 56.957], [-5.644, 56.957], [-5.644, 56.957], [-5.644, 56.957]]], [[[-5.643, 56.957], [-5.643, 56.958], [-5.643, 56.958], [-5.643, 56.957]]], [[[-5.596, 56.958], [-5.596, 56.958], [-5.595, 56.958], [-5.596, 56.958]]], [[[-6.311, 56.935], [-6.37, 56.952], [-6.376, 56.973], [-6.46, 57.009], [-6.335, 57.06], [-6.26, 57.037], [-6.248, 57.02], [-6.281, 57.015], [-6.239, 57.006], [-6.254, 56.969], [-6.311, 56.935]]], [[[-5.692, 56.955], [-5.693, 56.955], [-5.693, 56.956], [-5.691, 56.955], [-5.692, 56.955]]], [[[-5.519, 56.959], [-5.519, 56.959], [-5.519, 56.959], [-5.519, 56.959]]], [[[-5.519, 56.959], [-5.519, 56.959], [-5.519, 56.959], [-5.519, 56.959]]], [[[-5.517, 56.959], [-5.517, 56.959], [-5.517, 56.959], [-5.517, 56.959]]], [[[-5.522, 56.958], [-5.522, 56.959], [-5.522, 56.959], [-5.522, 56.958]]], [[[-5.519, 56.958], [-5.519, 56.959], [-5.519, 56.958], [-5.519, 56.958]]], [[[-5.859, 56.948], [-5.86, 56.948], [-5.86, 56.949], [-5.859, 56.948]]], [[[-5.518, 56.958], [-5.518, 56.958], [-5.518, 56.958], [-5.518, 56.958]]], [[[-5.553, 56.957], [-5.553, 56.957], [-5.553, 56.957], [-5.553, 56.957]]], [[[-5.554, 56.957], [-5.554, 56.957], [-5.554, 56.957], [-5.554, 56.957]]], [[[-5.522, 56.957], [-5.522, 56.958], [-5.52, 56.959], [-5.52, 56.958], [-5.522, 56.957]]], [[[-5.554, 56.957], [-5.554, 56.957], [-5.554, 56.957], [-5.554, 56.957]]], [[[-5.554, 56.957], [-5.553, 56.957], [-5.554, 56.957], [-5.554, 56.957]]], [[[-5.863, 56.943], [-5.862, 56.943], [-5.861, 56.943], [-5.863, 56.943]]], [[[-5.524, 56.953], [-5.525, 56.953], [-5.524, 56.953], [-5.524, 56.953]]], [[[-5.858, 56.942], [-5.859, 56.944], [-5.856, 56.944], [-5.857, 56.943], [-5.858, 56.942]]], [[[-5.681, 56.946], [-5.681, 56.946], [-5.681, 56.946], [-5.681, 56.946]]], [[[-5.68, 56.946], [-5.68, 56.946], [-5.68, 56.946], [-5.68, 56.946]]], [[[-5.69, 56.946], [-5.691, 56.947], [-5.689, 56.947], [-5.689, 56.946], [-5.69, 56.946]]], [[[-5.688, 56.945], [-5.688, 56.945], [-5.688, 56.945], [-5.688, 56.945]]], [[[-5.691, 56.945], [-5.691, 56.945], [-5.691, 56.945], [-5.691, 56.945]]], [[[-5.542, 56.949], [-5.541, 56.95], [-5.541, 56.949], [-5.542, 56.949]]], [[[-5.652, 56.944], [-5.652, 56.944], [-5.652, 56.944], [-5.652, 56.944]]], [[[-5.653, 56.944], [-5.653, 56.944], [-5.652, 56.944], [-5.653, 56.944]]], [[[-5.656, 56.944], [-5.656, 56.944], [-5.656, 56.944], [-5.656, 56.944]]], [[[-5.643, 56.94], [-5.643, 56.94], [-5.643, 56.94], [-5.643, 56.94]]], [[[-5.642, 56.94], [-5.643, 56.94], [-5.643, 56.94], [-5.642, 56.94]]], [[[-5.641, 56.939], [-5.641, 56.939], [-5.641, 56.939], [-5.641, 56.939]]], [[[-5.886, 56.923], [-5.886, 56.924], [-5.885, 56.924], [-5.885, 56.923], [-5.886, 56.923]]], [[[-5.894, 56.919], [-5.9, 56.922], [-5.887, 56.926], [-5.885, 56.92], [-5.894, 56.919]]], [[[-5.887, 56.918], [-5.888, 56.918], [-5.887, 56.919], [-5.885, 56.919], [-5.887, 56.918]]], [[[-5.885, 56.918], [-5.885, 56.919], [-5.884, 56.918], [-5.885, 56.918]]], [[[-5.916, 56.915], [-5.916, 56.916], [-5.914, 56.916], [-5.914, 56.915], [-5.916, 56.915]]], [[[-5.918, 56.914], [-5.919, 56.915], [-5.918, 56.916], [-5.917, 56.915], [-5.918, 56.914]]], [[[-5.913, 56.914], [-5.914, 56.916], [-5.908, 56.916], [-5.91, 56.915], [-5.913, 56.914]]], [[[-5.903, 56.913], [-5.904, 56.913], [-5.904, 56.914], [-5.902, 56.914], [-5.903, 56.913]]], [[[-5.908, 56.906], [-5.909, 56.906], [-5.909, 56.907], [-5.908, 56.907], [-5.908, 56.906]]], [[[-5.93, 56.901], [-5.934, 56.901], [-5.934, 56.903], [-5.921, 56.904], [-5.93, 56.901]]], [[[-5.741, 56.894], [-5.741, 56.894], [-5.742, 56.894], [-5.741, 56.895], [-5.741, 56.894]]], [[[-5.743, 56.891], [-5.744, 56.892], [-5.743, 56.892], [-5.743, 56.891]]], [[[-5.745, 56.891], [-5.744, 56.892], [-5.744, 56.891], [-5.745, 56.891]]], [[[-5.751, 56.891], [-5.753, 56.891], [-5.752, 56.892], [-5.75, 56.892], [-5.751, 56.891]]], [[[-5.742, 56.888], [-5.743, 56.888], [-5.741, 56.889], [-5.742, 56.888]]], [[[-6.185, 56.873], [-6.185, 56.873], [-6.186, 56.874], [-6.185, 56.874], [-6.185, 56.873], [-6.185, 56.873]]], [[[-5.805, 56.884], [-5.805, 56.886], [-5.802, 56.886], [-5.804, 56.884], [-5.805, 56.884]]], [[[-5.822, 56.882], [-5.824, 56.883], [-5.818, 56.885], [-5.818, 56.884], [-5.822, 56.882]]], [[[-6.141, 56.871], [-6.206, 56.887], [-6.208, 56.907], [-6.159, 56.915], [-6.162, 56.936], [-6.151, 56.942], [-6.125, 56.939], [-6.112, 56.925], [-6.116, 56.888], [-6.141, 56.871]]], [[[-5.824, 56.881], [-5.824, 56.882], [-5.822, 56.882], [-5.822, 56.881], [-5.824, 56.881]]], [[[-6.127, 56.868], [-6.129, 56.873], [-6.124, 56.878], [-6.121, 56.87], [-6.127, 56.868]]], [[[-5.817, 56.877], [-5.818, 56.878], [-5.82, 56.878], [-5.817, 56.879], [-5.817, 56.877]]], [[[-5.897, 56.872], [-5.898, 56.874], [-5.895, 56.874], [-5.895, 56.872], [-5.897, 56.872]]], [[[-5.832, 56.874], [-5.832, 56.874], [-5.829, 56.875], [-5.831, 56.874], [-5.832, 56.874]]], [[[-5.888, 56.863], [-5.889, 56.863], [-5.89, 56.863], [-5.887, 56.864], [-5.888, 56.863]]], [[[-6.283, 56.849], [-6.285, 56.85], [-6.284, 56.851], [-6.282, 56.849], [-6.283, 56.849]]], [[[-5.699, 56.867], [-5.699, 56.868], [-5.697, 56.868], [-5.698, 56.867], [-5.699, 56.867]]], [[[-6.274, 56.848], [-6.277, 56.848], [-6.28, 56.852], [-6.272, 56.853], [-6.274, 56.848]]], [[[-6.28, 56.846], [-6.28, 56.847], [-6.279, 56.847], [-6.28, 56.846]]], [[[-5.784, 56.855], [-5.786, 56.855], [-5.787, 56.856], [-5.786, 56.857], [-5.784, 56.855]]], [[[-5.758, 56.855], [-5.76, 56.855], [-5.759, 56.856], [-5.758, 56.855]]], [[[-5.741, 56.851], [-5.743, 56.853], [-5.735, 56.852], [-5.735, 56.851], [-5.741, 56.851]]], [[[-5.74, 56.849], [-5.741, 56.85], [-5.736, 56.849], [-5.74, 56.849]]], [[[-5.72, 56.849], [-5.721, 56.849], [-5.723, 56.85], [-5.719, 56.85], [-5.72, 56.849]]], [[[-5.783, 56.847], [-5.785, 56.849], [-5.781, 56.851], [-5.782, 56.847], [-5.783, 56.847]]], [[[-5.738, 56.846], [-5.74, 56.847], [-5.736, 56.847], [-5.738, 56.846]]], [[[-6.236, 56.823], [-6.248, 56.833], [-6.26, 56.827], [-6.278, 56.835], [-6.262, 56.84], [-6.267, 56.848], [-6.222, 56.845], [-6.215, 56.836], [-6.236, 56.823]]], [[[-5.836, 56.834], [-5.838, 56.835], [-5.836, 56.837], [-5.833, 56.836], [-5.836, 56.834]]], [[[-5.876, 56.817], [-5.877, 56.818], [-5.877, 56.819], [-5.875, 56.819], [-5.876, 56.817]]], [[[-5.127, 56.837], [-5.128, 56.838], [-5.127, 56.838], [-5.127, 56.837]]], [[[-5.873, 56.816], [-5.872, 56.82], [-5.87, 56.819], [-5.87, 56.817], [-5.873, 56.816]]], [[[-5.89, 56.795], [-5.891, 56.795], [-5.891, 56.796], [-5.889, 56.796], [-5.89, 56.795]]], [[[-5.885, 56.791], [-5.886, 56.791], [-5.883, 56.791], [-5.885, 56.791]]], [[[-5.886, 56.79], [-5.887, 56.791], [-5.888, 56.791], [-5.886, 56.791], [-5.886, 56.79]]], [[[-5.88, 56.79], [-5.881, 56.79], [-5.881, 56.79], [-5.881, 56.79], [-5.88, 56.79]]], [[[-5.87, 56.789], [-5.872, 56.789], [-5.873, 56.79], [-5.872, 56.791], [-5.87, 56.789]]], [[[-5.886, 56.786], [-5.886, 56.787], [-5.883, 56.787], [-5.884, 56.787], [-5.886, 56.786]]], [[[-5.959, 56.784], [-5.96, 56.784], [-5.961, 56.784], [-5.96, 56.784], [-5.959, 56.784]]], [[[-5.811, 56.787], [-5.816, 56.789], [-5.816, 56.79], [-5.814, 56.79], [-5.811, 56.787]]], [[[-5.851, 56.786], [-5.873, 56.792], [-5.887, 56.792], [-5.88, 56.81], [-5.809, 56.795], [-5.851, 56.786]]], [[[-5.827, 56.786], [-5.83, 56.787], [-5.831, 56.788], [-5.825, 56.788], [-5.827, 56.786]]], [[[-5.952, 56.781], [-5.952, 56.782], [-5.951, 56.781], [-5.952, 56.781]]], [[[-5.899, 56.772], [-5.899, 56.772], [-5.899, 56.772], [-5.899, 56.772], [-5.899, 56.772]]], [[[-6.09, 56.763], [-6.091, 56.763], [-6.091, 56.763], [-6.09, 56.763]]], [[[-6.088, 56.763], [-6.089, 56.763], [-6.088, 56.763], [-6.088, 56.763]]], [[[-6.194, 56.751], [-6.194, 56.752], [-6.193, 56.752], [-6.194, 56.751]]], [[[-6.192, 56.748], [-6.195, 56.749], [-6.195, 56.749], [-6.191, 56.748], [-6.192, 56.748]]], [[[-6.198, 56.747], [-6.199, 56.747], [-6.198, 56.747], [-6.198, 56.747]]], [[[-6.192, 56.738], [-6.193, 56.738], [-6.192, 56.738], [-6.192, 56.738]]], [[[-6.192, 56.737], [-6.192, 56.737], [-6.192, 56.737], [-6.192, 56.737]]], [[[-6.19, 56.735], [-6.191, 56.736], [-6.191, 56.736], [-6.19, 56.735]]], [[[-5.229, 56.763], [-5.23, 56.763], [-5.23, 56.765], [-5.229, 56.764], [-5.229, 56.763]]], [[[-5.236, 56.762], [-5.237, 56.763], [-5.236, 56.763], [-5.236, 56.762]]], [[[-6.212, 56.732], [-6.212, 56.734], [-6.211, 56.734], [-6.211, 56.733], [-6.212, 56.732]]], [[[-5.236, 56.761], [-5.236, 56.762], [-5.236, 56.762], [-5.235, 56.761], [-5.236, 56.761]]], [[[-6.214, 56.727], [-6.215, 56.728], [-6.215, 56.728], [-6.214, 56.728], [-6.214, 56.727]]], [[[-5.195, 56.755], [-5.195, 56.755], [-5.194, 56.755], [-5.195, 56.755]]], [[[-6.225, 56.719], [-6.225, 56.719], [-6.225, 56.719], [-6.225, 56.719]]], [[[-6.208, 56.695], [-6.209, 56.696], [-6.208, 56.696], [-6.208, 56.695]]], [[[-6.076, 56.692], [-6.076, 56.692], [-6.076, 56.692], [-6.076, 56.692]]], [[[-6.075, 56.69], [-6.075, 56.691], [-6.074, 56.691], [-6.074, 56.691], [-6.075, 56.69]]], [[[-6.11, 56.688], [-6.113, 56.689], [-6.112, 56.689], [-6.11, 56.69], [-6.11, 56.688]]], [[[-5.698, 56.695], [-5.698, 56.696], [-5.697, 56.696], [-5.698, 56.695]]], [[[-5.009, 56.712], [-5.008, 56.713], [-5.008, 56.713], [-5.009, 56.712]]], [[[-5.692, 56.693], [-5.693, 56.695], [-5.689, 56.695], [-5.691, 56.693], [-5.692, 56.693]]], [[[-5.68, 56.693], [-5.682, 56.693], [-5.683, 56.693], [-5.682, 56.693], [-5.68, 56.693]]], [[[-5.682, 56.688], [-5.682, 56.688], [-5.681, 56.688], [-5.682, 56.688]]], [[[-5.944, 56.678], [-5.943, 56.685], [-5.946, 56.687], [-5.938, 56.68], [-5.944, 56.678]]], [[[-5.91, 56.674], [-5.911, 56.675], [-5.91, 56.675], [-5.91, 56.675], [-5.91, 56.674]]], [[[-5.889, 56.675], [-5.89, 56.675], [-5.89, 56.676], [-5.888, 56.676], [-5.889, 56.675]]], [[[-5.89, 56.674], [-5.89, 56.675], [-5.889, 56.674], [-5.89, 56.674]]], [[[-5.903, 56.673], [-5.903, 56.676], [-5.899, 56.675], [-5.901, 56.674], [-5.903, 56.673]]], [[[-5.662, 56.68], [-5.665, 56.683], [-5.657, 56.681], [-5.658, 56.681], [-5.662, 56.68]]], [[[-5.982, 56.669], [-5.982, 56.67], [-5.981, 56.67], [-5.981, 56.67], [-5.982, 56.669]]], [[[-5.84, 56.672], [-5.842, 56.673], [-5.842, 56.673], [-5.84, 56.673], [-5.84, 56.672]]], [[[-5.906, 56.67], [-5.907, 56.67], [-5.907, 56.671], [-5.906, 56.67]]], [[[-5.168, 56.69], [-5.169, 56.691], [-5.17, 56.691], [-5.168, 56.692], [-5.168, 56.69]]], [[[-5.903, 56.669], [-5.906, 56.672], [-5.898, 56.671], [-5.901, 56.669], [-5.903, 56.669]]], [[[-5.936, 56.668], [-5.937, 56.668], [-5.936, 56.668], [-5.935, 56.668], [-5.936, 56.668]]], [[[-5.124, 56.686], [-5.125, 56.686], [-5.125, 56.687], [-5.124, 56.687], [-5.124, 56.686]]], [[[-5.127, 56.685], [-5.127, 56.686], [-5.127, 56.685], [-5.127, 56.685]]], [[[-5.153, 56.684], [-5.154, 56.685], [-5.154, 56.685], [-5.152, 56.685], [-5.153, 56.684]]], [[[-5.129, 56.684], [-5.13, 56.684], [-5.132, 56.684], [-5.129, 56.685], [-5.129, 56.684]]], [[[-5.94, 56.66], [-5.94, 56.661], [-5.94, 56.661], [-5.94, 56.66], [-5.94, 56.66]]], [[[-5.916, 56.657], [-5.93, 56.662], [-5.941, 56.657], [-5.951, 56.66], [-5.928, 56.67], [-5.905, 56.659], [-5.916, 56.657]]], [[[-5.9, 56.654], [-5.901, 56.654], [-5.901, 56.657], [-5.898, 56.655], [-5.9, 56.654]]], [[[-5.89, 56.651], [-5.891, 56.666], [-5.871, 56.665], [-5.871, 56.662], [-5.89, 56.651]]], [[[-5.89, 56.648], [-5.89, 56.649], [-5.889, 56.649], [-5.889, 56.649], [-5.89, 56.648]]], [[[-4.63, 56.655], [-4.63, 56.655], [-4.63, 56.655], [-4.63, 56.655]]], [[[-4.638, 56.65], [-4.639, 56.65], [-4.638, 56.65], [-4.638, 56.65]]], [[[-4.639, 56.65], [-4.639, 56.65], [-4.639, 56.65], [-4.639, 56.65]]], [[[-4.639, 56.649], [-4.64, 56.65], [-4.639, 56.65], [-4.639, 56.649]]], [[[-5.342, 56.629], [-5.341, 56.633], [-5.336, 56.637], [-5.337, 56.63], [-5.342, 56.629]]], [[[-4.694, 56.643], [-4.694, 56.643], [-4.694, 56.643], [-4.694, 56.643]]], [[[-4.702, 56.643], [-4.702, 56.643], [-4.702, 56.643], [-4.702, 56.643]]], [[[-4.679, 56.641], [-4.679, 56.642], [-4.678, 56.642], [-4.679, 56.641]]], [[[-4.673, 56.641], [-4.673, 56.641], [-4.672, 56.641], [-4.673, 56.641]]], [[[-4.672, 56.64], [-4.672, 56.64], [-4.672, 56.64], [-4.672, 56.64]]], [[[-4.672, 56.637], [-4.672, 56.637], [-4.672, 56.637], [-4.672, 56.637]]], [[[-4.67, 56.637], [-4.669, 56.637], [-4.669, 56.637], [-4.67, 56.637]]], [[[-4.675, 56.636], [-4.676, 56.636], [-4.675, 56.636], [-4.675, 56.636]]], [[[-4.674, 56.635], [-4.674, 56.636], [-4.674, 56.636], [-4.674, 56.635]]], [[[-4.669, 56.633], [-4.669, 56.633], [-4.669, 56.633], [-4.669, 56.633]]], [[[-4.669, 56.632], [-4.669, 56.632], [-4.669, 56.632], [-4.669, 56.632]]], [[[-5.871, 56.546], [-5.873, 56.546], [-5.875, 56.547], [-5.87, 56.547], [-5.871, 56.546]]], [[[-5.697, 56.501], [-5.698, 56.501], [-5.701, 56.502], [-5.697, 56.504], [-5.697, 56.501]]], [[[-5.685, 56.497], [-5.695, 56.512], [-5.755, 56.519], [-5.771, 56.533], [-5.74, 56.562], [-5.748, 56.565], [-5.784, 56.532], [-5.883, 56.552], [-5.905, 56.551], [-6.001, 56.62], [-6.007, 56.645], [-5.907, 56.658], [-5.891, 56.639], [-5.831, 56.621], [-5.88, 56.653], [-5.747, 56.702], [-5.674, 56.677], [-5.61, 56.677], [-5.535, 56.684], [-5.534, 56.689], [-5.572, 56.695], [-5.655, 56.682], [-5.718, 56.71], [-5.778, 56.717], [-5.835, 56.675], [-5.861, 56.681], [-5.926, 56.676], [-5.938, 56.689], [-5.972, 56.682], [-5.974, 56.672], [-5.987, 56.685], [-6.03, 56.68], [-6.11, 56.697], [-6.14, 56.683], [-6.188, 56.688], [-6.218, 56.703], [-6.227, 56.728], [-6.185, 56.735], [-6.186, 56.755], [-6.017, 56.764], [-5.971, 56.772], [-5.966, 56.785], [-5.909, 56.75], [-5.886, 56.763], [-5.87, 56.755], [-5.877, 56.745], [-5.845, 56.739], [-5.852, 56.747], [-5.834, 56.745], [-5.849, 56.76], [-5.888, 56.766], [-5.893, 56.779], [-5.874, 56.784], [-5.855, 56.768], [-5.853, 56.78], [-5.831, 56.77], [-5.822, 56.786], [-5.804, 56.784], [-5.797, 56.792], [-5.78, 56.783], [-5.747, 56.784], [-5.867, 56.812], [-5.856, 56.833], [-5.817, 56.828], [-5.764, 56.848], [-5.719, 56.844], [-5.693, 56.869], [-5.678, 56.87], [-5.671, 56.875], [-5.669, 56.874], [-5.667, 56.875], [-5.666, 56.875], [-5.69, 56.88], [-5.727, 56.851], [-5.761, 56.86], [-5.789, 56.86], [-5.722, 56.887], [-5.741, 56.889], [-5.73, 56.892], [-5.737, 56.896], [-5.864, 56.884], [-5.887, 56.874], [-5.922, 56.884], [-5.894, 56.904], [-5.862, 56.894], [-5.844, 56.907], [-5.883, 56.92], [-5.856, 56.927], [-5.867, 56.934], [-5.853, 56.941], [-5.854, 56.945], [-5.86, 56.947], [-5.853, 56.95], [-5.845, 56.967], [-5.817, 56.959], [-5.825, 56.975], [-5.847, 56.973], [-5.831, 57.007], [-5.727, 57.018], [-5.709, 56.991], [-5.635, 56.97], [-5.508, 56.995], [-5.525, 57.0], [-5.52, 57.007], [-5.62, 56.983], [-5.679, 57.01], [-5.683, 57.025], [-5.664, 57.028], [-5.673, 57.034], [-5.708, 57.041], [-5.749, 57.029], [-5.762, 57.051], [-5.782, 57.044], [-5.791, 57.053], [-5.798, 57.065], [-5.725, 57.101], [-5.722, 57.118], [-5.645, 57.128], [-5.592, 57.119], [-5.567, 57.096], [-5.52, 57.082], [-5.51, 57.098], [-5.388, 57.105], [-5.423, 57.116], [-5.423, 57.127], [-5.353, 57.149], [-5.199, 57.124], [-5.197, 57.112], [-5.155, 57.102], [-5.119, 57.105], [-5.042, 57.093], [-5.007, 57.101], [-4.972, 57.125], [-5.034, 57.103], [-5.086, 57.122], [-5.08, 57.134], [-5.001, 57.141], [-5.081, 57.142], [-5.086, 57.153], [-5.068, 57.166], [-5.148, 57.179], [-5.162, 57.197], [-5.112, 57.207], [-5.09, 57.195], [-5.043, 57.218], [-4.946, 57.207], [-4.898, 57.231], [-4.83, 57.229], [-4.786, 57.249], [-4.762, 57.312], [-4.74, 57.33], [-4.688, 57.315], [-4.689, 57.3], [-4.611, 57.318], [-4.608, 57.289], [-4.57, 57.302], [-4.563, 57.292], [-4.526, 57.293], [-4.533, 57.275], [-4.519, 57.262], [-4.675, 57.154], [-4.671, 57.139], [-4.645, 57.153], [-4.569, 57.153], [-4.505, 57.126], [-4.38, 57.148], [-4.3, 57.138], [-4.299, 57.109], [-4.366, 57.061], [-4.396, 57.084], [-4.447, 57.067], [-4.469, 57.077], [-4.488, 57.063], [-4.518, 57.072], [-4.54, 57.054], [-4.595, 57.06], [-4.637, 57.033], [-4.616, 56.997], [-4.583, 56.984], [-4.589, 56.977], [-4.566, 56.96], [-4.536, 56.969], [-4.497, 56.956], [-4.416, 56.994], [-4.283, 57.019], [-4.288, 57.001], [-4.255, 56.989], [-4.279, 56.976], [-4.334, 56.978], [-4.352, 56.951], [-4.39, 56.943], [-4.451, 56.948], [-4.549, 56.885], [-4.57, 56.846], [-4.521, 56.805], [-4.55, 56.782], [-4.547, 56.772], [-4.59, 56.76], [-4.576, 56.735], [-4.606, 56.708], [-4.591, 56.704], [-4.592, 56.693], [-4.658, 56.675], [-4.718, 56.677], [-4.716, 56.643], [-4.669, 56.639], [-4.679, 56.629], [-4.673, 56.625], [-4.629, 56.654], [-4.618, 56.638], [-4.637, 56.625], [-4.628, 56.615], [-4.83, 56.569], [-4.947, 56.576], [-4.994, 56.542], [-5.062, 56.527], [-5.096, 56.528], [-5.066, 56.563], [-5.098, 56.536], [-5.114, 56.548], [-5.095, 56.574], [-5.109, 56.587], [-5.08, 56.609], [-5.153, 56.613], [-5.153, 56.627], [-5.212, 56.632], [-5.211, 56.608], [-5.23, 56.595], [-5.297, 56.598], [-5.325, 56.621], [-5.296, 56.639], [-5.326, 56.647], [-5.302, 56.662], [-5.252, 56.666], [-5.224, 56.686], [-5.138, 56.678], [-4.969, 56.715], [-5.162, 56.685], [-5.185, 56.7], [-5.247, 56.703], [-5.229, 56.729], [-5.086, 56.834], [-5.102, 56.827], [-5.111, 56.839], [-5.191, 56.855], [-5.332, 56.86], [-5.309, 56.847], [-5.18, 56.846], [-5.123, 56.827], [-5.218, 56.765], [-5.24, 56.767], [-5.231, 56.751], [-5.257, 56.732], [-5.243, 56.72], [-5.284, 56.701], [-5.288, 56.71], [-5.299, 56.714], [-5.306, 56.714], [-5.298, 56.712], [-5.361, 56.683], [-5.355, 56.675], [-5.399, 56.647], [-5.434, 56.643], [-5.47, 56.615], [-5.528, 56.616], [-5.492, 56.606], [-5.548, 56.554], [-5.685, 56.497]]], [[[-5.637, 56.935], [-5.638, 56.938], [-5.646, 56.942], [-5.629, 56.948], [-5.507, 56.953], [-5.516, 56.96], [-5.677, 56.955], [-5.743, 56.97], [-5.81, 56.967], [-5.8, 56.963], [-5.805, 56.95], [-5.637, 56.935]]]]}}, {"type": "Feature", "properties": {"cd": "S22000063", "nm": "Galashiels and Peebles"}, "geometry": {"type": "Polygon", "coordinates": [[[-2.774, 55.838], [-2.74, 55.828], [-2.699, 55.836], [-2.693, 55.82], [-2.642, 55.809], [-2.611, 55.788], [-2.561, 55.791], [-2.491, 55.758], [-2.455, 55.759], [-2.454, 55.78], [-2.387, 55.792], [-2.348, 55.76], [-2.353, 55.751], [-2.415, 55.725], [-2.419, 55.712], [-2.47, 55.703], [-2.406, 55.671], [-2.366, 55.665], [-2.38, 55.657], [-2.398, 55.666], [-2.392, 55.659], [-2.417, 55.651], [-2.442, 55.66], [-2.521, 55.646], [-2.534, 55.654], [-2.559, 55.624], [-2.603, 55.63], [-2.604, 55.611], [-2.524, 55.564], [-2.598, 55.537], [-2.575, 55.525], [-2.591, 55.523], [-2.573, 55.506], [-2.539, 55.513], [-2.543, 55.492], [-2.562, 55.476], [-2.593, 55.484], [-2.647, 55.469], [-2.639, 55.488], [-2.669, 55.487], [-2.69, 55.504], [-2.887, 55.442], [-2.904, 55.449], [-2.925, 55.431], [-2.963, 55.449], [-3.117, 55.356], [-3.175, 55.347], [-3.179, 55.36], [-3.223, 55.376], [-3.292, 55.342], [-3.318, 55.348], [-3.303, 55.394], [-3.244, 55.428], [-3.293, 55.431], [-3.311, 55.445], [-3.332, 55.441], [-3.354, 55.413], [-3.421, 55.416], [-3.472, 55.404], [-3.503, 55.409], [-3.539, 55.437], [-3.516, 55.481], [-3.522, 55.49], [-3.487, 55.517], [-3.503, 55.547], [-3.488, 55.563], [-3.53, 55.611], [-3.482, 55.616], [-3.486, 55.649], [-3.397, 55.711], [-3.369, 55.716], [-3.364, 55.729], [-3.326, 55.714], [-3.279, 55.727], [-3.294, 55.701], [-3.285, 55.684], [-3.252, 55.695], [-3.254, 55.709], [-3.212, 55.713], [-3.2, 55.694], [-3.153, 55.696], [-3.151, 55.723], [-3.128, 55.71], [-3.092, 55.722], [-3.103, 55.737], [-3.075, 55.76], [-2.952, 55.819], [-2.941, 55.795], [-2.925, 55.793], [-2.883, 55.808], [-2.87, 55.824], [-2.84, 55.818], [-2.774, 55.838]]]}}, {"type": "Feature", "properties": {"cd": "S22000064", "nm": "Girvan"}, "geometry": {"type": "MultiPolygon", "coordinates": [[[[-4.853, 55.303], [-4.85, 55.307], [-4.846, 55.307], [-4.847, 55.306], [-4.853, 55.303]]], [[[-4.839, 55.289], [-4.84, 55.289], [-4.84, 55.29], [-4.838, 55.29], [-4.839, 55.289]]], [[[-5.117, 55.247], [-5.124, 55.25], [-5.119, 55.258], [-5.107, 55.252], [-5.117, 55.247]]], [[[-5.04, 54.998], [-5.06, 55.03], [-5.03, 55.079], [-5.014, 55.087], [-5.006, 55.094], [-5.014, 55.089], [-4.997, 55.138], [-4.865, 55.222], [-4.865, 55.245], [-4.858, 55.243], [-4.856, 55.244], [-4.855, 55.244], [-4.836, 55.283], [-4.847, 55.324], [-4.77, 55.368], [-4.723, 55.362], [-4.741, 55.357], [-4.697, 55.347], [-4.706, 55.336], [-4.692, 55.344], [-4.658, 55.333], [-4.676, 55.307], [-4.713, 55.286], [-4.627, 55.267], [-4.567, 55.236], [-4.536, 55.238], [-4.496, 55.198], [-4.466, 55.192], [-4.462, 55.167], [-4.478, 55.153], [-4.565, 55.158], [-4.658, 55.12], [-4.661, 55.089], [-4.625, 55.068], [-4.634, 55.051], [-4.715, 55.038], [-4.741, 55.047], [-4.789, 55.031], [-4.802, 55.044], [-4.885, 55.039], [-4.895, 55.061], [-4.923, 55.066], [-4.961, 55.022], [-4.978, 55.022], [-4.973, 55.012], [-5.04, 54.998]]]]}}, {"type": "Feature", "properties": {"cd": "S22000065", "nm": "Glasgow"}, "geometry": {"type": "MultiPolygon", "coordinates": [[[[-4.073, 56.025], [-4.072, 56.025], [-4.072, 56.025], [-4.073, 56.025]]], [[[-4.594, 55.644], [-4.638, 55.672], [-4.611, 55.676], [-4.53, 55.745], [-4.542, 55.764], [-4.575, 55.783], [-4.617, 55.761], [-4.634, 55.776], [-4.65, 55.761], [-4.661, 55.76], [-4.686, 55.804], [-4.72, 55.805], [-4.73, 55.811], [-4.722, 55.821], [-4.784, 55.844], [-4.729, 55.853], [-4.679, 55.838], [-4.633, 55.841], [-4.623, 55.862], [-4.597, 55.863], [-4.61, 55.869], [-4.599, 55.88], [-4.619, 55.889], [-4.613, 55.906], [-4.635, 55.914], [-4.614, 55.93], [-4.472, 55.923], [-4.448, 55.907], [-4.408, 55.893], [-4.412, 55.881], [-4.419, 55.883], [-4.438, 55.879], [-4.441, 55.878], [-4.445, 55.875], [-4.453, 55.875], [-4.461, 55.871], [-4.468, 55.875], [-4.47, 55.875], [-4.471, 55.875], [-4.461, 55.866], [-4.407, 55.882], [-4.422, 55.867], [-4.426, 55.855], [-4.422, 55.851], [-4.422, 55.864], [-4.409, 55.875], [-4.404, 55.891], [-4.353, 55.865], [-4.352, 55.872], [-4.296, 55.856], [-4.258, 55.855], [-4.238, 55.848], [-4.241, 55.843], [-4.221, 55.833], [-4.195, 55.839], [-4.221, 55.833], [-4.222, 55.839], [-4.24, 55.843], [-4.237, 55.848], [-4.247, 55.853], [-4.341, 55.87], [-4.467, 55.925], [-4.507, 55.929], [-4.471, 55.929], [-4.464, 55.964], [-4.428, 55.981], [-4.448, 56.004], [-4.482, 56.012], [-4.499, 56.048], [-4.43, 56.06], [-4.422, 56.042], [-4.392, 56.038], [-4.379, 56.045], [-4.387, 56.059], [-4.293, 56.067], [-4.283, 56.056], [-4.301, 56.049], [-4.336, 56.055], [-4.338, 56.017], [-4.275, 56.029], [-4.198, 56.01], [-4.163, 56.03], [-4.153, 56.009], [-4.136, 56.006], [-4.032, 56.03], [-4.019, 56.027], [-4.03, 56.01], [-4.019, 56.006], [-3.911, 56.002], [-3.954, 55.992], [-3.938, 55.963], [-3.86, 55.959], [-3.916, 55.927], [-4.01, 55.936], [-4.051, 55.924], [-4.047, 55.909], [-4.063, 55.893], [-4.039, 55.892], [-4.033, 55.875], [-4.06, 55.878], [-4.041, 55.859], [-4.053, 55.864], [-4.045, 55.858], [-4.068, 55.85], [-4.077, 55.856], [-4.068, 55.861], [-4.086, 55.859], [-4.075, 55.844], [-4.108, 55.837], [-4.083, 55.83], [-4.096, 55.823], [-4.092, 55.8], [-4.108, 55.813], [-4.111, 55.811], [-4.114, 55.78], [-4.096, 55.775], [-4.151, 55.725], [-4.142, 55.702], [-4.157, 55.683], [-4.212, 55.693], [-4.25, 55.677], [-4.282, 55.679], [-4.353, 55.697], [-4.384, 55.723], [-4.426, 55.702], [-4.418, 55.696], [-4.477, 55.69], [-4.47, 55.681], [-4.493, 55.665], [-4.546, 55.667], [-4.594, 55.644]]]]}}, {"type": "Feature", "properties": {"cd": "S22000066", "nm": "Golspie and Brora"}, "geometry": {"type": "Polygon", "coordinates": [[[-4.516, 57.956], [-4.508, 57.955], [-4.536, 57.958], [-4.542, 57.963], [-4.579, 57.974], [-4.605, 57.974], [-4.531, 57.955], [-4.454, 57.953], [-4.444, 57.947], [-4.422, 57.941], [-4.397, 57.91], [-4.349, 57.889], [-4.372, 57.865], [-4.382, 57.865], [-4.373, 57.874], [-4.39, 57.875], [-4.441, 57.849], [-4.529, 57.844], [-4.551, 57.816], [-4.667, 57.79], [-4.749, 57.816], [-4.872, 57.817], [-4.935, 57.848], [-4.949, 57.859], [-4.9, 57.881], [-4.927, 57.89], [-4.872, 57.907], [-4.903, 57.919], [-4.86, 57.944], [-4.913, 57.945], [-4.928, 57.959], [-4.906, 57.977], [-4.95, 57.979], [-4.939, 57.994], [-4.947, 58.033], [-4.891, 58.086], [-4.902, 58.104], [-4.882, 58.149], [-4.906, 58.175], [-4.879, 58.184], [-4.847, 58.176], [-4.835, 58.216], [-4.803, 58.242], [-4.781, 58.239], [-4.763, 58.213], [-4.703, 58.208], [-4.726, 58.24], [-4.667, 58.279], [-4.639, 58.278], [-4.625, 58.253], [-4.603, 58.244], [-4.619, 58.229], [-4.605, 58.207], [-4.501, 58.198], [-4.431, 58.214], [-4.431, 58.193], [-4.393, 58.178], [-4.317, 58.174], [-4.312, 58.193], [-4.282, 58.202], [-4.265, 58.226], [-4.131, 58.239], [-4.116, 58.235], [-4.121, 58.214], [-4.028, 58.208], [-4.01, 58.217], [-4.027, 58.226], [-4.024, 58.261], [-3.944, 58.258], [-3.927, 58.284], [-3.943, 58.32], [-4.008, 58.341], [-3.979, 58.343], [-3.968, 58.365], [-3.838, 58.312], [-3.85, 58.302], [-3.833, 58.285], [-3.85, 58.275], [-3.828, 58.269], [-3.821, 58.245], [-3.777, 58.23], [-3.764, 58.204], [-3.778, 58.196], [-3.726, 58.2], [-3.683, 58.172], [-3.629, 58.163], [-3.655, 58.152], [-3.642, 58.146], [-3.653, 58.136], [-3.63, 58.119], [-3.659, 58.12], [-3.651, 58.114], [-3.745, 58.068], [-3.805, 58.057], [-3.833, 58.039], [-3.847, 58.007], [-3.983, 57.969], [-4.007, 57.934], [-4.03, 57.934], [-4.013, 57.946], [-4.008, 57.951], [-4.009, 57.954], [-4.047, 57.944], [-4.055, 57.955], [-4.082, 57.951], [-4.069, 57.937], [-4.001, 57.926], [-3.992, 57.903], [-4.013, 57.891], [-4.012, 57.859], [-4.073, 57.867], [-4.112, 57.848], [-4.147, 57.855], [-4.135, 57.87], [-4.164, 57.859], [-4.233, 57.875], [-4.29, 57.862], [-4.397, 57.916], [-4.409, 57.939], [-4.467, 57.957], [-4.516, 57.956]]]}}, {"type": "Feature", "properties": {"cd": "S22000067", "nm": "Hawick and Kelso"}, "geometry": {"type": "Polygon", "coordinates": [[[-2.398, 55.666], [-2.362, 55.636], [-2.309, 55.629], [-2.316, 55.62], [-2.289, 55.604], [-2.289, 55.58], [-2.232, 55.545], [-2.229, 55.51], [-2.201, 55.475], [-2.166, 55.468], [-2.231, 55.428], [-2.261, 55.433], [-2.313, 55.407], [-2.336, 55.408], [-2.345, 55.399], [-2.33, 55.381], [-2.346, 55.373], [-2.337, 55.367], [-2.379, 55.349], [-2.475, 55.355], [-2.521, 55.323], [-2.559, 55.318], [-2.573, 55.297], [-2.647, 55.26], [-2.611, 55.247], [-2.63, 55.245], [-2.631, 55.224], [-2.667, 55.222], [-2.706, 55.172], [-2.826, 55.138], [-2.828, 55.125], [-2.859, 55.108], [-2.865, 55.135], [-2.897, 55.147], [-2.905, 55.174], [-2.888, 55.208], [-2.862, 55.223], [-2.864, 55.236], [-2.921, 55.237], [-2.885, 55.263], [-2.893, 55.28], [-2.962, 55.29], [-2.996, 55.269], [-3.02, 55.279], [-3.043, 55.272], [-3.055, 55.281], [-3.047, 55.296], [-3.113, 55.352], [-3.083, 55.381], [-3.053, 55.385], [-3.045, 55.408], [-2.963, 55.449], [-2.925, 55.431], [-2.904, 55.449], [-2.887, 55.442], [-2.69, 55.504], [-2.669, 55.487], [-2.639, 55.488], [-2.647, 55.469], [-2.593, 55.484], [-2.562, 55.476], [-2.543, 55.492], [-2.539, 55.513], [-2.573, 55.506], [-2.591, 55.523], [-2.575, 55.525], [-2.598, 55.537], [-2.524, 55.564], [-2.604, 55.611], [-2.603, 55.63], [-2.565, 55.623], [-2.534, 55.654], [-2.521, 55.646], [-2.442, 55.66], [-2.417, 55.651], [-2.392, 55.659], [-2.398, 55.666]]]}}, {"type": "Feature", "properties": {"cd": "S22000068", "nm": "Inverness"}, "geometry": {"type": "MultiPolygon", "coordinates": [[[[-5.274, 57.674], [-5.274, 57.674], [-5.274, 57.674], [-5.274, 57.674]]], [[[-5.274, 57.673], [-5.274, 57.674], [-5.274, 57.674], [-5.274, 57.673]]], [[[-5.332, 57.631], [-5.333, 57.631], [-5.333, 57.631], [-5.332, 57.631]]], [[[-5.325, 57.63], [-5.325, 57.63], [-5.325, 57.63], [-5.325, 57.63]]], [[[-5.326, 57.63], [-5.326, 57.63], [-5.325, 57.63], [-5.326, 57.63]]], [[[-5.325, 57.63], [-5.325, 57.63], [-5.325, 57.63], [-5.325, 57.63]]], [[[-5.326, 57.63], [-5.326, 57.63], [-5.325, 57.63], [-5.326, 57.63]]], [[[-5.325, 57.63], [-5.325, 57.63], [-5.325, 57.63], [-5.325, 57.63]]], [[[-5.325, 57.63], [-5.325, 57.63], [-5.325, 57.63], [-5.325, 57.63]]], [[[-5.324, 57.629], [-5.325, 57.629], [-5.324, 57.629], [-5.324, 57.629]]], [[[-5.331, 57.624], [-5.331, 57.624], [-5.329, 57.624], [-5.331, 57.624]]], [[[-5.327, 57.624], [-5.329, 57.625], [-5.325, 57.625], [-5.327, 57.624]]], [[[-5.331, 57.623], [-5.332, 57.623], [-5.331, 57.623], [-5.331, 57.623]]], [[[-4.326, 57.413], [-4.325, 57.413], [-4.325, 57.413], [-4.326, 57.413]]], [[[-4.39, 57.366], [-4.39, 57.366], [-4.39, 57.366], [-4.39, 57.366]]], [[[-4.455, 57.334], [-4.455, 57.334], [-4.455, 57.334], [-4.455, 57.334]]], [[[-4.456, 57.282], [-4.456, 57.282], [-4.456, 57.282], [-4.456, 57.282]]], [[[-4.302, 57.091], [-4.311, 57.099], [-4.297, 57.131], [-4.321, 57.143], [-4.38, 57.148], [-4.505, 57.126], [-4.569, 57.153], [-4.645, 57.153], [-4.369, 57.35], [-4.335, 57.38], [-4.348, 57.387], [-4.309, 57.427], [-4.412, 57.349], [-4.455, 57.334], [-4.441, 57.324], [-4.519, 57.262], [-4.533, 57.275], [-4.526, 57.293], [-4.563, 57.292], [-4.57, 57.302], [-4.608, 57.289], [-4.611, 57.318], [-4.689, 57.3], [-4.688, 57.315], [-4.74, 57.33], [-4.762, 57.312], [-4.786, 57.249], [-4.83, 57.229], [-4.898, 57.231], [-4.946, 57.207], [-5.043, 57.218], [-5.09, 57.195], [-5.112, 57.207], [-5.177, 57.194], [-5.205, 57.201], [-5.222, 57.174], [-5.244, 57.173], [-5.251, 57.178], [-5.233, 57.206], [-5.283, 57.218], [-5.26, 57.241], [-5.035, 57.304], [-5.029, 57.326], [-4.954, 57.335], [-5.011, 57.334], [-5.047, 57.366], [-5.096, 57.366], [-5.108, 57.38], [-5.097, 57.412], [-5.054, 57.423], [-4.993, 57.409], [-5.017, 57.427], [-5.178, 57.431], [-5.2, 57.427], [-5.135, 57.42], [-5.24, 57.413], [-5.259, 57.434], [-5.234, 57.45], [-5.119, 57.46], [-5.11, 57.479], [-5.028, 57.464], [-4.996, 57.481], [-5.018, 57.503], [-5.007, 57.509], [-5.021, 57.517], [-5.015, 57.526], [-5.093, 57.543], [-5.191, 57.521], [-5.22, 57.532], [-5.236, 57.569], [-5.271, 57.548], [-5.313, 57.543], [-5.361, 57.565], [-5.399, 57.559], [-5.406, 57.581], [-5.472, 57.585], [-5.477, 57.599], [-5.424, 57.619], [-5.411, 57.659], [-5.333, 57.623], [-5.324, 57.624], [-5.327, 57.634], [-5.387, 57.662], [-5.352, 57.676], [-5.274, 57.673], [-5.282, 57.681], [-5.266, 57.711], [-5.238, 57.692], [-5.17, 57.693], [-5.156, 57.683], [-5.084, 57.699], [-5.083, 57.71], [-4.99, 57.707], [-4.901, 57.727], [-4.917, 57.747], [-4.985, 57.779], [-4.958, 57.793], [-4.929, 57.788], [-4.872, 57.817], [-4.749, 57.816], [-4.686, 57.802], [-4.676, 57.79], [-4.683, 57.781], [-4.647, 57.764], [-4.673, 57.748], [-4.642, 57.719], [-4.648, 57.699], [-4.626, 57.693], [-4.633, 57.661], [-4.603, 57.651], [-4.572, 57.662], [-4.497, 57.66], [-4.392, 57.632], [-4.358, 57.636], [-4.416, 57.606], [-4.408, 57.593], [-4.414, 57.597], [-4.417, 57.598], [-4.422, 57.599], [-4.429, 57.598], [-4.407, 57.593], [-4.424, 57.584], [-4.427, 57.575], [-4.438, 57.573], [-4.444, 57.567], [-4.445, 57.564], [-4.234, 57.669], [-4.166, 57.676], [-4.165, 57.657], [-4.086, 57.665], [-4.037, 57.684], [-3.993, 57.677], [-4.102, 57.607], [-4.113, 57.59], [-4.091, 57.574], [-4.143, 57.577], [-4.174, 57.566], [-4.188, 57.546], [-4.252, 57.549], [-4.193, 57.538], [-4.234, 57.501], [-4.383, 57.512], [-4.436, 57.497], [-4.437, 57.485], [-4.457, 57.484], [-4.457, 57.482], [-4.45, 57.48], [-4.461, 57.481], [-4.475, 57.474], [-4.476, 57.47], [-4.472, 57.467], [-4.413, 57.498], [-4.375, 57.479], [-4.289, 57.481], [-4.238, 57.496], [-4.229, 57.469], [-4.237, 57.493], [-4.179, 57.485], [-4.148, 57.502], [-4.147, 57.518], [-4.113, 57.516], [-4.102, 57.535], [-4.041, 57.56], [-4.051, 57.579], [-4.076, 57.582], [-4.058, 57.591], [-4.012, 57.601], [-3.971, 57.586], [-3.956, 57.589], [-4.006, 57.603], [-3.93, 57.586], [-3.861, 57.592], [-3.866, 57.585], [-3.866, 57.583], [-3.779, 57.625], [-3.827, 57.607], [-3.815, 57.617], [-3.762, 57.631], [-3.739, 57.598], [-3.749, 57.591], [-3.712, 57.567], [-3.73, 57.561], [-3.712, 57.534], [-3.722, 57.529], [-3.691, 57.52], [-3.705, 57.511], [-3.683, 57.49], [-3.701, 57.437], [-3.659, 57.43], [-3.715, 57.431], [-3.73, 57.418], [-3.721, 57.4], [-3.758, 57.394], [-3.78, 57.36], [-3.954, 57.293], [-3.961, 57.273], [-3.997, 57.256], [-4.035, 57.252], [-4.064, 57.192], [-4.12, 57.188], [-4.158, 57.147], [-4.138, 57.133], [-4.151, 57.123], [-4.223, 57.122], [-4.302, 57.091]]]]}}, {"type": "Feature", "properties": {"cd": "S22000069", "nm": "Kilmarnock and Irvine"}, "geometry": {"type": "MultiPolygon", "coordinates": [[[[-4.926, 55.75], [-4.926, 55.751], [-4.924, 55.75], [-4.926, 55.75]]], [[[-4.926, 55.748], [-4.927, 55.748], [-4.924, 55.749], [-4.924, 55.748], [-4.926, 55.748]]], [[[-4.945, 55.743], [-4.95, 55.754], [-4.93, 55.784], [-4.898, 55.792], [-4.902, 55.753], [-4.945, 55.743]]], [[[-4.952, 55.71], [-4.963, 55.715], [-4.968, 55.722], [-4.938, 55.735], [-4.952, 55.71]]], [[[-4.841, 55.644], [-4.847, 55.647], [-4.846, 55.648], [-4.841, 55.646], [-4.841, 55.644]]], [[[-5.153, 55.58], [-5.154, 55.581], [-5.155, 55.582], [-5.153, 55.581], [-5.153, 55.58]]], [[[-4.35, 55.556], [-4.518, 55.565], [-4.539, 55.575], [-4.536, 55.591], [-4.569, 55.593], [-4.568, 55.602], [-4.652, 55.563], [-4.696, 55.604], [-4.679, 55.61], [-4.685, 55.619], [-4.675, 55.621], [-4.685, 55.623], [-4.686, 55.617], [-4.682, 55.611], [-4.687, 55.609], [-4.713, 55.635], [-4.711, 55.638], [-4.702, 55.639], [-4.7, 55.641], [-4.69, 55.64], [-4.688, 55.641], [-4.695, 55.642], [-4.709, 55.639], [-4.712, 55.639], [-4.715, 55.635], [-4.691, 55.609], [-4.698, 55.606], [-4.756, 55.631], [-4.822, 55.637], [-4.815, 55.648], [-4.862, 55.684], [-4.905, 55.7], [-4.903, 55.722], [-4.885, 55.729], [-4.895, 55.737], [-4.872, 55.732], [-4.881, 55.752], [-4.857, 55.747], [-4.855, 55.775], [-4.886, 55.816], [-4.865, 55.808], [-4.869, 55.834], [-4.804, 55.871], [-4.781, 55.87], [-4.751, 55.85], [-4.784, 55.84], [-4.722, 55.821], [-4.73, 55.811], [-4.72, 55.805], [-4.686, 55.804], [-4.661, 55.76], [-4.634, 55.776], [-4.617, 55.761], [-4.575, 55.783], [-4.542, 55.764], [-4.53, 55.745], [-4.611, 55.676], [-4.638, 55.672], [-4.597, 55.655], [-4.604, 55.647], [-4.572, 55.648], [-4.546, 55.667], [-4.493, 55.665], [-4.47, 55.681], [-4.477, 55.69], [-4.418, 55.696], [-4.426, 55.702], [-4.384, 55.723], [-4.325, 55.688], [-4.247, 55.679], [-4.217, 55.647], [-4.222, 55.635], [-4.202, 55.627], [-4.205, 55.615], [-4.175, 55.605], [-4.243, 55.562], [-4.334, 55.573], [-4.35, 55.556]]], [[[-5.067, 55.512], [-5.087, 55.526], [-5.089, 55.535], [-5.065, 55.524], [-5.067, 55.512]]], [[[-5.245, 55.437], [-5.246, 55.437], [-5.246, 55.438], [-5.246, 55.437], [-5.245, 55.437]]], [[[-5.179, 55.434], [-5.288, 55.453], [-5.317, 55.468], [-5.327, 55.498], [-5.355, 55.507], [-5.338, 55.55], [-5.397, 55.617], [-5.365, 55.678], [-5.328, 55.689], [-5.316, 55.706], [-5.287, 55.702], [-5.295, 55.714], [-5.264, 55.721], [-5.201, 55.702], [-5.153, 55.668], [-5.128, 55.61], [-5.16, 55.584], [-5.107, 55.571], [-5.083, 55.553], [-5.129, 55.528], [-5.079, 55.51], [-5.095, 55.492], [-5.079, 55.465], [-5.105, 55.442], [-5.179, 55.434]]], [[[-5.119, 55.424], [-5.121, 55.428], [-5.119, 55.43], [-5.116, 55.426], [-5.119, 55.424]]]]}}, {"type": "Feature", "properties": {"cd": "S22000070", "nm": "Livingston"}, "geometry": {"type": "Polygon", "coordinates": [[[-3.594, 56.02], [-3.509, 55.998], [-3.425, 55.994], [-3.448, 55.978], [-3.425, 55.954], [-3.45, 55.951], [-3.418, 55.934], [-3.444, 55.908], [-3.388, 55.903], [-3.414, 55.878], [-3.397, 55.869], [-3.42, 55.846], [-3.391, 55.824], [-3.436, 55.805], [-3.439, 55.785], [-3.472, 55.771], [-3.546, 55.786], [-3.558, 55.765], [-3.535, 55.771], [-3.567, 55.741], [-3.624, 55.752], [-3.662, 55.721], [-3.683, 55.736], [-3.651, 55.736], [-3.66, 55.744], [-3.634, 55.775], [-3.603, 55.778], [-3.621, 55.791], [-3.616, 55.803], [-3.743, 55.781], [-3.733, 55.793], [-3.742, 55.799], [-3.715, 55.814], [-3.74, 55.831], [-3.75, 55.858], [-3.774, 55.858], [-3.711, 55.874], [-3.712, 55.882], [-3.795, 55.874], [-3.831, 55.894], [-3.781, 55.902], [-3.803, 55.912], [-3.78, 55.919], [-3.796, 55.953], [-3.749, 55.957], [-3.697, 55.939], [-3.668, 55.945], [-3.674, 55.954], [-3.633, 55.978], [-3.652, 55.98], [-3.664, 56.002], [-3.682, 56.006], [-3.594, 56.02]]]}}, {"type": "Feature", "properties": {"cd": "S22000071", "nm": "Motherwell and Airdrie"}, "geometry": {"type": "Polygon", "coordinates": [[[-3.903, 55.937], [-3.809, 55.905], [-3.831, 55.894], [-3.802, 55.875], [-3.712, 55.882], [-3.711, 55.874], [-3.774, 55.858], [-3.75, 55.858], [-3.74, 55.831], [-3.715, 55.814], [-3.742, 55.799], [-3.733, 55.793], [-3.743, 55.781], [-3.616, 55.803], [-3.621, 55.791], [-3.603, 55.778], [-3.634, 55.775], [-3.66, 55.744], [-3.651, 55.736], [-3.677, 55.741], [-3.683, 55.728], [-3.661, 55.721], [-3.637, 55.732], [-3.636, 55.748], [-3.609, 55.752], [-3.61, 55.743], [-3.568, 55.74], [-3.56, 55.703], [-3.542, 55.711], [-3.536, 55.697], [-3.556, 55.686], [-3.497, 55.686], [-3.524, 55.675], [-3.504, 55.672], [-3.495, 55.653], [-3.518, 55.653], [-3.525, 55.635], [-3.478, 55.633], [-3.482, 55.616], [-3.532, 55.605], [-3.488, 55.563], [-3.503, 55.547], [-3.487, 55.517], [-3.508, 55.506], [-3.569, 55.536], [-3.575, 55.551], [-3.608, 55.555], [-3.544, 55.584], [-3.575, 55.596], [-3.667, 55.536], [-3.723, 55.545], [-3.77, 55.531], [-3.741, 55.51], [-3.689, 55.515], [-3.708, 55.477], [-3.689, 55.44], [-3.733, 55.426], [-3.735, 55.408], [-3.764, 55.399], [-3.816, 55.427], [-3.825, 55.444], [-3.895, 55.46], [-3.97, 55.454], [-4.017, 55.473], [-4.012, 55.483], [-4.026, 55.492], [-3.959, 55.541], [-3.957, 55.556], [-3.997, 55.564], [-4.04, 55.592], [-4.082, 55.568], [-4.148, 55.573], [-4.223, 55.55], [-4.243, 55.562], [-4.175, 55.605], [-4.205, 55.615], [-4.202, 55.627], [-4.222, 55.635], [-4.217, 55.647], [-4.247, 55.679], [-4.219, 55.692], [-4.164, 55.682], [-4.146, 55.689], [-4.151, 55.725], [-4.096, 55.775], [-4.114, 55.78], [-4.111, 55.812], [-4.092, 55.8], [-4.096, 55.823], [-4.089, 55.826], [-4.085, 55.824], [-4.083, 55.825], [-4.108, 55.837], [-4.075, 55.844], [-4.086, 55.859], [-4.068, 55.861], [-4.077, 55.856], [-4.068, 55.85], [-4.045, 55.858], [-4.053, 55.864], [-4.041, 55.859], [-4.06, 55.878], [-4.033, 55.875], [-4.039, 55.892], [-4.063, 55.893], [-4.047, 55.909], [-4.051, 55.924], [-4.01, 55.936], [-3.916, 55.927], [-3.903, 55.937]]]}}, {"type": "Feature", "properties": {"cd": "S22000072", "nm": "Newton Stewart"}, "geometry": {"type": "MultiPolygon", "coordinates": [[[[-4.428, 54.686], [-4.428, 54.686], [-4.428, 54.686], [-4.428, 54.686]]], [[[-4.417, 54.681], [-4.417, 54.681], [-4.417, 54.682], [-4.417, 54.681]]], [[[-4.413, 54.68], [-4.413, 54.68], [-4.412, 54.681], [-4.413, 54.68]]], [[[-4.395, 54.677], [-4.541, 54.723], [-4.572, 54.738], [-4.6, 54.777], [-4.712, 54.824], [-4.683, 54.835], [-4.67, 54.87], [-4.696, 54.887], [-4.723, 54.892], [-4.765, 54.872], [-4.795, 54.881], [-4.674, 54.945], [-4.68, 54.968], [-4.715, 54.997], [-4.712, 55.014], [-4.695, 55.021], [-4.594, 54.986], [-4.544, 54.996], [-4.572, 55.017], [-4.59, 55.013], [-4.586, 55.033], [-4.598, 55.032], [-4.586, 55.046], [-4.598, 55.063], [-4.634, 55.052], [-4.629, 55.076], [-4.661, 55.089], [-4.664, 55.114], [-4.626, 55.139], [-4.584, 55.142], [-4.565, 55.158], [-4.478, 55.153], [-4.462, 55.17], [-4.444, 55.17], [-4.439, 55.138], [-4.405, 55.152], [-4.409, 55.134], [-4.386, 55.122], [-4.396, 55.098], [-4.286, 55.072], [-4.272, 55.047], [-4.177, 55.034], [-4.157, 55.017], [-4.173, 54.987], [-4.157, 54.979], [-4.161, 54.955], [-4.128, 54.885], [-4.149, 54.847], [-4.196, 54.832], [-4.221, 54.829], [-4.213, 54.837], [-4.225, 54.841], [-4.185, 54.879], [-4.185, 54.886], [-4.257, 54.837], [-4.3, 54.843], [-4.383, 54.878], [-4.392, 54.898], [-4.388, 54.897], [-4.383, 54.897], [-4.382, 54.901], [-4.399, 54.903], [-4.397, 54.903], [-4.396, 54.903], [-4.395, 54.903], [-4.4, 54.904], [-4.395, 54.912], [-4.398, 54.919], [-4.422, 54.927], [-4.417, 54.932], [-4.419, 54.934], [-4.415, 54.932], [-4.41, 54.934], [-4.409, 54.936], [-4.411, 54.937], [-4.414, 54.936], [-4.412, 54.938], [-4.412, 54.942], [-4.414, 54.944], [-4.409, 54.944], [-4.407, 54.954], [-4.408, 54.956], [-4.411, 54.957], [-4.41, 54.958], [-4.411, 54.957], [-4.407, 54.954], [-4.414, 54.944], [-4.415, 54.936], [-4.413, 54.936], [-4.409, 54.936], [-4.419, 54.935], [-4.418, 54.932], [-4.426, 54.934], [-4.445, 54.933], [-4.451, 54.937], [-4.442, 54.938], [-4.444, 54.944], [-4.474, 54.95], [-4.463, 54.94], [-4.445, 54.944], [-4.457, 54.936], [-4.445, 54.93], [-4.425, 54.932], [-4.422, 54.92], [-4.399, 54.914], [-4.423, 54.889], [-4.396, 54.894], [-4.426, 54.882], [-4.421, 54.872], [-4.431, 54.868], [-4.423, 54.869], [-4.435, 54.862], [-4.435, 54.858], [-4.48, 54.861], [-4.43, 54.852], [-4.434, 54.861], [-4.422, 54.864], [-4.412, 54.828], [-4.355, 54.813], [-4.341, 54.799], [-4.369, 54.793], [-4.36, 54.778], [-4.371, 54.772], [-4.355, 54.767], [-4.367, 54.723], [-4.35, 54.709], [-4.395, 54.677]]]]}}, {"type": "Feature", "properties": {"cd": "S22000073", "nm": "Oban"}, "geometry": {"type": "MultiPolygon", "coordinates": [[[[-5.395, 56.578], [-5.403, 56.59], [-5.381, 56.596], [-5.39, 56.582], [-5.395, 56.578]]], [[[-5.442, 56.573], [-5.441, 56.574], [-5.439, 56.575], [-5.439, 56.574], [-5.442, 56.573]]], [[[-5.423, 56.573], [-5.423, 56.573], [-5.421, 56.575], [-5.421, 56.574], [-5.423, 56.573]]], [[[-5.431, 56.572], [-5.431, 56.572], [-5.431, 56.572], [-5.431, 56.572]]], [[[-5.436, 56.57], [-5.435, 56.572], [-5.435, 56.571], [-5.436, 56.57]]], [[[-5.387, 56.571], [-5.386, 56.572], [-5.386, 56.571], [-5.387, 56.571]]], [[[-5.422, 56.564], [-5.419, 56.567], [-5.415, 56.568], [-5.416, 56.566], [-5.422, 56.564]]], [[[-5.468, 56.559], [-5.469, 56.559], [-5.467, 56.56], [-5.467, 56.56], [-5.468, 56.559]]], [[[-5.422, 56.56], [-5.421, 56.562], [-5.419, 56.562], [-5.42, 56.561], [-5.422, 56.56]]], [[[-5.445, 56.557], [-5.443, 56.559], [-5.439, 56.561], [-5.441, 56.559], [-5.445, 56.557]]], [[[-5.451, 56.556], [-5.451, 56.558], [-5.446, 56.559], [-5.448, 56.556], [-5.451, 56.556]]], [[[-5.451, 56.554], [-5.451, 56.555], [-5.448, 56.555], [-5.448, 56.554], [-5.451, 56.554]]], [[[-5.478, 56.551], [-5.481, 56.552], [-5.477, 56.555], [-5.478, 56.553], [-5.478, 56.551]]], [[[-5.428, 56.535], [-5.427, 56.535], [-5.428, 56.535], [-5.428, 56.535]]], [[[-5.429, 56.525], [-5.415, 56.535], [-5.401, 56.536], [-5.409, 56.527], [-5.419, 56.529], [-5.429, 56.525]]], [[[-5.461, 56.52], [-5.459, 56.524], [-5.453, 56.526], [-5.457, 56.522], [-5.461, 56.52]]], [[[-5.46, 56.495], [-5.461, 56.495], [-5.458, 56.497], [-5.458, 56.496], [-5.46, 56.495]]], [[[-5.595, 56.49], [-5.579, 56.498], [-5.574, 56.497], [-5.586, 56.491], [-5.595, 56.49]]], [[[-5.525, 56.485], [-5.527, 56.486], [-5.519, 56.487], [-5.52, 56.486], [-5.525, 56.485]]], [[[-5.51, 56.484], [-5.51, 56.488], [-5.516, 56.485], [-5.511, 56.489], [-5.506, 56.486], [-5.51, 56.484]]], [[[-5.528, 56.483], [-5.528, 56.485], [-5.527, 56.485], [-5.527, 56.484], [-5.528, 56.483]]], [[[-5.512, 56.476], [-5.512, 56.478], [-5.51, 56.478], [-5.51, 56.477], [-5.512, 56.476]]], [[[-5.517, 56.475], [-5.518, 56.477], [-5.514, 56.477], [-5.515, 56.475], [-5.517, 56.475]]], [[[-5.147, 56.481], [-5.147, 56.481], [-5.146, 56.482], [-5.147, 56.481]]], [[[-5.146, 56.481], [-5.146, 56.482], [-5.145, 56.481], [-5.145, 56.481], [-5.146, 56.481]]], [[[-5.598, 56.461], [-5.597, 56.463], [-5.576, 56.476], [-5.571, 56.499], [-5.522, 56.513], [-5.468, 56.549], [-5.47, 56.558], [-5.456, 56.55], [-5.427, 56.561], [-5.507, 56.498], [-5.598, 56.461]]], [[[-5.427, 56.461], [-5.427, 56.461], [-5.427, 56.462], [-5.426, 56.461], [-5.427, 56.461]]], [[[-5.608, 56.455], [-5.605, 56.457], [-5.601, 56.46], [-5.602, 56.457], [-5.608, 56.455]]], [[[-5.355, 56.459], [-5.356, 56.459], [-5.354, 56.46], [-5.354, 56.459], [-5.355, 56.459]]], [[[-5.359, 56.458], [-5.36, 56.458], [-5.359, 56.459], [-5.358, 56.458], [-5.359, 56.458]]], [[[-5.432, 56.456], [-5.433, 56.459], [-5.429, 56.459], [-5.429, 56.457], [-5.432, 56.456]]], [[[-5.323, 56.455], [-5.324, 56.455], [-5.325, 56.456], [-5.323, 56.456], [-5.323, 56.455]]], [[[-5.198, 56.455], [-5.199, 56.455], [-5.198, 56.455], [-5.198, 56.455]]], [[[-5.222, 56.449], [-5.22, 56.449], [-5.22, 56.449], [-5.222, 56.449]]], [[[-5.23, 56.447], [-5.257, 56.464], [-5.346, 56.472], [-5.367, 56.459], [-5.407, 56.459], [-5.405, 56.484], [-5.427, 56.496], [-5.42, 56.508], [-5.454, 56.476], [-5.452, 56.488], [-5.474, 56.482], [-5.42, 56.527], [-5.39, 56.51], [-5.359, 56.514], [-5.231, 56.564], [-5.323, 56.548], [-5.366, 56.524], [-5.383, 56.524], [-5.393, 56.544], [-5.417, 56.539], [-5.408, 56.561], [-5.369, 56.566], [-5.388, 56.575], [-5.384, 56.582], [-5.325, 56.621], [-5.297, 56.598], [-5.25, 56.592], [-5.216, 56.602], [-5.214, 56.632], [-5.153, 56.627], [-5.153, 56.613], [-5.08, 56.609], [-5.109, 56.587], [-5.095, 56.574], [-5.114, 56.548], [-5.098, 56.536], [-5.109, 56.521], [-5.156, 56.501], [-5.185, 56.461], [-5.23, 56.447]]], [[[-5.485, 56.437], [-5.484, 56.437], [-5.484, 56.437], [-5.485, 56.437]]], [[[-5.238, 56.437], [-5.237, 56.438], [-5.234, 56.439], [-5.233, 56.439], [-5.235, 56.438], [-5.236, 56.438], [-5.237, 56.438], [-5.238, 56.437]]], [[[-5.492, 56.429], [-5.493, 56.43], [-5.494, 56.432], [-5.491, 56.43], [-5.492, 56.429]]], [[[-5.537, 56.415], [-5.536, 56.416], [-5.534, 56.416], [-5.534, 56.416], [-5.537, 56.415]]], [[[-5.528, 56.415], [-5.527, 56.416], [-5.525, 56.416], [-5.526, 56.415], [-5.528, 56.415]]], [[[-5.538, 56.414], [-5.54, 56.414], [-5.541, 56.415], [-5.538, 56.416], [-5.538, 56.414]]], [[[-5.504, 56.407], [-5.503, 56.408], [-5.502, 56.409], [-5.503, 56.407], [-5.504, 56.407]]], [[[-5.024, 56.407], [-5.025, 56.407], [-5.024, 56.407], [-5.024, 56.407]]], [[[-5.022, 56.407], [-5.023, 56.406], [-5.024, 56.407], [-5.021, 56.407], [-5.022, 56.407]]], [[[-5.025, 56.406], [-5.025, 56.406], [-5.024, 56.406], [-5.025, 56.406]]], [[[-5.031, 56.402], [-5.031, 56.402], [-5.03, 56.403], [-5.031, 56.402]]], [[[-5.031, 56.401], [-5.03, 56.402], [-5.028, 56.402], [-5.029, 56.402], [-5.031, 56.401]]], [[[-5.03, 56.401], [-5.029, 56.401], [-5.029, 56.401], [-5.03, 56.401]]], [[[-5.599, 56.38], [-5.602, 56.382], [-5.603, 56.382], [-5.599, 56.383], [-5.599, 56.38]]], [[[-5.045, 56.393], [-5.045, 56.393], [-5.045, 56.393], [-5.045, 56.393]]], [[[-5.576, 56.379], [-5.576, 56.381], [-5.572, 56.381], [-5.572, 56.38], [-5.576, 56.379]]], [[[-5.061, 56.385], [-5.062, 56.385], [-5.061, 56.385], [-5.061, 56.385]]], [[[-5.559, 56.37], [-5.555, 56.379], [-5.565, 56.382], [-5.589, 56.38], [-5.563, 56.408], [-5.523, 56.411], [-5.501, 56.425], [-5.489, 56.422], [-5.559, 56.37]]], [[[-5.065, 56.382], [-5.065, 56.383], [-5.063, 56.383], [-5.063, 56.382], [-5.065, 56.382]]], [[[-5.62, 56.366], [-5.622, 56.366], [-5.622, 56.368], [-5.62, 56.367], [-5.62, 56.366]]], [[[-5.066, 56.38], [-5.066, 56.381], [-5.064, 56.381], [-5.066, 56.38]]], [[[-5.092, 56.377], [-5.093, 56.378], [-5.092, 56.378], [-5.092, 56.377]]], [[[-5.088, 56.377], [-5.086, 56.377], [-5.086, 56.377], [-5.088, 56.377]]], [[[-5.088, 56.377], [-5.088, 56.377], [-5.088, 56.377], [-5.088, 56.377]]], [[[-5.054, 56.377], [-5.054, 56.377], [-5.054, 56.377], [-5.054, 56.377]]], [[[-5.06, 56.374], [-5.059, 56.375], [-5.059, 56.374], [-5.06, 56.374]]], [[[-5.086, 56.373], [-5.087, 56.373], [-5.086, 56.373], [-5.086, 56.373]]], [[[-5.078, 56.373], [-5.078, 56.373], [-5.078, 56.373], [-5.078, 56.373]]], [[[-5.088, 56.372], [-5.088, 56.373], [-5.087, 56.372], [-5.088, 56.372]]], [[[-5.081, 56.373], [-5.082, 56.373], [-5.081, 56.373], [-5.081, 56.373]]], [[[-5.093, 56.372], [-5.093, 56.372], [-5.093, 56.372], [-5.093, 56.372]]], [[[-5.078, 56.372], [-5.08, 56.373], [-5.083, 56.374], [-5.073, 56.375], [-5.078, 56.372]]], [[[-5.088, 56.372], [-5.088, 56.372], [-5.088, 56.372], [-5.088, 56.372]]], [[[-5.093, 56.371], [-5.094, 56.371], [-5.093, 56.371], [-5.093, 56.371]]], [[[-5.082, 56.371], [-5.083, 56.371], [-5.079, 56.371], [-5.08, 56.371], [-5.082, 56.371]]], [[[-5.085, 56.371], [-5.084, 56.371], [-5.083, 56.371], [-5.084, 56.371], [-5.085, 56.371]]], [[[-5.081, 56.37], [-5.081, 56.371], [-5.08, 56.371], [-5.08, 56.37], [-5.081, 56.37]]], [[[-5.488, 56.355], [-5.489, 56.355], [-5.488, 56.355], [-5.488, 56.355]]], [[[-5.064, 56.366], [-5.064, 56.366], [-5.064, 56.366], [-5.064, 56.366]]], [[[-5.121, 56.358], [-5.121, 56.358], [-5.121, 56.358], [-5.121, 56.358]]], [[[-5.134, 56.354], [-5.134, 56.354], [-5.134, 56.354], [-5.134, 56.354]]], [[[-5.112, 56.354], [-5.112, 56.354], [-5.112, 56.354], [-5.112, 56.354]]], [[[-5.122, 56.352], [-5.12, 56.353], [-5.119, 56.353], [-5.12, 56.353], [-5.122, 56.352]]], [[[-5.122, 56.352], [-5.122, 56.352], [-5.122, 56.352], [-5.122, 56.352]]], [[[-5.121, 56.352], [-5.121, 56.352], [-5.121, 56.352], [-5.121, 56.352]]], [[[-5.185, 56.343], [-5.186, 56.343], [-5.185, 56.343], [-5.185, 56.343]]], [[[-5.592, 56.329], [-5.593, 56.333], [-5.588, 56.332], [-5.59, 56.33], [-5.592, 56.329]]], [[[-5.19, 56.34], [-5.191, 56.341], [-5.188, 56.341], [-5.19, 56.34]]], [[[-5.589, 56.328], [-5.59, 56.328], [-5.589, 56.329], [-5.589, 56.328]]], [[[-5.168, 56.338], [-5.168, 56.338], [-5.168, 56.338], [-5.168, 56.338]]], [[[-5.589, 56.326], [-5.59, 56.327], [-5.584, 56.33], [-5.586, 56.327], [-5.589, 56.326]]], [[[-5.586, 56.325], [-5.584, 56.327], [-5.584, 56.326], [-5.586, 56.325]]], [[[-5.196, 56.336], [-5.195, 56.336], [-5.195, 56.336], [-5.196, 56.336]]], [[[-5.592, 56.323], [-5.593, 56.323], [-5.592, 56.324], [-5.592, 56.323]]], [[[-5.594, 56.323], [-5.595, 56.323], [-5.594, 56.323], [-5.594, 56.323]]], [[[-5.591, 56.322], [-5.592, 56.325], [-5.589, 56.326], [-5.588, 56.325], [-5.591, 56.322]]], [[[-5.594, 56.32], [-5.595, 56.321], [-5.592, 56.322], [-5.591, 56.322], [-5.594, 56.32]]], [[[-5.607, 56.318], [-5.607, 56.32], [-5.604, 56.321], [-5.606, 56.319], [-5.607, 56.318]]], [[[-5.611, 56.318], [-5.611, 56.319], [-5.61, 56.319], [-5.611, 56.318], [-5.611, 56.318]]], [[[-5.609, 56.318], [-5.61, 56.318], [-5.609, 56.319], [-5.608, 56.318], [-5.609, 56.318]]], [[[-5.599, 56.317], [-5.599, 56.317], [-5.598, 56.317], [-5.599, 56.317]]], [[[-5.674, 56.307], [-5.673, 56.315], [-5.662, 56.317], [-5.67, 56.312], [-5.674, 56.307]]], [[[-5.233, 56.31], [-5.233, 56.31], [-5.233, 56.31], [-5.233, 56.31]]], [[[-5.221, 56.304], [-5.222, 56.304], [-5.222, 56.304], [-5.221, 56.304]]], [[[-5.598, 56.292], [-5.6, 56.293], [-5.601, 56.293], [-5.597, 56.295], [-5.598, 56.292]]], [[[-5.654, 56.29], [-5.661, 56.291], [-5.664, 56.289], [-5.657, 56.295], [-5.654, 56.29]]], [[[-5.239, 56.294], [-5.24, 56.294], [-5.239, 56.294], [-5.239, 56.294]]], [[[-5.59, 56.281], [-5.588, 56.284], [-5.587, 56.284], [-5.589, 56.283], [-5.59, 56.281]]], [[[-5.623, 56.265], [-5.637, 56.276], [-5.634, 56.291], [-5.654, 56.298], [-5.619, 56.322], [-5.612, 56.315], [-5.603, 56.318], [-5.613, 56.312], [-5.612, 56.309], [-5.602, 56.312], [-5.581, 56.327], [-5.59, 56.302], [-5.611, 56.293], [-5.599, 56.28], [-5.623, 56.265]]], [[[-5.62, 56.26], [-5.62, 56.26], [-5.619, 56.261], [-5.62, 56.26]]], [[[-5.621, 56.26], [-5.621, 56.26], [-5.62, 56.261], [-5.621, 56.26], [-5.621, 56.26]]], [[[-5.253, 56.269], [-5.253, 56.269], [-5.252, 56.269], [-5.253, 56.269]]], [[[-5.624, 56.258], [-5.624, 56.258], [-5.624, 56.259], [-5.623, 56.258], [-5.624, 56.258]]], [[[-5.551, 56.255], [-5.553, 56.256], [-5.551, 56.258], [-5.55, 56.258], [-5.551, 56.255]]], [[[-5.691, 56.251], [-5.694, 56.251], [-5.695, 56.253], [-5.691, 56.254], [-5.691, 56.251]]], [[[-5.659, 56.25], [-5.659, 56.25], [-5.659, 56.251], [-5.658, 56.25], [-5.659, 56.25]]], [[[-5.617, 56.25], [-5.626, 56.254], [-5.609, 56.266], [-5.608, 56.256], [-5.617, 56.25]]], [[[-5.681, 56.248], [-5.683, 56.248], [-5.68, 56.248], [-5.681, 56.248]]], [[[-5.266, 56.259], [-5.265, 56.259], [-5.265, 56.259], [-5.266, 56.259]]], [[[-5.669, 56.245], [-5.67, 56.246], [-5.669, 56.246], [-5.669, 56.245]]], [[[-5.269, 56.256], [-5.268, 56.257], [-5.266, 56.257], [-5.267, 56.257], [-5.269, 56.256]]], [[[-5.271, 56.255], [-5.271, 56.255], [-5.271, 56.255], [-5.271, 56.255]]], [[[-5.273, 56.254], [-5.273, 56.254], [-5.273, 56.255], [-5.273, 56.254]]], [[[-5.273, 56.254], [-5.273, 56.254], [-5.271, 56.254], [-5.273, 56.254]]], [[[-5.275, 56.253], [-5.276, 56.253], [-5.275, 56.253], [-5.275, 56.253]]], [[[-5.661, 56.241], [-5.661, 56.243], [-5.66, 56.244], [-5.66, 56.242], [-5.661, 56.241]]], [[[-5.657, 56.241], [-5.658, 56.241], [-5.656, 56.247], [-5.655, 56.245], [-5.657, 56.241]]], [[[-5.661, 56.24], [-5.661, 56.241], [-5.657, 56.247], [-5.658, 56.242], [-5.661, 56.24]]], [[[-5.601, 56.24], [-5.602, 56.241], [-5.602, 56.241], [-5.601, 56.241], [-5.601, 56.24]]], [[[-5.273, 56.248], [-5.275, 56.248], [-5.273, 56.249], [-5.273, 56.248]]], [[[-5.669, 56.235], [-5.668, 56.236], [-5.668, 56.236], [-5.669, 56.235]]], [[[-5.579, 56.238], [-5.581, 56.238], [-5.581, 56.239], [-5.578, 56.24], [-5.579, 56.238]]], [[[-5.66, 56.235], [-5.66, 56.236], [-5.661, 56.237], [-5.659, 56.237], [-5.66, 56.235]]], [[[-5.664, 56.234], [-5.667, 56.237], [-5.666, 56.24], [-5.662, 56.239], [-5.664, 56.234]]], [[[-5.663, 56.233], [-5.663, 56.234], [-5.663, 56.235], [-5.662, 56.235], [-5.663, 56.233]]], [[[-5.288, 56.243], [-5.288, 56.243], [-5.288, 56.243], [-5.288, 56.243]]], [[[-5.297, 56.237], [-5.297, 56.237], [-5.297, 56.237], [-5.297, 56.237]]], [[[-5.279, 56.237], [-5.279, 56.237], [-5.279, 56.237], [-5.279, 56.237]]], [[[-5.281, 56.237], [-5.281, 56.237], [-5.281, 56.237], [-5.281, 56.237]]], [[[-5.285, 56.234], [-5.285, 56.234], [-5.285, 56.234], [-5.285, 56.234]]], [[[-5.574, 56.22], [-5.574, 56.222], [-5.572, 56.225], [-5.572, 56.222], [-5.574, 56.22]]], [[[-5.32, 56.22], [-5.318, 56.222], [-5.316, 56.223], [-5.318, 56.221], [-5.32, 56.22]]], [[[-5.319, 56.22], [-5.319, 56.22], [-5.319, 56.22], [-5.319, 56.22]]], [[[-5.32, 56.22], [-5.32, 56.22], [-5.32, 56.22], [-5.32, 56.22]]], [[[-5.611, 56.195], [-5.617, 56.217], [-5.603, 56.229], [-5.589, 56.207], [-5.611, 56.195]]], [[[-5.632, 56.188], [-5.666, 56.219], [-5.639, 56.271], [-5.633, 56.255], [-5.618, 56.248], [-5.634, 56.219], [-5.632, 56.188]]], [[[-5.637, 56.186], [-5.64, 56.186], [-5.641, 56.189], [-5.635, 56.189], [-5.637, 56.186]]], [[[-5.325, 56.113], [-5.376, 56.144], [-5.353, 56.161], [-5.356, 56.173], [-5.377, 56.177], [-5.376, 56.188], [-5.27, 56.241], [-5.257, 56.268], [-5.22, 56.293], [-5.215, 56.317], [-5.062, 56.365], [-5.071, 56.367], [-5.038, 56.385], [-5.053, 56.389], [-5.021, 56.402], [-5.032, 56.404], [-5.03, 56.407], [-5.02, 56.408], [-5.031, 56.407], [-5.069, 56.385], [-5.17, 56.41], [-5.088, 56.375], [-5.144, 56.349], [-5.201, 56.336], [-5.233, 56.31], [-5.243, 56.281], [-5.272, 56.274], [-5.283, 56.244], [-5.328, 56.218], [-5.359, 56.241], [-5.411, 56.249], [-5.529, 56.232], [-5.546, 56.219], [-5.567, 56.236], [-5.5, 56.257], [-5.485, 56.255], [-5.481, 56.257], [-5.505, 56.27], [-5.596, 56.249], [-5.579, 56.284], [-5.585, 56.287], [-5.592, 56.282], [-5.588, 56.306], [-5.578, 56.333], [-5.556, 56.347], [-5.52, 56.34], [-5.442, 56.364], [-5.48, 56.355], [-5.493, 56.363], [-5.52, 56.345], [-5.537, 56.356], [-5.514, 56.396], [-5.473, 56.413], [-5.483, 56.437], [-5.441, 56.456], [-5.437, 56.447], [-5.415, 56.455], [-5.414, 56.45], [-5.366, 56.454], [-5.35, 56.46], [-5.286, 56.449], [-5.267, 56.458], [-5.249, 56.437], [-5.235, 56.437], [-5.135, 56.477], [-5.144, 56.482], [-5.118, 56.489], [-5.128, 56.492], [-5.096, 56.528], [-4.994, 56.542], [-4.947, 56.576], [-4.83, 56.569], [-4.621, 56.616], [-4.56, 56.573], [-4.6, 56.577], [-4.696, 56.551], [-4.698, 56.541], [-4.659, 56.534], [-4.653, 56.519], [-4.686, 56.491], [-4.639, 56.476], [-4.666, 56.46], [-4.726, 56.459], [-4.733, 56.434], [-4.768, 56.436], [-4.812, 56.418], [-4.813, 56.398], [-4.835, 56.39], [-4.834, 56.378], [-4.895, 56.363], [-4.882, 56.354], [-4.89, 56.35], [-5.131, 56.336], [-5.152, 56.273], [-5.17, 56.269], [-5.163, 56.263], [-5.227, 56.201], [-5.264, 56.188], [-5.265, 56.178], [-5.241, 56.176], [-5.325, 56.113]]]]}}, {"type": "Feature", "properties": {"cd": "S22000074", "nm": "Perth"}, "geometry": {"type": "MultiPolygon", "coordinates": [[[[-4.123, 56.392], [-4.123, 56.392], [-4.123, 56.392], [-4.123, 56.392]]], [[[-4.136, 56.389], [-4.137, 56.389], [-4.136, 56.39], [-4.136, 56.389]]], [[[-3.419, 56.378], [-3.426, 56.379], [-3.424, 56.383], [-3.424, 56.393], [-3.419, 56.378]]], [[[-3.267, 56.355], [-3.269, 56.355], [-3.245, 56.358], [-3.249, 56.356], [-3.267, 56.355]]], [[[-3.417, 56.138], [-3.454, 56.15], [-3.54, 56.146], [-3.546, 56.159], [-3.506, 56.169], [-3.552, 56.17], [-3.566, 56.181], [-3.56, 56.19], [-3.603, 56.205], [-3.651, 56.203], [-3.667, 56.189], [-3.737, 56.189], [-3.752, 56.212], [-3.781, 56.217], [-3.836, 56.196], [-3.847, 56.242], [-3.81, 56.286], [-3.867, 56.296], [-3.842, 56.314], [-3.859, 56.322], [-3.839, 56.337], [-3.878, 56.327], [-3.916, 56.348], [-3.949, 56.346], [-3.944, 56.338], [-3.971, 56.33], [-3.981, 56.303], [-3.996, 56.301], [-4.001, 56.276], [-4.038, 56.269], [-4.039, 56.28], [-4.052, 56.273], [-4.079, 56.29], [-4.116, 56.281], [-4.235, 56.326], [-4.223, 56.342], [-4.242, 56.353], [-4.239, 56.38], [-4.115, 56.39], [-4.197, 56.392], [-4.202, 56.458], [-4.162, 56.445], [-4.142, 56.461], [-4.104, 56.467], [-4.037, 56.457], [-4.016, 56.467], [-3.947, 56.438], [-3.923, 56.45], [-3.862, 56.447], [-3.821, 56.426], [-3.742, 56.435], [-3.721, 56.424], [-3.722, 56.41], [-3.69, 56.429], [-3.709, 56.458], [-3.692, 56.468], [-3.728, 56.492], [-3.676, 56.504], [-3.671, 56.515], [-3.613, 56.526], [-3.596, 56.516], [-3.483, 56.537], [-3.51, 56.546], [-3.497, 56.563], [-3.518, 56.576], [-3.495, 56.576], [-3.509, 56.587], [-3.456, 56.572], [-3.463, 56.596], [-3.425, 56.585], [-3.422, 56.601], [-3.389, 56.575], [-3.373, 56.579], [-3.384, 56.591], [-3.348, 56.59], [-3.338, 56.596], [-3.351, 56.608], [-3.339, 56.612], [-3.348, 56.633], [-3.379, 56.648], [-3.362, 56.649], [-3.361, 56.665], [-3.342, 56.662], [-3.331, 56.637], [-3.277, 56.618], [-3.292, 56.599], [-3.259, 56.606], [-3.252, 56.591], [-3.263, 56.581], [-3.239, 56.57], [-3.297, 56.54], [-3.286, 56.524], [-3.268, 56.526], [-3.271, 56.543], [-3.218, 56.561], [-3.211, 56.553], [-3.19, 56.561], [-3.164, 56.538], [-3.173, 56.526], [-3.212, 56.524], [-3.186, 56.507], [-3.247, 56.492], [-3.269, 56.472], [-3.24, 56.439], [-3.279, 56.433], [-3.251, 56.424], [-3.215, 56.439], [-3.208, 56.435], [-3.227, 56.419], [-3.184, 56.428], [-3.173, 56.414], [-3.15, 56.414], [-3.229, 56.368], [-3.303, 56.358], [-3.339, 56.376], [-3.381, 56.385], [-3.413, 56.379], [-3.431, 56.411], [-3.438, 56.416], [-3.454, 56.422], [-3.429, 56.405], [-3.427, 56.378], [-3.419, 56.377], [-3.402, 56.378], [-3.382, 56.384], [-3.301, 56.353], [-3.335, 56.353], [-3.338, 56.349], [-3.333, 56.343], [-3.338, 56.339], [-3.339, 56.345], [-3.345, 56.352], [-3.352, 56.35], [-3.367, 56.353], [-3.376, 56.352], [-3.38, 56.35], [-3.386, 56.352], [-3.401, 56.35], [-3.421, 56.361], [-3.445, 56.357], [-3.4, 56.349], [-3.352, 56.349], [-3.345, 56.351], [-3.339, 56.338], [-3.33, 56.343], [-3.334, 56.352], [-3.257, 56.351], [-3.194, 56.364], [-3.179, 56.341], [-3.212, 56.343], [-3.219, 56.327], [-3.267, 56.328], [-3.301, 56.314], [-3.258, 56.283], [-3.275, 56.275], [-3.271, 56.253], [-3.284, 56.251], [-3.273, 56.243], [-3.291, 56.23], [-3.265, 56.22], [-3.275, 56.214], [-3.261, 56.196], [-3.309, 56.185], [-3.297, 56.171], [-3.346, 56.173], [-3.372, 56.164], [-3.37, 56.146], [-3.417, 56.138]]]]}}, {"type": "Feature", "properties": {"cd": "S22000075", "nm": "Peterhead"}, "geometry": {"type": "MultiPolygon", "coordinates": [[[[-1.768, 57.479], [-1.768, 57.479], [-1.767, 57.479], [-1.768, 57.479]]], [[[-1.774, 57.474], [-1.774, 57.474], [-1.773, 57.474], [-1.774, 57.474]]], [[[-1.773, 57.469], [-1.776, 57.47], [-1.776, 57.472], [-1.771, 57.47], [-1.773, 57.469]]], [[[-1.778, 57.469], [-1.779, 57.469], [-1.778, 57.469], [-1.778, 57.469]]], [[[-1.779, 57.468], [-1.78, 57.469], [-1.779, 57.469], [-1.779, 57.468]]], [[[-1.781, 57.463], [-1.782, 57.463], [-1.782, 57.464], [-1.781, 57.464], [-1.781, 57.463]]], [[[-1.782, 57.462], [-1.782, 57.463], [-1.781, 57.463], [-1.781, 57.462], [-1.782, 57.462]]], [[[-1.781, 57.461], [-1.78, 57.462], [-1.779, 57.462], [-1.78, 57.461], [-1.781, 57.461]]], [[[-1.797, 57.454], [-1.797, 57.454], [-1.795, 57.454], [-1.797, 57.454]]], [[[-1.797, 57.452], [-1.798, 57.452], [-1.797, 57.452], [-1.797, 57.452]]], [[[-1.796, 57.45], [-1.796, 57.451], [-1.795, 57.451], [-1.796, 57.45]]], [[[-1.798, 57.449], [-1.798, 57.449], [-1.797, 57.449], [-1.798, 57.449]]], [[[-1.805, 57.444], [-1.805, 57.445], [-1.804, 57.445], [-1.805, 57.444]]], [[[-1.809, 57.439], [-1.81, 57.439], [-1.809, 57.439], [-1.809, 57.439]]], [[[-1.816, 57.436], [-1.817, 57.436], [-1.816, 57.436], [-1.816, 57.436]]], [[[-1.818, 57.435], [-1.819, 57.436], [-1.818, 57.436], [-1.818, 57.435]]], [[[-1.815, 57.434], [-1.816, 57.434], [-1.815, 57.434], [-1.815, 57.434]]], [[[-1.819, 57.424], [-1.82, 57.425], [-1.821, 57.426], [-1.817, 57.424], [-1.819, 57.424]]], [[[-1.829, 57.416], [-1.829, 57.416], [-1.828, 57.417], [-1.829, 57.416]]], [[[-1.83, 57.416], [-1.83, 57.416], [-1.829, 57.416], [-1.83, 57.416]]], [[[-1.833, 57.414], [-1.833, 57.414], [-1.832, 57.415], [-1.832, 57.414], [-1.833, 57.414]]], [[[-1.833, 57.413], [-1.833, 57.414], [-1.832, 57.414], [-1.832, 57.413], [-1.833, 57.413]]], [[[-1.835, 57.413], [-1.833, 57.414], [-1.833, 57.413], [-1.835, 57.413]]], [[[-1.838, 57.41], [-1.838, 57.41], [-1.837, 57.41], [-1.838, 57.41]]], [[[-1.843, 57.41], [-1.843, 57.41], [-1.842, 57.41], [-1.843, 57.41]]], [[[-1.839, 57.409], [-1.839, 57.41], [-1.837, 57.41], [-1.839, 57.409]]], [[[-1.84, 57.409], [-1.84, 57.409], [-1.839, 57.41], [-1.84, 57.409]]], [[[-1.841, 57.409], [-1.842, 57.41], [-1.841, 57.41], [-1.841, 57.409]]], [[[-1.864, 57.388], [-1.864, 57.389], [-1.864, 57.389], [-1.864, 57.388]]], [[[-1.862, 57.388], [-1.862, 57.388], [-1.862, 57.388], [-1.862, 57.388]]], [[[-1.859, 57.387], [-1.86, 57.388], [-1.86, 57.388], [-1.859, 57.387]]], [[[-1.852, 57.387], [-1.851, 57.388], [-1.851, 57.388], [-1.85, 57.388], [-1.852, 57.387]]], [[[-1.872, 57.383], [-1.872, 57.383], [-1.871, 57.383], [-1.872, 57.383]]], [[[-1.877, 57.38], [-1.878, 57.38], [-1.877, 57.38], [-1.877, 57.38]]], [[[-1.877, 57.379], [-1.878, 57.379], [-1.877, 57.379], [-1.877, 57.379]]], [[[-1.877, 57.379], [-1.877, 57.379], [-1.877, 57.379], [-1.877, 57.379]]], [[[-1.881, 57.378], [-1.882, 57.378], [-1.881, 57.379], [-1.881, 57.378], [-1.881, 57.378]]], [[[-1.883, 57.376], [-1.883, 57.377], [-1.883, 57.377], [-1.883, 57.376]]], [[[-1.886, 57.375], [-1.886, 57.375], [-1.885, 57.375], [-1.886, 57.375]]], [[[-1.894, 57.373], [-1.893, 57.373], [-1.893, 57.373], [-1.894, 57.373]]], [[[-1.895, 57.371], [-1.895, 57.372], [-1.895, 57.372], [-1.895, 57.371]]], [[[-1.91, 57.364], [-1.911, 57.364], [-1.91, 57.364], [-1.91, 57.364]]], [[[-1.911, 57.36], [-1.911, 57.36], [-1.911, 57.361], [-1.911, 57.36]]], [[[-1.922, 57.355], [-1.922, 57.355], [-1.922, 57.355], [-1.922, 57.355]]], [[[-1.922, 57.354], [-1.923, 57.354], [-1.922, 57.354], [-1.922, 57.354]]], [[[-1.942, 57.339], [-1.942, 57.34], [-1.941, 57.34], [-1.941, 57.34], [-1.942, 57.339]]], [[[-1.946, 57.337], [-1.947, 57.338], [-1.947, 57.338], [-1.946, 57.337]]], [[[-1.948, 57.337], [-1.948, 57.338], [-1.948, 57.337], [-1.948, 57.337]]], [[[-1.952, 57.335], [-1.952, 57.335], [-1.952, 57.335], [-1.952, 57.335]]], [[[-1.953, 57.331], [-1.952, 57.332], [-1.952, 57.332], [-1.953, 57.331]]], [[[-1.955, 57.331], [-1.955, 57.331], [-1.954, 57.331], [-1.955, 57.331]]], [[[-1.988, 57.31], [-1.999, 57.339], [-1.977, 57.392], [-1.991, 57.415], [-2.022, 57.426], [-2.022, 57.44], [-2.049, 57.456], [-2.031, 57.48], [-2.131, 57.494], [-2.149, 57.481], [-2.173, 57.507], [-2.205, 57.501], [-2.209, 57.484], [-2.219, 57.496], [-2.281, 57.498], [-2.264, 57.557], [-2.238, 57.551], [-2.244, 57.544], [-2.213, 57.554], [-2.169, 57.544], [-2.163, 57.553], [-2.178, 57.57], [-2.139, 57.576], [-2.081, 57.545], [-2.046, 57.57], [-2.004, 57.563], [-2.013, 57.585], [-1.994, 57.586], [-2.008, 57.599], [-1.983, 57.614], [-1.971, 57.638], [-1.824, 57.613], [-1.826, 57.568], [-1.804, 57.556], [-1.797, 57.517], [-1.811, 57.518], [-1.767, 57.507], [-1.794, 57.497], [-1.775, 57.496], [-1.796, 57.484], [-1.775, 57.475], [-1.778, 57.467], [-1.801, 57.454], [-1.798, 57.447], [-1.82, 57.435], [-1.816, 57.427], [-1.822, 57.426], [-1.825, 57.422], [-1.829, 57.422], [-1.828, 57.417], [-1.83, 57.416], [-1.831, 57.416], [-1.83, 57.416], [-1.832, 57.415], [-1.833, 57.414], [-1.836, 57.414], [-1.835, 57.411], [-1.862, 57.406], [-1.858, 57.39], [-1.865, 57.389], [-1.869, 57.385], [-1.872, 57.385], [-1.875, 57.381], [-1.888, 57.373], [-1.91, 57.366], [-1.988, 57.31]]]]}}, {"type": "Feature", "properties": {"cd": "S22000076", "nm": "Pitlochry and Aberfeldy"}, "geometry": {"type": "MultiPolygon", "coordinates": [[[[-4.443, 56.734], [-4.443, 56.734], [-4.442, 56.734], [-4.443, 56.734]]], [[[-4.597, 56.677], [-4.598, 56.677], [-4.598, 56.678], [-4.597, 56.677]]], [[[-4.61, 56.674], [-4.61, 56.675], [-4.61, 56.675], [-4.61, 56.674]]], [[[-4.611, 56.674], [-4.611, 56.674], [-4.611, 56.674], [-4.611, 56.674]]], [[[-4.624, 56.666], [-4.624, 56.666], [-4.624, 56.666], [-4.624, 56.666]]], [[[-4.646, 56.654], [-4.647, 56.655], [-4.645, 56.654], [-4.646, 56.654]]], [[[-4.649, 56.651], [-4.649, 56.651], [-4.649, 56.651], [-4.649, 56.651]]], [[[-4.655, 56.65], [-4.655, 56.65], [-4.655, 56.65], [-4.655, 56.65]]], [[[-4.658, 56.648], [-4.659, 56.649], [-4.659, 56.649], [-4.658, 56.648]]], [[[-4.657, 56.648], [-4.658, 56.648], [-4.657, 56.648], [-4.657, 56.648]]], [[[-4.66, 56.648], [-4.66, 56.648], [-4.659, 56.648], [-4.66, 56.648]]], [[[-4.66, 56.648], [-4.66, 56.648], [-4.66, 56.648], [-4.66, 56.648]]], [[[-4.66, 56.647], [-4.66, 56.647], [-4.66, 56.647], [-4.66, 56.647]]], [[[-4.656, 56.647], [-4.655, 56.648], [-4.653, 56.648], [-4.656, 56.647]]], [[[-4.658, 56.647], [-4.659, 56.648], [-4.658, 56.648], [-4.658, 56.647]]], [[[-4.656, 56.647], [-4.656, 56.647], [-4.656, 56.647], [-4.656, 56.647]]], [[[-4.659, 56.647], [-4.659, 56.647], [-4.659, 56.647], [-4.659, 56.647]]], [[[-4.7, 56.644], [-4.7, 56.644], [-4.7, 56.644], [-4.7, 56.644]]], [[[-4.698, 56.644], [-4.699, 56.644], [-4.7, 56.644], [-4.7, 56.645], [-4.698, 56.644]]], [[[-4.703, 56.643], [-4.703, 56.644], [-4.703, 56.644], [-4.703, 56.643]]], [[[-4.693, 56.643], [-4.693, 56.644], [-4.692, 56.644], [-4.693, 56.643]]], [[[-4.695, 56.643], [-4.694, 56.643], [-4.694, 56.643], [-4.695, 56.643]]], [[[-4.681, 56.643], [-4.681, 56.643], [-4.681, 56.643], [-4.681, 56.643]]], [[[-4.684, 56.642], [-4.685, 56.643], [-4.685, 56.643], [-4.685, 56.643], [-4.684, 56.642]]], [[[-4.678, 56.642], [-4.679, 56.643], [-4.678, 56.643], [-4.678, 56.642]]], [[[-4.68, 56.642], [-4.68, 56.642], [-4.68, 56.642], [-4.68, 56.642]]], [[[-4.676, 56.642], [-4.676, 56.642], [-4.676, 56.642], [-4.676, 56.642]]], [[[-4.676, 56.642], [-4.676, 56.642], [-4.676, 56.642], [-4.676, 56.642]]], [[[-4.672, 56.642], [-4.672, 56.642], [-4.672, 56.642], [-4.672, 56.642]]], [[[-4.674, 56.642], [-4.674, 56.642], [-4.674, 56.642], [-4.674, 56.642]]], [[[-4.666, 56.641], [-4.666, 56.641], [-4.666, 56.641], [-4.666, 56.641]]], [[[-3.722, 56.41], [-3.721, 56.424], [-3.742, 56.435], [-3.821, 56.426], [-3.862, 56.447], [-3.923, 56.45], [-3.947, 56.438], [-4.016, 56.467], [-4.086, 56.461], [-4.116, 56.495], [-4.147, 56.506], [-4.094, 56.554], [-3.996, 56.582], [-4.004, 56.586], [-4.092, 56.573], [-4.162, 56.514], [-4.278, 56.481], [-4.302, 56.482], [-4.298, 56.493], [-4.331, 56.539], [-4.365, 56.547], [-4.401, 56.527], [-4.491, 56.512], [-4.507, 56.523], [-4.53, 56.518], [-4.529, 56.505], [-4.577, 56.505], [-4.625, 56.486], [-4.632, 56.473], [-4.671, 56.48], [-4.686, 56.491], [-4.654, 56.526], [-4.698, 56.55], [-4.6, 56.577], [-4.56, 56.573], [-4.637, 56.625], [-4.618, 56.638], [-4.629, 56.655], [-4.589, 56.68], [-4.589, 56.683], [-4.666, 56.65], [-4.657, 56.646], [-4.667, 56.641], [-4.716, 56.643], [-4.718, 56.677], [-4.658, 56.675], [-4.592, 56.693], [-4.591, 56.704], [-4.606, 56.708], [-4.576, 56.735], [-4.59, 56.76], [-4.547, 56.772], [-4.55, 56.782], [-4.521, 56.805], [-4.458, 56.776], [-4.477, 56.744], [-4.441, 56.731], [-4.449, 56.756], [-4.367, 56.831], [-4.342, 56.821], [-4.304, 56.851], [-4.228, 56.858], [-4.192, 56.877], [-4.206, 56.884], [-4.174, 56.912], [-4.136, 56.897], [-3.988, 56.892], [-3.968, 56.899], [-3.969, 56.93], [-3.951, 56.947], [-3.895, 56.923], [-3.855, 56.923], [-3.822, 56.938], [-3.783, 56.923], [-3.741, 56.934], [-3.71, 56.914], [-3.684, 56.916], [-3.675, 56.932], [-3.646, 56.923], [-3.583, 56.931], [-3.559, 56.9], [-3.568, 56.895], [-3.561, 56.884], [-3.538, 56.892], [-3.466, 56.873], [-3.43, 56.887], [-3.372, 56.875], [-3.407, 56.843], [-3.352, 56.82], [-3.39, 56.769], [-3.332, 56.71], [-3.341, 56.702], [-3.326, 56.684], [-3.344, 56.682], [-3.335, 56.672], [-3.363, 56.671], [-3.362, 56.649], [-3.379, 56.648], [-3.342, 56.627], [-3.35, 56.618], [-3.339, 56.612], [-3.351, 56.606], [-3.338, 56.596], [-3.384, 56.591], [-3.373, 56.579], [-3.388, 56.574], [-3.422, 56.601], [-3.425, 56.585], [-3.463, 56.596], [-3.456, 56.572], [-3.509, 56.587], [-3.495, 56.576], [-3.518, 56.576], [-3.497, 56.563], [-3.51, 56.546], [-3.483, 56.537], [-3.596, 56.516], [-3.613, 56.526], [-3.671, 56.515], [-3.676, 56.504], [-3.728, 56.492], [-3.692, 56.468], [-3.709, 56.458], [-3.69, 56.429], [-3.722, 56.41]]]]}}, {"type": "Feature", "properties": {"cd": "S22000077", "nm": "Portree"}, "geometry": {"type": "MultiPolygon", "coordinates": [[[[-6.429, 57.738], [-6.443, 57.744], [-6.443, 57.746], [-6.437, 57.746], [-6.429, 57.738]]], [[[-6.421, 57.727], [-6.423, 57.727], [-6.424, 57.728], [-6.424, 57.729], [-6.421, 57.727]]], [[[-6.293, 57.722], [-6.304, 57.724], [-6.306, 57.727], [-6.299, 57.73], [-6.293, 57.722]]], [[[-6.349, 57.687], [-6.352, 57.69], [-6.354, 57.691], [-6.35, 57.689], [-6.349, 57.687]]], [[[-6.434, 57.684], [-6.434, 57.685], [-6.432, 57.685], [-6.432, 57.685], [-6.434, 57.684]]], [[[-6.224, 57.668], [-6.228, 57.67], [-6.229, 57.672], [-6.227, 57.67], [-6.224, 57.668]]], [[[-6.222, 57.662], [-6.228, 57.663], [-6.233, 57.667], [-6.222, 57.665], [-6.222, 57.662]]], [[[-6.202, 57.639], [-6.207, 57.641], [-6.21, 57.646], [-6.199, 57.641], [-6.202, 57.639]]], [[[-6.543, 57.597], [-6.543, 57.6], [-6.539, 57.598], [-6.541, 57.597], [-6.543, 57.597]]], [[[-6.528, 57.594], [-6.533, 57.594], [-6.536, 57.597], [-6.533, 57.598], [-6.528, 57.594]]], [[[-6.514, 57.591], [-6.514, 57.593], [-6.513, 57.593], [-6.512, 57.591], [-6.514, 57.591]]], [[[-6.514, 57.59], [-6.515, 57.59], [-6.515, 57.591], [-6.514, 57.59], [-6.514, 57.59]]], [[[-6.517, 57.587], [-6.523, 57.588], [-6.528, 57.594], [-6.521, 57.592], [-6.517, 57.587]]], [[[-6.514, 57.585], [-6.516, 57.587], [-6.517, 57.588], [-6.516, 57.588], [-6.514, 57.585]]], [[[-6.514, 57.584], [-6.514, 57.584], [-6.515, 57.585], [-6.514, 57.584], [-6.514, 57.584]]], [[[-6.519, 57.581], [-6.518, 57.582], [-6.518, 57.582], [-6.518, 57.581], [-6.519, 57.581]]], [[[-6.521, 57.577], [-6.515, 57.584], [-6.509, 57.581], [-6.51, 57.579], [-6.521, 57.577]]], [[[-5.97, 57.587], [-5.97, 57.587], [-5.97, 57.587], [-5.97, 57.587]]], [[[-5.968, 57.585], [-5.969, 57.585], [-5.968, 57.585], [-5.968, 57.585]]], [[[-5.964, 57.584], [-5.965, 57.585], [-5.964, 57.585], [-5.964, 57.584]]], [[[-5.977, 57.583], [-5.979, 57.583], [-5.976, 57.584], [-5.977, 57.583]]], [[[-5.96, 57.582], [-5.961, 57.582], [-5.961, 57.583], [-5.96, 57.582]]], [[[-5.987, 57.575], [-5.988, 57.575], [-5.987, 57.575], [-5.987, 57.575]]], [[[-5.989, 57.572], [-5.99, 57.572], [-5.99, 57.573], [-5.989, 57.573], [-5.989, 57.572]]], [[[-5.991, 57.571], [-5.991, 57.572], [-5.99, 57.571], [-5.991, 57.571]]], [[[-6.637, 57.527], [-6.638, 57.528], [-6.64, 57.53], [-6.637, 57.529], [-6.637, 57.527]]], [[[-6.406, 57.531], [-6.407, 57.532], [-6.404, 57.532], [-6.406, 57.531]]], [[[-6.639, 57.519], [-6.641, 57.522], [-6.643, 57.528], [-6.639, 57.525], [-6.639, 57.519]]], [[[-6.416, 57.525], [-6.417, 57.527], [-6.413, 57.528], [-6.414, 57.525], [-6.416, 57.525]]], [[[-6.001, 57.538], [-6.002, 57.538], [-6.003, 57.538], [-6.001, 57.538], [-6.001, 57.538]]], [[[-6.648, 57.511], [-6.654, 57.519], [-6.649, 57.525], [-6.638, 57.512], [-6.648, 57.511]]], [[[-6.001, 57.531], [-6.004, 57.533], [-6.004, 57.533], [-5.998, 57.533], [-6.001, 57.531]]], [[[-5.978, 57.514], [-5.998, 57.528], [-5.98, 57.54], [-6.001, 57.543], [-5.982, 57.544], [-5.989, 57.571], [-5.966, 57.572], [-5.973, 57.583], [-5.962, 57.583], [-5.955, 57.565], [-5.978, 57.514]]], [[[-5.976, 57.511], [-5.98, 57.511], [-5.984, 57.515], [-5.976, 57.513], [-5.976, 57.511]]], [[[-5.98, 57.51], [-5.982, 57.51], [-5.984, 57.512], [-5.982, 57.511], [-5.98, 57.51]]], [[[-5.986, 57.509], [-5.988, 57.509], [-5.989, 57.51], [-5.987, 57.51], [-5.986, 57.509]]], [[[-5.978, 57.509], [-5.979, 57.509], [-5.979, 57.509], [-5.978, 57.509], [-5.978, 57.509]]], [[[-5.993, 57.506], [-6.004, 57.509], [-6.014, 57.514], [-6.001, 57.516], [-5.993, 57.506]]], [[[-6.131, 57.484], [-6.132, 57.485], [-6.132, 57.486], [-6.131, 57.485], [-6.131, 57.484]]], [[[-6.041, 57.487], [-6.042, 57.487], [-6.043, 57.489], [-6.041, 57.488], [-6.041, 57.487]]], [[[-6.619, 57.457], [-6.62, 57.457], [-6.617, 57.458], [-6.616, 57.457], [-6.619, 57.457]]], [[[-6.607, 57.456], [-6.608, 57.456], [-6.609, 57.457], [-6.606, 57.457], [-6.607, 57.456]]], [[[-6.025, 57.475], [-6.034, 57.49], [-6.025, 57.496], [-6.018, 57.488], [-6.025, 57.475]]], [[[-6.034, 57.474], [-6.034, 57.474], [-6.033, 57.474], [-6.034, 57.474]]], [[[-6.642, 57.45], [-6.646, 57.451], [-6.646, 57.452], [-6.64, 57.451], [-6.642, 57.45]]], [[[-6.028, 57.471], [-6.029, 57.471], [-6.029, 57.472], [-6.028, 57.471]]], [[[-6.622, 57.451], [-6.627, 57.453], [-6.621, 57.451], [-6.622, 57.451]]], [[[-6.602, 57.448], [-6.606, 57.451], [-6.611, 57.452], [-6.603, 57.454], [-6.602, 57.448]]], [[[-6.63, 57.444], [-6.634, 57.446], [-6.636, 57.449], [-6.629, 57.447], [-6.63, 57.444]]], [[[-6.622, 57.44], [-6.625, 57.441], [-6.628, 57.447], [-6.62, 57.445], [-6.622, 57.44]]], [[[-6.53, 57.358], [-6.532, 57.363], [-6.523, 57.366], [-6.522, 57.36], [-6.53, 57.358]]], [[[-6.494, 57.356], [-6.498, 57.36], [-6.496, 57.365], [-6.488, 57.359], [-6.494, 57.356]]], [[[-6.668, 57.334], [-6.673, 57.337], [-6.672, 57.34], [-6.668, 57.339], [-6.668, 57.334]]], [[[-6.469, 57.331], [-6.47, 57.335], [-6.464, 57.339], [-6.458, 57.337], [-6.469, 57.331]]], [[[-6.498, 57.33], [-6.5, 57.333], [-6.515, 57.334], [-6.488, 57.344], [-6.498, 57.33]]], [[[-6.05, 57.328], [-6.088, 57.351], [-6.074, 57.38], [-6.085, 57.421], [-6.055, 57.462], [-6.018, 57.455], [-6.011, 57.465], [-6.03, 57.469], [-5.992, 57.494], [-5.991, 57.506], [-5.978, 57.495], [-5.983, 57.479], [-6.032, 57.434], [-6.019, 57.389], [-5.993, 57.358], [-6.021, 57.333], [-6.05, 57.328]]], [[[-6.4, 57.218], [-6.4, 57.218], [-6.401, 57.219], [-6.4, 57.219], [-6.4, 57.218]]], [[[-6.312, 57.159], [-6.324, 57.162], [-6.287, 57.186], [-6.285, 57.201], [-6.344, 57.185], [-6.387, 57.217], [-6.349, 57.23], [-6.343, 57.253], [-6.357, 57.236], [-6.405, 57.232], [-6.452, 57.262], [-6.459, 57.286], [-6.482, 57.291], [-6.483, 57.311], [-6.427, 57.323], [-6.431, 57.34], [-6.348, 57.3], [-6.318, 57.296], [-6.306, 57.299], [-6.403, 57.34], [-6.395, 57.345], [-6.406, 57.354], [-6.396, 57.36], [-6.397, 57.358], [-6.393, 57.359], [-6.388, 57.361], [-6.387, 57.363], [-6.386, 57.363], [-6.385, 57.363], [-6.384, 57.364], [-6.447, 57.348], [-6.458, 57.339], [-6.455, 57.36], [-6.481, 57.366], [-6.468, 57.378], [-6.486, 57.381], [-6.489, 57.404], [-6.524, 57.369], [-6.517, 57.393], [-6.539, 57.413], [-6.534, 57.393], [-6.573, 57.388], [-6.564, 57.339], [-6.582, 57.333], [-6.72, 57.372], [-6.739, 57.389], [-6.729, 57.395], [-6.743, 57.418], [-6.767, 57.429], [-6.79, 57.421], [-6.784, 57.455], [-6.72, 57.45], [-6.75, 57.484], [-6.748, 57.5], [-6.717, 57.514], [-6.666, 57.459], [-6.621, 57.432], [-6.599, 57.445], [-6.592, 57.429], [-6.585, 57.422], [-6.581, 57.422], [-6.574, 57.431], [-6.594, 57.454], [-6.604, 57.461], [-6.624, 57.459], [-6.613, 57.467], [-6.638, 57.503], [-6.598, 57.51], [-6.569, 57.493], [-6.56, 57.507], [-6.642, 57.552], [-6.656, 57.546], [-6.641, 57.561], [-6.635, 57.609], [-6.589, 57.594], [-6.565, 57.548], [-6.504, 57.534], [-6.465, 57.498], [-6.427, 57.518], [-6.453, 57.481], [-6.432, 57.47], [-6.436, 57.492], [-6.4, 57.509], [-6.4, 57.529], [-6.375, 57.5], [-6.35, 57.497], [-6.345, 57.481], [-6.335, 57.49], [-6.326, 57.459], [-6.312, 57.455], [-6.325, 57.486], [-6.305, 57.482], [-6.365, 57.515], [-6.376, 57.53], [-6.367, 57.531], [-6.395, 57.554], [-6.395, 57.57], [-6.383, 57.563], [-6.359, 57.589], [-6.395, 57.585], [-6.394, 57.613], [-6.428, 57.642], [-6.406, 57.651], [-6.41, 57.66], [-6.354, 57.671], [-6.342, 57.685], [-6.354, 57.708], [-6.331, 57.7], [-6.297, 57.708], [-6.303, 57.691], [-6.251, 57.673], [-6.235, 57.637], [-6.191, 57.633], [-6.151, 57.587], [-6.137, 57.588], [-6.149, 57.566], [-6.139, 57.547], [-6.148, 57.5], [-6.136, 57.473], [-6.146, 57.429], [-6.198, 57.412], [-6.202, 57.39], [-6.183, 57.408], [-6.139, 57.406], [-6.124, 57.388], [-6.146, 57.371], [-6.117, 57.342], [-6.095, 57.339], [-6.107, 57.335], [-6.104, 57.319], [-6.132, 57.316], [-6.168, 57.295], [-6.105, 57.315], [-6.056, 57.313], [-6.041, 57.295], [-6.083, 57.272], [-6.12, 57.276], [-6.124, 57.257], [-6.16, 57.266], [-6.151, 57.243], [-6.19, 57.213], [-6.16, 57.201], [-6.167, 57.177], [-6.312, 57.159]]], [[[-6.314, 57.158], [-6.316, 57.158], [-6.314, 57.158], [-6.314, 57.158]]], [[[-6.226, 57.129], [-6.256, 57.15], [-6.215, 57.153], [-6.213, 57.165], [-6.181, 57.16], [-6.189, 57.149], [-6.21, 57.151], [-6.204, 57.136], [-6.226, 57.129]]]]}}, {"type": "Feature", "properties": {"cd": "S22000078", "nm": "St Andrews and Cupar"}, "geometry": {"type": "MultiPolygon", "coordinates": [[[[-2.736, 56.209], [-2.735, 56.21], [-2.735, 56.21], [-2.736, 56.209]]], [[[-2.565, 56.192], [-2.565, 56.192], [-2.567, 56.192], [-2.563, 56.192], [-2.565, 56.192]]], [[[-2.563, 56.19], [-2.565, 56.191], [-2.567, 56.191], [-2.562, 56.192], [-2.559, 56.19], [-2.563, 56.19]]], [[[-2.813, 56.183], [-2.869, 56.187], [-2.887, 56.205], [-2.924, 56.212], [-2.989, 56.198], [-2.998, 56.208], [-2.983, 56.216], [-3.011, 56.223], [-3.008, 56.233], [-2.931, 56.249], [-2.922, 56.254], [-2.93, 56.263], [-2.971, 56.258], [-2.975, 56.27], [-3.015, 56.274], [-3.011, 56.287], [-3.046, 56.267], [-3.026, 56.255], [-3.064, 56.242], [-3.078, 56.264], [-3.07, 56.271], [-3.124, 56.267], [-3.125, 56.282], [-3.139, 56.284], [-3.126, 56.295], [-3.191, 56.316], [-3.205, 56.334], [-3.221, 56.329], [-3.216, 56.342], [-3.179, 56.341], [-3.203, 56.363], [-3.053, 56.407], [-3.068, 56.392], [-2.986, 56.402], [-2.982, 56.387], [-2.962, 56.384], [-2.956, 56.402], [-2.929, 56.405], [-2.943, 56.416], [-2.857, 56.401], [-2.824, 56.411], [-2.81, 56.405], [-2.828, 56.377], [-2.883, 56.368], [-2.889, 56.366], [-2.89, 56.358], [-2.912, 56.354], [-2.926, 56.341], [-2.888, 56.356], [-2.888, 56.362], [-2.839, 56.353], [-2.821, 56.367], [-2.806, 56.345], [-2.779, 56.333], [-2.661, 56.318], [-2.63, 56.293], [-2.585, 56.279], [-2.688, 56.222], [-2.813, 56.183]]], [[[-2.55, 56.181], [-2.562, 56.186], [-2.564, 56.189], [-2.545, 56.181], [-2.55, 56.181]]], [[[-2.55, 56.18], [-2.55, 56.18], [-2.549, 56.18], [-2.55, 56.18]]]]}}, {"type": "Feature", "properties": {"cd": "S22000079", "nm": "Stranraer"}, "geometry": {"type": "Polygon", "coordinates": [[[-4.989, 54.734], [-4.987, 54.75], [-5.004, 54.755], [-5.01, 54.783], [-5.137, 54.85], [-5.182, 54.911], [-5.186, 54.977], [-5.16, 55.007], [-5.096, 55.017], [-5.061, 54.968], [-5.075, 54.964], [-5.071, 54.936], [-5.018, 54.906], [-4.991, 54.923], [-5.04, 54.998], [-4.973, 55.012], [-4.978, 55.022], [-4.95, 55.031], [-4.931, 55.051], [-4.933, 55.064], [-4.901, 55.064], [-4.885, 55.039], [-4.802, 55.044], [-4.789, 55.031], [-4.776, 55.042], [-4.715, 55.038], [-4.598, 55.063], [-4.586, 55.046], [-4.598, 55.032], [-4.586, 55.033], [-4.59, 55.013], [-4.572, 55.017], [-4.545, 55.0], [-4.594, 54.986], [-4.695, 55.021], [-4.718, 55.007], [-4.708, 54.984], [-4.68, 54.968], [-4.674, 54.945], [-4.795, 54.881], [-4.765, 54.872], [-4.723, 54.892], [-4.696, 54.887], [-4.67, 54.87], [-4.683, 54.835], [-4.763, 54.827], [-4.818, 54.867], [-4.878, 54.869], [-4.881, 54.868], [-4.881, 54.868], [-4.881, 54.867], [-4.883, 54.867], [-4.882, 54.866], [-4.881, 54.867], [-4.881, 54.866], [-4.885, 54.866], [-4.885, 54.864], [-4.885, 54.867], [-4.887, 54.866], [-4.885, 54.865], [-4.886, 54.865], [-4.885, 54.864], [-4.881, 54.866], [-4.881, 54.867], [-4.883, 54.867], [-4.881, 54.867], [-4.878, 54.869], [-4.867, 54.865], [-4.859, 54.868], [-4.851, 54.861], [-4.954, 54.817], [-4.961, 54.803], [-4.917, 54.743], [-4.906, 54.701], [-4.867, 54.682], [-4.882, 54.669], [-4.878, 54.64], [-4.853, 54.637], [-4.856, 54.634], [-4.919, 54.642], [-4.965, 54.664], [-4.974, 54.685], [-4.948, 54.7], [-4.967, 54.718], [-4.956, 54.726], [-4.989, 54.734]]]}}, {"type": "Feature", "properties": {"cd": "S22000080", "nm": "Thurso"}, "geometry": {"type": "MultiPolygon", "coordinates": [[[[-3.189, 58.662], [-3.19, 58.663], [-3.19, 58.663], [-3.189, 58.662]]], [[[-3.19, 58.662], [-3.191, 58.663], [-3.19, 58.663], [-3.19, 58.662], [-3.19, 58.662]]], [[[-3.19, 58.661], [-3.189, 58.662], [-3.189, 58.661], [-3.19, 58.661]]], [[[-3.191, 58.661], [-3.19, 58.661], [-3.19, 58.661], [-3.191, 58.661]]], [[[-3.191, 58.66], [-3.191, 58.66], [-3.191, 58.66], [-3.191, 58.66]]], [[[-3.209, 58.656], [-3.21, 58.656], [-3.209, 58.656], [-3.209, 58.656]]], [[[-3.222, 58.656], [-3.223, 58.656], [-3.221, 58.656], [-3.222, 58.656]]], [[[-3.205, 58.656], [-3.205, 58.656], [-3.203, 58.656], [-3.205, 58.656]]], [[[-3.262, 58.653], [-3.263, 58.653], [-3.263, 58.653], [-3.262, 58.653]]], [[[-3.224, 58.653], [-3.226, 58.653], [-3.224, 58.653], [-3.224, 58.653]]], [[[-3.179, 58.651], [-3.18, 58.653], [-3.179, 58.654], [-3.177, 58.652], [-3.179, 58.651]]], [[[-3.344, 58.649], [-3.344, 58.65], [-3.343, 58.649], [-3.344, 58.649]]], [[[-3.542, 58.623], [-3.543, 58.624], [-3.543, 58.624], [-3.542, 58.623]]], [[[-3.609, 58.617], [-3.608, 58.617], [-3.608, 58.617], [-3.609, 58.617]]], [[[-3.615, 58.617], [-3.614, 58.617], [-3.614, 58.617], [-3.615, 58.617]]], [[[-4.021, 58.6], [-4.022, 58.6], [-4.023, 58.601], [-4.022, 58.602], [-4.021, 58.6]]], [[[-3.431, 58.608], [-3.432, 58.608], [-3.431, 58.609], [-3.43, 58.609], [-3.431, 58.608]]], [[[-4.033, 58.594], [-4.033, 58.594], [-4.033, 58.595], [-4.032, 58.594], [-4.033, 58.594]]], [[[-4.029, 58.592], [-4.03, 58.593], [-4.029, 58.593], [-4.029, 58.592]]], [[[-4.027, 58.592], [-4.027, 58.593], [-4.026, 58.593], [-4.027, 58.592]]], [[[-4.032, 58.591], [-4.032, 58.593], [-4.031, 58.594], [-4.03, 58.592], [-4.032, 58.591]]], [[[-3.732, 58.59], [-3.731, 58.592], [-3.731, 58.592], [-3.732, 58.59]]], [[[-4.051, 58.577], [-4.053, 58.578], [-4.052, 58.579], [-4.05, 58.578], [-4.051, 58.577]]], [[[-3.759, 58.579], [-3.758, 58.58], [-3.758, 58.579], [-3.759, 58.579]]], [[[-3.756, 58.579], [-3.755, 58.579], [-3.755, 58.579], [-3.756, 58.579]]], [[[-4.008, 58.575], [-4.009, 58.576], [-4.008, 58.576], [-4.008, 58.575]]], [[[-4.049, 58.573], [-4.05, 58.573], [-4.05, 58.575], [-4.049, 58.574], [-4.049, 58.573]]], [[[-3.93, 58.574], [-3.932, 58.574], [-3.93, 58.575], [-3.93, 58.574]]], [[[-3.963, 58.572], [-3.964, 58.572], [-3.963, 58.572], [-3.963, 58.572], [-3.963, 58.572]]], [[[-4.117, 58.569], [-4.118, 58.569], [-4.117, 58.57], [-4.117, 58.569]]], [[[-4.127, 58.568], [-4.127, 58.568], [-4.127, 58.569], [-4.127, 58.568]]], [[[-4.057, 58.569], [-4.057, 58.569], [-4.057, 58.569], [-4.057, 58.569]]], [[[-3.794, 58.572], [-3.794, 58.573], [-3.794, 58.573], [-3.794, 58.572]]], [[[-4.061, 58.568], [-4.061, 58.569], [-4.06, 58.569], [-4.061, 58.568]]], [[[-4.057, 58.568], [-4.057, 58.569], [-4.056, 58.569], [-4.057, 58.568]]], [[[-4.06, 58.568], [-4.06, 58.568], [-4.06, 58.569], [-4.06, 58.568]]], [[[-4.059, 58.568], [-4.06, 58.568], [-4.059, 58.568], [-4.059, 58.568]]], [[[-4.059, 58.568], [-4.059, 58.568], [-4.059, 58.568], [-4.059, 58.568]]], [[[-4.358, 58.561], [-4.357, 58.562], [-4.361, 58.562], [-4.357, 58.563], [-4.357, 58.562], [-4.358, 58.561]]], [[[-4.148, 58.564], [-4.149, 58.565], [-4.149, 58.566], [-4.147, 58.565], [-4.148, 58.564]]], [[[-4.068, 58.565], [-4.069, 58.565], [-4.067, 58.565], [-4.068, 58.565]]], [[[-4.098, 58.563], [-4.101, 58.563], [-4.098, 58.564], [-4.098, 58.563]]], [[[-4.149, 58.562], [-4.15, 58.562], [-4.149, 58.562], [-4.149, 58.562]]], [[[-4.072, 58.563], [-4.072, 58.563], [-4.07, 58.564], [-4.071, 58.563], [-4.072, 58.563]]], [[[-3.847, 58.566], [-3.847, 58.566], [-3.846, 58.566], [-3.847, 58.566]]], [[[-4.352, 58.558], [-4.356, 58.559], [-4.361, 58.56], [-4.346, 58.561], [-4.352, 58.558]]], [[[-3.846, 58.566], [-3.847, 58.566], [-3.846, 58.566], [-3.846, 58.566]]], [[[-3.86, 58.565], [-3.861, 58.565], [-3.861, 58.565], [-3.86, 58.565]]], [[[-3.859, 58.563], [-3.86, 58.564], [-3.86, 58.564], [-3.859, 58.564], [-3.859, 58.563]]], [[[-4.208, 58.552], [-4.208, 58.552], [-4.207, 58.552], [-4.208, 58.552]]], [[[-4.212, 58.552], [-4.213, 58.553], [-4.211, 58.553], [-4.212, 58.552]]], [[[-4.342, 58.548], [-4.353, 58.552], [-4.346, 58.561], [-4.328, 58.562], [-4.342, 58.548]]], [[[-4.196, 58.548], [-4.196, 58.548], [-4.196, 58.548], [-4.196, 58.548]]], [[[-4.186, 58.548], [-4.186, 58.548], [-4.185, 58.548], [-4.186, 58.548]]], [[[-4.162, 58.548], [-4.163, 58.549], [-4.161, 58.549], [-4.161, 58.549], [-4.162, 58.548]]], [[[-4.159, 58.548], [-4.159, 58.548], [-4.158, 58.548], [-4.159, 58.548]]], [[[-4.164, 58.547], [-4.164, 58.548], [-4.164, 58.547], [-4.164, 58.547]]], [[[-4.193, 58.547], [-4.193, 58.547], [-4.193, 58.547], [-4.193, 58.547]]], [[[-4.161, 58.547], [-4.162, 58.547], [-4.161, 58.548], [-4.161, 58.547]]], [[[-4.185, 58.547], [-4.185, 58.547], [-4.185, 58.547], [-4.185, 58.547]]], [[[-4.185, 58.546], [-4.184, 58.547], [-4.184, 58.546], [-4.185, 58.546]]], [[[-4.165, 58.547], [-4.166, 58.548], [-4.164, 58.55], [-4.164, 58.547], [-4.165, 58.547]]], [[[-4.296, 58.544], [-4.305, 58.548], [-4.305, 58.549], [-4.288, 58.546], [-4.296, 58.544]]], [[[-4.186, 58.546], [-4.187, 58.547], [-4.185, 58.547], [-4.186, 58.546]]], [[[-4.183, 58.546], [-4.183, 58.546], [-4.183, 58.546], [-4.183, 58.546]]], [[[-4.175, 58.546], [-4.176, 58.546], [-4.175, 58.546], [-4.175, 58.546]]], [[[-4.191, 58.545], [-4.191, 58.546], [-4.191, 58.546], [-4.191, 58.545]]], [[[-4.165, 58.545], [-4.166, 58.547], [-4.165, 58.546], [-4.165, 58.545]]], [[[-4.165, 58.545], [-4.166, 58.545], [-4.165, 58.545], [-4.165, 58.545]]], [[[-4.316, 58.542], [-4.316, 58.542], [-4.315, 58.542], [-4.316, 58.542]]], [[[-4.212, 58.542], [-4.212, 58.542], [-4.211, 58.542], [-4.212, 58.542]]], [[[-4.218, 58.54], [-4.219, 58.54], [-4.219, 58.541], [-4.218, 58.54], [-4.218, 58.54]]], [[[-4.221, 58.54], [-4.222, 58.54], [-4.222, 58.541], [-4.22, 58.54], [-4.221, 58.54]]], [[[-4.223, 58.533], [-4.224, 58.534], [-4.223, 58.533], [-4.223, 58.533]]], [[[-4.403, 58.507], [-4.402, 58.509], [-4.402, 58.508], [-4.403, 58.507]]], [[[-4.42, 58.504], [-4.418, 58.505], [-4.416, 58.505], [-4.42, 58.504]]], [[[-4.445, 58.493], [-4.449, 58.493], [-4.45, 58.495], [-4.449, 58.495], [-4.445, 58.493]]], [[[-3.355, 58.499], [-3.355, 58.499], [-3.355, 58.499], [-3.355, 58.499]]], [[[-4.447, 58.478], [-4.451, 58.479], [-4.453, 58.482], [-4.451, 58.482], [-4.447, 58.478]]], [[[-4.445, 58.477], [-4.447, 58.477], [-4.45, 58.479], [-4.446, 58.478], [-4.445, 58.477]]], [[[-4.455, 58.463], [-4.456, 58.464], [-4.446, 58.468], [-4.447, 58.466], [-4.455, 58.463]]], [[[-4.1, 58.281], [-4.103, 58.282], [-4.103, 58.283], [-4.1, 58.284], [-4.1, 58.281]]], [[[-4.317, 58.174], [-4.415, 58.181], [-4.433, 58.196], [-4.431, 58.214], [-4.518, 58.197], [-4.608, 58.21], [-4.619, 58.229], [-4.603, 58.244], [-4.627, 58.259], [-4.545, 58.273], [-4.465, 58.269], [-4.427, 58.314], [-4.435, 58.332], [-4.491, 58.312], [-4.496, 58.328], [-4.528, 58.33], [-4.568, 58.317], [-4.577, 58.351], [-4.561, 58.364], [-4.586, 58.369], [-4.598, 58.395], [-4.552, 58.413], [-4.573, 58.433], [-4.56, 58.433], [-4.553, 58.475], [-4.562, 58.492], [-4.548, 58.507], [-4.43, 58.523], [-4.456, 58.494], [-4.467, 58.458], [-4.479, 58.453], [-4.486, 58.444], [-4.475, 58.44], [-4.475, 58.445], [-4.446, 58.465], [-4.437, 58.476], [-4.423, 58.474], [-4.436, 58.492], [-4.383, 58.51], [-4.351, 58.539], [-4.272, 58.538], [-4.261, 58.531], [-4.273, 58.526], [-4.266, 58.518], [-4.238, 58.526], [-4.212, 58.495], [-4.241, 58.537], [-4.213, 58.53], [-4.214, 58.551], [-4.176, 58.541], [-4.175, 58.546], [-4.166, 58.544], [-4.157, 58.548], [-4.153, 58.563], [-4.133, 58.562], [-4.125, 58.566], [-4.126, 58.569], [-4.074, 58.551], [-4.069, 58.558], [-4.07, 58.564], [-4.071, 58.564], [-4.061, 58.565], [-4.047, 58.572], [-4.044, 58.591], [-4.026, 58.591], [-4.019, 58.602], [-4.005, 58.564], [-3.933, 58.573], [-3.907, 58.559], [-3.913, 58.556], [-3.901, 58.538], [-3.911, 58.556], [-3.906, 58.559], [-3.907, 58.564], [-3.899, 58.568], [-3.801, 58.574], [-3.778, 58.564], [-3.66, 58.62], [-3.535, 58.623], [-3.552, 58.608], [-3.513, 58.599], [-3.527, 58.588], [-3.46, 58.612], [-3.371, 58.594], [-3.349, 58.619], [-3.413, 58.64], [-3.404, 58.662], [-3.377, 58.672], [-3.344, 58.646], [-3.227, 58.65], [-3.22, 58.655], [-3.195, 58.656], [-3.19, 58.66], [-3.171, 58.649], [-3.19, 58.612], [-3.242, 58.605], [-3.237, 58.593], [-3.219, 58.593], [-3.228, 58.58], [-3.291, 58.58], [-3.299, 58.564], [-3.328, 58.57], [-3.366, 58.542], [-3.374, 58.522], [-3.352, 58.506], [-3.383, 58.493], [-3.343, 58.477], [-3.337, 58.459], [-3.357, 58.458], [-3.363, 58.439], [-3.4, 58.425], [-3.375, 58.401], [-3.409, 58.418], [-3.42, 58.396], [-3.494, 58.366], [-3.504, 58.348], [-3.494, 58.338], [-3.508, 58.32], [-3.653, 58.321], [-3.685, 58.282], [-3.754, 58.271], [-3.798, 58.29], [-3.835, 58.287], [-3.85, 58.302], [-3.838, 58.312], [-3.855, 58.323], [-3.968, 58.365], [-3.979, 58.343], [-4.008, 58.341], [-3.943, 58.32], [-3.926, 58.288], [-3.944, 58.258], [-4.024, 58.261], [-4.027, 58.226], [-4.01, 58.217], [-4.033, 58.207], [-4.121, 58.214], [-4.116, 58.235], [-4.126, 58.239], [-4.259, 58.228], [-4.282, 58.202], [-4.312, 58.193], [-4.317, 58.174]]], [[[-4.358, 58.209], [-4.333, 58.218], [-4.3, 58.242], [-4.358, 58.216], [-4.358, 58.209]]], [[[-4.068, 58.268], [-4.109, 58.306], [-4.14, 58.291], [-4.153, 58.296], [-4.153, 58.315], [-4.16, 58.321], [-4.162, 58.272], [-4.14, 58.289], [-4.068, 58.268]]]]}}, {"type": "Feature", "properties": {"cd": "S22000081", "nm": "Turriff and Banff"}, "geometry": {"type": "MultiPolygon", "coordinates": [[[[-2.762, 57.693], [-2.762, 57.693], [-2.762, 57.693], [-2.762, 57.693], [-2.762, 57.693]]], [[[-2.29, 57.694], [-2.29, 57.695], [-2.29, 57.695], [-2.29, 57.694]]], [[[-2.757, 57.692], [-2.758, 57.692], [-2.757, 57.692], [-2.757, 57.692]]], [[[-2.75, 57.691], [-2.751, 57.691], [-2.75, 57.691], [-2.75, 57.691]]], [[[-2.751, 57.691], [-2.752, 57.691], [-2.751, 57.691], [-2.751, 57.691]]], [[[-2.753, 57.691], [-2.752, 57.691], [-2.752, 57.691], [-2.753, 57.691]]], [[[-2.755, 57.691], [-2.755, 57.691], [-2.755, 57.692], [-2.755, 57.691]]], [[[-2.756, 57.691], [-2.755, 57.691], [-2.755, 57.691], [-2.756, 57.691]]], [[[-2.318, 57.691], [-2.319, 57.691], [-2.318, 57.692], [-2.318, 57.691]]], [[[-2.318, 57.69], [-2.318, 57.691], [-2.318, 57.691], [-2.318, 57.69]]], [[[-2.288, 57.689], [-2.289, 57.69], [-2.288, 57.69], [-2.288, 57.689]]], [[[-2.729, 57.687], [-2.729, 57.687], [-2.728, 57.687], [-2.729, 57.687]]], [[[-2.324, 57.688], [-2.323, 57.689], [-2.323, 57.688], [-2.324, 57.688]]], [[[-2.585, 57.679], [-2.586, 57.68], [-2.585, 57.679], [-2.585, 57.679]]], [[[-2.341, 57.676], [-2.341, 57.677], [-2.34, 57.677], [-2.341, 57.676]]], [[[-2.341, 57.674], [-2.341, 57.675], [-2.34, 57.676], [-2.341, 57.674]]], [[[-2.496, 57.674], [-2.496, 57.674], [-2.496, 57.674], [-2.496, 57.674]]], [[[-2.486, 57.674], [-2.486, 57.674], [-2.486, 57.674], [-2.486, 57.674]]], [[[-2.492, 57.673], [-2.493, 57.673], [-2.491, 57.674], [-2.492, 57.673]]], [[[-2.488, 57.673], [-2.488, 57.673], [-2.487, 57.673], [-2.488, 57.673]]], [[[-2.459, 57.672], [-2.458, 57.673], [-2.458, 57.673], [-2.458, 57.672], [-2.459, 57.672]]], [[[-2.455, 57.672], [-2.455, 57.672], [-2.455, 57.673], [-2.455, 57.672]]], [[[-2.474, 57.672], [-2.474, 57.673], [-2.474, 57.672], [-2.474, 57.672]]], [[[-2.462, 57.672], [-2.462, 57.672], [-2.462, 57.673], [-2.462, 57.672]]], [[[-2.459, 57.672], [-2.458, 57.672], [-2.459, 57.672], [-2.459, 57.672]]], [[[-2.443, 57.672], [-2.443, 57.672], [-2.442, 57.672], [-2.442, 57.672], [-2.443, 57.672]]], [[[-2.528, 57.672], [-2.527, 57.672], [-2.527, 57.672], [-2.527, 57.672], [-2.528, 57.672]]], [[[-2.472, 57.672], [-2.471, 57.672], [-2.471, 57.672], [-2.472, 57.672]]], [[[-2.442, 57.672], [-2.441, 57.672], [-2.441, 57.672], [-2.442, 57.672]]], [[[-2.463, 57.671], [-2.463, 57.672], [-2.462, 57.672], [-2.463, 57.671], [-2.463, 57.671]]], [[[-2.45, 57.671], [-2.45, 57.671], [-2.449, 57.671], [-2.45, 57.671]]], [[[-2.507, 57.442], [-2.555, 57.473], [-2.614, 57.483], [-2.645, 57.478], [-2.662, 57.455], [-2.686, 57.458], [-2.678, 57.475], [-2.716, 57.489], [-2.718, 57.501], [-2.65, 57.53], [-2.687, 57.539], [-2.707, 57.53], [-2.72, 57.564], [-2.75, 57.568], [-2.747, 57.58], [-2.776, 57.584], [-2.811, 57.61], [-2.772, 57.65], [-2.803, 57.665], [-2.802, 57.695], [-2.759, 57.694], [-2.74, 57.682], [-2.714, 57.693], [-2.574, 57.683], [-2.555, 57.671], [-2.541, 57.669], [-2.525, 57.671], [-2.523, 57.671], [-2.521, 57.671], [-2.514, 57.659], [-2.529, 57.651], [-2.515, 57.657], [-2.498, 57.673], [-2.447, 57.669], [-2.428, 57.674], [-2.397, 57.668], [-2.362, 57.676], [-2.347, 57.669], [-2.298, 57.696], [-2.271, 57.686], [-2.28, 57.643], [-2.3, 57.629], [-2.264, 57.602], [-2.278, 57.571], [-2.254, 57.561], [-2.276, 57.527], [-2.271, 57.508], [-2.362, 57.485], [-2.405, 57.489], [-2.397, 57.482], [-2.414, 57.476], [-2.402, 57.455], [-2.444, 57.448], [-2.46, 57.459], [-2.507, 57.442]]]]}}, {"type": "Feature", "properties": {"cd": "S22000082", "nm": "Ullapool"}, "geometry": {"type": "MultiPolygon", "coordinates": [[[[-4.996, 58.627], [-4.997, 58.627], [-4.997, 58.627], [-4.996, 58.627]]], [[[-5.003, 58.626], [-5.004, 58.627], [-5.006, 58.627], [-5.003, 58.627], [-5.003, 58.626]]], [[[-4.99, 58.622], [-4.99, 58.623], [-4.99, 58.623], [-4.99, 58.622]]], [[[-4.938, 58.618], [-4.938, 58.618], [-4.938, 58.618], [-4.938, 58.618]]], [[[-4.938, 58.617], [-4.938, 58.618], [-4.938, 58.617], [-4.938, 58.617]]], [[[-4.928, 58.617], [-4.929, 58.617], [-4.929, 58.617], [-4.928, 58.617], [-4.928, 58.617]]], [[[-4.926, 58.616], [-4.927, 58.616], [-4.927, 58.617], [-4.926, 58.616]]], [[[-4.873, 58.617], [-4.873, 58.618], [-4.871, 58.618], [-4.871, 58.617], [-4.873, 58.617]]], [[[-4.945, 58.613], [-4.946, 58.613], [-4.946, 58.614], [-4.945, 58.613]]], [[[-4.945, 58.612], [-4.946, 58.612], [-4.946, 58.613], [-4.945, 58.612]]], [[[-5.014, 58.603], [-5.015, 58.603], [-5.014, 58.604], [-5.014, 58.603]]], [[[-4.849, 58.604], [-4.849, 58.606], [-4.847, 58.605], [-4.848, 58.604], [-4.849, 58.604]]], [[[-4.846, 58.603], [-4.847, 58.604], [-4.848, 58.604], [-4.846, 58.604], [-4.846, 58.603]]], [[[-4.846, 58.603], [-4.847, 58.603], [-4.845, 58.603], [-4.846, 58.603]]], [[[-4.782, 58.602], [-4.782, 58.602], [-4.782, 58.602], [-4.782, 58.602]]], [[[-4.79, 58.601], [-4.79, 58.602], [-4.789, 58.601], [-4.79, 58.601]]], [[[-4.762, 58.599], [-4.761, 58.6], [-4.761, 58.6], [-4.761, 58.599], [-4.762, 58.599]]], [[[-4.757, 58.599], [-4.758, 58.599], [-4.758, 58.599], [-4.757, 58.599], [-4.757, 58.599]]], [[[-4.76, 58.598], [-4.761, 58.598], [-4.76, 58.598], [-4.76, 58.598]]], [[[-4.791, 58.593], [-4.791, 58.593], [-4.792, 58.594], [-4.791, 58.593]]], [[[-4.791, 58.591], [-4.791, 58.592], [-4.789, 58.592], [-4.791, 58.591]]], [[[-4.787, 58.591], [-4.787, 58.591], [-4.788, 58.592], [-4.786, 58.592], [-4.787, 58.591]]], [[[-4.781, 58.59], [-4.781, 58.59], [-4.781, 58.591], [-4.781, 58.591], [-4.781, 58.59]]], [[[-4.817, 58.589], [-4.818, 58.59], [-4.818, 58.59], [-4.817, 58.589]]], [[[-4.796, 58.577], [-4.798, 58.578], [-4.798, 58.579], [-4.796, 58.579], [-4.796, 58.577]]], [[[-4.542, 58.582], [-4.543, 58.582], [-4.542, 58.582], [-4.542, 58.582]]], [[[-4.543, 58.581], [-4.543, 58.581], [-4.543, 58.581], [-4.543, 58.581]]], [[[-4.537, 58.581], [-4.537, 58.581], [-4.536, 58.581], [-4.537, 58.581]]], [[[-4.582, 58.58], [-4.582, 58.581], [-4.58, 58.581], [-4.581, 58.58], [-4.582, 58.58]]], [[[-4.536, 58.581], [-4.535, 58.582], [-4.534, 58.581], [-4.536, 58.581]]], [[[-4.586, 58.579], [-4.586, 58.58], [-4.585, 58.58], [-4.586, 58.579]]], [[[-4.529, 58.58], [-4.529, 58.58], [-4.529, 58.581], [-4.529, 58.58]]], [[[-4.587, 58.579], [-4.587, 58.579], [-4.586, 58.579], [-4.587, 58.579]]], [[[-4.558, 58.579], [-4.559, 58.579], [-4.558, 58.579], [-4.558, 58.579]]], [[[-4.589, 58.579], [-4.589, 58.579], [-4.589, 58.579], [-4.589, 58.579]]], [[[-4.562, 58.579], [-4.563, 58.579], [-4.563, 58.579], [-4.562, 58.579]]], [[[-4.585, 58.578], [-4.586, 58.578], [-4.585, 58.578], [-4.585, 58.578], [-4.585, 58.578]]], [[[-4.512, 58.578], [-4.513, 58.578], [-4.512, 58.579], [-4.512, 58.578]]], [[[-4.804, 58.57], [-4.809, 58.571], [-4.81, 58.575], [-4.8, 58.573], [-4.804, 58.57]]], [[[-4.656, 58.573], [-4.656, 58.574], [-4.654, 58.573], [-4.655, 58.573], [-4.656, 58.573]]], [[[-4.657, 58.572], [-4.658, 58.573], [-4.657, 58.573], [-4.657, 58.572]]], [[[-4.498, 58.575], [-4.497, 58.576], [-4.497, 58.575], [-4.498, 58.575]]], [[[-4.495, 58.574], [-4.496, 58.574], [-4.496, 58.574], [-4.495, 58.574]]], [[[-4.493, 58.572], [-4.494, 58.572], [-4.493, 58.573], [-4.493, 58.572]]], [[[-4.706, 58.566], [-4.706, 58.566], [-4.706, 58.566], [-4.706, 58.566]]], [[[-4.492, 58.569], [-4.492, 58.57], [-4.491, 58.57], [-4.492, 58.569]]], [[[-4.686, 58.564], [-4.676, 58.569], [-4.666, 58.569], [-4.678, 58.564], [-4.686, 58.564]]], [[[-4.487, 58.568], [-4.487, 58.568], [-4.487, 58.568], [-4.487, 58.568]]], [[[-4.696, 58.563], [-4.698, 58.563], [-4.697, 58.563], [-4.696, 58.563]]], [[[-4.697, 58.562], [-4.698, 58.563], [-4.697, 58.562], [-4.697, 58.562]]], [[[-4.468, 58.564], [-4.468, 58.564], [-4.468, 58.565], [-4.468, 58.564]]], [[[-4.7, 58.559], [-4.7, 58.561], [-4.699, 58.561], [-4.699, 58.56], [-4.7, 58.559]]], [[[-4.465, 58.563], [-4.465, 58.563], [-4.465, 58.563], [-4.465, 58.563]]], [[[-5.118, 58.544], [-5.12, 58.546], [-5.119, 58.547], [-5.117, 58.545], [-5.118, 58.544]]], [[[-4.646, 58.553], [-4.646, 58.555], [-4.644, 58.555], [-4.644, 58.554], [-4.646, 58.553]]], [[[-4.645, 58.553], [-4.646, 58.553], [-4.644, 58.554], [-4.644, 58.553], [-4.645, 58.553]]], [[[-4.442, 58.555], [-4.443, 58.555], [-4.443, 58.556], [-4.442, 58.555]]], [[[-4.434, 58.555], [-4.434, 58.555], [-4.434, 58.555], [-4.434, 58.555]]], [[[-4.786, 58.544], [-4.791, 58.547], [-4.79, 58.55], [-4.781, 58.547], [-4.786, 58.544]]], [[[-4.45, 58.55], [-4.453, 58.55], [-4.454, 58.551], [-4.453, 58.552], [-4.45, 58.55]]], [[[-4.451, 58.549], [-4.453, 58.55], [-4.454, 58.55], [-4.453, 58.55], [-4.451, 58.549]]], [[[-4.421, 58.549], [-4.423, 58.55], [-4.424, 58.552], [-4.421, 58.552], [-4.421, 58.549]]], [[[-4.785, 58.539], [-4.79, 58.539], [-4.79, 58.54], [-4.789, 58.541], [-4.789, 58.543], [-4.787, 58.544], [-4.785, 58.539]]], [[[-4.411, 58.546], [-4.41, 58.547], [-4.41, 58.547], [-4.41, 58.546], [-4.411, 58.546]]], [[[-4.413, 58.544], [-4.413, 58.545], [-4.412, 58.545], [-4.412, 58.545], [-4.413, 58.544]]], [[[-5.105, 58.529], [-5.105, 58.53], [-5.105, 58.529], [-5.105, 58.529]]], [[[-4.389, 58.542], [-4.389, 58.546], [-4.388, 58.549], [-4.387, 58.545], [-4.389, 58.542]]], [[[-5.108, 58.525], [-5.107, 58.525], [-5.107, 58.525], [-5.108, 58.525]]], [[[-5.113, 58.522], [-5.114, 58.523], [-5.114, 58.523], [-5.112, 58.523], [-5.113, 58.522]]], [[[-4.424, 58.536], [-4.424, 58.536], [-4.423, 58.536], [-4.424, 58.536], [-4.424, 58.536]]], [[[-4.805, 58.527], [-4.802, 58.53], [-4.797, 58.53], [-4.801, 58.528], [-4.805, 58.527]]], [[[-4.421, 58.534], [-4.422, 58.535], [-4.421, 58.535], [-4.421, 58.534]]], [[[-4.392, 58.533], [-4.397, 58.535], [-4.389, 58.541], [-4.388, 58.536], [-4.392, 58.533]]], [[[-4.629, 58.528], [-4.628, 58.529], [-4.622, 58.53], [-4.625, 58.528], [-4.629, 58.528]]], [[[-4.398, 58.53], [-4.407, 58.532], [-4.407, 58.537], [-4.396, 58.534], [-4.398, 58.53]]], [[[-5.125, 58.494], [-5.125, 58.494], [-5.125, 58.494], [-5.125, 58.494]]], [[[-5.126, 58.493], [-5.127, 58.493], [-5.126, 58.494], [-5.126, 58.493]]], [[[-5.127, 58.487], [-5.128, 58.487], [-5.127, 58.487], [-5.127, 58.487], [-5.127, 58.487]]], [[[-5.13, 58.486], [-5.129, 58.488], [-5.128, 58.488], [-5.129, 58.486], [-5.13, 58.486]]], [[[-5.138, 58.482], [-5.139, 58.482], [-5.138, 58.483], [-5.138, 58.482]]], [[[-5.14, 58.481], [-5.14, 58.481], [-5.14, 58.482], [-5.138, 58.482], [-5.14, 58.481]]], [[[-5.117, 58.481], [-5.116, 58.482], [-5.116, 58.481], [-5.117, 58.481]]], [[[-5.118, 58.48], [-5.118, 58.481], [-5.118, 58.48], [-5.118, 58.48]]], [[[-5.118, 58.48], [-5.117, 58.48], [-5.117, 58.48], [-5.118, 58.48]]], [[[-5.125, 58.479], [-5.126, 58.479], [-5.125, 58.479], [-5.125, 58.479]]], [[[-5.098, 58.478], [-5.098, 58.478], [-5.097, 58.478], [-5.098, 58.478]]], [[[-5.101, 58.475], [-5.102, 58.476], [-5.099, 58.478], [-5.099, 58.476], [-5.101, 58.475]]], [[[-5.104, 58.475], [-5.104, 58.476], [-5.103, 58.475], [-5.104, 58.475]]], [[[-5.14, 58.474], [-5.141, 58.474], [-5.141, 58.475], [-5.14, 58.476], [-5.14, 58.474]]], [[[-5.132, 58.473], [-5.129, 58.478], [-5.117, 58.478], [-5.129, 58.475], [-5.132, 58.473]]], [[[-5.089, 58.474], [-5.089, 58.474], [-5.088, 58.474], [-5.089, 58.474]]], [[[-5.136, 58.472], [-5.14, 58.476], [-5.134, 58.477], [-5.134, 58.473], [-5.136, 58.472]]], [[[-5.089, 58.472], [-5.09, 58.473], [-5.088, 58.473], [-5.089, 58.472]]], [[[-4.713, 58.476], [-4.71, 58.485], [-4.702, 58.486], [-4.705, 58.482], [-4.713, 58.476]]], [[[-5.087, 58.466], [-5.086, 58.467], [-5.085, 58.467], [-5.086, 58.467], [-5.087, 58.466]]], [[[-5.089, 58.466], [-5.089, 58.467], [-5.088, 58.467], [-5.088, 58.467], [-5.089, 58.466]]], [[[-5.088, 58.466], [-5.088, 58.467], [-5.087, 58.467], [-5.088, 58.466]]], [[[-5.081, 58.462], [-5.085, 58.464], [-5.076, 58.465], [-5.077, 58.463], [-5.081, 58.462]]], [[[-5.078, 58.457], [-5.078, 58.457], [-5.077, 58.458], [-5.078, 58.457]]], [[[-5.084, 58.452], [-5.085, 58.453], [-5.083, 58.453], [-5.084, 58.452]]], [[[-5.085, 58.452], [-5.087, 58.452], [-5.087, 58.452], [-5.084, 58.452], [-5.085, 58.452]]], [[[-5.088, 58.451], [-5.089, 58.451], [-5.088, 58.452], [-5.088, 58.451]]], [[[-5.085, 58.45], [-5.088, 58.45], [-5.084, 58.452], [-5.085, 58.45]]], [[[-5.081, 58.45], [-5.084, 58.45], [-5.078, 58.451], [-5.08, 58.45], [-5.081, 58.45]]], [[[-5.089, 58.446], [-5.09, 58.446], [-5.088, 58.447], [-5.089, 58.446]]], [[[-4.749, 58.451], [-4.748, 58.453], [-4.746, 58.452], [-4.747, 58.451], [-4.749, 58.451]]], [[[-4.75, 58.451], [-4.753, 58.451], [-4.75, 58.454], [-4.75, 58.451]]], [[[-5.122, 58.442], [-5.122, 58.443], [-5.121, 58.442], [-5.122, 58.442]]], [[[-5.132, 58.441], [-5.133, 58.442], [-5.131, 58.441], [-5.132, 58.441]]], [[[-5.112, 58.44], [-5.113, 58.44], [-5.113, 58.441], [-5.112, 58.44]]], [[[-5.135, 58.44], [-5.136, 58.44], [-5.135, 58.44], [-5.135, 58.44], [-5.135, 58.44]]], [[[-5.112, 58.44], [-5.111, 58.441], [-5.111, 58.44], [-5.112, 58.44]]], [[[-5.137, 58.439], [-5.138, 58.439], [-5.136, 58.44], [-5.137, 58.439]]], [[[-5.099, 58.439], [-5.1, 58.439], [-5.1, 58.439], [-5.099, 58.439]]], [[[-5.115, 58.438], [-5.115, 58.438], [-5.115, 58.438], [-5.115, 58.438]]], [[[-5.136, 58.437], [-5.137, 58.437], [-5.135, 58.437], [-5.136, 58.437]]], [[[-5.107, 58.437], [-5.108, 58.437], [-5.107, 58.438], [-5.107, 58.437]]], [[[-5.119, 58.437], [-5.119, 58.437], [-5.118, 58.437], [-5.119, 58.437]]], [[[-5.119, 58.435], [-5.12, 58.435], [-5.119, 58.435], [-5.119, 58.435]]], [[[-5.142, 58.435], [-5.143, 58.435], [-5.143, 58.435], [-5.142, 58.435], [-5.142, 58.435]]], [[[-5.141, 58.435], [-5.14, 58.435], [-5.138, 58.436], [-5.139, 58.435], [-5.141, 58.435]]], [[[-5.115, 58.433], [-5.116, 58.434], [-5.115, 58.434], [-5.115, 58.433]]], [[[-5.114, 58.432], [-5.113, 58.433], [-5.113, 58.433], [-5.114, 58.432]]], [[[-5.12, 58.431], [-5.12, 58.432], [-5.119, 58.432], [-5.119, 58.432], [-5.12, 58.431]]], [[[-5.124, 58.43], [-5.124, 58.431], [-5.123, 58.431], [-5.123, 58.43], [-5.124, 58.43]]], [[[-5.13, 58.43], [-5.13, 58.43], [-5.129, 58.43], [-5.13, 58.43]]], [[[-5.118, 58.428], [-5.118, 58.429], [-5.117, 58.429], [-5.118, 58.428]]], [[[-5.117, 58.428], [-5.116, 58.428], [-5.116, 58.428], [-5.117, 58.428]]], [[[-5.121, 58.428], [-5.122, 58.429], [-5.118, 58.431], [-5.118, 58.429], [-5.121, 58.428]]], [[[-5.116, 58.427], [-5.116, 58.427], [-5.114, 58.427], [-5.115, 58.427], [-5.116, 58.427]]], [[[-5.117, 58.426], [-5.118, 58.427], [-5.118, 58.427], [-5.116, 58.427], [-5.117, 58.426]]], [[[-5.111, 58.422], [-5.112, 58.422], [-5.11, 58.423], [-5.111, 58.422]]], [[[-5.093, 58.42], [-5.092, 58.421], [-5.092, 58.421], [-5.092, 58.42], [-5.093, 58.42]]], [[[-5.116, 58.418], [-5.118, 58.418], [-5.117, 58.419], [-5.116, 58.418]]], [[[-5.106, 58.418], [-5.109, 58.418], [-5.11, 58.418], [-5.106, 58.419], [-5.106, 58.418]]], [[[-5.105, 58.418], [-5.106, 58.418], [-5.105, 58.418], [-5.105, 58.418]]], [[[-5.104, 58.418], [-5.104, 58.418], [-5.102, 58.419], [-5.102, 58.418], [-5.104, 58.418]]], [[[-5.113, 58.417], [-5.113, 58.418], [-5.112, 58.417], [-5.113, 58.417]]], [[[-5.102, 58.416], [-5.103, 58.417], [-5.106, 58.417], [-5.103, 58.418], [-5.102, 58.416]]], [[[-5.118, 58.416], [-5.119, 58.416], [-5.118, 58.416], [-5.118, 58.416]]], [[[-5.117, 58.416], [-5.118, 58.417], [-5.115, 58.417], [-5.116, 58.416], [-5.117, 58.416]]], [[[-5.113, 58.415], [-5.114, 58.415], [-5.113, 58.415], [-5.113, 58.415]]], [[[-5.137, 58.413], [-5.138, 58.413], [-5.137, 58.414], [-5.137, 58.413]]], [[[-5.134, 58.412], [-5.135, 58.412], [-5.133, 58.412], [-5.134, 58.412]]], [[[-5.134, 58.412], [-5.135, 58.412], [-5.134, 58.412], [-5.134, 58.412]]], [[[-5.124, 58.41], [-5.125, 58.411], [-5.123, 58.411], [-5.124, 58.41]]], [[[-5.126, 58.41], [-5.127, 58.41], [-5.127, 58.412], [-5.125, 58.41], [-5.126, 58.41]]], [[[-5.062, 58.41], [-5.063, 58.411], [-5.058, 58.412], [-5.058, 58.41], [-5.062, 58.41]]], [[[-4.648, 58.419], [-4.649, 58.419], [-4.646, 58.42], [-4.648, 58.419]]], [[[-5.126, 58.407], [-5.127, 58.407], [-5.125, 58.407], [-5.126, 58.407]]], [[[-5.113, 58.407], [-5.114, 58.407], [-5.112, 58.407], [-5.112, 58.407], [-5.113, 58.407]]], [[[-5.119, 58.407], [-5.12, 58.407], [-5.118, 58.408], [-5.119, 58.407]]], [[[-5.114, 58.404], [-5.114, 58.404], [-5.112, 58.405], [-5.112, 58.404], [-5.114, 58.404]]], [[[-5.081, 58.402], [-5.087, 58.404], [-5.073, 58.404], [-5.075, 58.403], [-5.081, 58.402]]], [[[-5.105, 58.402], [-5.109, 58.402], [-5.111, 58.404], [-5.101, 58.404], [-5.105, 58.402]]], [[[-5.065, 58.399], [-5.067, 58.399], [-5.065, 58.4], [-5.065, 58.399]]], [[[-5.092, 58.396], [-5.093, 58.396], [-5.093, 58.396], [-5.092, 58.397], [-5.092, 58.396]]], [[[-5.087, 58.396], [-5.091, 58.399], [-5.099, 58.399], [-5.092, 58.4], [-5.084, 58.398], [-5.087, 58.396]]], [[[-5.091, 58.395], [-5.092, 58.396], [-5.09, 58.396], [-5.09, 58.396], [-5.091, 58.395]]], [[[-5.059, 58.396], [-5.059, 58.396], [-5.058, 58.397], [-5.059, 58.396]]], [[[-5.062, 58.396], [-5.064, 58.396], [-5.064, 58.397], [-5.062, 58.397], [-5.062, 58.396]]], [[[-5.155, 58.393], [-5.156, 58.393], [-5.157, 58.394], [-5.155, 58.393]]], [[[-5.089, 58.394], [-5.091, 58.395], [-5.091, 58.395], [-5.089, 58.395], [-5.089, 58.394]]], [[[-5.153, 58.392], [-5.154, 58.393], [-5.154, 58.393], [-5.153, 58.392]]], [[[-5.157, 58.392], [-5.158, 58.393], [-5.155, 58.392], [-5.157, 58.392]]], [[[-5.161, 58.392], [-5.162, 58.392], [-5.161, 58.392], [-5.161, 58.392]]], [[[-5.157, 58.392], [-5.159, 58.392], [-5.157, 58.392], [-5.157, 58.392]]], [[[-5.152, 58.392], [-5.153, 58.392], [-5.152, 58.392], [-5.152, 58.392]]], [[[-5.155, 58.391], [-5.156, 58.392], [-5.155, 58.392], [-5.155, 58.391]]], [[[-5.16, 58.391], [-5.161, 58.392], [-5.16, 58.392], [-5.16, 58.391]]], [[[-5.151, 58.391], [-5.152, 58.391], [-5.152, 58.392], [-5.151, 58.391]]], [[[-5.156, 58.391], [-5.157, 58.392], [-5.156, 58.392], [-5.156, 58.391]]], [[[-5.158, 58.391], [-5.159, 58.391], [-5.159, 58.391], [-5.158, 58.391]]], [[[-5.161, 58.39], [-5.161, 58.391], [-5.159, 58.391], [-5.161, 58.39]]], [[[-5.148, 58.391], [-5.149, 58.391], [-5.149, 58.391], [-5.149, 58.391], [-5.148, 58.391]]], [[[-5.15, 58.39], [-5.151, 58.391], [-5.15, 58.391], [-5.15, 58.39]]], [[[-5.069, 58.391], [-5.069, 58.392], [-5.072, 58.392], [-5.068, 58.392], [-5.069, 58.391]]], [[[-5.077, 58.391], [-5.076, 58.394], [-5.072, 58.393], [-5.073, 58.392], [-5.077, 58.391]]], [[[-5.15, 58.389], [-5.151, 58.39], [-5.148, 58.39], [-5.15, 58.389]]], [[[-5.07, 58.391], [-5.07, 58.391], [-5.071, 58.391], [-5.069, 58.392], [-5.07, 58.391]]], [[[-5.163, 58.388], [-5.164, 58.388], [-5.164, 58.389], [-5.163, 58.388]]], [[[-5.197, 58.387], [-5.198, 58.388], [-5.197, 58.388], [-5.197, 58.387]]], [[[-5.16, 58.388], [-5.163, 58.388], [-5.164, 58.389], [-5.157, 58.389], [-5.16, 58.388]]], [[[-5.155, 58.388], [-5.155, 58.388], [-5.155, 58.388], [-5.155, 58.388]]], [[[-5.146, 58.388], [-5.147, 58.388], [-5.146, 58.388], [-5.146, 58.388]]], [[[-5.147, 58.388], [-5.148, 58.388], [-5.147, 58.388], [-5.147, 58.388]]], [[[-5.161, 58.386], [-5.16, 58.387], [-5.16, 58.386], [-5.161, 58.386]]], [[[-5.047, 58.388], [-5.047, 58.389], [-5.043, 58.391], [-5.045, 58.388], [-5.047, 58.388]]], [[[-5.145, 58.386], [-5.146, 58.386], [-5.146, 58.386], [-5.145, 58.386]]], [[[-5.15, 58.385], [-5.151, 58.385], [-5.149, 58.385], [-5.15, 58.385]]], [[[-5.151, 58.384], [-5.151, 58.384], [-5.15, 58.384], [-5.15, 58.384], [-5.151, 58.384]]], [[[-5.153, 58.383], [-5.153, 58.383], [-5.151, 58.384], [-5.153, 58.383]]], [[[-5.165, 58.382], [-5.165, 58.382], [-5.164, 58.382], [-5.165, 58.382]]], [[[-5.164, 58.382], [-5.164, 58.382], [-5.164, 58.382], [-5.164, 58.382], [-5.164, 58.382]]], [[[-5.055, 58.383], [-5.056, 58.385], [-5.06, 58.386], [-5.053, 58.385], [-5.055, 58.383]]], [[[-5.168, 58.379], [-5.168, 58.379], [-5.167, 58.38], [-5.168, 58.379]]], [[[-5.194, 58.372], [-5.209, 58.383], [-5.167, 58.383], [-5.172, 58.374], [-5.194, 58.372]]], [[[-5.185, 58.37], [-5.185, 58.37], [-5.182, 58.371], [-5.183, 58.37], [-5.185, 58.37]]], [[[-5.165, 58.357], [-5.166, 58.357], [-5.165, 58.357], [-5.165, 58.357]]], [[[-5.161, 58.353], [-5.162, 58.353], [-5.161, 58.353], [-5.161, 58.353]]], [[[-5.186, 58.352], [-5.186, 58.354], [-5.183, 58.354], [-5.184, 58.353], [-5.186, 58.352]]], [[[-5.187, 58.351], [-5.188, 58.351], [-5.187, 58.352], [-5.187, 58.351]]], [[[-5.178, 58.35], [-5.179, 58.35], [-5.178, 58.35], [-5.178, 58.35]]], [[[-5.179, 58.349], [-5.178, 58.349], [-5.178, 58.349], [-5.179, 58.349]]], [[[-5.18, 58.348], [-5.179, 58.348], [-5.179, 58.348], [-5.18, 58.348]]], [[[-5.183, 58.347], [-5.184, 58.347], [-5.183, 58.347], [-5.183, 58.347]]], [[[-5.18, 58.346], [-5.181, 58.347], [-5.18, 58.347], [-5.18, 58.346]]], [[[-5.179, 58.346], [-5.178, 58.347], [-5.178, 58.346], [-5.179, 58.346]]], [[[-5.182, 58.346], [-5.183, 58.346], [-5.182, 58.346], [-5.182, 58.346]]], [[[-5.186, 58.344], [-5.186, 58.344], [-5.186, 58.344], [-5.186, 58.344]]], [[[-5.186, 58.344], [-5.187, 58.344], [-5.187, 58.344], [-5.186, 58.344]]], [[[-5.185, 58.344], [-5.185, 58.344], [-5.184, 58.344], [-5.185, 58.344]]], [[[-5.168, 58.343], [-5.168, 58.343], [-5.168, 58.343], [-5.168, 58.343]]], [[[-5.177, 58.342], [-5.177, 58.342], [-5.176, 58.342], [-5.177, 58.342]]], [[[-5.142, 58.324], [-5.143, 58.325], [-5.142, 58.325], [-5.142, 58.324]]], [[[-5.139, 58.324], [-5.139, 58.324], [-5.138, 58.325], [-5.138, 58.324], [-5.139, 58.324]]], [[[-5.143, 58.322], [-5.144, 58.323], [-5.145, 58.323], [-5.142, 58.323], [-5.143, 58.322]]], [[[-5.144, 58.321], [-5.145, 58.322], [-5.145, 58.322], [-5.144, 58.322], [-5.144, 58.321]]], [[[-5.14, 58.318], [-5.14, 58.319], [-5.14, 58.318], [-5.14, 58.318]]], [[[-5.141, 58.318], [-5.141, 58.318], [-5.141, 58.318], [-5.141, 58.318]]], [[[-5.169, 58.317], [-5.171, 58.317], [-5.171, 58.317], [-5.169, 58.317]]], [[[-5.165, 58.315], [-5.167, 58.316], [-5.165, 58.318], [-5.164, 58.316], [-5.165, 58.315]]], [[[-5.183, 58.314], [-5.184, 58.316], [-5.181, 58.316], [-5.183, 58.314]]], [[[-5.148, 58.314], [-5.149, 58.315], [-5.146, 58.317], [-5.147, 58.315], [-5.148, 58.314]]], [[[-5.17, 58.314], [-5.171, 58.315], [-5.174, 58.315], [-5.169, 58.315], [-5.17, 58.314]]], [[[-5.152, 58.314], [-5.152, 58.314], [-5.151, 58.314], [-5.152, 58.314]]], [[[-5.187, 58.312], [-5.189, 58.313], [-5.188, 58.314], [-5.187, 58.312]]], [[[-5.148, 58.313], [-5.149, 58.314], [-5.148, 58.313], [-5.148, 58.313]]], [[[-5.184, 58.312], [-5.184, 58.313], [-5.184, 58.313], [-5.184, 58.312]]], [[[-5.151, 58.312], [-5.151, 58.312], [-5.15, 58.312], [-5.151, 58.312], [-5.151, 58.312]]], [[[-5.169, 58.311], [-5.17, 58.313], [-5.166, 58.314], [-5.166, 58.312], [-5.169, 58.311]]], [[[-5.148, 58.311], [-5.149, 58.311], [-5.147, 58.311], [-5.148, 58.311]]], [[[-5.152, 58.31], [-5.153, 58.311], [-5.149, 58.31], [-5.152, 58.31]]], [[[-5.155, 58.309], [-5.154, 58.309], [-5.153, 58.309], [-5.155, 58.309]]], [[[-5.19, 58.307], [-5.189, 58.307], [-5.188, 58.307], [-5.19, 58.307]]], [[[-5.176, 58.307], [-5.179, 58.308], [-5.171, 58.309], [-5.176, 58.308], [-5.176, 58.307]]], [[[-5.19, 58.307], [-5.19, 58.307], [-5.189, 58.307], [-5.19, 58.307]]], [[[-5.168, 58.307], [-5.169, 58.307], [-5.169, 58.308], [-5.167, 58.307], [-5.168, 58.307]]], [[[-5.181, 58.307], [-5.182, 58.307], [-5.179, 58.307], [-5.181, 58.307], [-5.181, 58.307]]], [[[-5.164, 58.306], [-5.168, 58.309], [-5.157, 58.311], [-5.157, 58.31], [-5.164, 58.306]]], [[[-5.167, 58.306], [-5.168, 58.307], [-5.166, 58.306], [-5.166, 58.306], [-5.167, 58.306]]], [[[-5.191, 58.304], [-5.193, 58.306], [-5.186, 58.307], [-5.19, 58.304], [-5.191, 58.304]]], [[[-5.164, 58.305], [-5.164, 58.305], [-5.164, 58.306], [-5.164, 58.305]]], [[[-5.179, 58.304], [-5.18, 58.304], [-5.179, 58.304], [-5.179, 58.304]]], [[[-5.184, 58.303], [-5.184, 58.303], [-5.185, 58.303], [-5.183, 58.303], [-5.184, 58.303]]], [[[-5.181, 58.303], [-5.181, 58.303], [-5.18, 58.303], [-5.181, 58.303]]], [[[-5.187, 58.302], [-5.187, 58.303], [-5.186, 58.303], [-5.187, 58.302]]], [[[-5.175, 58.302], [-5.175, 58.302], [-5.175, 58.302], [-5.175, 58.302]]], [[[-5.186, 58.302], [-5.185, 58.302], [-5.185, 58.302], [-5.186, 58.302]]], [[[-5.172, 58.302], [-5.174, 58.302], [-5.174, 58.306], [-5.169, 58.304], [-5.172, 58.302]]], [[[-5.188, 58.301], [-5.188, 58.301], [-5.187, 58.302], [-5.188, 58.301]]], [[[-5.184, 58.301], [-5.184, 58.301], [-5.183, 58.301], [-5.184, 58.301]]], [[[-5.18, 58.296], [-5.179, 58.297], [-5.177, 58.297], [-5.18, 58.296]]], [[[-5.21, 58.29], [-5.211, 58.29], [-5.21, 58.29], [-5.21, 58.29]]], [[[-5.203, 58.288], [-5.204, 58.289], [-5.203, 58.289], [-5.203, 58.288]]], [[[-5.202, 58.287], [-5.2, 58.288], [-5.199, 58.287], [-5.202, 58.287]]], [[[-5.208, 58.287], [-5.21, 58.291], [-5.203, 58.291], [-5.203, 58.29], [-5.208, 58.287]]], [[[-5.2, 58.285], [-5.203, 58.286], [-5.195, 58.288], [-5.197, 58.285], [-5.2, 58.285]]], [[[-5.184, 58.283], [-5.185, 58.283], [-5.183, 58.283], [-5.184, 58.283]]], [[[-5.184, 58.282], [-5.184, 58.282], [-5.184, 58.282], [-5.184, 58.282]]], [[[-5.152, 58.283], [-5.153, 58.283], [-5.153, 58.283], [-5.152, 58.283], [-5.152, 58.283]]], [[[-5.144, 58.278], [-5.152, 58.28], [-5.157, 58.285], [-5.144, 58.282], [-5.144, 58.278]]], [[[-5.14, 58.278], [-5.141, 58.278], [-5.141, 58.28], [-5.14, 58.279], [-5.14, 58.278]]], [[[-5.134, 58.278], [-5.136, 58.287], [-5.123, 58.282], [-5.127, 58.279], [-5.134, 58.278]]], [[[-5.144, 58.277], [-5.144, 58.278], [-5.142, 58.278], [-5.143, 58.277], [-5.144, 58.277]]], [[[-5.111, 58.277], [-5.111, 58.278], [-5.11, 58.278], [-5.11, 58.277], [-5.111, 58.277]]], [[[-5.266, 58.268], [-5.265, 58.269], [-5.265, 58.269], [-5.265, 58.268], [-5.266, 58.268]]], [[[-5.268, 58.267], [-5.268, 58.267], [-5.267, 58.268], [-5.267, 58.267], [-5.268, 58.267]]], [[[-5.373, 58.262], [-5.374, 58.262], [-5.373, 58.262], [-5.373, 58.262]]], [[[-5.373, 58.262], [-5.373, 58.262], [-5.373, 58.262], [-5.373, 58.262]]], [[[-5.382, 58.261], [-5.383, 58.261], [-5.382, 58.262], [-5.382, 58.261]]], [[[-5.385, 58.259], [-5.384, 58.26], [-5.384, 58.259], [-5.385, 58.259]]], [[[-5.131, 58.265], [-5.134, 58.267], [-5.126, 58.267], [-5.128, 58.265], [-5.131, 58.265]]], [[[-5.244, 58.262], [-5.243, 58.264], [-5.241, 58.263], [-5.242, 58.262], [-5.244, 58.262]]], [[[-5.242, 58.261], [-5.241, 58.262], [-5.24, 58.261], [-5.242, 58.261]]], [[[-5.386, 58.257], [-5.386, 58.257], [-5.386, 58.257], [-5.386, 58.257]]], [[[-5.244, 58.26], [-5.244, 58.261], [-5.243, 58.26], [-5.244, 58.26]]], [[[-5.246, 58.259], [-5.247, 58.26], [-5.245, 58.26], [-5.245, 58.26], [-5.246, 58.259]]], [[[-5.219, 58.259], [-5.221, 58.259], [-5.219, 58.259], [-5.219, 58.259]]], [[[-5.135, 58.261], [-5.137, 58.261], [-5.137, 58.262], [-5.136, 58.262], [-5.135, 58.261]]], [[[-5.241, 58.257], [-5.242, 58.258], [-5.24, 58.258], [-5.241, 58.257]]], [[[-5.228, 58.258], [-5.229, 58.258], [-5.228, 58.258], [-5.228, 58.258]]], [[[-5.023, 58.262], [-5.024, 58.263], [-5.022, 58.263], [-5.023, 58.262]]], [[[-5.231, 58.257], [-5.232, 58.257], [-5.23, 58.258], [-5.229, 58.257], [-5.231, 58.257]]], [[[-5.357, 58.253], [-5.357, 58.254], [-5.357, 58.253], [-5.357, 58.253]]], [[[-5.223, 58.257], [-5.224, 58.257], [-5.222, 58.257], [-5.223, 58.257]]], [[[-5.02, 58.262], [-5.02, 58.262], [-5.019, 58.262], [-5.019, 58.262], [-5.02, 58.262]]], [[[-5.219, 58.257], [-5.219, 58.257], [-5.218, 58.257], [-5.218, 58.257], [-5.219, 58.257]]], [[[-5.148, 58.259], [-5.149, 58.259], [-5.148, 58.259], [-5.148, 58.259]]], [[[-5.015, 58.261], [-5.016, 58.261], [-5.013, 58.261], [-5.015, 58.261]]], [[[-5.214, 58.256], [-5.215, 58.256], [-5.214, 58.256], [-5.214, 58.256]]], [[[-5.02, 58.26], [-5.021, 58.261], [-5.027, 58.261], [-5.025, 58.263], [-5.024, 58.261], [-5.018, 58.261], [-5.02, 58.26]]], [[[-5.191, 58.256], [-5.191, 58.256], [-5.193, 58.256], [-5.191, 58.256], [-5.191, 58.256]]], [[[-5.237, 58.254], [-5.239, 58.255], [-5.235, 58.255], [-5.237, 58.254]]], [[[-5.016, 58.26], [-5.017, 58.26], [-5.015, 58.26], [-5.016, 58.26]]], [[[-5.207, 58.255], [-5.209, 58.255], [-5.206, 58.256], [-5.207, 58.255]]], [[[-5.23, 58.254], [-5.231, 58.256], [-5.228, 58.256], [-5.229, 58.255], [-5.23, 58.254]]], [[[-5.347, 58.251], [-5.349, 58.251], [-5.347, 58.252], [-5.347, 58.251]]], [[[-5.34, 58.251], [-5.339, 58.252], [-5.339, 58.252], [-5.34, 58.251]]], [[[-5.241, 58.254], [-5.242, 58.254], [-5.24, 58.255], [-5.24, 58.254], [-5.241, 58.254]]], [[[-5.225, 58.254], [-5.227, 58.254], [-5.228, 58.255], [-5.226, 58.256], [-5.225, 58.254]]], [[[-5.342, 58.251], [-5.342, 58.251], [-5.342, 58.251], [-5.342, 58.251]]], [[[-5.125, 58.256], [-5.123, 58.256], [-5.123, 58.256], [-5.125, 58.256]]], [[[-5.272, 58.252], [-5.274, 58.252], [-5.273, 58.252], [-5.272, 58.252]]], [[[-5.397, 58.248], [-5.397, 58.248], [-5.396, 58.249], [-5.397, 58.248]]], [[[-5.399, 58.248], [-5.399, 58.249], [-5.398, 58.249], [-5.399, 58.248]]], [[[-5.276, 58.251], [-5.275, 58.252], [-5.274, 58.251], [-5.275, 58.252], [-5.276, 58.251]]], [[[-5.202, 58.252], [-5.205, 58.253], [-5.205, 58.253], [-5.201, 58.253], [-5.202, 58.252]]], [[[-5.294, 58.25], [-5.296, 58.251], [-5.298, 58.252], [-5.294, 58.253], [-5.294, 58.25]]], [[[-5.293, 58.249], [-5.293, 58.249], [-5.292, 58.25], [-5.293, 58.249]]], [[[-5.204, 58.251], [-5.208, 58.253], [-5.208, 58.253], [-5.203, 58.251], [-5.204, 58.251]]], [[[-5.243, 58.25], [-5.271, 58.252], [-5.28, 58.259], [-5.262, 58.269], [-5.258, 58.26], [-5.256, 58.262], [-5.241, 58.26], [-5.244, 58.258], [-5.243, 58.25]]], [[[-5.198, 58.251], [-5.2, 58.252], [-5.197, 58.251], [-5.198, 58.251]]], [[[-5.177, 58.251], [-5.178, 58.251], [-5.179, 58.252], [-5.178, 58.252], [-5.177, 58.251]]], [[[-5.242, 58.25], [-5.242, 58.25], [-5.241, 58.25], [-5.242, 58.25]]], [[[-5.202, 58.249], [-5.201, 58.251], [-5.199, 58.25], [-5.2, 58.249], [-5.202, 58.249]]], [[[-5.177, 58.25], [-5.178, 58.25], [-5.176, 58.25], [-5.177, 58.25]]], [[[-5.059, 58.251], [-5.062, 58.252], [-5.062, 58.253], [-5.057, 58.253], [-5.059, 58.251]]], [[[-5.404, 58.24], [-5.404, 58.241], [-5.403, 58.241], [-5.404, 58.24], [-5.404, 58.24]]], [[[-5.404, 58.237], [-5.404, 58.237], [-5.404, 58.238], [-5.404, 58.238], [-5.404, 58.237]]], [[[-5.405, 58.237], [-5.405, 58.237], [-5.405, 58.237], [-5.405, 58.237]]], [[[-5.316, 58.236], [-5.316, 58.236], [-5.316, 58.236], [-5.316, 58.236]]], [[[-5.169, 58.239], [-5.17, 58.24], [-5.168, 58.24], [-5.169, 58.239]]], [[[-5.296, 58.234], [-5.295, 58.234], [-5.295, 58.234], [-5.296, 58.234]]], [[[-5.311, 58.231], [-5.312, 58.231], [-5.311, 58.231], [-5.311, 58.231]]], [[[-5.301, 58.23], [-5.302, 58.23], [-5.301, 58.23], [-5.301, 58.23]]], [[[-4.983, 58.236], [-4.983, 58.236], [-4.984, 58.236], [-4.983, 58.236], [-4.983, 58.236]]], [[[-5.305, 58.227], [-5.306, 58.228], [-5.304, 58.228], [-5.304, 58.228], [-5.305, 58.227]]], [[[-4.977, 58.231], [-4.978, 58.231], [-4.977, 58.231], [-4.977, 58.231]]], [[[-4.949, 58.229], [-4.951, 58.229], [-4.95, 58.229], [-4.949, 58.229]]], [[[-4.954, 58.228], [-4.954, 58.228], [-4.952, 58.228], [-4.952, 58.228], [-4.954, 58.228]]], [[[-4.959, 58.226], [-4.959, 58.227], [-4.958, 58.227], [-4.959, 58.226]]], [[[-4.95, 58.226], [-4.951, 58.227], [-4.95, 58.227], [-4.95, 58.226]]], [[[-4.952, 58.226], [-4.953, 58.226], [-4.953, 58.227], [-4.952, 58.227], [-4.952, 58.226]]], [[[-4.948, 58.224], [-4.949, 58.224], [-4.949, 58.225], [-4.948, 58.224]]], [[[-5.345, 58.193], [-5.345, 58.194], [-5.344, 58.194], [-5.345, 58.193]]], [[[-5.345, 58.193], [-5.345, 58.194], [-5.345, 58.194], [-5.345, 58.193]]], [[[-5.338, 58.189], [-5.337, 58.189], [-5.337, 58.189], [-5.338, 58.189]]], [[[-5.299, 58.163], [-5.3, 58.163], [-5.299, 58.164], [-5.299, 58.163]]], [[[-5.311, 58.162], [-5.311, 58.162], [-5.31, 58.162], [-5.311, 58.162]]], [[[-5.285, 58.149], [-5.285, 58.149], [-5.285, 58.15], [-5.285, 58.149]]], [[[-5.303, 58.146], [-5.303, 58.147], [-5.302, 58.147], [-5.303, 58.146]]], [[[-5.319, 58.145], [-5.321, 58.146], [-5.318, 58.146], [-5.319, 58.145]]], [[[-5.308, 58.144], [-5.309, 58.145], [-5.311, 58.145], [-5.309, 58.145], [-5.308, 58.144]]], [[[-5.307, 58.144], [-5.308, 58.144], [-5.306, 58.145], [-5.307, 58.144]]], [[[-5.272, 58.144], [-5.273, 58.145], [-5.272, 58.145], [-5.272, 58.144]]], [[[-5.309, 58.143], [-5.31, 58.143], [-5.31, 58.143], [-5.309, 58.143]]], [[[-5.325, 58.141], [-5.331, 58.143], [-5.31, 58.144], [-5.32, 58.143], [-5.325, 58.141]]], [[[-5.283, 58.14], [-5.285, 58.14], [-5.284, 58.14], [-5.283, 58.14]]], [[[-5.274, 58.139], [-5.274, 58.139], [-5.274, 58.139], [-5.274, 58.139]]], [[[-5.279, 58.139], [-5.278, 58.139], [-5.277, 58.139], [-5.279, 58.139]]], [[[-5.259, 58.139], [-5.26, 58.139], [-5.259, 58.139], [-5.259, 58.139]]], [[[-5.276, 58.138], [-5.277, 58.138], [-5.277, 58.139], [-5.276, 58.138]]], [[[-5.347, 58.129], [-5.352, 58.129], [-5.342, 58.13], [-5.343, 58.129], [-5.347, 58.129]]], [[[-5.291, 58.123], [-5.29, 58.124], [-5.29, 58.123], [-5.291, 58.123]]], [[[-5.279, 58.113], [-5.279, 58.114], [-5.279, 58.114], [-5.279, 58.113]]], [[[-5.309, 58.109], [-5.308, 58.111], [-5.305, 58.109], [-5.308, 58.109], [-5.309, 58.109]]], [[[-5.435, 58.105], [-5.436, 58.105], [-5.435, 58.106], [-5.435, 58.105]]], [[[-5.272, 58.105], [-5.272, 58.105], [-5.271, 58.106], [-5.272, 58.105]]], [[[-5.305, 58.104], [-5.305, 58.104], [-5.304, 58.104], [-5.305, 58.104]]], [[[-5.288, 58.104], [-5.287, 58.106], [-5.284, 58.105], [-5.288, 58.104]]], [[[-5.442, 58.097], [-5.442, 58.097], [-5.442, 58.097], [-5.442, 58.097]]], [[[-5.294, 58.101], [-5.302, 58.101], [-5.307, 58.103], [-5.299, 58.104], [-5.294, 58.101]]], [[[-5.277, 58.1], [-5.278, 58.103], [-5.271, 58.102], [-5.276, 58.101], [-5.277, 58.1]]], [[[-5.452, 58.089], [-5.453, 58.089], [-5.452, 58.089], [-5.452, 58.089]]], [[[-5.289, 58.092], [-5.29, 58.092], [-5.29, 58.092], [-5.289, 58.092], [-5.289, 58.092]]], [[[-5.289, 58.091], [-5.289, 58.091], [-5.288, 58.091], [-5.289, 58.091]]], [[[-5.284, 58.087], [-5.285, 58.088], [-5.283, 58.088], [-5.284, 58.087]]], [[[-5.452, 58.08], [-5.452, 58.081], [-5.451, 58.081], [-5.452, 58.08]]], [[[-5.298, 58.081], [-5.299, 58.082], [-5.299, 58.083], [-5.296, 58.082], [-5.298, 58.081]]], [[[-5.344, 58.079], [-5.345, 58.079], [-5.344, 58.079], [-5.344, 58.079]]], [[[-5.326, 58.077], [-5.327, 58.077], [-5.327, 58.078], [-5.325, 58.079], [-5.326, 58.077]]], [[[-5.462, 58.051], [-5.462, 58.051], [-5.461, 58.051], [-5.461, 58.051], [-5.462, 58.051]]], [[[-5.437, 58.051], [-5.439, 58.051], [-5.439, 58.052], [-5.437, 58.052], [-5.437, 58.051]]], [[[-5.456, 58.048], [-5.457, 58.048], [-5.457, 58.049], [-5.456, 58.048]]], [[[-5.461, 58.043], [-5.467, 58.047], [-5.459, 58.052], [-5.456, 58.049], [-5.457, 58.048], [-5.458, 58.045], [-5.461, 58.043]]], [[[-5.435, 58.038], [-5.449, 58.04], [-5.451, 58.043], [-5.424, 58.047], [-5.435, 58.038]]], [[[-5.473, 58.03], [-5.474, 58.031], [-5.473, 58.031], [-5.473, 58.03]]], [[[-5.452, 58.027], [-5.452, 58.028], [-5.452, 58.028], [-5.452, 58.028], [-5.452, 58.027]]], [[[-5.443, 58.026], [-5.443, 58.027], [-5.443, 58.027], [-5.443, 58.026]]], [[[-5.471, 58.025], [-5.472, 58.032], [-5.465, 58.03], [-5.468, 58.025], [-5.471, 58.025]]], [[[-5.462, 58.025], [-5.463, 58.026], [-5.462, 58.026], [-5.462, 58.026], [-5.462, 58.025]]], [[[-5.445, 58.025], [-5.445, 58.025], [-5.445, 58.025], [-5.445, 58.025]]], [[[-5.447, 58.023], [-5.447, 58.023], [-5.446, 58.024], [-5.447, 58.023]]], [[[-5.422, 58.022], [-5.423, 58.022], [-5.422, 58.022], [-5.422, 58.022]]], [[[-5.424, 58.021], [-5.425, 58.021], [-5.424, 58.022], [-5.424, 58.021]]], [[[-5.417, 58.021], [-5.417, 58.021], [-5.417, 58.021], [-5.417, 58.021], [-5.417, 58.021]]], [[[-5.427, 58.02], [-5.429, 58.022], [-5.426, 58.023], [-5.426, 58.022], [-5.427, 58.02]]], [[[-5.45, 58.02], [-5.45, 58.02], [-5.449, 58.02], [-5.45, 58.02]]], [[[-5.441, 58.019], [-5.441, 58.021], [-5.439, 58.02], [-5.44, 58.019], [-5.441, 58.019]]], [[[-5.425, 58.019], [-5.425, 58.02], [-5.424, 58.02], [-5.425, 58.019]]], [[[-5.447, 58.018], [-5.448, 58.022], [-5.445, 58.023], [-5.444, 58.022], [-5.447, 58.018]]], [[[-5.415, 58.019], [-5.416, 58.019], [-5.416, 58.019], [-5.415, 58.019], [-5.415, 58.019]]], [[[-5.43, 58.018], [-5.43, 58.019], [-5.43, 58.02], [-5.428, 58.02], [-5.43, 58.018]]], [[[-5.417, 58.018], [-5.42, 58.019], [-5.419, 58.021], [-5.418, 58.02], [-5.417, 58.018]]], [[[-5.441, 58.017], [-5.442, 58.017], [-5.442, 58.017], [-5.441, 58.017]]], [[[-5.44, 58.016], [-5.44, 58.016], [-5.439, 58.016], [-5.44, 58.016]]], [[[-5.426, 58.016], [-5.427, 58.017], [-5.426, 58.018], [-5.424, 58.017], [-5.426, 58.016]]], [[[-5.43, 58.015], [-5.43, 58.015], [-5.429, 58.015], [-5.429, 58.015], [-5.43, 58.015]]], [[[-5.439, 58.014], [-5.44, 58.014], [-5.439, 58.014], [-5.439, 58.014]]], [[[-5.43, 58.008], [-5.437, 58.011], [-5.433, 58.017], [-5.428, 58.01], [-5.43, 58.008]]], [[[-5.394, 58.009], [-5.394, 58.01], [-5.392, 58.01], [-5.392, 58.009], [-5.394, 58.009]]], [[[-5.387, 58.009], [-5.387, 58.009], [-5.386, 58.009], [-5.387, 58.009]]], [[[-5.448, 58.004], [-5.458, 58.012], [-5.434, 58.009], [-5.438, 58.005], [-5.448, 58.004]]], [[[-5.399, 58.0], [-5.422, 58.005], [-5.412, 58.024], [-5.397, 58.02], [-5.403, 58.01], [-5.383, 58.007], [-5.399, 58.0]]], [[[-5.431, 57.994], [-5.429, 57.995], [-5.429, 57.995], [-5.431, 57.994]]], [[[-5.464, 57.992], [-5.462, 57.993], [-5.462, 57.993], [-5.462, 57.993], [-5.464, 57.992]]], [[[-5.445, 57.991], [-5.445, 57.992], [-5.443, 57.993], [-5.443, 57.992], [-5.445, 57.991]]], [[[-5.348, 57.993], [-5.352, 57.996], [-5.352, 57.996], [-5.345, 57.996], [-5.348, 57.993]]], [[[-5.511, 57.983], [-5.51, 57.987], [-5.506, 57.988], [-5.508, 57.985], [-5.511, 57.983]]], [[[-5.511, 57.982], [-5.512, 57.983], [-5.512, 57.983], [-5.511, 57.983], [-5.511, 57.982]]], [[[-5.452, 57.977], [-5.452, 57.978], [-5.451, 57.978], [-5.45, 57.978], [-5.452, 57.977]]], [[[-5.346, 57.98], [-5.352, 57.982], [-5.35, 57.993], [-5.339, 57.985], [-5.346, 57.98]]], [[[-5.451, 57.977], [-5.45, 57.978], [-5.449, 57.978], [-5.449, 57.977], [-5.451, 57.977]]], [[[-5.318, 57.978], [-5.318, 57.978], [-5.318, 57.978], [-5.318, 57.978]]], [[[-5.433, 57.97], [-5.431, 57.979], [-5.421, 57.978], [-5.426, 57.974], [-5.433, 57.97]]], [[[-5.437, 57.965], [-5.437, 57.966], [-5.436, 57.966], [-5.436, 57.965], [-5.437, 57.965]]], [[[-5.437, 57.965], [-5.437, 57.965], [-5.436, 57.965], [-5.437, 57.965]]], [[[-5.438, 57.963], [-5.438, 57.964], [-5.437, 57.964], [-5.437, 57.964], [-5.438, 57.963]]], [[[-5.443, 57.963], [-5.447, 57.965], [-5.453, 57.963], [-5.44, 57.966], [-5.443, 57.963]]], [[[-5.5, 57.961], [-5.5, 57.961], [-5.499, 57.961], [-5.5, 57.961]]], [[[-5.459, 57.962], [-5.458, 57.962], [-5.458, 57.962], [-5.459, 57.962]]], [[[-5.498, 57.96], [-5.498, 57.96], [-5.497, 57.961], [-5.498, 57.96]]], [[[-5.44, 57.961], [-5.439, 57.962], [-5.439, 57.962], [-5.439, 57.962], [-5.44, 57.961]]], [[[-5.46, 57.959], [-5.464, 57.96], [-5.455, 57.962], [-5.457, 57.96], [-5.46, 57.959]]], [[[-5.36, 57.96], [-5.361, 57.96], [-5.364, 57.961], [-5.361, 57.962], [-5.36, 57.96]]], [[[-5.359, 57.959], [-5.359, 57.959], [-5.359, 57.959], [-5.359, 57.959]]], [[[-5.362, 57.959], [-5.364, 57.96], [-5.366, 57.96], [-5.364, 57.961], [-5.362, 57.959]]], [[[-5.512, 57.954], [-5.526, 57.961], [-5.498, 57.96], [-5.5, 57.956], [-5.512, 57.954]]], [[[-5.179, 57.953], [-5.18, 57.954], [-5.179, 57.954], [-5.179, 57.953]]], [[[-5.218, 57.936], [-5.235, 57.942], [-5.239, 57.948], [-5.21, 57.948], [-5.218, 57.936]]], [[[-5.712, 57.873], [-5.717, 57.874], [-5.718, 57.874], [-5.708, 57.873], [-5.712, 57.873]]], [[[-5.701, 57.872], [-5.703, 57.872], [-5.704, 57.873], [-5.701, 57.873], [-5.701, 57.872]]], [[[-5.459, 57.878], [-5.479, 57.885], [-5.48, 57.898], [-5.468, 57.899], [-5.459, 57.878]]], [[[-5.689, 57.867], [-5.689, 57.869], [-5.687, 57.868], [-5.687, 57.867], [-5.689, 57.867]]], [[[-5.69, 57.867], [-5.692, 57.868], [-5.691, 57.868], [-5.69, 57.867]]], [[[-5.807, 57.862], [-5.808, 57.862], [-5.807, 57.863], [-5.807, 57.862]]], [[[-5.655, 57.844], [-5.656, 57.845], [-5.655, 57.847], [-5.654, 57.845], [-5.655, 57.844]]], [[[-5.68, 57.836], [-5.681, 57.837], [-5.68, 57.837], [-5.68, 57.836]]], [[[-5.606, 57.821], [-5.637, 57.832], [-5.645, 57.84], [-5.634, 57.848], [-5.602, 57.83], [-5.606, 57.821]]], [[[-5.068, 57.816], [-5.069, 57.816], [-5.07, 57.816], [-5.07, 57.817], [-5.068, 57.816]]], [[[-5.571, 57.746], [-5.571, 57.746], [-5.571, 57.746], [-5.571, 57.746]]], [[[-5.58, 57.741], [-5.58, 57.741], [-5.58, 57.741], [-5.58, 57.741]]], [[[-5.801, 57.727], [-5.822, 57.731], [-5.824, 57.734], [-5.79, 57.737], [-5.801, 57.727]]], [[[-5.707, 57.713], [-5.708, 57.713], [-5.706, 57.713], [-5.707, 57.713]]], [[[-5.555, 57.717], [-5.556, 57.717], [-5.555, 57.717], [-5.555, 57.717]]], [[[-5.553, 57.713], [-5.553, 57.714], [-5.552, 57.714], [-5.553, 57.713]]], [[[-5.552, 57.712], [-5.552, 57.712], [-5.551, 57.712], [-5.552, 57.712]]], [[[-5.717, 57.701], [-5.723, 57.706], [-5.711, 57.707], [-5.714, 57.702], [-5.717, 57.701]]], [[[-5.726, 57.7], [-5.726, 57.701], [-5.724, 57.702], [-5.725, 57.7], [-5.726, 57.7]]], [[[-5.697, 57.699], [-5.698, 57.7], [-5.696, 57.7], [-5.697, 57.699]]], [[[-5.511, 57.703], [-5.511, 57.703], [-5.51, 57.703], [-5.511, 57.703]]], [[[-5.508, 57.701], [-5.508, 57.701], [-5.508, 57.701], [-5.508, 57.701]]], [[[-5.507, 57.7], [-5.507, 57.7], [-5.507, 57.7], [-5.507, 57.7]]], [[[-5.51, 57.7], [-5.51, 57.7], [-5.51, 57.7], [-5.51, 57.7]]], [[[-5.523, 57.7], [-5.523, 57.7], [-5.523, 57.7], [-5.523, 57.7]]], [[[-5.537, 57.699], [-5.538, 57.699], [-5.537, 57.699], [-5.537, 57.699]]], [[[-5.691, 57.695], [-5.691, 57.695], [-5.69, 57.696], [-5.69, 57.695], [-5.691, 57.695]]], [[[-5.523, 57.699], [-5.524, 57.699], [-5.523, 57.699], [-5.523, 57.699]]], [[[-5.537, 57.699], [-5.537, 57.699], [-5.537, 57.699], [-5.537, 57.699]]], [[[-5.523, 57.699], [-5.523, 57.699], [-5.523, 57.699], [-5.523, 57.699]]], [[[-5.537, 57.698], [-5.537, 57.698], [-5.538, 57.699], [-5.537, 57.698]]], [[[-5.538, 57.698], [-5.539, 57.699], [-5.539, 57.699], [-5.538, 57.698]]], [[[-5.501, 57.699], [-5.502, 57.7], [-5.501, 57.7], [-5.501, 57.699]]], [[[-5.525, 57.698], [-5.525, 57.698], [-5.525, 57.698], [-5.525, 57.698]]], [[[-5.513, 57.699], [-5.514, 57.699], [-5.513, 57.699], [-5.514, 57.7], [-5.513, 57.7], [-5.515, 57.701], [-5.512, 57.7], [-5.513, 57.699]]], [[[-5.524, 57.698], [-5.524, 57.698], [-5.524, 57.698], [-5.524, 57.698]]], [[[-5.495, 57.699], [-5.494, 57.7], [-5.493, 57.7], [-5.494, 57.699], [-5.495, 57.699]]], [[[-5.522, 57.698], [-5.522, 57.698], [-5.522, 57.698], [-5.522, 57.698]]], [[[-5.495, 57.699], [-5.496, 57.699], [-5.495, 57.699], [-5.495, 57.699]]], [[[-5.508, 57.698], [-5.508, 57.698], [-5.508, 57.698], [-5.508, 57.698]]], [[[-5.523, 57.698], [-5.524, 57.698], [-5.523, 57.698], [-5.523, 57.698]]], [[[-5.524, 57.698], [-5.524, 57.698], [-5.524, 57.698], [-5.524, 57.698]]], [[[-5.494, 57.698], [-5.494, 57.698], [-5.494, 57.699], [-5.494, 57.698]]], [[[-5.524, 57.697], [-5.524, 57.698], [-5.524, 57.698], [-5.524, 57.697]]], [[[-5.523, 57.697], [-5.524, 57.697], [-5.523, 57.698], [-5.523, 57.697]]], [[[-5.523, 57.697], [-5.523, 57.697], [-5.523, 57.698], [-5.523, 57.697]]], [[[-5.519, 57.697], [-5.52, 57.697], [-5.52, 57.698], [-5.519, 57.697]]], [[[-5.525, 57.697], [-5.525, 57.697], [-5.525, 57.697], [-5.525, 57.697]]], [[[-5.498, 57.698], [-5.499, 57.698], [-5.499, 57.698], [-5.498, 57.698]]], [[[-5.534, 57.697], [-5.535, 57.697], [-5.535, 57.697], [-5.534, 57.697]]], [[[-5.495, 57.698], [-5.498, 57.698], [-5.494, 57.698], [-5.495, 57.698]]], [[[-5.525, 57.697], [-5.525, 57.697], [-5.525, 57.697], [-5.525, 57.697]]], [[[-5.687, 57.692], [-5.69, 57.692], [-5.69, 57.693], [-5.686, 57.693], [-5.687, 57.692]]], [[[-5.492, 57.697], [-5.492, 57.697], [-5.492, 57.697], [-5.492, 57.697]]], [[[-5.51, 57.697], [-5.51, 57.697], [-5.51, 57.697], [-5.51, 57.697]]], [[[-5.502, 57.697], [-5.507, 57.697], [-5.507, 57.699], [-5.501, 57.699], [-5.502, 57.697]]], [[[-5.532, 57.696], [-5.533, 57.696], [-5.533, 57.696], [-5.532, 57.696]]], [[[-5.529, 57.696], [-5.53, 57.696], [-5.53, 57.696], [-5.529, 57.696]]], [[[-5.528, 57.696], [-5.528, 57.696], [-5.528, 57.696], [-5.528, 57.696]]], [[[-5.527, 57.696], [-5.536, 57.701], [-5.538, 57.7], [-5.527, 57.704], [-5.527, 57.696]]], [[[-5.53, 57.695], [-5.534, 57.696], [-5.534, 57.697], [-5.532, 57.696], [-5.53, 57.695]]], [[[-5.499, 57.695], [-5.499, 57.696], [-5.499, 57.696], [-5.499, 57.695]]], [[[-5.51, 57.695], [-5.509, 57.698], [-5.508, 57.697], [-5.509, 57.695], [-5.51, 57.695]]], [[[-5.516, 57.693], [-5.517, 57.693], [-5.516, 57.693], [-5.516, 57.693]]], [[[-5.516, 57.693], [-5.516, 57.693], [-5.516, 57.693], [-5.516, 57.693]]], [[[-5.478, 57.694], [-5.478, 57.694], [-5.478, 57.694], [-5.478, 57.694]]], [[[-5.515, 57.693], [-5.515, 57.693], [-5.514, 57.693], [-5.515, 57.693]]], [[[-5.478, 57.694], [-5.478, 57.694], [-5.478, 57.694], [-5.478, 57.694]]], [[[-5.512, 57.693], [-5.512, 57.693], [-5.511, 57.693], [-5.511, 57.693], [-5.512, 57.693]]], [[[-5.472, 57.693], [-5.475, 57.693], [-5.473, 57.694], [-5.472, 57.693]]], [[[-5.511, 57.691], [-5.512, 57.691], [-5.512, 57.692], [-5.511, 57.691]]], [[[-5.501, 57.691], [-5.513, 57.694], [-5.517, 57.694], [-5.516, 57.695], [-5.52, 57.699], [-5.501, 57.691]]], [[[-5.503, 57.69], [-5.505, 57.691], [-5.503, 57.691], [-5.503, 57.69]]], [[[-5.512, 57.69], [-5.511, 57.691], [-5.511, 57.691], [-5.511, 57.69], [-5.512, 57.69]]], [[[-5.51, 57.688], [-5.509, 57.692], [-5.505, 57.691], [-5.505, 57.689], [-5.51, 57.688]]], [[[-5.467, 57.689], [-5.468, 57.689], [-5.467, 57.689], [-5.467, 57.689]]], [[[-5.498, 57.688], [-5.498, 57.69], [-5.496, 57.689], [-5.496, 57.688], [-5.498, 57.688]]], [[[-5.542, 57.686], [-5.542, 57.686], [-5.542, 57.687], [-5.542, 57.686]]], [[[-5.507, 57.687], [-5.507, 57.687], [-5.506, 57.687], [-5.507, 57.687]]], [[[-5.505, 57.687], [-5.505, 57.687], [-5.505, 57.687], [-5.505, 57.687]]], [[[-5.508, 57.687], [-5.508, 57.687], [-5.507, 57.687], [-5.508, 57.687]]], [[[-5.506, 57.687], [-5.507, 57.687], [-5.506, 57.687], [-5.505, 57.687], [-5.506, 57.687]]], [[[-5.473, 57.687], [-5.472, 57.688], [-5.472, 57.687], [-5.473, 57.687]]], [[[-5.47, 57.687], [-5.47, 57.687], [-5.47, 57.687], [-5.47, 57.687]]], [[[-5.469, 57.687], [-5.47, 57.69], [-5.466, 57.688], [-5.466, 57.687], [-5.469, 57.687]]], [[[-5.467, 57.687], [-5.467, 57.687], [-5.467, 57.687], [-5.467, 57.687]]], [[[-5.498, 57.686], [-5.497, 57.688], [-5.496, 57.687], [-5.496, 57.686], [-5.498, 57.686]]], [[[-5.471, 57.687], [-5.471, 57.687], [-5.47, 57.687], [-5.471, 57.687]]], [[[-5.468, 57.687], [-5.468, 57.687], [-5.467, 57.687], [-5.468, 57.687]]], [[[-5.5, 57.686], [-5.501, 57.686], [-5.5, 57.686], [-5.5, 57.686]]], [[[-5.467, 57.687], [-5.467, 57.687], [-5.467, 57.687], [-5.467, 57.687]]], [[[-5.467, 57.687], [-5.468, 57.687], [-5.467, 57.687], [-5.467, 57.687]]], [[[-5.478, 57.686], [-5.479, 57.687], [-5.478, 57.687], [-5.478, 57.686], [-5.478, 57.686]]], [[[-5.465, 57.686], [-5.464, 57.687], [-5.463, 57.686], [-5.465, 57.686]]], [[[-5.464, 57.686], [-5.464, 57.686], [-5.464, 57.686], [-5.464, 57.686]]], [[[-5.49, 57.685], [-5.491, 57.686], [-5.49, 57.686], [-5.49, 57.685], [-5.49, 57.685]]], [[[-5.488, 57.685], [-5.487, 57.689], [-5.499, 57.697], [-5.473, 57.69], [-5.488, 57.685]]], [[[-5.479, 57.684], [-5.479, 57.684], [-5.478, 57.685], [-5.478, 57.684], [-5.479, 57.684]]], [[[-5.475, 57.684], [-5.478, 57.684], [-5.475, 57.685], [-5.475, 57.684]]], [[[-5.479, 57.683], [-5.479, 57.683], [-5.479, 57.683], [-5.479, 57.683]]], [[[-5.462, 57.683], [-5.464, 57.685], [-5.459, 57.685], [-5.46, 57.684], [-5.462, 57.683]]], [[[-5.479, 57.683], [-5.48, 57.683], [-5.479, 57.683], [-5.479, 57.683]]], [[[-5.478, 57.683], [-5.479, 57.683], [-5.477, 57.683], [-5.477, 57.683], [-5.478, 57.683]]], [[[-5.463, 57.683], [-5.463, 57.683], [-5.463, 57.683], [-5.463, 57.683]]], [[[-5.479, 57.682], [-5.479, 57.683], [-5.479, 57.682], [-5.479, 57.682]]], [[[-5.479, 57.682], [-5.479, 57.682], [-5.479, 57.682], [-5.479, 57.682]]], [[[-5.479, 57.681], [-5.48, 57.681], [-5.48, 57.682], [-5.479, 57.682], [-5.479, 57.681]]], [[[-5.307, 57.686], [-5.307, 57.686], [-5.307, 57.686], [-5.307, 57.686]]], [[[-5.447, 57.678], [-5.447, 57.678], [-5.447, 57.678], [-5.447, 57.678]]], [[[-5.447, 57.678], [-5.447, 57.678], [-5.447, 57.678], [-5.447, 57.678]]], [[[-5.448, 57.678], [-5.448, 57.678], [-5.448, 57.678], [-5.448, 57.678]]], [[[-5.446, 57.678], [-5.446, 57.678], [-5.446, 57.678], [-5.446, 57.678]]], [[[-5.447, 57.678], [-5.447, 57.678], [-5.447, 57.678], [-5.447, 57.678]]], [[[-5.447, 57.678], [-5.447, 57.678], [-5.447, 57.678], [-5.447, 57.678]]], [[[-5.445, 57.677], [-5.446, 57.678], [-5.445, 57.678], [-5.445, 57.677]]], [[[-5.446, 57.677], [-5.446, 57.677], [-5.445, 57.677], [-5.446, 57.677]]], [[[-5.436, 57.666], [-5.437, 57.667], [-5.436, 57.667], [-5.436, 57.666]]], [[[-5.424, 57.662], [-5.424, 57.662], [-5.424, 57.662], [-5.424, 57.662]]], [[[-5.803, 57.635], [-5.802, 57.635], [-5.802, 57.635], [-5.803, 57.635]]], [[[-5.474, 57.586], [-5.738, 57.61], [-5.772, 57.632], [-5.819, 57.639], [-5.789, 57.697], [-5.738, 57.708], [-5.684, 57.689], [-5.688, 57.699], [-5.672, 57.701], [-5.694, 57.712], [-5.687, 57.718], [-5.696, 57.73], [-5.76, 57.731], [-5.813, 57.751], [-5.801, 57.793], [-5.814, 57.859], [-5.761, 57.87], [-5.683, 57.865], [-5.693, 57.844], [-5.661, 57.823], [-5.669, 57.8], [-5.604, 57.765], [-5.596, 57.773], [-5.622, 57.79], [-5.579, 57.79], [-5.598, 57.802], [-5.582, 57.836], [-5.643, 57.856], [-5.656, 57.879], [-5.618, 57.924], [-5.578, 57.91], [-5.561, 57.918], [-5.541, 57.87], [-5.468, 57.853], [-5.452, 57.853], [-5.457, 57.865], [-5.442, 57.87], [-5.422, 57.909], [-5.31, 57.861], [-5.213, 57.846], [-5.243, 57.866], [-5.309, 57.878], [-5.339, 57.906], [-5.394, 57.913], [-5.406, 57.928], [-5.361, 57.939], [-5.33, 57.914], [-5.24, 57.918], [-5.128, 57.875], [-5.094, 57.837], [-5.072, 57.816], [-5.068, 57.815], [-5.065, 57.827], [-5.099, 57.869], [-5.224, 57.925], [-5.179, 57.941], [-5.174, 57.956], [-5.183, 57.956], [-5.193, 57.944], [-5.192, 57.957], [-5.311, 57.979], [-5.308, 57.988], [-5.331, 58.007], [-5.355, 58.006], [-5.347, 58.014], [-5.357, 58.026], [-5.42, 58.033], [-5.413, 58.053], [-5.458, 58.077], [-5.427, 58.106], [-5.381, 58.087], [-5.357, 58.058], [-5.352, 58.079], [-5.339, 58.08], [-5.301, 58.064], [-5.279, 58.074], [-5.288, 58.083], [-5.267, 58.102], [-5.303, 58.12], [-5.262, 58.121], [-5.299, 58.137], [-5.258, 58.137], [-5.24, 58.147], [-5.238, 58.155], [-5.31, 58.155], [-5.279, 58.167], [-5.31, 58.162], [-5.318, 58.17], [-5.304, 58.176], [-5.332, 58.181], [-5.362, 58.218], [-5.405, 58.236], [-5.376, 58.264], [-5.368, 58.251], [-5.351, 58.25], [-5.341, 58.25], [-5.337, 58.252], [-5.343, 58.243], [-5.318, 58.239], [-5.311, 58.224], [-5.218, 58.256], [-5.181, 58.251], [-5.174, 58.238], [-5.159, 58.233], [-5.173, 58.242], [-5.166, 58.258], [-5.126, 58.258], [-5.13, 58.251], [-5.12, 58.247], [-5.12, 58.258], [-5.132, 58.263], [-5.109, 58.27], [-5.054, 58.246], [-5.007, 58.255], [-5.003, 58.241], [-4.936, 58.214], [-4.947, 58.23], [-4.995, 58.251], [-4.923, 58.258], [-5.023, 58.264], [-5.038, 58.26], [-5.022, 58.259], [-5.031, 58.255], [-5.082, 58.264], [-5.108, 58.283], [-5.123, 58.28], [-5.12, 58.286], [-5.127, 58.291], [-5.121, 58.294], [-5.14, 58.291], [-5.134, 58.298], [-5.147, 58.302], [-5.127, 58.311], [-5.147, 58.312], [-5.128, 58.32], [-5.17, 58.322], [-5.158, 58.335], [-5.183, 58.351], [-5.155, 58.353], [-5.176, 58.362], [-5.144, 58.385], [-5.143, 58.389], [-5.153, 58.401], [-5.142, 58.412], [-5.094, 58.388], [-5.035, 58.38], [-5.045, 58.373], [-5.02, 58.377], [-5.045, 58.386], [-5.032, 58.393], [-5.063, 58.398], [-5.054, 58.404], [-5.071, 58.402], [-5.032, 58.41], [-5.095, 58.407], [-5.114, 58.413], [-5.072, 58.415], [-5.112, 58.423], [-5.11, 58.428], [-5.116, 58.428], [-5.061, 58.449], [-5.078, 58.451], [-5.034, 58.449], [-4.988, 58.426], [-5.001, 58.436], [-4.991, 58.44], [-5.02, 58.451], [-5.01, 58.451], [-5.077, 58.457], [-5.055, 58.463], [-5.126, 58.489], [-5.113, 58.522], [-5.091, 58.537], [-5.051, 58.541], [-5.014, 58.578], [-5.022, 58.586], [-5.01, 58.593], [-5.009, 58.624], [-4.946, 58.609], [-4.876, 58.615], [-4.849, 58.599], [-4.825, 58.597], [-4.82, 58.563], [-4.793, 58.547], [-4.831, 58.522], [-4.811, 58.527], [-4.813, 58.511], [-4.809, 58.521], [-4.798, 58.524], [-4.798, 58.527], [-4.782, 58.54], [-4.778, 58.547], [-4.806, 58.563], [-4.797, 58.576], [-4.766, 58.579], [-4.767, 58.585], [-4.787, 58.595], [-4.792, 58.601], [-4.78, 58.6], [-4.768, 58.605], [-4.767, 58.591], [-4.743, 58.584], [-4.734, 58.566], [-4.718, 58.57], [-4.706, 58.557], [-4.654, 58.552], [-4.664, 58.549], [-4.653, 58.533], [-4.717, 58.493], [-4.761, 58.449], [-4.753, 58.445], [-4.663, 58.483], [-4.669, 58.499], [-4.642, 58.52], [-4.618, 58.524], [-4.623, 58.512], [-4.615, 58.514], [-4.593, 58.535], [-4.604, 58.554], [-4.59, 58.578], [-4.514, 58.579], [-4.513, 58.578], [-4.511, 58.578], [-4.509, 58.577], [-4.508, 58.576], [-4.498, 58.576], [-4.492, 58.568], [-4.457, 58.562], [-4.455, 58.548], [-4.424, 58.55], [-4.431, 58.53], [-4.409, 58.522], [-4.425, 58.511], [-4.448, 58.525], [-4.463, 58.513], [-4.548, 58.507], [-4.562, 58.492], [-4.553, 58.475], [-4.56, 58.433], [-4.573, 58.433], [-4.552, 58.413], [-4.598, 58.395], [-4.586, 58.369], [-4.561, 58.364], [-4.577, 58.351], [-4.568, 58.317], [-4.528, 58.33], [-4.496, 58.328], [-4.491, 58.312], [-4.435, 58.332], [-4.427, 58.314], [-4.447, 58.28], [-4.465, 58.269], [-4.545, 58.273], [-4.627, 58.259], [-4.639, 58.278], [-4.667, 58.279], [-4.726, 58.24], [-4.703, 58.208], [-4.763, 58.213], [-4.781, 58.239], [-4.803, 58.242], [-4.835, 58.216], [-4.847, 58.176], [-4.879, 58.184], [-4.906, 58.175], [-4.882, 58.149], [-4.902, 58.104], [-4.891, 58.086], [-4.947, 58.033], [-4.939, 57.994], [-4.95, 57.979], [-4.906, 57.977], [-4.928, 57.959], [-4.913, 57.945], [-4.86, 57.944], [-4.903, 57.919], [-4.872, 57.907], [-4.927, 57.89], [-4.9, 57.881], [-4.949, 57.859], [-4.872, 57.817], [-4.929, 57.788], [-4.958, 57.793], [-4.985, 57.779], [-4.917, 57.747], [-4.901, 57.727], [-4.99, 57.707], [-5.083, 57.71], [-5.084, 57.699], [-5.156, 57.683], [-5.17, 57.693], [-5.238, 57.692], [-5.266, 57.711], [-5.282, 57.681], [-5.296, 57.681], [-5.356, 57.705], [-5.286, 57.672], [-5.352, 57.676], [-5.387, 57.662], [-5.582, 57.743], [-5.549, 57.726], [-5.56, 57.716], [-5.543, 57.686], [-5.497, 57.675], [-5.475, 57.681], [-5.47, 57.686], [-5.465, 57.686], [-5.464, 57.682], [-5.448, 57.679], [-5.46, 57.674], [-5.406, 57.653], [-5.424, 57.619], [-5.477, 57.599], [-5.474, 57.586]]], [[[-4.647, 58.417], [-4.644, 58.417], [-4.64, 58.422], [-4.638, 58.442], [-4.621, 58.456], [-4.623, 58.503], [-4.632, 58.464], [-4.654, 58.446], [-4.656, 58.421], [-4.647, 58.417]]]]}}, {"type": "Feature", "properties": {"cd": "S22000083", "nm": "Wick"}, "geometry": {"type": "MultiPolygon", "coordinates": [[[[-3.112, 58.693], [-3.112, 58.693], [-3.111, 58.693], [-3.112, 58.693]]], [[[-3.127, 58.682], [-3.128, 58.682], [-3.125, 58.682], [-3.127, 58.682]]], [[[-3.106, 58.672], [-3.107, 58.672], [-3.106, 58.673], [-3.106, 58.672]]], [[[-3.137, 58.667], [-3.122, 58.695], [-3.101, 58.685], [-3.106, 58.671], [-3.137, 58.667]]], [[[-3.035, 58.63], [-3.036, 58.631], [-3.034, 58.631], [-3.035, 58.63]]], [[[-3.069, 58.564], [-3.068, 58.564], [-3.068, 58.564], [-3.069, 58.564]]], [[[-3.088, 58.547], [-3.089, 58.548], [-3.088, 58.548], [-3.088, 58.547], [-3.088, 58.547]]], [[[-3.198, 58.318], [-3.198, 58.319], [-3.196, 58.32], [-3.197, 58.319], [-3.198, 58.318]]], [[[-3.221, 58.305], [-3.22, 58.305], [-3.218, 58.306], [-3.218, 58.306], [-3.221, 58.305]]], [[[-3.222, 58.305], [-3.221, 58.305], [-3.221, 58.305], [-3.222, 58.305]]], [[[-3.24, 58.301], [-3.241, 58.301], [-3.24, 58.301], [-3.24, 58.301]]], [[[-3.242, 58.301], [-3.241, 58.301], [-3.24, 58.301], [-3.242, 58.301]]], [[[-3.26, 58.3], [-3.26, 58.3], [-3.26, 58.3], [-3.26, 58.3]]], [[[-3.269, 58.299], [-3.27, 58.299], [-3.268, 58.299], [-3.269, 58.299]]], [[[-3.266, 58.298], [-3.267, 58.299], [-3.266, 58.299], [-3.266, 58.298]]], [[[-3.278, 58.297], [-3.279, 58.297], [-3.277, 58.297], [-3.278, 58.297]]], [[[-3.348, 58.277], [-3.348, 58.277], [-3.348, 58.278], [-3.347, 58.278], [-3.348, 58.277]]], [[[-3.475, 58.198], [-3.475, 58.198], [-3.474, 58.198], [-3.475, 58.198]]], [[[-3.475, 58.196], [-3.475, 58.196], [-3.475, 58.196], [-3.475, 58.196]]], [[[-3.484, 58.192], [-3.484, 58.192], [-3.483, 58.192], [-3.484, 58.192]]], [[[-3.485, 58.192], [-3.486, 58.192], [-3.485, 58.192], [-3.485, 58.192]]], [[[-3.493, 58.184], [-3.493, 58.185], [-3.493, 58.184], [-3.493, 58.184]]], [[[-3.552, 58.156], [-3.551, 58.156], [-3.551, 58.156], [-3.552, 58.156]]], [[[-3.554, 58.154], [-3.554, 58.154], [-3.554, 58.154], [-3.554, 58.154]]], [[[-3.554, 58.154], [-3.555, 58.154], [-3.554, 58.154], [-3.554, 58.154]]], [[[-3.577, 58.142], [-3.577, 58.143], [-3.576, 58.143], [-3.577, 58.142]]], [[[-3.626, 58.123], [-3.653, 58.136], [-3.642, 58.146], [-3.655, 58.152], [-3.629, 58.163], [-3.683, 58.172], [-3.726, 58.2], [-3.778, 58.196], [-3.764, 58.204], [-3.777, 58.23], [-3.821, 58.245], [-3.828, 58.269], [-3.848, 58.282], [-3.798, 58.29], [-3.754, 58.271], [-3.713, 58.271], [-3.681, 58.284], [-3.653, 58.321], [-3.508, 58.32], [-3.494, 58.338], [-3.504, 58.348], [-3.494, 58.366], [-3.42, 58.396], [-3.409, 58.418], [-3.375, 58.401], [-3.4, 58.425], [-3.363, 58.439], [-3.357, 58.458], [-3.337, 58.459], [-3.343, 58.477], [-3.376, 58.482], [-3.381, 58.495], [-3.359, 58.499], [-3.337, 58.483], [-3.291, 58.478], [-3.345, 58.493], [-3.374, 58.522], [-3.366, 58.542], [-3.328, 58.57], [-3.299, 58.564], [-3.291, 58.58], [-3.228, 58.58], [-3.219, 58.593], [-3.237, 58.593], [-3.242, 58.605], [-3.19, 58.612], [-3.182, 58.643], [-3.024, 58.644], [-3.038, 58.632], [-3.043, 58.598], [-3.073, 58.592], [-3.06, 58.581], [-3.068, 58.564], [-3.126, 58.527], [-3.136, 58.501], [-3.137, 58.504], [-3.146, 58.506], [-3.144, 58.507], [-3.144, 58.507], [-3.146, 58.51], [-3.15, 58.511], [-3.15, 58.513], [-3.151, 58.514], [-3.15, 58.51], [-3.144, 58.507], [-3.146, 58.506], [-3.136, 58.501], [-3.133, 58.502], [-3.112, 58.476], [-3.049, 58.478], [-3.06, 58.442], [-3.123, 58.449], [-3.068, 58.431], [-3.091, 58.411], [-3.108, 58.371], [-3.153, 58.351], [-3.221, 58.305], [-3.29, 58.297], [-3.381, 58.27], [-3.428, 58.247], [-3.508, 58.172], [-3.626, 58.123]]]]}}, {"type": "Feature", "properties": {"cd": "S22000084", "nm": "Fraserburgh"}, "geometry": {"type": "MultiPolygon", "coordinates": [[[[-1.999, 57.692], [-2.0, 57.692], [-2.001, 57.692], [-2.001, 57.692], [-1.999, 57.692], [-1.999, 57.692]]], [[[-2.159, 57.683], [-2.159, 57.683], [-2.159, 57.684], [-2.159, 57.683]]], [[[-2.229, 57.68], [-2.23, 57.681], [-2.23, 57.681], [-2.229, 57.681], [-2.229, 57.68]]], [[[-2.222, 57.68], [-2.222, 57.68], [-2.221, 57.681], [-2.221, 57.68], [-2.222, 57.68]]], [[[-2.208, 57.679], [-2.209, 57.679], [-2.209, 57.679], [-2.208, 57.679], [-2.208, 57.679]]], [[[-2.18, 57.675], [-2.18, 57.675], [-2.18, 57.675], [-2.18, 57.675], [-2.18, 57.675]]], [[[-2.195, 57.674], [-2.196, 57.674], [-2.195, 57.675], [-2.195, 57.674], [-2.195, 57.674]]], [[[-2.169, 57.544], [-2.213, 57.554], [-2.244, 57.544], [-2.238, 57.551], [-2.278, 57.571], [-2.264, 57.602], [-2.3, 57.629], [-2.28, 57.643], [-2.273, 57.682], [-2.192, 57.671], [-2.118, 57.701], [-2.002, 57.699], [-2.001, 57.684], [-1.995, 57.681], [-1.92, 57.675], [-1.891, 57.634], [-1.848, 57.62], [-1.859, 57.613], [-1.971, 57.638], [-2.009, 57.596], [-1.994, 57.586], [-2.013, 57.585], [-2.002, 57.564], [-2.046, 57.57], [-2.081, 57.545], [-2.127, 57.573], [-2.165, 57.573], [-2.18, 57.563], [-2.164, 57.556], [-2.169, 57.544]]]]}}, {"type": "Feature", "properties": {"cd": "S22000085", "nm": "Greenock"}, "geometry": {"type": "Polygon", "coordinates": [[[-4.816, 55.963], [-4.614, 55.93], [-4.635, 55.914], [-4.613, 55.906], [-4.619, 55.889], [-4.599, 55.88], [-4.61, 55.869], [-4.597, 55.863], [-4.623, 55.862], [-4.633, 55.841], [-4.679, 55.838], [-4.804, 55.871], [-4.869, 55.834], [-4.873, 55.812], [-4.863, 55.809], [-4.872, 55.806], [-4.888, 55.819], [-4.898, 55.892], [-4.871, 55.91], [-4.882, 55.915], [-4.879, 55.943], [-4.816, 55.963]]]}}, {"type": "Feature", "properties": {"cd": "S22000086", "nm": "Lochgilphead"}, "geometry": {"type": "MultiPolygon", "coordinates": [[[[-5.556, 56.213], [-5.556, 56.215], [-5.553, 56.215], [-5.554, 56.213], [-5.556, 56.213]]], [[[-5.565, 56.21], [-5.566, 56.211], [-5.563, 56.213], [-5.56, 56.213], [-5.565, 56.21]]], [[[-5.571, 56.205], [-5.574, 56.207], [-5.568, 56.208], [-5.568, 56.207], [-5.571, 56.205]]], [[[-5.57, 56.202], [-5.57, 56.203], [-5.568, 56.204], [-5.568, 56.203], [-5.57, 56.202]]], [[[-5.392, 56.191], [-5.393, 56.192], [-5.392, 56.192], [-5.392, 56.191]]], [[[-5.393, 56.191], [-5.394, 56.191], [-5.393, 56.191], [-5.393, 56.191]]], [[[-5.393, 56.191], [-5.394, 56.191], [-5.393, 56.191], [-5.393, 56.191]]], [[[-5.403, 56.189], [-5.403, 56.189], [-5.403, 56.189], [-5.403, 56.189]]], [[[-5.381, 56.187], [-5.382, 56.187], [-5.381, 56.187], [-5.381, 56.187]]], [[[-5.39, 56.184], [-5.39, 56.184], [-5.39, 56.185], [-5.39, 56.184]]], [[[-5.402, 56.181], [-5.402, 56.181], [-5.402, 56.181], [-5.402, 56.181]]], [[[-5.414, 56.181], [-5.414, 56.181], [-5.414, 56.181], [-5.414, 56.181]]], [[[-5.547, 56.165], [-5.532, 56.182], [-5.528, 56.18], [-5.533, 56.175], [-5.547, 56.165]]], [[[-5.603, 56.157], [-5.606, 56.158], [-5.602, 56.16], [-5.603, 56.157]]], [[[-5.564, 56.156], [-5.566, 56.156], [-5.567, 56.159], [-5.563, 56.158], [-5.564, 56.156]]], [[[-5.56, 56.156], [-5.558, 56.162], [-5.551, 56.164], [-5.556, 56.16], [-5.56, 56.156]]], [[[-5.626, 56.147], [-5.626, 56.148], [-5.625, 56.148], [-5.625, 56.147], [-5.626, 56.147]]], [[[-5.627, 56.145], [-5.627, 56.146], [-5.626, 56.146], [-5.627, 56.145]]], [[[-5.551, 56.146], [-5.544, 56.16], [-5.527, 56.169], [-5.549, 56.146], [-5.551, 56.146]]], [[[-5.625, 56.144], [-5.625, 56.15], [-5.62, 56.152], [-5.622, 56.147], [-5.625, 56.144]]], [[[-5.63, 56.142], [-5.63, 56.144], [-5.628, 56.144], [-5.628, 56.143], [-5.63, 56.142]]], [[[-5.163, 56.155], [-5.164, 56.155], [-5.162, 56.155], [-5.163, 56.155]]], [[[-5.558, 56.143], [-5.56, 56.143], [-5.555, 56.145], [-5.557, 56.143], [-5.558, 56.143]]], [[[-5.647, 56.129], [-5.647, 56.132], [-5.642, 56.135], [-5.643, 56.131], [-5.647, 56.129]]], [[[-5.574, 56.128], [-5.562, 56.141], [-5.556, 56.142], [-5.56, 56.134], [-5.574, 56.128]]], [[[-5.577, 56.125], [-5.576, 56.126], [-5.576, 56.125], [-5.577, 56.125]]], [[[-5.578, 56.121], [-5.579, 56.121], [-5.576, 56.123], [-5.577, 56.121], [-5.578, 56.121]]], [[[-5.616, 56.118], [-5.612, 56.124], [-5.607, 56.124], [-5.612, 56.119], [-5.616, 56.118]]], [[[-5.628, 56.115], [-5.629, 56.115], [-5.626, 56.118], [-5.627, 56.116], [-5.628, 56.115]]], [[[-5.616, 56.115], [-5.616, 56.117], [-5.614, 56.118], [-5.616, 56.115]]], [[[-5.621, 56.114], [-5.621, 56.114], [-5.62, 56.115], [-5.62, 56.114], [-5.621, 56.114]]], [[[-5.621, 56.111], [-5.621, 56.113], [-5.616, 56.115], [-5.617, 56.113], [-5.621, 56.111]]], [[[-5.625, 56.11], [-5.625, 56.111], [-5.624, 56.111], [-5.625, 56.11]]], [[[-5.626, 56.109], [-5.625, 56.11], [-5.625, 56.11], [-5.626, 56.109]]], [[[-5.577, 56.11], [-5.576, 56.113], [-5.575, 56.112], [-5.576, 56.111], [-5.577, 56.11]]], [[[-5.626, 56.105], [-5.625, 56.107], [-5.623, 56.107], [-5.624, 56.107], [-5.626, 56.105]]], [[[-5.542, 56.093], [-5.541, 56.095], [-5.538, 56.094], [-5.54, 56.094], [-5.542, 56.093]]], [[[-5.241, 56.101], [-5.241, 56.103], [-5.24, 56.103], [-5.24, 56.102], [-5.241, 56.101]]], [[[-5.244, 56.1], [-5.244, 56.1], [-5.242, 56.101], [-5.242, 56.1], [-5.244, 56.1]]], [[[-5.568, 56.089], [-5.569, 56.091], [-5.567, 56.093], [-5.565, 56.091], [-5.568, 56.089]]], [[[-5.663, 56.072], [-5.663, 56.072], [-5.66, 56.073], [-5.661, 56.072], [-5.663, 56.072]]], [[[-5.645, 56.037], [-5.644, 56.042], [-5.641, 56.045], [-5.64, 56.042], [-5.645, 56.037]]], [[[-5.585, 56.036], [-5.585, 56.037], [-5.584, 56.037], [-5.584, 56.036], [-5.585, 56.036]]], [[[-5.588, 56.034], [-5.588, 56.035], [-5.586, 56.035], [-5.588, 56.034]]], [[[-5.589, 56.031], [-5.589, 56.032], [-5.586, 56.035], [-5.588, 56.032], [-5.589, 56.031]]], [[[-5.593, 56.03], [-5.592, 56.031], [-5.59, 56.033], [-5.591, 56.031], [-5.593, 56.03]]], [[[-5.66, 56.021], [-5.655, 56.027], [-5.649, 56.031], [-5.653, 56.027], [-5.66, 56.021]]], [[[-5.663, 56.021], [-5.664, 56.024], [-5.659, 56.028], [-5.658, 56.025], [-5.663, 56.021]]], [[[-5.575, 56.017], [-5.575, 56.018], [-5.573, 56.019], [-5.574, 56.018], [-5.575, 56.017]]], [[[-5.671, 56.012], [-5.671, 56.014], [-5.668, 56.015], [-5.668, 56.014], [-5.671, 56.012]]], [[[-5.674, 56.01], [-5.672, 56.016], [-5.669, 56.016], [-5.672, 56.014], [-5.674, 56.01]]], [[[-5.352, 56.018], [-5.353, 56.019], [-5.351, 56.02], [-5.351, 56.019], [-5.352, 56.018]]], [[[-5.607, 56.01], [-5.607, 56.011], [-5.606, 56.012], [-5.606, 56.011], [-5.607, 56.01]]], [[[-5.679, 56.007], [-5.679, 56.008], [-5.677, 56.009], [-5.677, 56.008], [-5.679, 56.007]]], [[[-5.605, 56.006], [-5.604, 56.012], [-5.6, 56.011], [-5.6, 56.009], [-5.605, 56.006]]], [[[-5.385, 56.002], [-5.386, 56.002], [-5.385, 56.002], [-5.385, 56.002]]], [[[-5.4, 55.998], [-5.398, 56.002], [-5.394, 56.004], [-5.395, 56.001], [-5.4, 55.998]]], [[[-5.389, 55.998], [-5.388, 56.0], [-5.386, 56.001], [-5.386, 56.0], [-5.389, 55.998]]], [[[-5.648, 55.98], [-5.648, 55.983], [-5.641, 55.986], [-5.642, 55.984], [-5.648, 55.98]]], [[[-5.66, 55.977], [-5.662, 55.978], [-5.658, 55.98], [-5.657, 55.98], [-5.66, 55.977]]], [[[-5.656, 55.978], [-5.655, 55.982], [-5.652, 55.982], [-5.651, 55.98], [-5.656, 55.978]]], [[[-5.444, 55.974], [-5.444, 55.975], [-5.443, 55.974], [-5.444, 55.974], [-5.444, 55.974]]], [[[-5.747, 55.945], [-5.747, 55.946], [-5.745, 55.947], [-5.745, 55.946], [-5.747, 55.945]]], [[[-5.743, 55.945], [-5.743, 55.946], [-5.743, 55.946], [-5.743, 55.946], [-5.743, 55.945]]], [[[-5.709, 55.941], [-5.708, 55.943], [-5.706, 55.944], [-5.706, 55.943], [-5.709, 55.941]]], [[[-5.708, 55.936], [-5.709, 55.936], [-5.707, 55.939], [-5.706, 55.938], [-5.708, 55.936]]], [[[-5.703, 55.931], [-5.703, 55.934], [-5.701, 55.933], [-5.703, 55.931]]], [[[-5.694, 55.931], [-5.706, 55.939], [-5.699, 55.954], [-5.68, 55.952], [-5.667, 55.963], [-5.694, 55.931]]], [[[-5.692, 55.93], [-5.691, 55.931], [-5.691, 55.93], [-5.692, 55.93]]], [[[-5.705, 55.929], [-5.704, 55.93], [-5.703, 55.931], [-5.705, 55.929]]], [[[-5.604, 55.928], [-5.603, 55.929], [-5.602, 55.929], [-5.604, 55.928]]], [[[-5.6, 55.923], [-5.599, 55.924], [-5.598, 55.924], [-5.599, 55.923], [-5.6, 55.923]]], [[[-5.715, 55.917], [-5.715, 55.92], [-5.712, 55.922], [-5.713, 55.92], [-5.715, 55.917]]], [[[-5.688, 55.918], [-5.689, 55.918], [-5.686, 55.921], [-5.687, 55.919], [-5.688, 55.918]]], [[[-5.721, 55.915], [-5.721, 55.918], [-5.716, 55.922], [-5.716, 55.919], [-5.721, 55.915]]], [[[-5.7, 55.915], [-5.7, 55.917], [-5.696, 55.919], [-5.697, 55.918], [-5.7, 55.915]]], [[[-5.736, 55.91], [-5.738, 55.916], [-5.731, 55.917], [-5.734, 55.914], [-5.736, 55.91]]], [[[-5.743, 55.908], [-5.743, 55.908], [-5.742, 55.909], [-5.742, 55.909], [-5.743, 55.908]]], [[[-5.69, 55.909], [-5.691, 55.909], [-5.69, 55.911], [-5.689, 55.91], [-5.69, 55.909]]], [[[-5.637, 55.907], [-5.637, 55.909], [-5.635, 55.91], [-5.636, 55.908], [-5.637, 55.907]]], [[[-5.686, 55.899], [-5.687, 55.899], [-5.686, 55.9], [-5.686, 55.899]]], [[[-5.688, 55.897], [-5.687, 55.898], [-5.687, 55.898], [-5.688, 55.897]]], [[[-5.691, 55.896], [-5.691, 55.897], [-5.689, 55.897], [-5.689, 55.897], [-5.691, 55.896]]], [[[-5.662, 55.894], [-5.661, 55.895], [-5.66, 55.895], [-5.661, 55.895], [-5.662, 55.894]]], [[[-5.687, 55.891], [-5.688, 55.891], [-5.687, 55.892], [-5.687, 55.891], [-5.687, 55.891]]], [[[-5.663, 55.891], [-5.663, 55.892], [-5.659, 55.895], [-5.66, 55.893], [-5.663, 55.891]]], [[[-5.663, 55.891], [-5.662, 55.891], [-5.661, 55.891], [-5.662, 55.891], [-5.663, 55.891]]], [[[-5.401, 55.876], [-5.401, 55.877], [-5.4, 55.877], [-5.401, 55.876]]], [[[-5.399, 55.876], [-5.4, 55.876], [-5.399, 55.876], [-5.399, 55.876]]], [[[-5.406, 55.867], [-5.407, 55.867], [-5.405, 55.867], [-5.406, 55.867]]], [[[-5.378, 55.855], [-5.378, 55.855], [-5.377, 55.855], [-5.378, 55.855]]], [[[-5.46, 55.836], [-5.46, 55.838], [-5.459, 55.839], [-5.458, 55.837], [-5.46, 55.836]]], [[[-5.475, 55.817], [-5.475, 55.818], [-5.474, 55.817], [-5.475, 55.817]]], [[[-5.501, 55.797], [-5.501, 55.797], [-5.5, 55.798], [-5.5, 55.797], [-5.501, 55.797]]], [[[-5.567, 55.776], [-5.567, 55.776], [-5.567, 55.776], [-5.567, 55.776]]], [[[-5.616, 55.771], [-5.616, 55.771], [-5.616, 55.772], [-5.616, 55.771]]], [[[-5.613, 55.76], [-5.614, 55.76], [-5.613, 55.76], [-5.613, 55.76]]], [[[-5.596, 55.759], [-5.598, 55.762], [-5.593, 55.764], [-5.592, 55.762], [-5.596, 55.759]]], [[[-5.467, 55.684], [-5.526, 55.683], [-5.511, 55.715], [-5.57, 55.715], [-5.606, 55.729], [-5.57, 55.767], [-5.479, 55.804], [-5.436, 55.86], [-5.519, 55.797], [-5.607, 55.761], [-5.617, 55.769], [-5.6, 55.777], [-5.621, 55.782], [-5.608, 55.795], [-5.64, 55.787], [-5.671, 55.814], [-5.65, 55.865], [-5.569, 55.937], [-5.609, 55.929], [-5.678, 55.887], [-5.688, 55.911], [-5.663, 55.951], [-5.573, 56.017], [-5.565, 56.03], [-5.598, 56.016], [-5.566, 56.041], [-5.589, 56.03], [-5.581, 56.039], [-5.587, 56.039], [-5.609, 56.024], [-5.576, 56.055], [-5.625, 56.025], [-5.613, 56.017], [-5.637, 55.991], [-5.658, 55.984], [-5.636, 56.013], [-5.652, 56.001], [-5.673, 55.978], [-5.67, 55.973], [-5.655, 55.977], [-5.668, 55.964], [-5.715, 55.949], [-5.656, 56.023], [-5.636, 56.029], [-5.633, 56.053], [-5.584, 56.092], [-5.568, 56.088], [-5.553, 56.091], [-5.55, 56.081], [-5.527, 56.072], [-5.514, 56.074], [-5.509, 56.079], [-5.528, 56.075], [-5.529, 56.085], [-5.545, 56.085], [-5.53, 56.101], [-5.569, 56.111], [-5.501, 56.186], [-5.508, 56.191], [-5.526, 56.188], [-5.579, 56.157], [-5.598, 56.133], [-5.615, 56.132], [-5.591, 56.152], [-5.605, 56.149], [-5.597, 56.159], [-5.602, 56.162], [-5.561, 56.21], [-5.541, 56.218], [-5.541, 56.229], [-5.509, 56.236], [-5.411, 56.249], [-5.359, 56.241], [-5.332, 56.217], [-5.421, 56.185], [-5.376, 56.188], [-5.377, 56.177], [-5.356, 56.173], [-5.353, 56.161], [-5.376, 56.144], [-5.325, 56.113], [-5.241, 56.176], [-5.265, 56.178], [-5.264, 56.188], [-5.227, 56.201], [-5.163, 56.263], [-5.17, 56.269], [-5.152, 56.273], [-5.131, 56.336], [-4.933, 56.347], [-4.889, 56.34], [-4.906, 56.324], [-4.89, 56.312], [-4.935, 56.297], [-4.97, 56.267], [-4.968, 56.255], [-5.045, 56.234], [-5.042, 56.26], [-5.111, 56.199], [-5.117, 56.171], [-5.192, 56.15], [-5.237, 56.128], [-5.306, 56.061], [-5.334, 56.068], [-5.326, 56.058], [-5.341, 56.051], [-5.345, 56.022], [-5.406, 56.001], [-5.428, 56.011], [-5.431, 56.035], [-5.441, 56.038], [-5.451, 55.972], [-5.429, 55.947], [-5.42, 55.896], [-5.395, 55.87], [-5.407, 55.871], [-5.415, 55.864], [-5.386, 55.863], [-5.341, 55.828], [-5.315, 55.783], [-5.328, 55.764], [-5.394, 55.752], [-5.451, 55.707], [-5.449, 55.687], [-5.467, 55.684]]]]}}, {"type": "Feature", "properties": {"cd": "W22000003", "nm": "Bridgend"}, "geometry": {"type": "Polygon", "coordinates": [[[-3.646, 51.643], [-3.538, 51.644], [-3.474, 51.603], [-3.489, 51.574], [-3.464, 51.54], [-3.452, 51.54], [-3.471, 51.531], [-3.45, 51.517], [-3.475, 51.51], [-3.501, 51.472], [-3.479, 51.468], [-3.486, 51.45], [-3.445, 51.425], [-3.413, 51.429], [-3.397, 51.418], [-3.397, 51.382], [-3.559, 51.401], [-3.597, 51.441], [-3.642, 51.463], [-3.62, 51.477], [-3.702, 51.473], [-3.749, 51.504], [-3.763, 51.536], [-3.703, 51.527], [-3.656, 51.539], [-3.655, 51.565], [-3.694, 51.594], [-3.677, 51.601], [-3.681, 51.622], [-3.662, 51.645], [-3.646, 51.643]]]}}, {"type": "Feature", "properties": {"cd": "W22000009", "nm": "Haverfordwest and Milford Haven"}, "geometry": {"type": "MultiPolygon", "coordinates": [[[[-5.39, 51.901], [-5.389, 51.903], [-5.384, 51.904], [-5.384, 51.903], [-5.39, 51.901]]], [[[-5.393, 51.899], [-5.394, 51.9], [-5.392, 51.901], [-5.391, 51.9], [-5.393, 51.899]]], [[[-5.385, 51.88], [-5.385, 51.881], [-5.382, 51.882], [-5.382, 51.881], [-5.385, 51.88]]], [[[-5.395, 51.877], [-5.395, 51.878], [-5.388, 51.88], [-5.39, 51.878], [-5.395, 51.877]]], [[[-5.275, 51.869], [-5.276, 51.869], [-5.275, 51.869], [-5.275, 51.869]]], [[[-5.396, 51.862], [-5.398, 51.862], [-5.4, 51.863], [-5.397, 51.863], [-5.396, 51.862]]], [[[-5.3, 51.861], [-5.3, 51.861], [-5.3, 51.861], [-5.3, 51.861]]], [[[-5.303, 51.859], [-5.303, 51.859], [-5.302, 51.86], [-5.302, 51.859], [-5.303, 51.859]]], [[[-5.301, 51.859], [-5.301, 51.86], [-5.301, 51.86], [-5.301, 51.86], [-5.301, 51.859]]], [[[-5.297, 51.858], [-5.296, 51.859], [-5.296, 51.859], [-5.295, 51.859], [-5.297, 51.858]]], [[[-5.338, 51.855], [-5.339, 51.855], [-5.339, 51.855], [-5.338, 51.855]]], [[[-5.202, 51.858], [-5.202, 51.859], [-5.203, 51.859], [-5.201, 51.859], [-5.202, 51.858]]], [[[-5.411, 51.852], [-5.411, 51.853], [-5.41, 51.852], [-5.411, 51.852]]], [[[-5.413, 51.852], [-5.414, 51.852], [-5.411, 51.853], [-5.411, 51.852], [-5.413, 51.852]]], [[[-5.333, 51.854], [-5.352, 51.86], [-5.348, 51.876], [-5.33, 51.878], [-5.333, 51.854]]], [[[-5.335, 51.853], [-5.337, 51.853], [-5.336, 51.854], [-5.335, 51.854], [-5.335, 51.853]]], [[[-5.334, 51.852], [-5.334, 51.853], [-5.332, 51.854], [-5.332, 51.852], [-5.334, 51.852]]], [[[-5.331, 51.848], [-5.331, 51.849], [-5.33, 51.849], [-5.33, 51.849], [-5.331, 51.848]]], [[[-5.34, 51.847], [-5.339, 51.851], [-5.335, 51.851], [-5.336, 51.85], [-5.34, 51.847]]], [[[-4.822, 51.793], [-4.822, 51.793], [-4.821, 51.793], [-4.822, 51.793]]], [[[-4.824, 51.791], [-4.824, 51.791], [-4.824, 51.792], [-4.824, 51.791]]], [[[-4.825, 51.791], [-4.825, 51.791], [-4.825, 51.791], [-4.825, 51.791]]], [[[-4.853, 51.789], [-4.854, 51.789], [-4.853, 51.79], [-4.853, 51.789]]], [[[-4.881, 51.77], [-4.881, 51.77], [-4.88, 51.771], [-4.88, 51.77], [-4.881, 51.77]]], [[[-4.882, 51.77], [-4.882, 51.77], [-4.882, 51.77], [-4.882, 51.77]]], [[[-4.886, 51.76], [-4.886, 51.761], [-4.885, 51.761], [-4.886, 51.76]]], [[[-5.301, 51.746], [-5.302, 51.746], [-5.302, 51.747], [-5.301, 51.746], [-5.301, 51.746]]], [[[-5.482, 51.73], [-5.481, 51.731], [-5.48, 51.731], [-5.481, 51.73], [-5.482, 51.73]]], [[[-5.476, 51.73], [-5.476, 51.73], [-5.476, 51.731], [-5.476, 51.73]]], [[[-5.313, 51.735], [-5.314, 51.735], [-5.313, 51.735], [-5.313, 51.735]]], [[[-5.479, 51.729], [-5.48, 51.731], [-5.476, 51.732], [-5.478, 51.729], [-5.479, 51.729]]], [[[-5.264, 51.733], [-5.267, 51.735], [-5.262, 51.736], [-5.263, 51.734], [-5.264, 51.733]]], [[[-5.669, 51.72], [-5.669, 51.721], [-5.669, 51.721], [-5.669, 51.72]]], [[[-5.668, 51.72], [-5.668, 51.72], [-5.668, 51.72], [-5.668, 51.72]]], [[[-5.668, 51.72], [-5.668, 51.72], [-5.668, 51.72], [-5.668, 51.72]]], [[[-5.293, 51.728], [-5.315, 51.737], [-5.3, 51.745], [-5.269, 51.736], [-5.293, 51.728]]], [[[-5.293, 51.727], [-5.294, 51.727], [-5.29, 51.728], [-5.293, 51.727]]], [[[-4.825, 51.728], [-4.825, 51.729], [-4.825, 51.729], [-4.825, 51.728]]], [[[-4.826, 51.725], [-4.825, 51.725], [-4.825, 51.725], [-4.826, 51.725]]], [[[-5.264, 51.702], [-5.265, 51.702], [-5.265, 51.703], [-5.264, 51.702]]], [[[-5.092, 51.702], [-5.093, 51.703], [-5.092, 51.703], [-5.092, 51.702], [-5.092, 51.702]]], [[[-5.29, 51.695], [-5.29, 51.695], [-5.289, 51.695], [-5.29, 51.695]]], [[[-5.278, 51.693], [-5.29, 51.696], [-5.276, 51.703], [-5.265, 51.702], [-5.278, 51.693]]], [[[-5.175, 51.68], [-5.188, 51.69], [-5.187, 51.709], [-5.215, 51.724], [-5.233, 51.717], [-5.254, 51.738], [-5.211, 51.734], [-5.203, 51.756], [-5.108, 51.774], [-5.103, 51.81], [-5.117, 51.844], [-5.134, 51.863], [-5.182, 51.861], [-5.189, 51.874], [-5.315, 51.86], [-5.307, 51.877], [-5.316, 51.885], [-5.296, 51.893], [-5.31, 51.906], [-5.211, 51.932], [-5.196, 51.951], [-5.154, 51.948], [-5.147, 51.962], [-5.085, 51.968], [-5.08, 51.985], [-5.096, 51.994], [-5.072, 52.005], [-5.09, 52.015], [-5.063, 52.032], [-5.021, 52.02], [-4.992, 52.026], [-4.97, 52.013], [-4.993, 52.004], [-4.969, 51.995], [-4.92, 52.01], [-4.909, 52.021], [-4.918, 52.026], [-4.91, 52.035], [-4.879, 52.019], [-4.814, 52.019], [-4.799, 52.001], [-4.827, 51.983], [-4.803, 51.966], [-4.824, 51.949], [-4.808, 51.939], [-4.794, 51.956], [-4.671, 51.967], [-4.659, 51.954], [-4.673, 51.928], [-4.713, 51.916], [-4.723, 51.896], [-4.707, 51.889], [-4.694, 51.86], [-4.704, 51.839], [-4.646, 51.831], [-4.617, 51.811], [-4.644, 51.798], [-4.634, 51.783], [-4.666, 51.771], [-4.669, 51.76], [-4.768, 51.758], [-4.796, 51.774], [-4.797, 51.759], [-4.833, 51.748], [-4.807, 51.732], [-4.881, 51.719], [-4.883, 51.732], [-4.869, 51.733], [-4.897, 51.74], [-4.88, 51.76], [-4.888, 51.767], [-4.871, 51.769], [-4.864, 51.784], [-4.827, 51.79], [-4.809, 51.797], [-4.855, 51.791], [-4.896, 51.768], [-4.908, 51.776], [-4.907, 51.786], [-4.908, 51.787], [-4.91, 51.788], [-4.909, 51.788], [-4.91, 51.788], [-4.908, 51.787], [-4.908, 51.785], [-4.91, 51.784], [-4.909, 51.78], [-4.91, 51.777], [-4.908, 51.773], [-4.923, 51.775], [-4.94, 51.767], [-4.934, 51.784], [-4.967, 51.801], [-4.936, 51.783], [-4.949, 51.769], [-4.939, 51.765], [-4.915, 51.772], [-4.902, 51.765], [-4.903, 51.761], [-4.911, 51.764], [-4.916, 51.762], [-4.899, 51.748], [-4.914, 51.747], [-4.888, 51.732], [-4.895, 51.711], [-4.921, 51.705], [-4.943, 51.718], [-4.943, 51.705], [-4.985, 51.699], [-5.019, 51.707], [-5.021, 51.708], [-5.014, 51.717], [-5.015, 51.717], [-5.061, 51.71], [-5.054, 51.701], [-5.064, 51.699], [-5.105, 51.724], [-5.104, 51.732], [-5.092, 51.738], [-5.093, 51.741], [-5.105, 51.736], [-5.116, 51.71], [-5.157, 51.713], [-5.167, 51.719], [-5.166, 51.719], [-5.163, 51.725], [-5.164, 51.728], [-5.167, 51.729], [-5.169, 51.729], [-5.169, 51.73], [-5.17, 51.731], [-5.17, 51.731], [-5.171, 51.732], [-5.17, 51.732], [-5.171, 51.733], [-5.169, 51.707], [-5.15, 51.702], [-5.175, 51.68]]]]}}, {"type": "Feature", "properties": {"cd": "W22000011", "nm": "Llandrindod Wells and Builth Wells"}, "geometry": {"type": "Polygon", "coordinates": [[[-3.252, 52.462], [-3.232, 52.456], [-3.22, 52.421], [-3.063, 52.349], [-2.955, 52.349], [-2.967, 52.33], [-3.001, 52.322], [-3.013, 52.279], [-2.993, 52.273], [-2.965, 52.274], [-2.95, 52.269], [-3.036, 52.257], [-3.048, 52.25], [-3.044, 52.238], [-3.073, 52.236], [-3.072, 52.213], [-3.102, 52.203], [-3.095, 52.184], [-3.122, 52.167], [-3.099, 52.155], [-3.072, 52.158], [-3.094, 52.144], [-3.155, 52.127], [-3.189, 52.154], [-3.182, 52.16], [-3.216, 52.16], [-3.261, 52.127], [-3.353, 52.094], [-3.35, 52.114], [-3.38, 52.123], [-3.414, 52.093], [-3.485, 52.094], [-3.514, 52.073], [-3.598, 52.06], [-3.639, 52.036], [-3.678, 52.059], [-3.667, 52.074], [-3.723, 52.085], [-3.72, 52.118], [-3.758, 52.128], [-3.742, 52.139], [-3.752, 52.197], [-3.744, 52.246], [-3.753, 52.252], [-3.732, 52.271], [-3.706, 52.274], [-3.733, 52.29], [-3.728, 52.306], [-3.745, 52.317], [-3.705, 52.341], [-3.658, 52.348], [-3.685, 52.368], [-3.682, 52.38], [-3.667, 52.385], [-3.588, 52.358], [-3.593, 52.372], [-3.572, 52.374], [-3.536, 52.405], [-3.516, 52.409], [-3.477, 52.391], [-3.437, 52.403], [-3.399, 52.439], [-3.344, 52.435], [-3.252, 52.462]]]}}, {"type": "Feature", "properties": {"cd": "W22000015", "nm": "Newtown and Welshpool"}, "geometry": {"type": "Polygon", "coordinates": [[[-3.387, 52.771], [-3.367, 52.77], [-3.369, 52.757], [-3.349, 52.75], [-3.247, 52.749], [-3.216, 52.759], [-3.176, 52.738], [-3.065, 52.76], [-2.965, 52.732], [-2.967, 52.714], [-2.978, 52.726], [-3.022, 52.724], [-3.023, 52.707], [-3.047, 52.691], [-3.039, 52.675], [-3.051, 52.647], [-3.084, 52.641], [-3.06, 52.631], [-3.094, 52.609], [-3.089, 52.6], [-3.139, 52.585], [-3.111, 52.541], [-3.133, 52.527], [-3.086, 52.534], [-3.087, 52.551], [-3.015, 52.575], [-2.994, 52.553], [-3.001, 52.523], [-3.032, 52.524], [-3.029, 52.501], [-3.113, 52.498], [-3.197, 52.476], [-3.231, 52.453], [-3.254, 52.464], [-3.344, 52.435], [-3.391, 52.441], [-3.437, 52.403], [-3.477, 52.391], [-3.516, 52.409], [-3.536, 52.405], [-3.572, 52.374], [-3.593, 52.372], [-3.588, 52.358], [-3.667, 52.385], [-3.685, 52.369], [-3.697, 52.367], [-3.712, 52.413], [-3.772, 52.442], [-3.766, 52.469], [-3.746, 52.473], [-3.741, 52.496], [-3.713, 52.523], [-3.716, 52.54], [-3.692, 52.547], [-3.694, 52.57], [-3.671, 52.583], [-3.677, 52.601], [-3.658, 52.618], [-3.683, 52.64], [-3.662, 52.667], [-3.679, 52.679], [-3.602, 52.705], [-3.584, 52.738], [-3.591, 52.765], [-3.492, 52.743], [-3.479, 52.728], [-3.387, 52.771]]]}}, {"type": "Feature", "properties": {"cd": "W22000016", "nm": "Pembroke and Tenby"}, "geometry": {"type": "MultiPolygon", "coordinates": [[[[-5.118, 51.691], [-5.119, 51.692], [-5.117, 51.692], [-5.117, 51.691], [-5.118, 51.691]]], [[[-4.677, 51.697], [-4.679, 51.697], [-4.679, 51.697], [-4.678, 51.697], [-4.677, 51.697]]], [[[-4.692, 51.67], [-4.694, 51.671], [-4.694, 51.671], [-4.691, 51.671], [-4.692, 51.67]]], [[[-4.717, 51.642], [-4.72, 51.644], [-4.714, 51.644], [-4.714, 51.643], [-4.717, 51.642]]], [[[-4.684, 51.63], [-4.705, 51.633], [-4.71, 51.642], [-4.675, 51.639], [-4.684, 51.63]]], [[[-4.921, 51.606], [-4.922, 51.607], [-4.92, 51.606], [-4.921, 51.606]]], [[[-4.914, 51.606], [-4.914, 51.606], [-4.915, 51.606], [-4.914, 51.606]]], [[[-4.923, 51.602], [-4.924, 51.602], [-4.923, 51.602], [-4.923, 51.602]]], [[[-4.926, 51.596], [-5.059, 51.621], [-5.05, 51.641], [-5.065, 51.663], [-5.123, 51.671], [-5.126, 51.682], [-5.105, 51.692], [-5.046, 51.676], [-5.051, 51.694], [-5.028, 51.695], [-4.982, 51.69], [-4.975, 51.672], [-4.936, 51.672], [-4.921, 51.679], [-4.977, 51.688], [-4.933, 51.705], [-4.919, 51.692], [-4.89, 51.693], [-4.919, 51.699], [-4.884, 51.717], [-4.864, 51.715], [-4.853, 51.695], [-4.827, 51.699], [-4.845, 51.701], [-4.861, 51.72], [-4.807, 51.732], [-4.833, 51.748], [-4.797, 51.759], [-4.796, 51.774], [-4.768, 51.758], [-4.694, 51.753], [-4.645, 51.778], [-4.623, 51.768], [-4.633, 51.735], [-4.698, 51.711], [-4.68, 51.697], [-4.711, 51.652], [-4.757, 51.654], [-4.756, 51.644], [-4.781, 51.635], [-4.861, 51.647], [-4.899, 51.627], [-4.896, 51.61], [-4.923, 51.611], [-4.926, 51.596]]]]}}, {"type": "Feature", "properties": {"cd": "W22000021", "nm": "Aberystwyth"}, "geometry": {"type": "Polygon", "coordinates": [[[-3.682, 52.694], [-3.654, 52.688], [-3.679, 52.679], [-3.662, 52.667], [-3.683, 52.64], [-3.658, 52.616], [-3.677, 52.601], [-3.672, 52.581], [-3.696, 52.567], [-3.692, 52.547], [-3.716, 52.54], [-3.713, 52.523], [-3.741, 52.496], [-3.743, 52.477], [-3.766, 52.469], [-3.772, 52.442], [-3.712, 52.413], [-3.697, 52.367], [-3.658, 52.348], [-3.705, 52.341], [-3.745, 52.317], [-3.728, 52.306], [-3.733, 52.29], [-3.706, 52.274], [-3.732, 52.271], [-3.753, 52.252], [-3.744, 52.246], [-3.752, 52.197], [-3.742, 52.139], [-3.776, 52.107], [-3.86, 52.142], [-3.907, 52.12], [-3.94, 52.138], [-4.019, 52.097], [-4.058, 52.114], [-4.144, 52.094], [-4.164, 52.068], [-4.206, 52.063], [-4.222, 52.048], [-4.253, 52.063], [-4.228, 52.077], [-4.238, 52.099], [-4.254, 52.099], [-4.25, 52.127], [-4.271, 52.152], [-4.295, 52.164], [-4.332, 52.15], [-4.352, 52.165], [-4.334, 52.176], [-4.326, 52.2], [-4.335, 52.207], [-4.292, 52.207], [-4.306, 52.222], [-4.207, 52.264], [-4.14, 52.323], [-4.092, 52.407], [-4.068, 52.403], [-4.092, 52.414], [-4.052, 52.481], [-4.054, 52.534], [-4.041, 52.527], [-4.039, 52.489], [-4.039, 52.527], [-4.002, 52.533], [-4.005, 52.529], [-3.986, 52.518], [-3.997, 52.535], [-3.967, 52.531], [-3.985, 52.536], [-3.954, 52.556], [-3.937, 52.55], [-3.912, 52.563], [-3.929, 52.566], [-3.915, 52.578], [-3.883, 52.577], [-3.876, 52.593], [-3.842, 52.6], [-3.85, 52.621], [-3.834, 52.636], [-3.843, 52.645], [-3.818, 52.673], [-3.758, 52.67], [-3.744, 52.681], [-3.709, 52.671], [-3.682, 52.694]]]}}, {"type": "Feature", "properties": {"cd": "W22000022", "nm": "Bangor and Holyhead"}, "geometry": {"type": "MultiPolygon", "coordinates": [[[[-4.439, 53.435], [-4.439, 53.436], [-4.438, 53.436], [-4.439, 53.435]]], [[[-4.436, 53.435], [-4.438, 53.435], [-4.438, 53.435], [-4.436, 53.435], [-4.436, 53.435]]], [[[-4.606, 53.424], [-4.606, 53.425], [-4.605, 53.424], [-4.606, 53.424]]], [[[-4.603, 53.424], [-4.603, 53.425], [-4.602, 53.424], [-4.603, 53.424]]], [[[-4.607, 53.422], [-4.607, 53.424], [-4.604, 53.424], [-4.606, 53.423], [-4.607, 53.422]]], [[[-4.608, 53.42], [-4.609, 53.422], [-4.608, 53.423], [-4.607, 53.421], [-4.608, 53.42]]], [[[-4.611, 53.419], [-4.613, 53.42], [-4.612, 53.421], [-4.61, 53.42], [-4.611, 53.419]]], [[[-4.555, 53.417], [-4.554, 53.418], [-4.554, 53.417], [-4.555, 53.417]]], [[[-4.254, 53.386], [-4.254, 53.388], [-4.254, 53.387], [-4.254, 53.386]]], [[[-4.227, 53.357], [-4.227, 53.358], [-4.226, 53.358], [-4.226, 53.357], [-4.227, 53.357]]], [[[-4.032, 53.316], [-4.03, 53.319], [-4.021, 53.322], [-4.028, 53.317], [-4.032, 53.316]]], [[[-4.593, 53.277], [-4.593, 53.277], [-4.592, 53.279], [-4.591, 53.278], [-4.593, 53.277]]], [[[-4.572, 53.271], [-4.572, 53.272], [-4.575, 53.273], [-4.571, 53.272], [-4.572, 53.271]]], [[[-4.557, 53.255], [-4.56, 53.256], [-4.56, 53.256], [-4.559, 53.256], [-4.557, 53.255]]], [[[-4.556, 53.25], [-4.557, 53.251], [-4.556, 53.251], [-4.556, 53.25]]], [[[-4.583, 53.24], [-4.613, 53.247], [-4.609, 53.256], [-4.626, 53.269], [-4.617, 53.279], [-4.682, 53.282], [-4.678, 53.298], [-4.7, 53.307], [-4.681, 53.323], [-4.619, 53.331], [-4.648, 53.319], [-4.585, 53.301], [-4.584, 53.29], [-4.602, 53.288], [-4.61, 53.28], [-4.576, 53.272], [-4.586, 53.263], [-4.562, 53.264], [-4.573, 53.262], [-4.553, 53.247], [-4.583, 53.24]]], [[[-4.541, 53.233], [-4.54, 53.234], [-4.54, 53.235], [-4.54, 53.235], [-4.541, 53.233]]], [[[-4.542, 53.232], [-4.543, 53.232], [-4.542, 53.233], [-4.542, 53.232], [-4.542, 53.232]]], [[[-4.543, 53.23], [-4.543, 53.231], [-4.542, 53.231], [-4.543, 53.23]]], [[[-4.151, 53.233], [-4.151, 53.234], [-4.15, 53.234], [-4.151, 53.233]]], [[[-4.153, 53.232], [-4.153, 53.232], [-4.152, 53.232], [-4.153, 53.232]]], [[[-4.155, 53.228], [-4.158, 53.229], [-4.158, 53.231], [-4.154, 53.231], [-4.155, 53.228]]], [[[-4.158, 53.228], [-4.158, 53.228], [-4.157, 53.228], [-4.158, 53.228]]], [[[-4.172, 53.224], [-4.172, 53.224], [-4.172, 53.224], [-4.172, 53.224]]], [[[-4.174, 53.221], [-4.176, 53.222], [-4.175, 53.223], [-4.173, 53.223], [-4.174, 53.221]]], [[[-4.181, 53.218], [-4.181, 53.219], [-4.179, 53.219], [-4.181, 53.218]]], [[[-4.185, 53.218], [-4.185, 53.219], [-4.184, 53.218], [-4.185, 53.218], [-4.185, 53.218]]], [[[-4.508, 53.188], [-4.507, 53.188], [-4.506, 53.188], [-4.508, 53.188]]], [[[-4.456, 53.162], [-4.455, 53.163], [-4.455, 53.163], [-4.456, 53.162]]], [[[-4.329, 53.127], [-4.396, 53.145], [-4.415, 53.134], [-4.408, 53.144], [-4.42, 53.164], [-4.387, 53.169], [-4.386, 53.191], [-4.347, 53.203], [-4.323, 53.221], [-4.313, 53.23], [-4.347, 53.203], [-4.395, 53.189], [-4.444, 53.155], [-4.467, 53.184], [-4.46, 53.195], [-4.486, 53.177], [-4.504, 53.187], [-4.498, 53.207], [-4.524, 53.227], [-4.513, 53.238], [-4.536, 53.237], [-4.556, 53.25], [-4.555, 53.268], [-4.587, 53.279], [-4.576, 53.286], [-4.584, 53.29], [-4.53, 53.309], [-4.563, 53.3], [-4.562, 53.316], [-4.583, 53.326], [-4.555, 53.374], [-4.575, 53.403], [-4.492, 53.411], [-4.478, 53.422], [-4.45, 53.413], [-4.451, 53.423], [-4.426, 53.43], [-4.356, 53.414], [-4.287, 53.417], [-4.269, 53.391], [-4.278, 53.378], [-4.282, 53.376], [-4.29, 53.368], [-4.294, 53.367], [-4.295, 53.366], [-4.295, 53.365], [-4.296, 53.364], [-4.276, 53.371], [-4.28, 53.376], [-4.265, 53.361], [-4.231, 53.358], [-4.234, 53.341], [-4.205, 53.314], [-4.214, 53.299], [-4.204, 53.292], [-4.12, 53.319], [-4.04, 53.31], [-4.101, 53.255], [-4.16, 53.234], [-4.163, 53.221], [-4.171, 53.225], [-4.203, 53.216], [-4.218, 53.186], [-4.318, 53.144], [-4.34, 53.149], [-4.328, 53.16], [-4.329, 53.165], [-4.331, 53.166], [-4.341, 53.149], [-4.338, 53.142], [-4.353, 53.135], [-4.329, 53.127]]], [[[-4.269, 52.981], [-4.402, 53.005], [-4.342, 53.048], [-4.336, 53.083], [-4.348, 53.111], [-4.338, 53.122], [-4.32, 53.121], [-4.334, 53.114], [-4.319, 53.093], [-4.306, 53.108], [-4.312, 53.127], [-4.283, 53.14], [-4.274, 53.133], [-4.271, 53.136], [-4.279, 53.139], [-4.278, 53.143], [-4.258, 53.161], [-4.208, 53.187], [-4.206, 53.206], [-4.163, 53.219], [-4.122, 53.237], [-4.091, 53.237], [-4.086, 53.226], [-3.998, 53.248], [-3.936, 53.216], [-3.97, 53.16], [-4.008, 53.144], [-4.02, 53.125], [-3.996, 53.125], [-4.021, 53.125], [-4.031, 53.105], [-4.014, 53.104], [-4.02, 53.08], [-4.078, 53.074], [-4.079, 53.044], [-4.098, 53.034], [-4.186, 53.039], [-4.244, 53.012], [-4.269, 52.981]]]]}}, {"type": "Feature", "properties": {"cd": "W22000023", "nm": "Brecon"}, "geometry": {"type": "Polygon", "coordinates": [[[-3.191, 52.161], [-3.159, 52.128], [-3.105, 52.117], [-3.105, 52.105], [-3.123, 52.103], [-3.126, 52.078], [-3.086, 52.041], [-3.099, 52.023], [-3.067, 51.983], [-3.093, 51.965], [-3.082, 51.955], [-3.09, 51.95], [-3.079, 51.925], [-3.049, 51.911], [-3.042, 51.888], [-3.104, 51.884], [-3.126, 51.874], [-3.132, 51.852], [-3.164, 51.871], [-3.201, 51.871], [-3.201, 51.857], [-3.225, 51.841], [-3.208, 51.813], [-3.283, 51.825], [-3.31, 51.794], [-3.334, 51.79], [-3.36, 51.791], [-3.358, 51.807], [-3.402, 51.814], [-3.417, 51.835], [-3.442, 51.816], [-3.482, 51.828], [-3.486, 51.848], [-3.511, 51.864], [-3.557, 51.861], [-3.56, 51.839], [-3.591, 51.846], [-3.59, 51.836], [-3.679, 51.828], [-3.682, 51.836], [-3.693, 51.827], [-3.717, 51.849], [-3.753, 51.857], [-3.714, 51.887], [-3.713, 51.905], [-3.728, 51.911], [-3.721, 51.941], [-3.7, 51.946], [-3.711, 51.962], [-3.67, 52.004], [-3.661, 52.033], [-3.598, 52.06], [-3.543, 52.063], [-3.485, 52.094], [-3.414, 52.093], [-3.38, 52.123], [-3.35, 52.114], [-3.353, 52.094], [-3.261, 52.127], [-3.216, 52.16], [-3.191, 52.161]]]}}, {"type": "Feature", "properties": {"cd": "W22000024", "nm": "Cardiff"}, "geometry": {"type": "MultiPolygon", "coordinates": [[[[-3.195, 51.395], [-3.201, 51.395], [-3.202, 51.396], [-3.195, 51.396], [-3.195, 51.395]]], [[[-3.343, 51.381], [-3.396, 51.383], [-3.397, 51.418], [-3.418, 51.429], [-3.438, 51.422], [-3.486, 51.45], [-3.478, 51.465], [-3.501, 51.476], [-3.475, 51.51], [-3.45, 51.517], [-3.471, 51.531], [-3.452, 51.54], [-3.464, 51.54], [-3.489, 51.574], [-3.473, 51.601], [-3.537, 51.644], [-3.563, 51.646], [-3.59, 51.679], [-3.582, 51.714], [-3.533, 51.709], [-3.43, 51.667], [-3.398, 51.674], [-3.331, 51.627], [-3.305, 51.635], [-3.314, 51.645], [-3.296, 51.664], [-3.285, 51.658], [-3.274, 51.682], [-3.302, 51.732], [-3.296, 51.741], [-3.273, 51.731], [-3.245, 51.743], [-3.223, 51.723], [-3.21, 51.75], [-3.167, 51.71], [-3.128, 51.694], [-3.144, 51.681], [-3.154, 51.688], [-3.148, 51.675], [-3.169, 51.668], [-3.143, 51.656], [-3.167, 51.64], [-3.19, 51.645], [-3.2, 51.623], [-3.168, 51.605], [-3.114, 51.607], [-3.105, 51.597], [-3.122, 51.58], [-3.074, 51.565], [-3.068, 51.548], [-3.039, 51.539], [-3.106, 51.492], [-3.132, 51.492], [-3.128, 51.496], [-3.142, 51.512], [-3.133, 51.492], [-3.121, 51.491], [-3.156, 51.452], [-3.162, 51.463], [-3.177, 51.459], [-3.173, 51.466], [-3.185, 51.481], [-3.175, 51.448], [-3.226, 51.482], [-3.205, 51.458], [-3.186, 51.447], [-3.167, 51.445], [-3.17, 51.406], [-3.343, 51.381]]], [[[-3.118, 51.375], [-3.124, 51.376], [-3.125, 51.378], [-3.119, 51.38], [-3.118, 51.375]]]]}}, {"type": "Feature", "properties": {"cd": "W22000025", "nm": "Cardigan"}, "geometry": {"type": "MultiPolygon", "coordinates": [[[[-4.486, 52.155], [-4.486, 52.156], [-4.485, 52.156], [-4.486, 52.155], [-4.486, 52.155]]], [[[-4.691, 52.13], [-4.696, 52.131], [-4.686, 52.133], [-4.686, 52.131], [-4.691, 52.13]]], [[[-4.775, 52.071], [-4.776, 52.071], [-4.775, 52.071], [-4.775, 52.071]]], [[[-4.636, 51.919], [-4.665, 51.929], [-4.659, 51.953], [-4.671, 51.967], [-4.799, 51.955], [-4.793, 51.945], [-4.808, 51.939], [-4.824, 51.949], [-4.803, 51.966], [-4.827, 51.983], [-4.8, 52.004], [-4.841, 52.025], [-4.847, 52.04], [-4.759, 52.077], [-4.732, 52.118], [-4.688, 52.103], [-4.692, 52.102], [-4.681, 52.095], [-4.682, 52.085], [-4.679, 52.082], [-4.643, 52.079], [-4.643, 52.065], [-4.639, 52.061], [-4.637, 52.06], [-4.636, 52.069], [-4.642, 52.075], [-4.641, 52.078], [-4.645, 52.082], [-4.681, 52.085], [-4.675, 52.1], [-4.688, 52.104], [-4.688, 52.129], [-4.568, 52.145], [-4.519, 52.135], [-4.378, 52.216], [-4.349, 52.21], [-4.306, 52.222], [-4.288, 52.21], [-4.335, 52.207], [-4.326, 52.2], [-4.334, 52.176], [-4.352, 52.165], [-4.332, 52.15], [-4.295, 52.164], [-4.269, 52.151], [-4.25, 52.127], [-4.254, 52.099], [-4.231, 52.089], [-4.228, 52.077], [-4.253, 52.063], [-4.233, 52.062], [-4.23, 52.04], [-4.274, 52.038], [-4.301, 52.051], [-4.317, 52.037], [-4.301, 52.025], [-4.317, 51.98], [-4.43, 51.978], [-4.468, 51.971], [-4.462, 51.955], [-4.541, 51.957], [-4.573, 51.933], [-4.6, 51.941], [-4.636, 51.919]]]]}}, {"type": "Feature", "properties": {"cd": "W22000026", "nm": "Colwyn Bay"}, "geometry": {"type": "Polygon", "coordinates": [[[-3.869, 53.343], [-3.832, 53.338], [-3.819, 53.323], [-3.775, 53.328], [-3.715, 53.295], [-3.61, 53.29], [-3.6, 53.281], [-3.618, 53.274], [-3.615, 53.272], [-3.554, 53.269], [-3.559, 53.255], [-3.529, 53.253], [-3.568, 53.238], [-3.559, 53.206], [-3.591, 53.202], [-3.624, 53.178], [-3.642, 53.183], [-3.654, 53.106], [-3.601, 53.092], [-3.596, 53.08], [-3.621, 53.061], [-3.633, 53.026], [-3.672, 53.018], [-3.683, 52.987], [-3.813, 52.949], [-3.897, 52.995], [-3.888, 53.012], [-3.899, 53.021], [-3.993, 53.017], [-3.997, 53.038], [-3.977, 53.069], [-4.031, 53.106], [-4.021, 53.125], [-4.017, 53.123], [-4.006, 53.122], [-3.996, 53.125], [-4.02, 53.125], [-4.008, 53.144], [-3.97, 53.16], [-3.965, 53.183], [-3.935, 53.214], [-4.003, 53.252], [-3.841, 53.295], [-3.81, 53.266], [-3.828, 53.253], [-3.808, 53.236], [-3.823, 53.229], [-3.841, 53.192], [-3.82, 53.18], [-3.826, 53.17], [-3.826, 53.166], [-3.823, 53.164], [-3.825, 53.157], [-3.823, 53.154], [-3.822, 53.156], [-3.814, 53.153], [-3.813, 53.153], [-3.811, 53.155], [-3.824, 53.158], [-3.819, 53.18], [-3.834, 53.201], [-3.806, 53.235], [-3.821, 53.251], [-3.798, 53.273], [-3.823, 53.281], [-3.845, 53.319], [-3.877, 53.333], [-3.869, 53.343]]]}}, {"type": "Feature", "properties": {"cd": "W22000028", "nm": "Llanelli"}, "geometry": {"type": "MultiPolygon", "coordinates": [[[[-4.349, 51.729], [-4.346, 51.73], [-4.346, 51.731], [-4.343, 51.73], [-4.349, 51.729]]], [[[-4.355, 51.728], [-4.356, 51.73], [-4.347, 51.731], [-4.348, 51.729], [-4.353, 51.73], [-4.355, 51.728]]], [[[-4.341, 51.727], [-4.34, 51.73], [-4.334, 51.729], [-4.338, 51.729], [-4.341, 51.727]]], [[[-4.356, 51.723], [-4.358, 51.723], [-4.36, 51.723], [-4.357, 51.728], [-4.356, 51.724], [-4.342, 51.73], [-4.356, 51.723]]], [[[-4.338, 51.723], [-4.339, 51.724], [-4.343, 51.725], [-4.334, 51.728], [-4.338, 51.723]]], [[[-4.323, 51.721], [-4.324, 51.723], [-4.32, 51.723], [-4.322, 51.722], [-4.323, 51.721]]], [[[-4.333, 51.721], [-4.335, 51.722], [-4.334, 51.725], [-4.331, 51.723], [-4.333, 51.721], [-4.333, 51.721]]], [[[-4.146, 51.655], [-4.168, 51.664], [-4.169, 51.681], [-4.168, 51.666], [-4.174, 51.666], [-4.182, 51.681], [-4.208, 51.685], [-4.306, 51.671], [-4.38, 51.727], [-4.358, 51.73], [-4.361, 51.727], [-4.358, 51.727], [-4.36, 51.725], [-4.36, 51.723], [-4.36, 51.723], [-4.336, 51.718], [-4.327, 51.719], [-4.33, 51.72], [-4.329, 51.722], [-4.328, 51.721], [-4.329, 51.722], [-4.328, 51.722], [-4.325, 51.723], [-4.325, 51.723], [-4.328, 51.722], [-4.33, 51.723], [-4.333, 51.726], [-4.331, 51.726], [-4.322, 51.724], [-4.324, 51.723], [-4.325, 51.722], [-4.327, 51.719], [-4.323, 51.717], [-4.303, 51.723], [-4.325, 51.732], [-4.319, 51.736], [-4.305, 51.738], [-4.295, 51.742], [-4.372, 51.743], [-4.367, 51.786], [-4.343, 51.797], [-4.334, 51.797], [-4.323, 51.803], [-4.318, 51.82], [-4.327, 51.827], [-4.311, 51.836], [-4.322, 51.837], [-4.315, 51.837], [-4.312, 51.839], [-4.314, 51.852], [-4.295, 51.854], [-4.292, 51.857], [-4.294, 51.858], [-4.296, 51.857], [-4.296, 51.858], [-4.294, 51.86], [-4.291, 51.858], [-4.287, 51.859], [-4.288, 51.863], [-4.275, 51.858], [-4.257, 51.86], [-4.253, 51.863], [-4.288, 51.863], [-4.297, 51.858], [-4.296, 51.854], [-4.307, 51.855], [-4.313, 51.853], [-4.317, 51.851], [-4.313, 51.839], [-4.322, 51.838], [-4.329, 51.828], [-4.32, 51.819], [-4.326, 51.802], [-4.363, 51.796], [-4.404, 51.757], [-4.449, 51.77], [-4.437, 51.773], [-4.439, 51.774], [-4.435, 51.777], [-4.435, 51.779], [-4.455, 51.789], [-4.451, 51.795], [-4.456, 51.793], [-4.453, 51.795], [-4.454, 51.795], [-4.456, 51.795], [-4.456, 51.795], [-4.453, 51.797], [-4.457, 51.797], [-4.451, 51.799], [-4.451, 51.8], [-4.453, 51.802], [-4.466, 51.789], [-4.481, 51.8], [-4.484, 51.801], [-4.488, 51.802], [-4.491, 51.804], [-4.495, 51.805], [-4.493, 51.807], [-4.493, 51.81], [-4.494, 51.811], [-4.494, 51.812], [-4.492, 51.815], [-4.493, 51.817], [-4.494, 51.816], [-4.495, 51.809], [-4.498, 51.81], [-4.503, 51.811], [-4.51, 51.808], [-4.515, 51.812], [-4.518, 51.812], [-4.523, 51.81], [-4.51, 51.808], [-4.498, 51.81], [-4.495, 51.805], [-4.472, 51.789], [-4.448, 51.781], [-4.459, 51.76], [-4.424, 51.741], [-4.63, 51.734], [-4.623, 51.768], [-4.645, 51.778], [-4.634, 51.785], [-4.645, 51.797], [-4.617, 51.812], [-4.646, 51.831], [-4.704, 51.839], [-4.694, 51.86], [-4.707, 51.889], [-4.723, 51.896], [-4.714, 51.899], [-4.718, 51.912], [-4.668, 51.934], [-4.636, 51.919], [-4.6, 51.941], [-4.578, 51.932], [-4.541, 51.957], [-4.462, 51.955], [-4.468, 51.971], [-4.43, 51.978], [-4.317, 51.98], [-4.301, 52.025], [-4.317, 52.037], [-4.3, 52.052], [-4.274, 52.038], [-4.234, 52.038], [-4.206, 52.063], [-4.164, 52.068], [-4.144, 52.094], [-4.058, 52.114], [-4.019, 52.097], [-3.94, 52.138], [-3.907, 52.12], [-3.86, 52.142], [-3.786, 52.105], [-3.749, 52.128], [-3.716, 52.113], [-3.723, 52.085], [-3.667, 52.074], [-3.679, 52.061], [-3.647, 52.039], [-3.711, 51.962], [-3.7, 51.946], [-3.721, 51.941], [-3.728, 51.911], [-3.713, 51.905], [-3.714, 51.887], [-3.773, 51.846], [-3.807, 51.788], [-3.829, 51.805], [-3.844, 51.8], [-3.834, 51.784], [-3.87, 51.767], [-3.919, 51.775], [-3.974, 51.764], [-4.0, 51.774], [-4.022, 51.748], [-4.063, 51.758], [-4.058, 51.748], [-4.073, 51.736], [-4.118, 51.727], [-4.11, 51.682], [-4.082, 51.685], [-4.081, 51.665], [-4.133, 51.665], [-4.146, 51.655]]]]}}, {"type": "Feature", "properties": {"cd": "W22000029", "nm": "Merthyr Tydfil"}, "geometry": {"type": "Polygon", "coordinates": [[[-3.052, 51.973], [-3.013, 51.945], [-3.008, 51.927], [-2.977, 51.928], [-2.972, 51.905], [-2.883, 51.934], [-2.845, 51.922], [-2.862, 51.914], [-2.842, 51.918], [-2.809, 51.896], [-2.855, 51.899], [-2.873, 51.88], [-2.908, 51.88], [-2.915, 51.823], [-2.886, 51.806], [-2.891, 51.794], [-2.87, 51.781], [-2.861, 51.783], [-2.851, 51.781], [-2.851, 51.78], [-2.898, 51.749], [-2.952, 51.741], [-2.994, 51.766], [-3.035, 51.754], [-3.056, 51.764], [-3.115, 51.759], [-3.106, 51.721], [-3.122, 51.695], [-3.167, 51.71], [-3.21, 51.75], [-3.223, 51.723], [-3.245, 51.743], [-3.273, 51.731], [-3.283, 51.739], [-3.296, 51.741], [-3.302, 51.732], [-3.274, 51.682], [-3.285, 51.658], [-3.296, 51.664], [-3.314, 51.645], [-3.305, 51.635], [-3.328, 51.627], [-3.398, 51.674], [-3.43, 51.667], [-3.533, 51.709], [-3.582, 51.714], [-3.594, 51.753], [-3.477, 51.809], [-3.47, 51.829], [-3.442, 51.816], [-3.417, 51.835], [-3.402, 51.814], [-3.358, 51.807], [-3.36, 51.791], [-3.334, 51.79], [-3.31, 51.794], [-3.283, 51.825], [-3.208, 51.813], [-3.225, 51.841], [-3.201, 51.857], [-3.201, 51.871], [-3.164, 51.871], [-3.132, 51.852], [-3.126, 51.874], [-3.104, 51.884], [-3.042, 51.888], [-3.049, 51.911], [-3.083, 51.931], [-3.09, 51.95], [-3.082, 51.955], [-3.093, 51.965], [-3.067, 51.983], [-3.052, 51.973]]]}}, {"type": "Feature", "properties": {"cd": "W22000030", "nm": "Pwllheli and Porthmadog"}, "geometry": {"type": "MultiPolygon", "coordinates": [[[[-4.129, 52.919], [-4.129, 52.92], [-4.127, 52.92], [-4.127, 52.919], [-4.129, 52.919]]], [[[-4.064, 52.918], [-4.064, 52.919], [-4.064, 52.919], [-4.064, 52.918]]], [[[-4.74, 52.827], [-4.74, 52.828], [-4.739, 52.828], [-4.739, 52.827], [-4.74, 52.827]]], [[[-4.671, 52.801], [-4.671, 52.801], [-4.671, 52.802], [-4.67, 52.801], [-4.671, 52.801]]], [[[-4.461, 52.803], [-4.462, 52.804], [-4.465, 52.805], [-4.462, 52.807], [-4.461, 52.803]]], [[[-4.471, 52.796], [-4.473, 52.798], [-4.471, 52.802], [-4.47, 52.797], [-4.471, 52.796]]], [[[-4.697, 52.786], [-4.693, 52.789], [-4.692, 52.789], [-4.693, 52.788], [-4.697, 52.786]]], [[[-4.698, 52.784], [-4.699, 52.785], [-4.697, 52.786], [-4.696, 52.785], [-4.698, 52.784]]], [[[-4.746, 52.781], [-4.746, 52.781], [-4.745, 52.782], [-4.746, 52.781]]], [[[-4.528, 52.778], [-4.543, 52.787], [-4.538, 52.801], [-4.603, 52.825], [-4.644, 52.8], [-4.661, 52.806], [-4.679, 52.801], [-4.688, 52.793], [-4.721, 52.803], [-4.732, 52.782], [-4.768, 52.797], [-4.722, 52.836], [-4.726, 52.854], [-4.696, 52.859], [-4.65, 52.906], [-4.632, 52.906], [-4.567, 52.949], [-4.562, 52.938], [-4.521, 52.94], [-4.437, 52.999], [-4.402, 53.005], [-4.334, 52.984], [-4.303, 52.995], [-4.268, 52.981], [-4.244, 53.012], [-4.186, 53.039], [-4.098, 53.034], [-4.079, 53.044], [-4.078, 53.074], [-4.029, 53.076], [-4.014, 53.09], [-3.987, 53.084], [-3.991, 53.076], [-3.977, 53.069], [-3.997, 53.038], [-3.992, 53.014], [-3.899, 53.021], [-3.888, 53.012], [-3.897, 52.995], [-3.834, 52.962], [-3.915, 52.946], [-3.999, 52.966], [-4.034, 52.952], [-4.045, 52.928], [-4.104, 52.909], [-4.127, 52.929], [-4.152, 52.906], [-4.284, 52.917], [-4.264, 52.911], [-4.317, 52.909], [-4.327, 52.892], [-4.407, 52.892], [-4.417, 52.887], [-4.396, 52.883], [-4.477, 52.858], [-4.47, 52.848], [-4.506, 52.825], [-4.485, 52.808], [-4.487, 52.795], [-4.515, 52.793], [-4.528, 52.778]]], [[[-4.804, 52.756], [-4.804, 52.757], [-4.803, 52.757], [-4.804, 52.756]]], [[[-4.802, 52.745], [-4.803, 52.747], [-4.8, 52.749], [-4.802, 52.751], [-4.795, 52.756], [-4.795, 52.768], [-4.78, 52.766], [-4.802, 52.745]]]]}}, {"type": "Feature", "properties": {"cd": "W22000031", "nm": "Rhyl"}, "geometry": {"type": "MultiPolygon", "coordinates": [[[[-3.46, 53.282], [-3.46, 53.283], [-3.46, 53.283], [-3.46, 53.282], [-3.46, 53.282]]], [[[-3.469, 52.862], [-3.483, 52.866], [-3.474, 52.871], [-3.49, 52.896], [-3.465, 52.92], [-3.491, 52.934], [-3.437, 52.981], [-3.46, 52.985], [-3.505, 52.965], [-3.583, 52.968], [-3.611, 52.996], [-3.607, 53.012], [-3.69, 52.992], [-3.672, 53.018], [-3.633, 53.026], [-3.621, 53.061], [-3.596, 53.08], [-3.601, 53.092], [-3.654, 53.106], [-3.642, 53.183], [-3.624, 53.178], [-3.591, 53.202], [-3.559, 53.206], [-3.568, 53.238], [-3.529, 53.245], [-3.559, 53.255], [-3.554, 53.269], [-3.618, 53.274], [-3.601, 53.28], [-3.61, 53.29], [-3.513, 53.317], [-3.507, 53.316], [-3.511, 53.312], [-3.498, 53.301], [-3.486, 53.299], [-3.483, 53.296], [-3.476, 53.294], [-3.477, 53.293], [-3.476, 53.294], [-3.473, 53.291], [-3.469, 53.29], [-3.462, 53.286], [-3.459, 53.285], [-3.461, 53.283], [-3.461, 53.28], [-3.46, 53.279], [-3.456, 53.278], [-3.453, 53.278], [-3.46, 53.279], [-3.459, 53.283], [-3.459, 53.285], [-3.46, 53.286], [-3.495, 53.303], [-3.497, 53.305], [-3.495, 53.306], [-3.494, 53.308], [-3.494, 53.309], [-3.509, 53.313], [-3.405, 53.345], [-3.309, 53.355], [-3.315, 53.348], [-3.304, 53.335], [-3.262, 53.326], [-3.259, 53.315], [-3.143, 53.259], [-3.177, 53.244], [-3.148, 53.232], [-3.154, 53.197], [-3.141, 53.188], [-3.145, 53.175], [-3.178, 53.179], [-3.167, 53.184], [-3.179, 53.197], [-3.218, 53.203], [-3.217, 53.214], [-3.281, 53.228], [-3.3, 53.194], [-3.275, 53.179], [-3.271, 53.158], [-3.182, 53.154], [-3.177, 53.116], [-3.146, 53.104], [-3.152, 53.093], [-3.127, 53.069], [-3.148, 53.044], [-3.131, 53.024], [-3.193, 53.025], [-3.254, 53.003], [-3.214, 52.972], [-3.245, 52.959], [-3.237, 52.949], [-3.314, 52.947], [-3.353, 52.922], [-3.389, 52.876], [-3.469, 52.862]]]]}}, {"type": "Feature", "properties": {"cd": "W22000032", "nm": "Swansea"}, "geometry": {"type": "MultiPolygon", "coordinates": [[[[-4.071, 51.653], [-4.073, 51.653], [-4.072, 51.655], [-4.074, 51.656], [-4.07, 51.654], [-4.071, 51.653]]], [[[-4.238, 51.635], [-4.238, 51.635], [-4.237, 51.636], [-4.235, 51.636], [-4.236, 51.635], [-4.238, 51.635]]], [[[-4.24, 51.632], [-4.24, 51.634], [-4.239, 51.634], [-4.24, 51.633], [-4.239, 51.632], [-4.24, 51.632]]], [[[-4.241, 51.632], [-4.241, 51.632], [-4.24, 51.633], [-4.241, 51.632]]], [[[-4.226, 51.632], [-4.228, 51.634], [-4.228, 51.634], [-4.225, 51.633], [-4.226, 51.632]]], [[[-4.24, 51.632], [-4.238, 51.633], [-4.239, 51.634], [-4.238, 51.635], [-4.234, 51.635], [-4.24, 51.632]]], [[[-4.242, 51.631], [-4.242, 51.632], [-4.241, 51.632], [-4.242, 51.631]]], [[[-4.242, 51.631], [-4.241, 51.632], [-4.24, 51.632], [-4.24, 51.632], [-4.242, 51.631]]], [[[-4.242, 51.631], [-4.242, 51.631], [-4.242, 51.631], [-4.242, 51.631]]], [[[-4.242, 51.63], [-4.241, 51.631], [-4.239, 51.631], [-4.242, 51.63]]], [[[-4.216, 51.629], [-4.216, 51.63], [-4.216, 51.631], [-4.214, 51.63], [-4.215, 51.63], [-4.216, 51.629]]], [[[-4.245, 51.628], [-4.245, 51.628], [-4.244, 51.628], [-4.245, 51.628], [-4.245, 51.628]]], [[[-4.211, 51.628], [-4.212, 51.628], [-4.212, 51.629], [-4.21, 51.628], [-4.211, 51.628]]], [[[-4.213, 51.627], [-4.215, 51.629], [-4.215, 51.63], [-4.213, 51.629], [-4.213, 51.627]]], [[[-4.219, 51.625], [-4.22, 51.626], [-4.219, 51.625], [-4.219, 51.625]]], [[[-4.312, 51.608], [-4.312, 51.609], [-4.316, 51.609], [-4.31, 51.61], [-4.312, 51.608]]], [[[-4.318, 51.563], [-4.324, 51.566], [-4.332, 51.565], [-4.333, 51.565], [-4.325, 51.566], [-4.315, 51.563], [-4.318, 51.563]]], [[[-3.975, 51.567], [-3.976, 51.568], [-3.974, 51.567], [-3.974, 51.567], [-3.975, 51.567]]], [[[-3.971, 51.566], [-3.971, 51.566], [-3.972, 51.567], [-3.97, 51.567], [-3.971, 51.566]]], [[[-4.272, 51.556], [-4.272, 51.556], [-4.272, 51.556], [-4.272, 51.556], [-4.272, 51.556]]], [[[-4.206, 51.536], [-4.207, 51.537], [-4.207, 51.537], [-4.206, 51.537], [-4.206, 51.536]]], [[[-3.761, 51.536], [-3.763, 51.536], [-3.762, 51.538], [-3.761, 51.537], [-3.761, 51.536]]], [[[-3.703, 51.527], [-3.758, 51.533], [-3.758, 51.535], [-3.79, 51.57], [-3.792, 51.571], [-3.798, 51.569], [-3.801, 51.569], [-3.81, 51.571], [-3.817, 51.574], [-3.797, 51.569], [-3.803, 51.582], [-3.817, 51.58], [-3.799, 51.583], [-3.791, 51.593], [-3.812, 51.584], [-3.851, 51.614], [-3.825, 51.628], [-3.833, 51.655], [-3.824, 51.653], [-3.83, 51.651], [-3.83, 51.65], [-3.83, 51.65], [-3.815, 51.657], [-3.81, 51.662], [-3.807, 51.666], [-3.8, 51.666], [-3.792, 51.667], [-3.788, 51.671], [-3.788, 51.673], [-3.808, 51.666], [-3.82, 51.655], [-3.831, 51.658], [-3.845, 51.636], [-3.833, 51.636], [-3.834, 51.626], [-3.85, 51.619], [-3.927, 51.606], [-3.929, 51.617], [-3.93, 51.616], [-3.93, 51.615], [-3.929, 51.613], [-3.928, 51.613], [-3.928, 51.61], [-3.929, 51.608], [-3.956, 51.612], [-3.994, 51.599], [-4.0, 51.58], [-3.981, 51.565], [-4.035, 51.57], [-4.064, 51.557], [-4.111, 51.57], [-4.111, 51.574], [-4.108, 51.576], [-4.106, 51.575], [-4.105, 51.575], [-4.104, 51.575], [-4.105, 51.577], [-4.104, 51.578], [-4.156, 51.562], [-4.152, 51.541], [-4.195, 51.548], [-4.213, 51.538], [-4.306, 51.562], [-4.289, 51.576], [-4.309, 51.609], [-4.28, 51.616], [-4.246, 51.647], [-4.231, 51.648], [-4.242, 51.646], [-4.233, 51.642], [-4.247, 51.628], [-4.246, 51.618], [-4.232, 51.632], [-4.231, 51.627], [-4.234, 51.625], [-4.234, 51.623], [-4.229, 51.623], [-4.229, 51.63], [-4.224, 51.621], [-4.206, 51.616], [-4.218, 51.624], [-4.21, 51.625], [-4.224, 51.627], [-4.225, 51.63], [-4.209, 51.625], [-4.224, 51.641], [-4.215, 51.641], [-4.186, 51.627], [-4.198, 51.622], [-4.188, 51.617], [-4.192, 51.624], [-4.166, 51.628], [-4.166, 51.623], [-4.167, 51.622], [-4.168, 51.623], [-4.171, 51.623], [-4.173, 51.616], [-4.165, 51.622], [-4.158, 51.634], [-4.134, 51.632], [-4.137, 51.642], [-4.125, 51.641], [-4.124, 51.642], [-4.105, 51.643], [-4.092, 51.646], [-4.09, 51.647], [-4.089, 51.648], [-4.088, 51.648], [-4.087, 51.648], [-4.087, 51.649], [-4.086, 51.649], [-4.087, 51.649], [-4.088, 51.648], [-4.088, 51.648], [-4.089, 51.648], [-4.09, 51.648], [-4.092, 51.646], [-4.105, 51.644], [-4.116, 51.645], [-4.102, 51.654], [-4.081, 51.658], [-4.072, 51.652], [-4.049, 51.656], [-4.081, 51.662], [-4.068, 51.669], [-4.076, 51.684], [-4.069, 51.68], [-4.05, 51.701], [-4.051, 51.707], [-4.053, 51.709], [-4.045, 51.706], [-4.044, 51.706], [-4.043, 51.708], [-4.056, 51.713], [-4.053, 51.701], [-4.072, 51.699], [-4.069, 51.69], [-4.11, 51.682], [-4.116, 51.732], [-4.073, 51.736], [-4.058, 51.748], [-4.063, 51.758], [-4.022, 51.748], [-4.0, 51.774], [-3.974, 51.764], [-3.919, 51.775], [-3.87, 51.767], [-3.834, 51.784], [-3.844, 51.8], [-3.829, 51.805], [-3.807, 51.788], [-3.758, 51.856], [-3.732, 51.856], [-3.693, 51.827], [-3.682, 51.836], [-3.679, 51.828], [-3.59, 51.836], [-3.591, 51.846], [-3.56, 51.839], [-3.553, 51.862], [-3.493, 51.855], [-3.482, 51.828], [-3.469, 51.826], [-3.474, 51.811], [-3.594, 51.753], [-3.579, 51.718], [-3.59, 51.679], [-3.562, 51.647], [-3.596, 51.638], [-3.662, 51.645], [-3.681, 51.622], [-3.677, 51.601], [-3.694, 51.594], [-3.655, 51.565], [-3.652, 51.546], [-3.703, 51.527]]]]}}, {"type": "Feature", "properties": {"cd": "W22000033", "nm": "Tywyn and Dolgellau"}, "geometry": {"type": "MultiPolygon", "coordinates": [[[[-4.082, 52.911], [-4.084, 52.912], [-4.084, 52.914], [-4.079, 52.913], [-4.082, 52.911]]], [[[-4.133, 52.823], [-4.132, 52.824], [-4.129, 52.824], [-4.132, 52.823], [-4.133, 52.823]]], [[[-3.925, 52.754], [-3.924, 52.755], [-3.922, 52.755], [-3.923, 52.755], [-3.925, 52.754]]], [[[-4.06, 52.541], [-4.127, 52.607], [-4.105, 52.599], [-4.075, 52.602], [-4.072, 52.605], [-4.126, 52.609], [-4.114, 52.644], [-4.058, 52.687], [-4.059, 52.708], [-4.05, 52.716], [-4.057, 52.705], [-4.016, 52.721], [-4.015, 52.715], [-4.013, 52.713], [-4.011, 52.713], [-3.952, 52.75], [-3.938, 52.748], [-3.918, 52.757], [-3.915, 52.752], [-3.907, 52.752], [-3.901, 52.756], [-3.918, 52.757], [-3.933, 52.753], [-3.937, 52.749], [-3.943, 52.754], [-3.966, 52.75], [-4.023, 52.736], [-4.036, 52.721], [-4.052, 52.717], [-4.059, 52.718], [-4.15, 52.808], [-4.152, 52.815], [-4.133, 52.826], [-4.14, 52.818], [-4.108, 52.827], [-4.129, 52.827], [-4.119, 52.848], [-4.147, 52.897], [-4.083, 52.898], [-4.04, 52.934], [-4.004, 52.936], [-3.995, 52.942], [-3.999, 52.945], [-3.991, 52.946], [-3.989, 52.947], [-4.043, 52.942], [-4.0, 52.965], [-3.915, 52.946], [-3.869, 52.959], [-3.813, 52.949], [-3.615, 53.011], [-3.6, 53.012], [-3.611, 52.996], [-3.583, 52.968], [-3.505, 52.965], [-3.46, 52.985], [-3.437, 52.981], [-3.491, 52.934], [-3.465, 52.92], [-3.49, 52.896], [-3.474, 52.871], [-3.505, 52.842], [-3.587, 52.828], [-3.609, 52.796], [-3.584, 52.738], [-3.602, 52.705], [-3.684, 52.694], [-3.709, 52.671], [-3.808, 52.678], [-3.841, 52.651], [-3.835, 52.633], [-3.85, 52.621], [-3.842, 52.6], [-3.876, 52.593], [-3.883, 52.577], [-3.918, 52.58], [-3.931, 52.554], [-3.96, 52.561], [-4.06, 52.541]]]]}}, {"type": "Feature", "properties": {"cd": "W22000034", "nm": "Wrexham"}, "geometry": {"type": "Polygon", "coordinates": [[[-3.123, 53.158], [-3.06, 53.15], [-3.063, 53.139], [-3.052, 53.129], [-2.973, 53.134], [-2.903, 53.112], [-2.881, 53.122], [-2.902, 53.093], [-2.862, 53.061], [-2.872, 53.059], [-2.859, 53.054], [-2.87, 53.045], [-2.856, 53.037], [-2.861, 53.023], [-2.828, 52.994], [-2.727, 52.984], [-2.735, 52.97], [-2.724, 52.957], [-2.727, 52.928], [-2.755, 52.925], [-2.801, 52.895], [-2.841, 52.943], [-2.887, 52.953], [-2.929, 52.939], [-2.975, 52.969], [-3.01, 52.956], [-3.035, 52.93], [-3.076, 52.925], [-3.123, 52.955], [-3.198, 52.944], [-3.239, 52.952], [-3.245, 52.959], [-3.214, 52.972], [-3.254, 53.003], [-3.193, 53.025], [-3.132, 53.021], [-3.148, 53.044], [-3.127, 53.069], [-3.152, 53.093], [-3.146, 53.104], [-3.173, 53.111], [-3.131, 53.127], [-3.123, 53.158]]]}}]}