year,trans_type,ttwa_cd,theta
2010,Rent,E30000004,3.433
2010,Rent,E30000018,1.777
2010,Rent,E30000029,2.317
2010,Rent,E30000046,1.628
2010,Rent,E30000054,1.606
2010,Rent,E30000061,0.814
2010,Rent,E30000070,1.68
2010,Rent,E30000076,3.227
2010,Rent,E30000093,3.9
2010,Rent,E30000108,1.4
2010,Rent,E30000124,1.537
2010,Rent,E30000135,1.707
2010,Rent,E30000159,1.452
2010,Rent,E30000160,1.73
2010,Rent,E30000162,0.843
2010,Rent,E30000164,1.16
2010,Rent,E30000165,1.382
2010,Rent,E30000166,1.164
2010,Rent,E30000167,1.448
2010,Rent,E30000168,1.769
2010,Rent,E30000169,1.438
2010,Rent,E30000170,2.099
2010,Rent,E30000171,2.169
2010,Rent,E30000173,1.093
2010,Rent,E30000174,1.533
2010,Rent,E30000175,1.334
2010,Rent,E30000179,1.106
2010,Rent,E30000180,1.025
2010,Rent,E30000182,2.652
2010,Rent,E30000183,1.312
2010,Rent,E30000184,1.312
2010,Rent,E30000186,1.382
2010,Rent,E30000187,1.448
2010,Rent,E30000188,1.781
2010,Rent,E30000189,0.784
2010,Rent,E30000190,1.851
2010,Rent,E30000191,1.308
2010,Rent,E30000192,1.858
2010,Rent,E30000193,1.836
2010,Rent,E30000195,1.426
2010,Rent,E30000196,0.901
2010,Rent,E30000197,1.097
2010,Rent,E30000198,1.999
2010,Rent,E30000199,2.028
2010,Rent,E30000200,1.561
2010,Rent,E30000201,1.662
2010,Rent,E30000202,2.066
2010,Rent,E30000203,1.721
2010,Rent,E30000204,1.434
2010,Rent,E30000205,1.132
2010,Rent,E30000206,1.168
2010,Rent,E30000208,1.719
2010,Rent,E30000209,0.757
2010,Rent,E30000210,3.032
2010,Rent,E30000211,2.406
2010,Rent,E30000212,1.051
2010,Rent,E30000215,4.106
2010,Rent,E30000216,1.534
2010,Rent,E30000218,0.981
2010,Rent,E30000219,1.715
2010,Rent,E30000220,1.974
2010,Rent,E30000221,1.375
2010,Rent,E30000222,1.732
2010,Rent,E30000224,1.239
2010,Rent,E30000225,2.177
2010,Rent,E30000226,0.909
2010,Rent,E30000228,1.168
2010,Rent,E30000229,1.404
2010,Rent,E30000230,1.586
2010,Rent,E30000231,1.877
2010,Rent,E30000233,1.736
2010,Rent,E30000234,0.702
2010,Rent,E30000237,1.205
2010,Rent,E30000239,1.333
2010,Rent,E30000240,2.007
2010,Rent,E30000241,0.915
2010,Rent,E30000242,1.485
2010,Rent,E30000243,1.602
2010,Rent,E30000244,1.672
2010,Rent,E30000245,1.0
2010,Rent,E30000247,0.959
2010,Rent,E30000248,2.096
2010,Rent,E30000249,1.93
2010,Rent,E30000250,1.136
2010,Rent,E30000253,1.391
2010,Rent,E30000254,1.341
2010,Rent,E30000255,2.521
2010,Rent,E30000256,0.732
2010,Rent,E30000257,2.027
2010,Rent,E30000260,2.045
2010,Rent,E30000261,2.036
2010,Rent,E30000262,1.586
2010,Rent,E30000264,3.122
2010,Rent,E30000266,0.863
2010,Rent,E30000267,0.74
2010,Rent,E30000268,2.015
2010,Rent,E30000271,2.578
2010,Rent,E30000272,1.409
2010,Rent,E30000273,1.983
2010,Rent,E30000275,2.549
2010,Rent,E30000276,1.362
2010,Rent,E30000278,1.43
2010,Rent,E30000279,1.289
2010,Rent,E30000280,1.011
2010,Rent,E30000281,0.843
2010,Rent,E30000283,1.775
2010,Rent,E30000284,2.263
2010,Rent,E30000285,0.83
2010,Rent,E30000287,2.342
2010,Rent,E30000288,1.71
2010,Rent,E30000289,1.708
2010,Rent,E30000291,1.902
2010,Rent,E30000292,1.173
2010,Rent,E30000294,1.229
2010,Rent,K01000005,1.843
2010,Rent,K01000011,2.115
2010,Rent,K01000013,1.409
2010,Rent,S22000047,0.517
2010,Rent,S22000051,3.952
2010,Rent,S22000054,2.402
2010,Rent,S22000055,1.992
2010,Rent,S22000056,2.251
2010,Rent,S22000057,1.943
2010,Rent,S22000059,0.492
2010,Rent,S22000060,1.355
2010,Rent,S22000061,2.214
2010,Rent,S22000063,2.371
2010,Rent,S22000065,1.383
2010,Rent,S22000068,1.403
2010,Rent,S22000069,4.453
2010,Rent,S22000070,1.845
2010,Rent,S22000071,2.161
2010,Rent,S22000074,1.837
2010,Rent,S22000085,2.453
2010,Rent,W22000003,1.664
2010,Rent,W22000009,0.546
2010,Rent,W22000015,1.876
2010,Rent,W22000021,1.52
2010,Rent,W22000022,2.545
2010,Rent,W22000024,1.129
2010,Rent,W22000026,2.51
2010,Rent,W22000028,0.848
2010,Rent,W22000029,1.715
2010,Rent,W22000031,3.264
2010,Rent,W22000032,1.055
2010,Rent,W22000034,2.9
2010,Sale,E30000004,1.722
2010,Sale,E30000018,1.733
2010,Sale,E30000029,1.915
2010,Sale,E30000046,1.968
2010,Sale,E30000054,1.579
2010,Sale,E30000061,1.234
2010,Sale,E30000070,1.898
2010,Sale,E30000076,2.182
2010,Sale,E30000093,1.39
2010,Sale,E30000108,1.212
2010,Sale,E30000124,2.555
2010,Sale,E30000135,2.08
2010,Sale,E30000159,1.767
2010,Sale,E30000160,1.554
2010,Sale,E30000162,1.975
2010,Sale,E30000164,1.723
2010,Sale,E30000165,2.266
2010,Sale,E30000166,1.488
2010,Sale,E30000167,2.145
2010,Sale,E30000168,1.254
2010,Sale,E30000169,2.03
2010,Sale,E30000170,0.963
2010,Sale,E30000171,1.266
2010,Sale,E30000173,0.913
2010,Sale,E30000174,1.868
2010,Sale,E30000175,1.893
2010,Sale,E30000179,1.876
2010,Sale,E30000180,1.34
2010,Sale,E30000182,1.062
2010,Sale,E30000183,1.816
2010,Sale,E30000184,2.164
2010,Sale,E30000186,1.514
2010,Sale,E30000187,1.224
2010,Sale,E30000188,1.83
2010,Sale,E30000189,1.441
2010,Sale,E30000190,1.597
2010,Sale,E30000191,1.516
2010,Sale,E30000192,1.414
2010,Sale,E30000193,1.959
2010,Sale,E30000195,1.723
2010,Sale,E30000196,1.407
2010,Sale,E30000197,1.984
2010,Sale,E30000198,3.129
2010,Sale,E30000199,1.432
2010,Sale,E30000200,2.281
2010,Sale,E30000201,1.321
2010,Sale,E30000202,2.003
2010,Sale,E30000203,0.962
2010,Sale,E30000204,1.549
2010,Sale,E30000205,1.93
2010,Sale,E30000206,1.966
2010,Sale,E30000208,1.265
2010,Sale,E30000209,1.195
2010,Sale,E30000210,3.352
2010,Sale,E30000211,1.247
2010,Sale,E30000212,1.36
2010,Sale,E30000215,0.793
2010,Sale,E30000216,2.272
2010,Sale,E30000218,1.443
2010,Sale,E30000219,1.801
2010,Sale,E30000220,1.272
2010,Sale,E30000221,1.234
2010,Sale,E30000222,1.943
2010,Sale,E30000224,1.406
2010,Sale,E30000225,3.382
2010,Sale,E30000226,1.447
2010,Sale,E30000228,2.54
2010,Sale,E30000229,1.542
2010,Sale,E30000230,1.807
2010,Sale,E30000231,2.322
2010,Sale,E30000233,1.172
2010,Sale,E30000234,1.507
2010,Sale,E30000237,1.417
2010,Sale,E30000239,1.395
2010,Sale,E30000240,1.562
2010,Sale,E30000241,1.2
2010,Sale,E30000242,1.294
2010,Sale,E30000243,1.599
2010,Sale,E30000244,1.787
2010,Sale,E30000245,0.971
2010,Sale,E30000247,1.341
2010,Sale,E30000248,2.346
2010,Sale,E30000249,2.039
2010,Sale,E30000250,1.799
2010,Sale,E30000253,1.685
2010,Sale,E30000254,1.784
2010,Sale,E30000255,1.291
2010,Sale,E30000256,1.507
2010,Sale,E30000257,2.807
2010,Sale,E30000260,1.149
2010,Sale,E30000261,1.329
2010,Sale,E30000262,2.06
2010,Sale,E30000264,3.515
2010,Sale,E30000266,1.557
2010,Sale,E30000267,1.68
2010,Sale,E30000268,1.625
2010,Sale,E30000271,1.965
2010,Sale,E30000272,1.52
2010,Sale,E30000273,1.227
2010,Sale,E30000275,1.182
2010,Sale,E30000276,1.481
2010,Sale,E30000278,1.541
2010,Sale,E30000279,2.192
2010,Sale,E30000280,2.145
2010,Sale,E30000281,1.483
2010,Sale,E30000283,1.375
2010,Sale,E30000284,1.35
2010,Sale,E30000285,1.21
2010,Sale,E30000287,2.409
2010,Sale,E30000288,1.577
2010,Sale,E30000289,2.267
2010,Sale,E30000291,1.679
2010,Sale,E30000292,1.369
2010,Sale,E30000294,1.931
2010,Sale,K01000005,2.03
2010,Sale,K01000011,2.203
2010,Sale,K01000013,1.519
2010,Sale,S22000047,0.892
2010,Sale,S22000051,1.582
2010,Sale,S22000054,1.771
2010,Sale,S22000055,1.496
2010,Sale,S22000056,0.877
2010,Sale,S22000057,1.252
2010,Sale,S22000059,1.008
2010,Sale,S22000060,1.439
2010,Sale,S22000061,1.771
2010,Sale,S22000063,1.669
2010,Sale,S22000065,2.027
2010,Sale,S22000068,2.929
2010,Sale,S22000069,1.844
2010,Sale,S22000070,1.269
2010,Sale,S22000071,1.697
2010,Sale,S22000074,1.401
2010,Sale,S22000085,1.317
2010,Sale,W22000003,0.758
2010,Sale,W22000009,1.355
2010,Sale,W22000015,2.076
2010,Sale,W22000021,1.666
2010,Sale,W22000022,2.665
2010,Sale,W22000024,1.232
2010,Sale,W22000026,2.033
2010,Sale,W22000028,1.139
2010,Sale,W22000029,1.052
2010,Sale,W22000031,2.637
2010,Sale,W22000032,0.679
2010,Sale,W22000034,2.151
2011,Rent,E30000004,2.272
2011,Rent,E30000018,1.451
2011,Rent,E30000029,1.809
2011,Rent,E30000046,1.331
2011,Rent,E30000054,1.408
2011,Rent,E30000061,0.756
2011,Rent,E30000070,1.283
2011,Rent,E30000076,2.78
2011,Rent,E30000093,2.648
2011,Rent,E30000108,1.172
2011,Rent,E30000124,1.031
2011,Rent,E30000135,1.419
2011,Rent,E30000159,1.123
2011,Rent,E30000160,1.35
2011,Rent,E30000162,0.834
2011,Rent,E30000164,1.354
2011,Rent,E30000165,1.074
2011,Rent,E30000166,1.067
2011,Rent,E30000167,1.105
2011,Rent,E30000168,1.891
2011,Rent,E30000169,1.277
2011,Rent,E30000170,1.439
2011,Rent,E30000171,1.809
2011,Rent,E30000173,0.927
2011,Rent,E30000174,1.326
2011,Rent,E30000175,1.297
2011,Rent,E30000179,0.954
2011,Rent,E30000180,0.897
2011,Rent,E30000182,2.179
2011,Rent,E30000183,1.088
2011,Rent,E30000184,1.16
2011,Rent,E30000186,1.215
2011,Rent,E30000187,1.167
2011,Rent,E30000188,1.469
2011,Rent,E30000189,0.756
2011,Rent,E30000190,1.428
2011,Rent,E30000191,1.079
2011,Rent,E30000192,1.611
2011,Rent,E30000193,1.614
2011,Rent,E30000195,1.244
2011,Rent,E30000196,0.807
2011,Rent,E30000197,0.985
2011,Rent,E30000198,1.875
2011,Rent,E30000199,1.7
2011,Rent,E30000200,1.168
2011,Rent,E30000201,1.332
2011,Rent,E30000202,1.641
2011,Rent,E30000203,1.398
2011,Rent,E30000204,1.221
2011,Rent,E30000205,0.944
2011,Rent,E30000206,0.821
2011,Rent,E30000208,1.432
2011,Rent,E30000209,0.712
2011,Rent,E30000210,2.065
2011,Rent,E30000211,1.698
2011,Rent,E30000212,1.103
2011,Rent,E30000215,3.191
2011,Rent,E30000216,1.289
2011,Rent,E30000218,0.911
2011,Rent,E30000219,1.646
2011,Rent,E30000220,1.613
2011,Rent,E30000221,1.138
2011,Rent,E30000222,1.595
2011,Rent,E30000224,1.038
2011,Rent,E30000225,1.702
2011,Rent,E30000226,0.879
2011,Rent,E30000228,1.168
2011,Rent,E30000229,1.15
2011,Rent,E30000230,1.123
2011,Rent,E30000231,1.695
2011,Rent,E30000233,1.5
2011,Rent,E30000234,0.774
2011,Rent,E30000237,1.158
2011,Rent,E30000239,1.217
2011,Rent,E30000240,1.678
2011,Rent,E30000241,0.82
2011,Rent,E30000242,1.237
2011,Rent,E30000243,1.584
2011,Rent,E30000244,1.363
2011,Rent,E30000245,0.88
2011,Rent,E30000247,1.062
2011,Rent,E30000248,1.847
2011,Rent,E30000249,1.518
2011,Rent,E30000250,1.03
2011,Rent,E30000253,1.196
2011,Rent,E30000254,1.22
2011,Rent,E30000255,1.808
2011,Rent,E30000256,0.801
2011,Rent,E30000257,1.525
2011,Rent,E30000260,1.636
2011,Rent,E30000261,1.53
2011,Rent,E30000262,1.322
2011,Rent,E30000264,2.99
2011,Rent,E30000266,0.954
2011,Rent,E30000267,0.712
2011,Rent,E30000268,1.452
2011,Rent,E30000271,1.71
2011,Rent,E30000272,1.215
2011,Rent,E30000273,1.553
2011,Rent,E30000275,2.138
2011,Rent,E30000276,1.231
2011,Rent,E30000278,1.28
2011,Rent,E30000279,1.558
2011,Rent,E30000280,0.937
2011,Rent,E30000281,0.755
2011,Rent,E30000283,1.588
2011,Rent,E30000284,1.885
2011,Rent,E30000285,0.835
2011,Rent,E30000287,1.83
2011,Rent,E30000288,1.402
2011,Rent,E30000289,1.353
2011,Rent,E30000291,1.612
2011,Rent,E30000292,1.067
2011,Rent,E30000294,1.027
2011,Rent,K01000005,1.239
2011,Rent,K01000011,1.755
2011,Rent,K01000013,1.243
2011,Rent,S22000047,0.672
2011,Rent,S22000051,3.242
2011,Rent,S22000054,1.727
2011,Rent,S22000055,1.696
2011,Rent,S22000056,1.863
2011,Rent,S22000057,1.512
2011,Rent,S22000059,0.568
2011,Rent,S22000060,1.5
2011,Rent,S22000061,1.829
2011,Rent,S22000063,1.218
2011,Rent,S22000065,1.349
2011,Rent,S22000068,1.349
2011,Rent,S22000069,2.947
2011,Rent,S22000070,1.609
2011,Rent,S22000071,1.865
2011,Rent,S22000074,1.179
2011,Rent,S22000085,2.021
2011,Rent,W22000003,1.472
2011,Rent,W22000009,0.707
2011,Rent,W22000015,1.522
2011,Rent,W22000021,1.284
2011,Rent,W22000022,2.338
2011,Rent,W22000024,0.982
2011,Rent,W22000026,1.863
2011,Rent,W22000028,0.811
2011,Rent,W22000029,1.695
2011,Rent,W22000031,2.368
2011,Rent,W22000032,0.891
2011,Rent,W22000034,1.953
2011,Sale,E30000004,1.516
2011,Sale,E30000018,1.598
2011,Sale,E30000029,1.719
2011,Sale,E30000046,1.642
2011,Sale,E30000054,1.383
2011,Sale,E30000061,1.202
2011,Sale,E30000070,1.671
2011,Sale,E30000076,1.798
2011,Sale,E30000093,1.225
2011,Sale,E30000108,1.118
2011,Sale,E30000124,2.535
2011,Sale,E30000135,2.128
2011,Sale,E30000159,1.519
2011,Sale,E30000160,1.435
2011,Sale,E30000162,2.384
2011,Sale,E30000164,1.786
2011,Sale,E30000165,2.234
2011,Sale,E30000166,1.318
2011,Sale,E30000167,2.248
2011,Sale,E30000168,1.415
2011,Sale,E30000169,1.888
2011,Sale,E30000170,0.834
2011,Sale,E30000171,1.296
2011,Sale,E30000173,0.903
2011,Sale,E30000174,1.684
2011,Sale,E30000175,1.821
2011,Sale,E30000179,1.862
2011,Sale,E30000180,1.508
2011,Sale,E30000182,1.03
2011,Sale,E30000183,1.542
2011,Sale,E30000184,1.801
2011,Sale,E30000186,1.456
2011,Sale,E30000187,1.109
2011,Sale,E30000188,1.517
2011,Sale,E30000189,1.636
2011,Sale,E30000190,1.519
2011,Sale,E30000191,1.39
2011,Sale,E30000192,1.383
2011,Sale,E30000193,1.612
2011,Sale,E30000195,1.714
2011,Sale,E30000196,1.371
2011,Sale,E30000197,1.906
2011,Sale,E30000198,3.038
2011,Sale,E30000199,1.309
2011,Sale,E30000200,1.988
2011,Sale,E30000201,1.176
2011,Sale,E30000202,1.762
2011,Sale,E30000203,0.935
2011,Sale,E30000204,1.472
2011,Sale,E30000205,1.782
2011,Sale,E30000206,1.794
2011,Sale,E30000208,1.195
2011,Sale,E30000209,1.184
2011,Sale,E30000210,2.347
2011,Sale,E30000211,1.705
2011,Sale,E30000212,1.301
2011,Sale,E30000215,0.793
2011,Sale,E30000216,2.138
2011,Sale,E30000218,1.385
2011,Sale,E30000219,1.665
2011,Sale,E30000220,1.224
2011,Sale,E30000221,1.205
2011,Sale,E30000222,1.826
2011,Sale,E30000224,1.345
2011,Sale,E30000225,2.873
2011,Sale,E30000226,1.428
2011,Sale,E30000228,2.337
2011,Sale,E30000229,1.55
2011,Sale,E30000230,1.628
2011,Sale,E30000231,1.995
2011,Sale,E30000233,1.067
2011,Sale,E30000234,1.754
2011,Sale,E30000237,1.369
2011,Sale,E30000239,1.384
2011,Sale,E30000240,1.317
2011,Sale,E30000241,1.233
2011,Sale,E30000242,1.302
2011,Sale,E30000243,1.618
2011,Sale,E30000244,1.948
2011,Sale,E30000245,0.988
2011,Sale,E30000247,1.321
2011,Sale,E30000248,2.271
2011,Sale,E30000249,1.875
2011,Sale,E30000250,1.794
2011,Sale,E30000253,1.65
2011,Sale,E30000254,1.688
2011,Sale,E30000255,1.045
2011,Sale,E30000256,1.607
2011,Sale,E30000257,2.584
2011,Sale,E30000260,1.389
2011,Sale,E30000261,1.413
2011,Sale,E30000262,2.067
2011,Sale,E30000264,3.148
2011,Sale,E30000266,1.634
2011,Sale,E30000267,1.535
2011,Sale,E30000268,1.478
2011,Sale,E30000271,1.859
2011,Sale,E30000272,1.524
2011,Sale,E30000273,1.279
2011,Sale,E30000275,1.012
2011,Sale,E30000276,1.576
2011,Sale,E30000278,1.759
2011,Sale,E30000279,2.049
2011,Sale,E30000280,1.977
2011,Sale,E30000281,1.319
2011,Sale,E30000283,1.452
2011,Sale,E30000284,1.176
2011,Sale,E30000285,1.2
2011,Sale,E30000287,2.213
2011,Sale,E30000288,1.512
2011,Sale,E30000289,1.975
2011,Sale,E30000291,1.479
2011,Sale,E30000292,1.31
2011,Sale,E30000294,2.012
2011,Sale,K01000005,1.8
2011,Sale,K01000011,2.158
2011,Sale,K01000013,1.479
2011,Sale,S22000047,0.835
2011,Sale,S22000051,1.643
2011,Sale,S22000054,1.883
2011,Sale,S22000055,1.483
2011,Sale,S22000056,1.501
2011,Sale,S22000057,1.464
2011,Sale,S22000059,1.333
2011,Sale,S22000060,1.412
2011,Sale,S22000061,2.109
2011,Sale,S22000063,2.121
2011,Sale,S22000065,2.439
2011,Sale,S22000068,2.797
2011,Sale,S22000069,1.855
2011,Sale,S22000070,1.421
2011,Sale,S22000071,1.847
2011,Sale,S22000074,1.52
2011,Sale,S22000085,1.748
2011,Sale,W22000003,0.924
2011,Sale,W22000009,1.335
2011,Sale,W22000015,1.972
2011,Sale,W22000021,1.672
2011,Sale,W22000022,2.571
2011,Sale,W22000024,1.198
2011,Sale,W22000026,1.981
2011,Sale,W22000028,1.199
2011,Sale,W22000029,1.182
2011,Sale,W22000031,2.351
2011,Sale,W22000032,0.735
2011,Sale,W22000034,1.8
2012,Rent,E30000004,1.611
2012,Rent,E30000018,1.269
2012,Rent,E30000029,1.495
2012,Rent,E30000046,1.134
2012,Rent,E30000054,1.203
2012,Rent,E30000061,0.795
2012,Rent,E30000070,1.097
2012,Rent,E30000076,1.766
2012,Rent,E30000093,2.043
2012,Rent,E30000108,1.107
2012,Rent,E30000124,0.9
2012,Rent,E30000135,1.12
2012,Rent,E30000159,1.037
2012,Rent,E30000160,1.109
2012,Rent,E30000162,0.718
2012,Rent,E30000164,1.333
2012,Rent,E30000165,0.957
2012,Rent,E30000166,1.112
2012,Rent,E30000167,1.044
2012,Rent,E30000168,1.76
2012,Rent,E30000169,1.143
2012,Rent,E30000170,1.17
2012,Rent,E30000171,1.604
2012,Rent,E30000173,0.874
2012,Rent,E30000174,0.906
2012,Rent,E30000175,1.11
2012,Rent,E30000179,0.951
2012,Rent,E30000180,0.871
2012,Rent,E30000182,1.775
2012,Rent,E30000183,0.878
2012,Rent,E30000184,0.941
2012,Rent,E30000186,1.077
2012,Rent,E30000187,1.033
2012,Rent,E30000188,1.173
2012,Rent,E30000189,0.727
2012,Rent,E30000190,1.136
2012,Rent,E30000191,0.844
2012,Rent,E30000192,1.306
2012,Rent,E30000193,1.375
2012,Rent,E30000195,1.059
2012,Rent,E30000196,0.796
2012,Rent,E30000197,0.917
2012,Rent,E30000198,1.746
2012,Rent,E30000199,1.297
2012,Rent,E30000200,1.056
2012,Rent,E30000201,0.89
2012,Rent,E30000202,1.255
2012,Rent,E30000203,1.212
2012,Rent,E30000204,1.002
2012,Rent,E30000205,0.916
2012,Rent,E30000206,0.776
2012,Rent,E30000208,1.166
2012,Rent,E30000209,0.694
2012,Rent,E30000210,1.739
2012,Rent,E30000211,1.932
2012,Rent,E30000212,1.037
2012,Rent,E30000215,1.757
2012,Rent,E30000216,1.017
2012,Rent,E30000218,0.88
2012,Rent,E30000219,1.456
2012,Rent,E30000220,1.192
2012,Rent,E30000221,0.919
2012,Rent,E30000222,1.281
2012,Rent,E30000224,0.953
2012,Rent,E30000225,1.319
2012,Rent,E30000226,0.748
2012,Rent,E30000228,1.059
2012,Rent,E30000229,0.971
2012,Rent,E30000230,1.029
2012,Rent,E30000231,1.405
2012,Rent,E30000233,1.31
2012,Rent,E30000234,0.692
2012,Rent,E30000237,1.102
2012,Rent,E30000239,1.167
2012,Rent,E30000240,1.319
2012,Rent,E30000241,0.951
2012,Rent,E30000242,1.274
2012,Rent,E30000243,1.339
2012,Rent,E30000244,1.353
2012,Rent,E30000245,0.839
2012,Rent,E30000247,1.069
2012,Rent,E30000248,1.575
2012,Rent,E30000249,1.203
2012,Rent,E30000250,1.027
2012,Rent,E30000253,1.102
2012,Rent,E30000254,1.043
2012,Rent,E30000255,1.374
2012,Rent,E30000256,0.909
2012,Rent,E30000257,1.175
2012,Rent,E30000260,1.6
2012,Rent,E30000261,1.304
2012,Rent,E30000262,1.336
2012,Rent,E30000264,2.461
2012,Rent,E30000266,0.949
2012,Rent,E30000267,0.699
2012,Rent,E30000268,1.311
2012,Rent,E30000271,1.479
2012,Rent,E30000272,1.09
2012,Rent,E30000273,1.242
2012,Rent,E30000275,1.748
2012,Rent,E30000276,1.059
2012,Rent,E30000278,1.202
2012,Rent,E30000279,1.215
2012,Rent,E30000280,1.054
2012,Rent,E30000281,0.823
2012,Rent,E30000283,1.367
2012,Rent,E30000284,1.305
2012,Rent,E30000285,0.745
2012,Rent,E30000287,1.295
2012,Rent,E30000288,1.225
2012,Rent,E30000289,1.328
2012,Rent,E30000291,1.217
2012,Rent,E30000292,0.99
2012,Rent,E30000294,1.03
2012,Rent,K01000005,0.982
2012,Rent,K01000011,1.51
2012,Rent,K01000013,1.125
2012,Rent,S22000047,0.979
2012,Rent,S22000051,1.834
2012,Rent,S22000054,1.458
2012,Rent,S22000055,1.819
2012,Rent,S22000056,1.848
2012,Rent,S22000057,1.325
2012,Rent,S22000059,0.752
2012,Rent,S22000060,1.756
2012,Rent,S22000061,1.461
2012,Rent,S22000063,2.074
2012,Rent,S22000065,1.357
2012,Rent,S22000068,1.471
2012,Rent,S22000069,2.048
2012,Rent,S22000070,1.275
2012,Rent,S22000071,1.684
2012,Rent,S22000074,1.07
2012,Rent,S22000085,1.529
2012,Rent,W22000003,1.045
2012,Rent,W22000009,0.988
2012,Rent,W22000015,1.139
2012,Rent,W22000021,1.662
2012,Rent,W22000022,1.168
2012,Rent,W22000024,0.904
2012,Rent,W22000026,1.59
2012,Rent,W22000028,0.892
2012,Rent,W22000029,1.577
2012,Rent,W22000031,2.196
2012,Rent,W22000032,0.809
2012,Rent,W22000034,1.648
2012,Sale,E30000004,1.367
2012,Sale,E30000018,1.344
2012,Sale,E30000029,1.443
2012,Sale,E30000046,1.352
2012,Sale,E30000054,1.244
2012,Sale,E30000061,1.071
2012,Sale,E30000070,1.359
2012,Sale,E30000076,1.233
2012,Sale,E30000093,1.12
2012,Sale,E30000108,0.988
2012,Sale,E30000124,1.801
2012,Sale,E30000135,1.587
2012,Sale,E30000159,1.349
2012,Sale,E30000160,1.378
2012,Sale,E30000162,1.819
2012,Sale,E30000164,1.66
2012,Sale,E30000165,1.686
2012,Sale,E30000166,1.247
2012,Sale,E30000167,2.159
2012,Sale,E30000168,1.063
2012,Sale,E30000169,1.734
2012,Sale,E30000170,0.769
2012,Sale,E30000171,1.285
2012,Sale,E30000173,0.993
2012,Sale,E30000174,1.246
2012,Sale,E30000175,1.596
2012,Sale,E30000179,1.885
2012,Sale,E30000180,1.366
2012,Sale,E30000182,1.038
2012,Sale,E30000183,1.581
2012,Sale,E30000184,1.409
2012,Sale,E30000186,1.359
2012,Sale,E30000187,1.039
2012,Sale,E30000188,1.285
2012,Sale,E30000189,1.411
2012,Sale,E30000190,1.397
2012,Sale,E30000191,1.272
2012,Sale,E30000192,1.061
2012,Sale,E30000193,1.43
2012,Sale,E30000195,1.551
2012,Sale,E30000196,1.338
2012,Sale,E30000197,1.516
2012,Sale,E30000198,2.651
2012,Sale,E30000199,1.157
2012,Sale,E30000200,1.638
2012,Sale,E30000201,0.976
2012,Sale,E30000202,1.492
2012,Sale,E30000203,0.937
2012,Sale,E30000204,1.174
2012,Sale,E30000205,1.266
2012,Sale,E30000206,1.496
2012,Sale,E30000208,1.131
2012,Sale,E30000209,1.054
2012,Sale,E30000210,1.853
2012,Sale,E30000211,1.343
2012,Sale,E30000212,1.348
2012,Sale,E30000215,0.728
2012,Sale,E30000216,1.82
2012,Sale,E30000218,1.308
2012,Sale,E30000219,1.4
2012,Sale,E30000220,1.078
2012,Sale,E30000221,1.083
2012,Sale,E30000222,1.475
2012,Sale,E30000224,1.05
2012,Sale,E30000225,2.207
2012,Sale,E30000226,1.148
2012,Sale,E30000228,1.845
2012,Sale,E30000229,1.442
2012,Sale,E30000230,1.351
2012,Sale,E30000231,1.627
2012,Sale,E30000233,1.041
2012,Sale,E30000234,1.826
2012,Sale,E30000237,1.262
2012,Sale,E30000239,1.345
2012,Sale,E30000240,1.071
2012,Sale,E30000241,1.218
2012,Sale,E30000242,1.184
2012,Sale,E30000243,1.471
2012,Sale,E30000244,1.789
2012,Sale,E30000245,0.957
2012,Sale,E30000247,1.239
2012,Sale,E30000248,1.94
2012,Sale,E30000249,1.64
2012,Sale,E30000250,1.592
2012,Sale,E30000253,1.352
2012,Sale,E30000254,1.529
2012,Sale,E30000255,0.959
2012,Sale,E30000256,1.643
2012,Sale,E30000257,2.076
2012,Sale,E30000260,1.114
2012,Sale,E30000261,1.263
2012,Sale,E30000262,1.844
2012,Sale,E30000264,2.497
2012,Sale,E30000266,1.752
2012,Sale,E30000267,1.334
2012,Sale,E30000268,1.228
2012,Sale,E30000271,1.368
2012,Sale,E30000272,1.44
2012,Sale,E30000273,1.19
2012,Sale,E30000275,0.9
2012,Sale,E30000276,1.438
2012,Sale,E30000278,1.466
2012,Sale,E30000279,1.662
2012,Sale,E30000280,1.624
2012,Sale,E30000281,1.226
2012,Sale,E30000283,1.242
2012,Sale,E30000284,1.052
2012,Sale,E30000285,1.057
2012,Sale,E30000287,1.685
2012,Sale,E30000288,1.271
2012,Sale,E30000289,1.898
2012,Sale,E30000291,1.263
2012,Sale,E30000292,1.191
2012,Sale,E30000294,1.622
2012,Sale,K01000005,1.473
2012,Sale,K01000011,1.626
2012,Sale,K01000013,1.262
2012,Sale,S22000035,0.335
2012,Sale,S22000047,0.886
2012,Sale,S22000051,1.568
2012,Sale,S22000054,1.908
2012,Sale,S22000055,1.885
2012,Sale,S22000056,1.768
2012,Sale,S22000057,1.416
2012,Sale,S22000059,1.345
2012,Sale,S22000060,1.543
2012,Sale,S22000061,1.898
2012,Sale,S22000063,1.848
2012,Sale,S22000065,2.649
2012,Sale,S22000068,1.853
2012,Sale,S22000069,2.188
2012,Sale,S22000070,1.613
2012,Sale,S22000071,1.839
2012,Sale,S22000074,1.329
2012,Sale,S22000085,1.633
2012,Sale,W22000003,0.845
2012,Sale,W22000009,1.358
2012,Sale,W22000015,1.783
2012,Sale,W22000021,1.73
2012,Sale,W22000022,2.122
2012,Sale,W22000024,1.098
2012,Sale,W22000026,1.845
2012,Sale,W22000028,1.256
2012,Sale,W22000029,1.157
2012,Sale,W22000031,1.96
2012,Sale,W22000032,0.72
2012,Sale,W22000034,1.636
2013,Rent,E30000004,1.297
2013,Rent,E30000018,1.073
2013,Rent,E30000029,1.347
2013,Rent,E30000046,1.125
2013,Rent,E30000054,1.029
2013,Rent,E30000061,0.77
2013,Rent,E30000070,0.928
2013,Rent,E30000076,1.627
2013,Rent,E30000093,1.645
2013,Rent,E30000108,0.872
2013,Rent,E30000124,0.864
2013,Rent,E30000135,0.985
2013,Rent,E30000159,0.853
2013,Rent,E30000160,1.384
2013,Rent,E30000162,0.933
2013,Rent,E30000164,1.357
2013,Rent,E30000165,1.048
2013,Rent,E30000166,1.206
2013,Rent,E30000167,1.016
2013,Rent,E30000168,1.673
2013,Rent,E30000169,1.074
2013,Rent,E30000170,1.118
2013,Rent,E30000171,1.395
2013,Rent,E30000173,0.737
2013,Rent,E30000174,0.848
2013,Rent,E30000175,1.11
2013,Rent,E30000179,0.974
2013,Rent,E30000180,1.011
2013,Rent,E30000182,1.429
2013,Rent,E30000183,0.776
2013,Rent,E30000184,1.147
2013,Rent,E30000186,1.134
2013,Rent,E30000187,0.802
2013,Rent,E30000188,1.272
2013,Rent,E30000189,0.817
2013,Rent,E30000190,1.192
2013,Rent,E30000191,0.933
2013,Rent,E30000192,1.077
2013,Rent,E30000193,1.191
2013,Rent,E30000195,1.147
2013,Rent,E30000196,0.846
2013,Rent,E30000197,0.849
2013,Rent,E30000198,1.595
2013,Rent,E30000199,1.129
2013,Rent,E30000200,0.841
2013,Rent,E30000201,0.96
2013,Rent,E30000202,1.167
2013,Rent,E30000203,1.085
2013,Rent,E30000204,0.934
2013,Rent,E30000205,0.867
2013,Rent,E30000206,0.879
2013,Rent,E30000208,1.273
2013,Rent,E30000209,0.784
2013,Rent,E30000210,1.423
2013,Rent,E30000211,1.646
2013,Rent,E30000212,1.132
2013,Rent,E30000215,1.348
2013,Rent,E30000216,1.085
2013,Rent,E30000218,0.853
2013,Rent,E30000219,1.12
2013,Rent,E30000220,1.124
2013,Rent,E30000221,1.099
2013,Rent,E30000222,1.203
2013,Rent,E30000224,0.957
2013,Rent,E30000225,1.154
2013,Rent,E30000226,0.668
2013,Rent,E30000228,1.037
2013,Rent,E30000229,0.878
2013,Rent,E30000230,0.915
2013,Rent,E30000231,1.334
2013,Rent,E30000233,1.257
2013,Rent,E30000234,0.659
2013,Rent,E30000237,1.013
2013,Rent,E30000239,1.182
2013,Rent,E30000240,1.131
2013,Rent,E30000241,0.99
2013,Rent,E30000242,1.269
2013,Rent,E30000243,1.373
2013,Rent,E30000244,1.308
2013,Rent,E30000245,0.74
2013,Rent,E30000247,1.03
2013,Rent,E30000248,1.381
2013,Rent,E30000249,0.979
2013,Rent,E30000250,1.054
2013,Rent,E30000253,1.023
2013,Rent,E30000254,0.968
2013,Rent,E30000255,1.169
2013,Rent,E30000256,1.063
2013,Rent,E30000257,1.172
2013,Rent,E30000260,1.352
2013,Rent,E30000261,1.259
2013,Rent,E30000262,1.167
2013,Rent,E30000264,1.994
2013,Rent,E30000266,0.877
2013,Rent,E30000267,0.684
2013,Rent,E30000268,1.368
2013,Rent,E30000271,1.113
2013,Rent,E30000272,1.127
2013,Rent,E30000273,1.267
2013,Rent,E30000275,1.414
2013,Rent,E30000276,1.095
2013,Rent,E30000278,1.09
2013,Rent,E30000279,1.026
2013,Rent,E30000280,1.012
2013,Rent,E30000281,0.845
2013,Rent,E30000283,1.315
2013,Rent,E30000284,1.333
2013,Rent,E30000285,0.835
2013,Rent,E30000287,1.182
2013,Rent,E30000288,1.187
2013,Rent,E30000289,1.196
2013,Rent,E30000291,1.127
2013,Rent,E30000292,0.907
2013,Rent,E30000294,0.832
2013,Rent,K01000005,1.049
2013,Rent,K01000011,1.339
2013,Rent,K01000013,0.985
2013,Rent,S22000047,1.305
2013,Rent,S22000051,2.064
2013,Rent,S22000054,1.607
2013,Rent,S22000055,1.814
2013,Rent,S22000056,1.282
2013,Rent,S22000057,1.29
2013,Rent,S22000059,1.07
2013,Rent,S22000060,1.506
2013,Rent,S22000061,1.343
2013,Rent,S22000063,2.275
2013,Rent,S22000065,1.465
2013,Rent,S22000068,1.191
2013,Rent,S22000069,2.269
2013,Rent,S22000070,1.485
2013,Rent,S22000071,1.587
2013,Rent,S22000074,1.004
2013,Rent,S22000085,1.708
2013,Rent,W22000003,0.912
2013,Rent,W22000009,0.956
2013,Rent,W22000015,0.998
2013,Rent,W22000021,1.289
2013,Rent,W22000022,1.353
2013,Rent,W22000024,0.896
2013,Rent,W22000026,1.541
2013,Rent,W22000028,0.745
2013,Rent,W22000029,1.569
2013,Rent,W22000031,1.709
2013,Rent,W22000032,0.796
2013,Rent,W22000034,1.576
2013,Sale,E30000004,1.156
2013,Sale,E30000018,1.112
2013,Sale,E30000029,1.139
2013,Sale,E30000046,1.372
2013,Sale,E30000054,1.021
2013,Sale,E30000061,1.078
2013,Sale,E30000070,1.14
2013,Sale,E30000076,1.21
2013,Sale,E30000093,0.986
2013,Sale,E30000108,1.028
2013,Sale,E30000124,1.401
2013,Sale,E30000135,1.406
2013,Sale,E30000159,1.253
2013,Sale,E30000160,1.426
2013,Sale,E30000162,1.794
2013,Sale,E30000164,1.619
2013,Sale,E30000165,1.734
2013,Sale,E30000166,1.382
2013,Sale,E30000167,1.945
2013,Sale,E30000168,1.138
2013,Sale,E30000169,1.628
2013,Sale,E30000170,0.725
2013,Sale,E30000171,1.076
2013,Sale,E30000173,0.903
2013,Sale,E30000174,1.017
2013,Sale,E30000175,1.724
2013,Sale,E30000179,2.003
2013,Sale,E30000180,1.393
2013,Sale,E30000182,1.107
2013,Sale,E30000183,1.17
2013,Sale,E30000184,1.343
2013,Sale,E30000186,1.506
2013,Sale,E30000187,1.122
2013,Sale,E30000188,1.263
2013,Sale,E30000189,1.482
2013,Sale,E30000190,1.171
2013,Sale,E30000191,1.128
2013,Sale,E30000192,0.972
2013,Sale,E30000193,1.316
2013,Sale,E30000195,1.524
2013,Sale,E30000196,1.337
2013,Sale,E30000197,1.344
2013,Sale,E30000198,2.105
2013,Sale,E30000199,1.018
2013,Sale,E30000200,1.509
2013,Sale,E30000201,0.905
2013,Sale,E30000202,1.408
2013,Sale,E30000203,0.851
2013,Sale,E30000204,1.224
2013,Sale,E30000205,1.152
2013,Sale,E30000206,1.389
2013,Sale,E30000208,1.176
2013,Sale,E30000209,0.973
2013,Sale,E30000210,1.821
2013,Sale,E30000211,1.189
2013,Sale,E30000212,1.541
2013,Sale,E30000215,0.625
2013,Sale,E30000216,1.655
2013,Sale,E30000218,1.406
2013,Sale,E30000219,1.296
2013,Sale,E30000220,1.037
2013,Sale,E30000221,1.032
2013,Sale,E30000222,1.341
2013,Sale,E30000224,0.972
2013,Sale,E30000225,2.084
2013,Sale,E30000226,1.154
2013,Sale,E30000228,1.708
2013,Sale,E30000229,1.362
2013,Sale,E30000230,1.228
2013,Sale,E30000231,1.425
2013,Sale,E30000233,1.058
2013,Sale,E30000234,2.403
2013,Sale,E30000237,1.319
2013,Sale,E30000239,1.347
2013,Sale,E30000240,0.956
2013,Sale,E30000241,1.169
2013,Sale,E30000242,1.239
2013,Sale,E30000243,1.623
2013,Sale,E30000244,1.84
2013,Sale,E30000245,0.871
2013,Sale,E30000247,1.154
2013,Sale,E30000248,1.603
2013,Sale,E30000249,1.626
2013,Sale,E30000250,1.603
2013,Sale,E30000253,1.287
2013,Sale,E30000254,1.37
2013,Sale,E30000255,0.815
2013,Sale,E30000256,2.028
2013,Sale,E30000257,1.965
2013,Sale,E30000260,0.974
2013,Sale,E30000261,1.22
2013,Sale,E30000262,1.397
2013,Sale,E30000264,2.096
2013,Sale,E30000266,2.098
2013,Sale,E30000267,1.408
2013,Sale,E30000268,1.324
2013,Sale,E30000271,1.234
2013,Sale,E30000272,1.516
2013,Sale,E30000273,1.115
2013,Sale,E30000275,0.861
2013,Sale,E30000276,1.433
2013,Sale,E30000278,1.124
2013,Sale,E30000279,1.472
2013,Sale,E30000280,1.486
2013,Sale,E30000281,1.3
2013,Sale,E30000283,1.076
2013,Sale,E30000284,0.986
2013,Sale,E30000285,1.069
2013,Sale,E30000287,1.424
2013,Sale,E30000288,1.232
2013,Sale,E30000289,1.595
2013,Sale,E30000291,1.199
2013,Sale,E30000292,1.289
2013,Sale,E30000294,1.511
2013,Sale,K01000005,1.297
2013,Sale,K01000011,1.489
2013,Sale,K01000013,1.184
2013,Sale,S22000035,0.979
2013,Sale,S22000047,1.229
2013,Sale,S22000051,1.638
2013,Sale,S22000054,2.027
2013,Sale,S22000055,2.077
2013,Sale,S22000056,1.811
2013,Sale,S22000057,1.447
2013,Sale,S22000059,1.626
2013,Sale,S22000060,1.551
2013,Sale,S22000061,1.771
2013,Sale,S22000063,1.944
2013,Sale,S22000065,2.873
2013,Sale,S22000068,2.048
2013,Sale,S22000069,1.919
2013,Sale,S22000070,1.677
2013,Sale,S22000071,1.878
2013,Sale,S22000074,1.166
2013,Sale,S22000085,1.736
2013,Sale,W22000003,0.756
2013,Sale,W22000009,1.404
2013,Sale,W22000015,1.512
2013,Sale,W22000021,1.391
2013,Sale,W22000022,1.712
2013,Sale,W22000024,1.125
2013,Sale,W22000026,1.38
2013,Sale,W22000028,1.236
2013,Sale,W22000029,0.979
2013,Sale,W22000031,1.602
2013,Sale,W22000032,0.825
2013,Sale,W22000034,1.299
2014,Rent,E30000004,1.248
2014,Rent,E30000018,0.975
2014,Rent,E30000029,1.13
2014,Rent,E30000046,1.145
2014,Rent,E30000054,0.971
2014,Rent,E30000061,0.854
2014,Rent,E30000070,0.987
2014,Rent,E30000076,1.4
2014,Rent,E30000093,1.348
2014,Rent,E30000108,0.922
2014,Rent,E30000124,0.881
2014,Rent,E30000135,1.038
2014,Rent,E30000159,0.882
2014,Rent,E30000160,1.253
2014,Rent,E30000162,0.74
2014,Rent,E30000164,1.518
2014,Rent,E30000165,0.989
2014,Rent,E30000166,1.261
2014,Rent,E30000167,0.973
2014,Rent,E30000168,1.306
2014,Rent,E30000169,1.002
2014,Rent,E30000170,0.985
2014,Rent,E30000171,1.246
2014,Rent,E30000173,0.669
2014,Rent,E30000174,0.739
2014,Rent,E30000175,1.183
2014,Rent,E30000179,0.985
2014,Rent,E30000180,1.076
2014,Rent,E30000182,1.117
2014,Rent,E30000183,0.735
2014,Rent,E30000184,1.072
2014,Rent,E30000186,1.275
2014,Rent,E30000187,0.75
2014,Rent,E30000188,1.4
2014,Rent,E30000189,0.811
2014,Rent,E30000190,1.062
2014,Rent,E30000191,0.899
2014,Rent,E30000192,1.246
2014,Rent,E30000193,1.066
2014,Rent,E30000195,1.12
2014,Rent,E30000196,0.943
2014,Rent,E30000197,0.897
2014,Rent,E30000198,1.551
2014,Rent,E30000199,0.883
2014,Rent,E30000200,0.768
2014,Rent,E30000201,0.789
2014,Rent,E30000202,0.918
2014,Rent,E30000203,0.834
2014,Rent,E30000204,1.017
2014,Rent,E30000205,0.914
2014,Rent,E30000206,0.779
2014,Rent,E30000208,1.359
2014,Rent,E30000209,0.734
2014,Rent,E30000210,1.02
2014,Rent,E30000211,1.457
2014,Rent,E30000212,1.291
2014,Rent,E30000215,0.841
2014,Rent,E30000216,1.02
2014,Rent,E30000218,0.998
2014,Rent,E30000219,0.975
2014,Rent,E30000220,0.98
2014,Rent,E30000221,1.078
2014,Rent,E30000222,1.052
2014,Rent,E30000224,0.849
2014,Rent,E30000225,1.068
2014,Rent,E30000226,0.672
2014,Rent,E30000228,0.982
2014,Rent,E30000229,0.932
2014,Rent,E30000230,0.917
2014,Rent,E30000231,1.165
2014,Rent,E30000233,1.023
2014,Rent,E30000234,0.796
2014,Rent,E30000237,1.14
2014,Rent,E30000239,1.173
2014,Rent,E30000240,0.864
2014,Rent,E30000241,1.008
2014,Rent,E30000242,1.377
2014,Rent,E30000243,1.659
2014,Rent,E30000244,1.631
2014,Rent,E30000245,0.589
2014,Rent,E30000247,1.105
2014,Rent,E30000248,1.415
2014,Rent,E30000249,0.967
2014,Rent,E30000250,1.051
2014,Rent,E30000253,0.945
2014,Rent,E30000254,0.931
2014,Rent,E30000255,0.935
2014,Rent,E30000256,1.022
2014,Rent,E30000257,1.07
2014,Rent,E30000260,1.023
2014,Rent,E30000261,1.005
2014,Rent,E30000262,1.103
2014,Rent,E30000264,1.781
2014,Rent,E30000266,0.95
2014,Rent,E30000267,0.746
2014,Rent,E30000268,1.462
2014,Rent,E30000271,1.133
2014,Rent,E30000272,1.221
2014,Rent,E30000273,1.032
2014,Rent,E30000275,0.952
2014,Rent,E30000276,1.059
2014,Rent,E30000278,0.954
2014,Rent,E30000279,0.884
2014,Rent,E30000280,1.06
2014,Rent,E30000281,0.974
2014,Rent,E30000283,1.19
2014,Rent,E30000284,1.042
2014,Rent,E30000285,0.843
2014,Rent,E30000287,1.196
2014,Rent,E30000288,0.947
2014,Rent,E30000289,0.996
2014,Rent,E30000291,0.935
2014,Rent,E30000292,0.978
2014,Rent,E30000294,0.868
2014,Rent,K01000005,1.002
2014,Rent,K01000011,1.273
2014,Rent,K01000013,0.831
2014,Rent,S22000047,1.173
2014,Rent,S22000051,1.969
2014,Rent,S22000054,1.238
2014,Rent,S22000055,2.447
2014,Rent,S22000056,1.324
2014,Rent,S22000057,1.33
2014,Rent,S22000059,1.218
2014,Rent,S22000060,1.107
2014,Rent,S22000061,1.24
2014,Rent,S22000063,2.001
2014,Rent,S22000065,1.652
2014,Rent,S22000068,1.413
2014,Rent,S22000069,1.728
2014,Rent,S22000070,1.738
2014,Rent,S22000071,1.451
2014,Rent,S22000074,0.845
2014,Rent,S22000085,1.357
2014,Rent,W22000003,0.704
2014,Rent,W22000009,0.893
2014,Rent,W22000015,1.035
2014,Rent,W22000021,0.838
2014,Rent,W22000022,0.985
2014,Rent,W22000024,0.703
2014,Rent,W22000026,1.558
2014,Rent,W22000028,0.809
2014,Rent,W22000029,1.241
2014,Rent,W22000031,1.74
2014,Rent,W22000032,0.664
2014,Rent,W22000034,1.291
2014,Sale,E30000004,1.159
2014,Sale,E30000018,1.006
2014,Sale,E30000029,1.07
2014,Sale,E30000046,1.336
2014,Sale,E30000054,0.934
2014,Sale,E30000061,1.227
2014,Sale,E30000070,1.089
2014,Sale,E30000076,1.241
2014,Sale,E30000093,0.913
2014,Sale,E30000108,1.03
2014,Sale,E30000124,1.461
2014,Sale,E30000135,1.201
2014,Sale,E30000159,1.203
2014,Sale,E30000160,1.294
2014,Sale,E30000162,1.558
2014,Sale,E30000164,1.92
2014,Sale,E30000165,1.621
2014,Sale,E30000166,1.346
2014,Sale,E30000167,1.764
2014,Sale,E30000168,0.956
2014,Sale,E30000169,1.486
2014,Sale,E30000170,0.699
2014,Sale,E30000171,1.025
2014,Sale,E30000173,0.867
2014,Sale,E30000174,0.843
2014,Sale,E30000175,1.619
2014,Sale,E30000179,1.726
2014,Sale,E30000180,1.338
2014,Sale,E30000182,0.95
2014,Sale,E30000183,0.945
2014,Sale,E30000184,1.314
2014,Sale,E30000186,1.545
2014,Sale,E30000187,1.217
2014,Sale,E30000188,1.346
2014,Sale,E30000189,1.429
2014,Sale,E30000190,1.05
2014,Sale,E30000191,1.113
2014,Sale,E30000192,1.135
2014,Sale,E30000193,1.284
2014,Sale,E30000195,1.392
2014,Sale,E30000196,1.362
2014,Sale,E30000197,1.284
2014,Sale,E30000198,1.945
2014,Sale,E30000199,0.931
2014,Sale,E30000200,1.231
2014,Sale,E30000201,0.809
2014,Sale,E30000202,1.084
2014,Sale,E30000203,0.783
2014,Sale,E30000204,1.144
2014,Sale,E30000205,1.055
2014,Sale,E30000206,1.242
2014,Sale,E30000208,1.16
2014,Sale,E30000209,0.956
2014,Sale,E30000210,1.453
2014,Sale,E30000211,1.086
2014,Sale,E30000212,1.598
2014,Sale,E30000215,0.484
2014,Sale,E30000216,1.598
2014,Sale,E30000218,1.332
2014,Sale,E30000219,1.107
2014,Sale,E30000220,0.97
2014,Sale,E30000221,0.949
2014,Sale,E30000222,1.304
2014,Sale,E30000224,0.975
2014,Sale,E30000225,1.79
2014,Sale,E30000226,1.159
2014,Sale,E30000228,1.591
2014,Sale,E30000229,1.311
2014,Sale,E30000230,1.168
2014,Sale,E30000231,1.211
2014,Sale,E30000233,1.08
2014,Sale,E30000234,2.042
2014,Sale,E30000237,1.453
2014,Sale,E30000239,1.287
2014,Sale,E30000240,0.875
2014,Sale,E30000241,1.137
2014,Sale,E30000242,1.352
2014,Sale,E30000243,1.725
2014,Sale,E30000244,1.894
2014,Sale,E30000245,0.809
2014,Sale,E30000247,1.125
2014,Sale,E30000248,1.601
2014,Sale,E30000249,1.506
2014,Sale,E30000250,1.488
2014,Sale,E30000253,1.196
2014,Sale,E30000254,1.23
2014,Sale,E30000255,0.8
2014,Sale,E30000256,2.031
2014,Sale,E30000257,1.849
2014,Sale,E30000260,0.876
2014,Sale,E30000261,1.08
2014,Sale,E30000262,1.374
2014,Sale,E30000264,1.8
2014,Sale,E30000266,1.962
2014,Sale,E30000267,1.455
2014,Sale,E30000268,1.474
2014,Sale,E30000271,0.935
2014,Sale,E30000272,1.452
2014,Sale,E30000273,0.982
2014,Sale,E30000275,0.718
2014,Sale,E30000276,1.346
2014,Sale,E30000278,0.927
2014,Sale,E30000279,1.248
2014,Sale,E30000280,1.459
2014,Sale,E30000281,1.34
2014,Sale,E30000283,0.949
2014,Sale,E30000284,0.972
2014,Sale,E30000285,0.921
2014,Sale,E30000287,1.421
2014,Sale,E30000288,1.039
2014,Sale,E30000289,1.358
2014,Sale,E30000291,0.941
2014,Sale,E30000292,1.171
2014,Sale,E30000294,1.372
2014,Sale,K01000005,1.411
2014,Sale,K01000011,1.327
2014,Sale,K01000013,1.132
2014,Sale,S22000035,0.866
2014,Sale,S22000047,1.345
2014,Sale,S22000051,1.517
2014,Sale,S22000054,2.248
2014,Sale,S22000055,1.967
2014,Sale,S22000056,2.084
2014,Sale,S22000057,1.545
2014,Sale,S22000059,1.526
2014,Sale,S22000060,2.396
2014,Sale,S22000061,1.807
2014,Sale,S22000063,2.441
2014,Sale,S22000065,3.035
2014,Sale,S22000068,2.675
2014,Sale,S22000069,1.973
2014,Sale,S22000070,1.542
2014,Sale,S22000071,1.892
2014,Sale,S22000074,1.312
2014,Sale,S22000085,1.51
2014,Sale,W22000003,0.614
2014,Sale,W22000009,1.495
2014,Sale,W22000015,1.861
2014,Sale,W22000021,1.623
2014,Sale,W22000022,1.947
2014,Sale,W22000024,1.028
2014,Sale,W22000026,1.27
2014,Sale,W22000028,1.227
2014,Sale,W22000029,0.971
2014,Sale,W22000031,1.372
2014,Sale,W22000032,0.762
2014,Sale,W22000034,1.117
2015,Rent,E30000004,1.84
2015,Rent,E30000018,1.304
2015,Rent,E30000029,1.186
2015,Rent,E30000046,1.361
2015,Rent,E30000054,1.595
2015,Rent,E30000061,1.358
2015,Rent,E30000070,1.205
2015,Rent,E30000076,2.15
2015,Rent,E30000093,1.305
2015,Rent,E30000108,1.288
2015,Rent,E30000124,1.168
2015,Rent,E30000135,1.373
2015,Rent,E30000159,1.211
2015,Rent,E30000160,1.714
2015,Rent,E30000162,1.368
2015,Rent,E30000164,1.661
2015,Rent,E30000165,1.501
2015,Rent,E30000166,1.819
2015,Rent,E30000167,1.201
2015,Rent,E30000168,1.4
2015,Rent,E30000169,1.278
2015,Rent,E30000170,1.003
2015,Rent,E30000171,1.447
2015,Rent,E30000173,0.767
2015,Rent,E30000174,0.753
2015,Rent,E30000175,1.497
2015,Rent,E30000179,1.279
2015,Rent,E30000180,1.528
2015,Rent,E30000182,1.361
2015,Rent,E30000183,0.952
2015,Rent,E30000184,1.287
2015,Rent,E30000186,1.76
2015,Rent,E30000187,0.959
2015,Rent,E30000188,1.823
2015,Rent,E30000189,1.063
2015,Rent,E30000190,1.43
2015,Rent,E30000191,1.263
2015,Rent,E30000192,1.432
2015,Rent,E30000193,1.56
2015,Rent,E30000195,1.55
2015,Rent,E30000196,1.262
2015,Rent,E30000197,1.085
2015,Rent,E30000198,2.103
2015,Rent,E30000199,1.07
2015,Rent,E30000200,0.976
2015,Rent,E30000201,0.958
2015,Rent,E30000202,1.182
2015,Rent,E30000203,0.842
2015,Rent,E30000204,1.612
2015,Rent,E30000205,1.026
2015,Rent,E30000206,1.217
2015,Rent,E30000208,1.489
2015,Rent,E30000209,0.859
2015,Rent,E30000210,1.152
2015,Rent,E30000211,1.701
2015,Rent,E30000212,1.532
2015,Rent,E30000215,0.798
2015,Rent,E30000216,1.128
2015,Rent,E30000218,1.221
2015,Rent,E30000219,1.18
2015,Rent,E30000220,1.287
2015,Rent,E30000221,1.228
2015,Rent,E30000222,1.383
2015,Rent,E30000224,1.35
2015,Rent,E30000225,1.66
2015,Rent,E30000226,1.064
2015,Rent,E30000228,1.498
2015,Rent,E30000229,1.144
2015,Rent,E30000230,1.207
2015,Rent,E30000231,1.287
2015,Rent,E30000233,1.25
2015,Rent,E30000234,1.032
2015,Rent,E30000237,1.637
2015,Rent,E30000239,1.625
2015,Rent,E30000240,1.141
2015,Rent,E30000241,1.259
2015,Rent,E30000242,1.738
2015,Rent,E30000243,2.254
2015,Rent,E30000244,1.71
2015,Rent,E30000245,0.72
2015,Rent,E30000247,1.546
2015,Rent,E30000248,1.906
2015,Rent,E30000249,1.189
2015,Rent,E30000250,1.389
2015,Rent,E30000253,0.998
2015,Rent,E30000254,1.117
2015,Rent,E30000255,1.235
2015,Rent,E30000256,1.264
2015,Rent,E30000257,1.276
2015,Rent,E30000260,1.448
2015,Rent,E30000261,1.155
2015,Rent,E30000262,1.359
2015,Rent,E30000264,1.647
2015,Rent,E30000266,1.122
2015,Rent,E30000267,1.048
2015,Rent,E30000268,1.731
2015,Rent,E30000271,0.968
2015,Rent,E30000272,1.699
2015,Rent,E30000273,1.326
2015,Rent,E30000275,0.933
2015,Rent,E30000276,1.403
2015,Rent,E30000278,1.21
2015,Rent,E30000279,1.358
2015,Rent,E30000280,1.395
2015,Rent,E30000281,1.362
2015,Rent,E30000283,1.29
2015,Rent,E30000284,1.283
2015,Rent,E30000285,1.428
2015,Rent,E30000287,1.559
2015,Rent,E30000288,1.24
2015,Rent,E30000289,1.094
2015,Rent,E30000291,0.984
2015,Rent,E30000292,1.315
2015,Rent,E30000294,1.173
2015,Rent,K01000005,1.076
2015,Rent,K01000011,1.44
2015,Rent,K01000013,0.988
2015,Rent,S22000047,1.238
2015,Rent,S22000051,2.242
2015,Rent,S22000054,1.726
2015,Rent,S22000055,2.423
2015,Rent,S22000056,1.172
2015,Rent,S22000057,1.534
2015,Rent,S22000059,1.918
2015,Rent,S22000060,0.981
2015,Rent,S22000061,1.48
2015,Rent,S22000063,3.122
2015,Rent,S22000065,2.347
2015,Rent,S22000068,2.143
2015,Rent,S22000069,2.001
2015,Rent,S22000070,1.929
2015,Rent,S22000071,1.821
2015,Rent,S22000074,1.185
2015,Rent,S22000085,1.708
2015,Rent,W22000003,1.187
2015,Rent,W22000009,1.135
2015,Rent,W22000015,1.93
2015,Rent,W22000021,1.138
2015,Rent,W22000022,1.08
2015,Rent,W22000024,0.833
2015,Rent,W22000026,2.602
2015,Rent,W22000028,0.895
2015,Rent,W22000029,1.518
2015,Rent,W22000031,2.06
2015,Rent,W22000032,0.744
2015,Rent,W22000034,1.897
2015,Sale,E30000004,1.857
2015,Sale,E30000018,1.545
2015,Sale,E30000029,1.758
2015,Sale,E30000046,1.703
2015,Sale,E30000054,1.338
2015,Sale,E30000061,1.892
2015,Sale,E30000070,1.605
2015,Sale,E30000076,1.355
2015,Sale,E30000093,1.429
2015,Sale,E30000108,1.748
2015,Sale,E30000124,1.721
2015,Sale,E30000135,1.665
2015,Sale,E30000159,1.693
2015,Sale,E30000160,1.898
2015,Sale,E30000162,2.125
2015,Sale,E30000164,2.78
2015,Sale,E30000165,2.293
2015,Sale,E30000166,2.534
2015,Sale,E30000167,2.203
2015,Sale,E30000168,1.319
2015,Sale,E30000169,2.453
2015,Sale,E30000170,1.038
2015,Sale,E30000171,1.415
2015,Sale,E30000173,1.292
2015,Sale,E30000174,1.157
2015,Sale,E30000175,2.239
2015,Sale,E30000179,2.578
2015,Sale,E30000180,2.343
2015,Sale,E30000182,1.443
2015,Sale,E30000183,1.298
2015,Sale,E30000184,1.691
2015,Sale,E30000186,2.325
2015,Sale,E30000187,1.666
2015,Sale,E30000188,2.131
2015,Sale,E30000189,2.076
2015,Sale,E30000190,1.701
2015,Sale,E30000191,1.504
2015,Sale,E30000192,1.481
2015,Sale,E30000193,2.071
2015,Sale,E30000195,2.172
2015,Sale,E30000196,2.012
2015,Sale,E30000197,1.658
2015,Sale,E30000198,2.445
2015,Sale,E30000199,1.56
2015,Sale,E30000200,1.713
2015,Sale,E30000201,1.214
2015,Sale,E30000202,1.972
2015,Sale,E30000203,1.144
2015,Sale,E30000204,1.693
2015,Sale,E30000205,1.483
2015,Sale,E30000206,1.768
2015,Sale,E30000208,1.601
2015,Sale,E30000209,1.352
2015,Sale,E30000210,2.023
2015,Sale,E30000211,1.595
2015,Sale,E30000212,2.276
2015,Sale,E30000215,0.906
2015,Sale,E30000216,2.227
2015,Sale,E30000218,2.292
2015,Sale,E30000219,1.71
2015,Sale,E30000220,1.34
2015,Sale,E30000221,1.576
2015,Sale,E30000222,1.741
2015,Sale,E30000224,1.524
2015,Sale,E30000225,2.297
2015,Sale,E30000226,1.536
2015,Sale,E30000228,2.172
2015,Sale,E30000229,2.12
2015,Sale,E30000230,1.803
2015,Sale,E30000231,1.705
2015,Sale,E30000233,1.635
2015,Sale,E30000234,3.379
2015,Sale,E30000237,2.488
2015,Sale,E30000239,2.092
2015,Sale,E30000240,1.312
2015,Sale,E30000241,1.807
2015,Sale,E30000242,2.179
2015,Sale,E30000243,2.938
2015,Sale,E30000244,2.985
2015,Sale,E30000245,1.266
2015,Sale,E30000247,1.802
2015,Sale,E30000248,2.169
2015,Sale,E30000249,2.145
2015,Sale,E30000250,2.048
2015,Sale,E30000253,1.602
2015,Sale,E30000254,1.807
2015,Sale,E30000255,1.162
2015,Sale,E30000256,3.309
2015,Sale,E30000257,2.518
2015,Sale,E30000260,1.381
2015,Sale,E30000261,1.774
2015,Sale,E30000262,1.745
2015,Sale,E30000264,2.157
2015,Sale,E30000266,3.2
2015,Sale,E30000267,2.09
2015,Sale,E30000268,2.306
2015,Sale,E30000271,1.388
2015,Sale,E30000272,2.434
2015,Sale,E30000273,1.489
2015,Sale,E30000275,1.204
2015,Sale,E30000276,2.115
2015,Sale,E30000278,1.2
2015,Sale,E30000279,1.825
2015,Sale,E30000280,1.838
2015,Sale,E30000281,2.049
2015,Sale,E30000283,1.425
2015,Sale,E30000284,1.393
2015,Sale,E30000285,1.456
2015,Sale,E30000287,2.279
2015,Sale,E30000288,1.498
2015,Sale,E30000289,1.881
2015,Sale,E30000291,1.413
2015,Sale,E30000292,1.747
2015,Sale,E30000294,1.845
2015,Sale,K01000005,1.842
2015,Sale,K01000011,1.801
2015,Sale,K01000013,1.805
2015,Sale,S22000035,2.072
2015,Sale,S22000039,2.148
2015,Sale,S22000047,1.358
2015,Sale,S22000051,2.626
2015,Sale,S22000054,3.534
2015,Sale,S22000055,2.956
2015,Sale,S22000056,2.661
2015,Sale,S22000057,2.61
2015,Sale,S22000059,2.559
2015,Sale,S22000060,2.664
2015,Sale,S22000061,3.007
2015,Sale,S22000063,2.953
2015,Sale,S22000065,5.515
2015,Sale,S22000068,3.383
2015,Sale,S22000069,3.2
2015,Sale,S22000070,2.799
2015,Sale,S22000071,3.036
2015,Sale,S22000074,2.031
2015,Sale,S22000085,3.167
2015,Sale,W22000003,1.083
2015,Sale,W22000009,2.56
2015,Sale,W22000015,2.639
2015,Sale,W22000021,2.809
2015,Sale,W22000022,2.502
2015,Sale,W22000024,1.647
2015,Sale,W22000026,1.793
2015,Sale,W22000028,2.186
2015,Sale,W22000029,1.842
2015,Sale,W22000031,1.874
2015,Sale,W22000032,1.383
2015,Sale,W22000034,1.509
2016,Rent,E30000004,1.357
2016,Rent,E30000018,1.349
2016,Rent,E30000029,1.32
2016,Rent,E30000046,1.265
2016,Rent,E30000054,1.454
2016,Rent,E30000061,1.572
2016,Rent,E30000070,1.085
2016,Rent,E30000076,1.619
2016,Rent,E30000093,1.095
2016,Rent,E30000108,1.328
2016,Rent,E30000124,1.637
2016,Rent,E30000135,1.315
2016,Rent,E30000159,0.948
2016,Rent,E30000160,1.355
2016,Rent,E30000162,1.082
2016,Rent,E30000164,1.6
2016,Rent,E30000165,1.6
2016,Rent,E30000166,2.084
2016,Rent,E30000167,1.325
2016,Rent,E30000168,1.683
2016,Rent,E30000169,1.338
2016,Rent,E30000170,1.028
2016,Rent,E30000171,1.393
2016,Rent,E30000173,0.902
2016,Rent,E30000174,1.244
2016,Rent,E30000175,1.383
2016,Rent,E30000179,1.381
2016,Rent,E30000180,1.25
2016,Rent,E30000182,1.298
2016,Rent,E30000183,0.77
2016,Rent,E30000184,1.07
2016,Rent,E30000186,1.557
2016,Rent,E30000187,0.869
2016,Rent,E30000188,1.724
2016,Rent,E30000189,1.001
2016,Rent,E30000190,1.135
2016,Rent,E30000191,1.298
2016,Rent,E30000192,1.624
2016,Rent,E30000193,1.511
2016,Rent,E30000195,1.316
2016,Rent,E30000196,1.161
2016,Rent,E30000197,1.017
2016,Rent,E30000198,1.685
2016,Rent,E30000199,0.798
2016,Rent,E30000200,1.039
2016,Rent,E30000201,0.668
2016,Rent,E30000202,1.404
2016,Rent,E30000203,0.826
2016,Rent,E30000204,1.347
2016,Rent,E30000205,1.027
2016,Rent,E30000206,1.161
2016,Rent,E30000208,1.72
2016,Rent,E30000209,1.008
2016,Rent,E30000210,1.664
2016,Rent,E30000211,1.975
2016,Rent,E30000212,1.609
2016,Rent,E30000215,0.799
2016,Rent,E30000216,1.36
2016,Rent,E30000218,1.179
2016,Rent,E30000219,1.266
2016,Rent,E30000220,1.14
2016,Rent,E30000221,1.334
2016,Rent,E30000222,1.354
2016,Rent,E30000224,1.417
2016,Rent,E30000225,1.526
2016,Rent,E30000226,1.048
2016,Rent,E30000228,1.195
2016,Rent,E30000229,1.136
2016,Rent,E30000230,1.368
2016,Rent,E30000231,1.234
2016,Rent,E30000233,1.347
2016,Rent,E30000234,0.836
2016,Rent,E30000237,1.48
2016,Rent,E30000239,1.714
2016,Rent,E30000240,1.007
2016,Rent,E30000241,1.408
2016,Rent,E30000242,1.715
2016,Rent,E30000243,2.079
2016,Rent,E30000244,1.503
2016,Rent,E30000245,0.744
2016,Rent,E30000247,1.547
2016,Rent,E30000248,1.696
2016,Rent,E30000249,1.349
2016,Rent,E30000250,1.104
2016,Rent,E30000253,0.901
2016,Rent,E30000254,1.151
2016,Rent,E30000255,1.269
2016,Rent,E30000256,1.032
2016,Rent,E30000257,1.134
2016,Rent,E30000260,1.217
2016,Rent,E30000261,1.091
2016,Rent,E30000262,1.452
2016,Rent,E30000264,1.481
2016,Rent,E30000266,0.994
2016,Rent,E30000267,0.893
2016,Rent,E30000268,1.523
2016,Rent,E30000271,1.26
2016,Rent,E30000272,1.333
2016,Rent,E30000273,1.197
2016,Rent,E30000275,0.971
2016,Rent,E30000276,1.226
2016,Rent,E30000278,1.047
2016,Rent,E30000279,1.162
2016,Rent,E30000280,1.363
2016,Rent,E30000281,1.092
2016,Rent,E30000283,1.188
2016,Rent,E30000284,1.539
2016,Rent,E30000285,1.344
2016,Rent,E30000287,1.79
2016,Rent,E30000288,1.141
2016,Rent,E30000289,1.042
2016,Rent,E30000291,0.86
2016,Rent,E30000292,1.111
2016,Rent,E30000294,1.155
2016,Rent,K01000005,1.089
2016,Rent,K01000011,1.443
2016,Rent,K01000013,1.25
2016,Rent,S22000047,1.361
2016,Rent,S22000051,2.026
2016,Rent,S22000054,1.936
2016,Rent,S22000055,1.655
2016,Rent,S22000056,1.454
2016,Rent,S22000057,1.448
2016,Rent,S22000059,2.095
2016,Rent,S22000060,1.109
2016,Rent,S22000061,1.501
2016,Rent,S22000063,2.46
2016,Rent,S22000065,2.377
2016,Rent,S22000068,1.613
2016,Rent,S22000069,1.876
2016,Rent,S22000070,2.136
2016,Rent,S22000071,1.759
2016,Rent,S22000074,1.473
2016,Rent,S22000085,1.742
2016,Rent,W22000003,0.712
2016,Rent,W22000009,2.0
2016,Rent,W22000015,1.1
2016,Rent,W22000021,1.559
2016,Rent,W22000022,1.332
2016,Rent,W22000024,0.774
2016,Rent,W22000026,2.166
2016,Rent,W22000028,0.865
2016,Rent,W22000029,1.396
2016,Rent,W22000031,2.065
2016,Rent,W22000032,0.762
2016,Rent,W22000034,2.298
2016,Sale,E30000004,2.337
2016,Sale,E30000018,2.113
2016,Sale,E30000029,2.291
2016,Sale,E30000046,2.151
2016,Sale,E30000054,1.89
2016,Sale,E30000061,2.204
2016,Sale,E30000070,2.011
2016,Sale,E30000076,1.705
2016,Sale,E30000093,1.831
2016,Sale,E30000108,2.479
2016,Sale,E30000124,2.185
2016,Sale,E30000135,2.2
2016,Sale,E30000159,2.368
2016,Sale,E30000160,2.568
2016,Sale,E30000162,2.607
2016,Sale,E30000164,3.438
2016,Sale,E30000165,2.737
2016,Sale,E30000166,3.324
2016,Sale,E30000167,2.954
2016,Sale,E30000168,1.917
2016,Sale,E30000169,3.546
2016,Sale,E30000170,1.634
2016,Sale,E30000171,1.961
2016,Sale,E30000173,1.611
2016,Sale,E30000174,1.611
2016,Sale,E30000175,2.985
2016,Sale,E30000179,2.977
2016,Sale,E30000180,2.929
2016,Sale,E30000182,1.915
2016,Sale,E30000183,1.929
2016,Sale,E30000184,2.341
2016,Sale,E30000186,2.821
2016,Sale,E30000187,1.868
2016,Sale,E30000188,2.999
2016,Sale,E30000189,2.986
2016,Sale,E30000190,1.965
2016,Sale,E30000191,1.802
2016,Sale,E30000192,1.954
2016,Sale,E30000193,2.714
2016,Sale,E30000195,3.049
2016,Sale,E30000196,2.562
2016,Sale,E30000197,2.221
2016,Sale,E30000198,2.864
2016,Sale,E30000199,1.578
2016,Sale,E30000200,2.234
2016,Sale,E30000201,1.63
2016,Sale,E30000202,3.082
2016,Sale,E30000203,1.52
2016,Sale,E30000204,1.988
2016,Sale,E30000205,1.965
2016,Sale,E30000206,2.299
2016,Sale,E30000208,1.996
2016,Sale,E30000209,1.83
2016,Sale,E30000210,2.461
2016,Sale,E30000211,1.903
2016,Sale,E30000212,2.75
2016,Sale,E30000215,1.418
2016,Sale,E30000216,2.88
2016,Sale,E30000218,2.692
2016,Sale,E30000219,2.239
2016,Sale,E30000220,1.727
2016,Sale,E30000221,2.01
2016,Sale,E30000222,2.126
2016,Sale,E30000224,2.087
2016,Sale,E30000225,2.704
2016,Sale,E30000226,1.882
2016,Sale,E30000228,2.683
2016,Sale,E30000229,3.021
2016,Sale,E30000230,2.597
2016,Sale,E30000231,2.323
2016,Sale,E30000233,2.341
2016,Sale,E30000234,3.498
2016,Sale,E30000237,2.974
2016,Sale,E30000239,3.212
2016,Sale,E30000240,1.804
2016,Sale,E30000241,2.087
2016,Sale,E30000242,2.945
2016,Sale,E30000243,3.454
2016,Sale,E30000244,3.654
2016,Sale,E30000245,1.694
2016,Sale,E30000247,2.467
2016,Sale,E30000248,2.676
2016,Sale,E30000249,2.977
2016,Sale,E30000250,2.277
2016,Sale,E30000253,2.045
2016,Sale,E30000254,2.27
2016,Sale,E30000255,1.551
2016,Sale,E30000256,2.919
2016,Sale,E30000257,3.086
2016,Sale,E30000260,1.813
2016,Sale,E30000261,2.51
2016,Sale,E30000262,2.153
2016,Sale,E30000264,2.744
2016,Sale,E30000266,3.355
2016,Sale,E30000267,2.655
2016,Sale,E30000268,2.767
2016,Sale,E30000271,1.782
2016,Sale,E30000272,3.182
2016,Sale,E30000273,2.001
2016,Sale,E30000275,1.77
2016,Sale,E30000276,2.528
2016,Sale,E30000278,1.589
2016,Sale,E30000279,2.157
2016,Sale,E30000280,2.35
2016,Sale,E30000281,2.557
2016,Sale,E30000283,1.71
2016,Sale,E30000284,2.052
2016,Sale,E30000285,1.753
2016,Sale,E30000287,2.8
2016,Sale,E30000288,2.305
2016,Sale,E30000289,2.55
2016,Sale,E30000291,1.78
2016,Sale,E30000292,2.177
2016,Sale,E30000294,2.33
2016,Sale,K01000005,2.428
2016,Sale,K01000011,2.518
2016,Sale,K01000013,2.711
2016,Sale,S22000035,3.324
2016,Sale,S22000047,1.764
2016,Sale,S22000051,3.651
2016,Sale,S22000054,4.999
2016,Sale,S22000055,3.614
2016,Sale,S22000056,3.306
2016,Sale,S22000057,3.119
2016,Sale,S22000059,3.349
2016,Sale,S22000060,3.4
2016,Sale,S22000061,4.113
2016,Sale,S22000063,3.556
2016,Sale,S22000065,7.767
2016,Sale,S22000068,4.348
2016,Sale,S22000069,4.745
2016,Sale,S22000070,3.747
2016,Sale,S22000071,4.151
2016,Sale,S22000074,2.98
2016,Sale,S22000085,4.248
2016,Sale,W22000003,1.315
2016,Sale,W22000009,3.156
2016,Sale,W22000015,3.145
2016,Sale,W22000021,2.646
2016,Sale,W22000022,3.14
2016,Sale,W22000024,2.343
2016,Sale,W22000026,2.147
2016,Sale,W22000028,2.58
2016,Sale,W22000029,2.489
2016,Sale,W22000031,2.409
2016,Sale,W22000032,1.617
2016,Sale,W22000034,2.154
2017,Rent,E30000004,1.4
2017,Rent,E30000018,1.568
2017,Rent,E30000029,1.447
2017,Rent,E30000046,1.556
2017,Rent,E30000054,1.195
2017,Rent,E30000061,1.367
2017,Rent,E30000070,1.382
2017,Rent,E30000076,2.333
2017,Rent,E30000093,1.095
2017,Rent,E30000108,1.088
2017,Rent,E30000124,1.338
2017,Rent,E30000135,1.444
2017,Rent,E30000159,1.248
2017,Rent,E30000160,1.337
2017,Rent,E30000162,1.692
2017,Rent,E30000164,1.722
2017,Rent,E30000165,2.643
2017,Rent,E30000166,1.919
2017,Rent,E30000167,1.467
2017,Rent,E30000168,2.158
2017,Rent,E30000169,1.889
2017,Rent,E30000170,1.208
2017,Rent,E30000171,1.756
2017,Rent,E30000173,0.804
2017,Rent,E30000174,0.702
2017,Rent,E30000175,1.829
2017,Rent,E30000179,2.065
2017,Rent,E30000180,2.074
2017,Rent,E30000182,1.596
2017,Rent,E30000183,1.109
2017,Rent,E30000184,1.533
2017,Rent,E30000186,2.234
2017,Rent,E30000187,1.505
2017,Rent,E30000188,1.952
2017,Rent,E30000189,1.522
2017,Rent,E30000190,1.228
2017,Rent,E30000191,1.364
2017,Rent,E30000192,1.429
2017,Rent,E30000193,1.622
2017,Rent,E30000195,1.609
2017,Rent,E30000196,1.357
2017,Rent,E30000197,1.242
2017,Rent,E30000198,1.762
2017,Rent,E30000199,0.974
2017,Rent,E30000200,1.243
2017,Rent,E30000201,0.869
2017,Rent,E30000202,1.515
2017,Rent,E30000203,1.155
2017,Rent,E30000204,1.448
2017,Rent,E30000205,1.147
2017,Rent,E30000206,1.595
2017,Rent,E30000208,2.014
2017,Rent,E30000209,1.056
2017,Rent,E30000210,1.457
2017,Rent,E30000211,1.986
2017,Rent,E30000212,1.879
2017,Rent,E30000215,0.839
2017,Rent,E30000216,1.699
2017,Rent,E30000218,1.27
2017,Rent,E30000219,1.437
2017,Rent,E30000220,1.427
2017,Rent,E30000221,1.537
2017,Rent,E30000222,1.496
2017,Rent,E30000224,1.425
2017,Rent,E30000225,1.526
2017,Rent,E30000226,1.095
2017,Rent,E30000228,1.776
2017,Rent,E30000229,1.982
2017,Rent,E30000230,1.618
2017,Rent,E30000231,1.496
2017,Rent,E30000233,1.963
2017,Rent,E30000234,1.574
2017,Rent,E30000237,1.569
2017,Rent,E30000239,2.333
2017,Rent,E30000240,1.104
2017,Rent,E30000241,1.649
2017,Rent,E30000242,1.575
2017,Rent,E30000243,1.938
2017,Rent,E30000244,1.902
2017,Rent,E30000245,1.125
2017,Rent,E30000247,1.546
2017,Rent,E30000248,2.142
2017,Rent,E30000249,1.938
2017,Rent,E30000250,1.797
2017,Rent,E30000253,1.226
2017,Rent,E30000254,1.326
2017,Rent,E30000255,1.644
2017,Rent,E30000256,1.63
2017,Rent,E30000257,1.579
2017,Rent,E30000260,1.739
2017,Rent,E30000261,1.844
2017,Rent,E30000262,1.647
2017,Rent,E30000264,1.525
2017,Rent,E30000266,1.441
2017,Rent,E30000267,1.322
2017,Rent,E30000268,1.74
2017,Rent,E30000271,1.219
2017,Rent,E30000272,1.627
2017,Rent,E30000273,1.427
2017,Rent,E30000275,1.221
2017,Rent,E30000276,1.506
2017,Rent,E30000278,1.178
2017,Rent,E30000279,1.14
2017,Rent,E30000280,1.449
2017,Rent,E30000281,1.343
2017,Rent,E30000283,1.264
2017,Rent,E30000284,1.833
2017,Rent,E30000285,1.433
2017,Rent,E30000287,1.863
2017,Rent,E30000288,1.293
2017,Rent,E30000289,1.504
2017,Rent,E30000291,0.895
2017,Rent,E30000292,1.306
2017,Rent,E30000294,1.935
2017,Rent,K01000005,1.308
2017,Rent,K01000011,1.955
2017,Rent,K01000013,1.624
2017,Rent,S22000047,2.067
2017,Rent,S22000051,2.442
2017,Rent,S22000054,2.191
2017,Rent,S22000055,2.223
2017,Rent,S22000056,1.789
2017,Rent,S22000057,1.491
2017,Rent,S22000059,3.53
2017,Rent,S22000060,0.904
2017,Rent,S22000061,2.211
2017,Rent,S22000063,2.524
2017,Rent,S22000065,3.722
2017,Rent,S22000068,1.906
2017,Rent,S22000069,2.363
2017,Rent,S22000070,2.123
2017,Rent,S22000071,2.119
2017,Rent,S22000074,1.496
2017,Rent,S22000085,1.614
2017,Rent,W22000003,0.846
2017,Rent,W22000009,1.328
2017,Rent,W22000015,1.381
2017,Rent,W22000021,1.625
2017,Rent,W22000022,1.219
2017,Rent,W22000024,1.199
2017,Rent,W22000026,2.674
2017,Rent,W22000028,0.99
2017,Rent,W22000029,1.457
2017,Rent,W22000031,2.779
2017,Rent,W22000032,1.217
2017,Rent,W22000034,2.583
2017,Sale,E30000004,2.736
2017,Sale,E30000018,2.615
2017,Sale,E30000029,2.67
2017,Sale,E30000046,2.259
2017,Sale,E30000054,2.191
2017,Sale,E30000061,2.068
2017,Sale,E30000070,2.449
2017,Sale,E30000076,1.936
2017,Sale,E30000093,2.081
2017,Sale,E30000108,2.528
2017,Sale,E30000124,2.239
2017,Sale,E30000135,2.372
2017,Sale,E30000159,2.224
2017,Sale,E30000160,2.987
2017,Sale,E30000162,2.891
2017,Sale,E30000164,2.701
2017,Sale,E30000165,2.882
2017,Sale,E30000166,2.966
2017,Sale,E30000167,3.163
2017,Sale,E30000168,2.26
2017,Sale,E30000169,3.974
2017,Sale,E30000170,2.02
2017,Sale,E30000171,2.145
2017,Sale,E30000173,1.621
2017,Sale,E30000174,1.929
2017,Sale,E30000175,3.098
2017,Sale,E30000179,3.202
2017,Sale,E30000180,3.072
2017,Sale,E30000182,2.262
2017,Sale,E30000183,1.883
2017,Sale,E30000184,2.56
2017,Sale,E30000186,2.748
2017,Sale,E30000187,1.935
2017,Sale,E30000188,2.84
2017,Sale,E30000189,3.272
2017,Sale,E30000190,2.35
2017,Sale,E30000191,1.946
2017,Sale,E30000192,1.955
2017,Sale,E30000193,2.516
2017,Sale,E30000195,3.248
2017,Sale,E30000196,2.601
2017,Sale,E30000197,2.54
2017,Sale,E30000198,2.881
2017,Sale,E30000199,1.935
2017,Sale,E30000200,2.561
2017,Sale,E30000201,2.22
2017,Sale,E30000202,3.679
2017,Sale,E30000203,1.793
2017,Sale,E30000204,2.095
2017,Sale,E30000205,2.098
2017,Sale,E30000206,2.573
2017,Sale,E30000208,2.106
2017,Sale,E30000209,2.018
2017,Sale,E30000210,2.485
2017,Sale,E30000211,2.399
2017,Sale,E30000212,2.648
2017,Sale,E30000215,1.518
2017,Sale,E30000216,3.08
2017,Sale,E30000218,2.561
2017,Sale,E30000219,2.506
2017,Sale,E30000220,1.958
2017,Sale,E30000221,1.909
2017,Sale,E30000222,2.288
2017,Sale,E30000224,2.218
2017,Sale,E30000225,2.686
2017,Sale,E30000226,2.36
2017,Sale,E30000228,2.934
2017,Sale,E30000229,3.456
2017,Sale,E30000230,2.856
2017,Sale,E30000231,2.567
2017,Sale,E30000233,2.804
2017,Sale,E30000234,3.455
2017,Sale,E30000237,2.714
2017,Sale,E30000239,3.972
2017,Sale,E30000240,2.127
2017,Sale,E30000241,2.247
2017,Sale,E30000242,2.751
2017,Sale,E30000243,3.251
2017,Sale,E30000244,3.453
2017,Sale,E30000245,2.098
2017,Sale,E30000247,2.399
2017,Sale,E30000248,2.732
2017,Sale,E30000249,3.513
2017,Sale,E30000250,2.293
2017,Sale,E30000253,2.358
2017,Sale,E30000254,2.39
2017,Sale,E30000255,1.874
2017,Sale,E30000256,2.829
2017,Sale,E30000257,3.35
2017,Sale,E30000260,1.871
2017,Sale,E30000261,3.198
2017,Sale,E30000262,2.49
2017,Sale,E30000264,2.468
2017,Sale,E30000266,3.207
2017,Sale,E30000267,2.581
2017,Sale,E30000268,2.725
2017,Sale,E30000271,1.769
2017,Sale,E30000272,3.122
2017,Sale,E30000273,2.216
2017,Sale,E30000275,2.041
2017,Sale,E30000276,2.704
2017,Sale,E30000278,1.773
2017,Sale,E30000279,2.651
2017,Sale,E30000280,2.443
2017,Sale,E30000281,2.757
2017,Sale,E30000283,2.127
2017,Sale,E30000284,2.458
2017,Sale,E30000285,2.048
2017,Sale,E30000287,3.173
2017,Sale,E30000288,2.582
2017,Sale,E30000289,3.148
2017,Sale,E30000291,2.157
2017,Sale,E30000292,2.251
2017,Sale,E30000294,2.738
2017,Sale,K01000005,2.487
2017,Sale,K01000011,2.906
2017,Sale,K01000013,3.117
2017,Sale,S22000035,3.23
2017,Sale,S22000047,2.095
2017,Sale,S22000051,4.02
2017,Sale,S22000054,5.718
2017,Sale,S22000055,4.358
2017,Sale,S22000056,3.499
2017,Sale,S22000057,3.145
2017,Sale,S22000059,3.574
2017,Sale,S22000060,3.832
2017,Sale,S22000061,4.645
2017,Sale,S22000063,4.358
2017,Sale,S22000065,9.176
2017,Sale,S22000068,5.229
2017,Sale,S22000069,5.154
2017,Sale,S22000070,3.956
2017,Sale,S22000071,4.797
2017,Sale,S22000074,3.283
2017,Sale,S22000085,4.778
2017,Sale,W22000003,1.644
2017,Sale,W22000009,3.679
2017,Sale,W22000015,3.745
2017,Sale,W22000021,2.392
2017,Sale,W22000022,3.567
2017,Sale,W22000024,2.845
2017,Sale,W22000026,2.748
2017,Sale,W22000028,2.398
2017,Sale,W22000029,2.881
2017,Sale,W22000031,3.287
2017,Sale,W22000032,1.654
2017,Sale,W22000034,3.0
2018,Rent,E30000004,4.538
2018,Rent,E30000018,4.345
2018,Rent,E30000029,4.121
2018,Rent,E30000046,3.803
2018,Rent,E30000054,3.421
2018,Rent,E30000061,3.249
2018,Rent,E30000070,3.19
2018,Rent,E30000076,4.139
2018,Rent,E30000093,3.874
2018,Rent,E30000108,2.561
2018,Rent,E30000124,3.487
2018,Rent,E30000135,3.345
2018,Rent,E30000159,2.642
2018,Rent,E30000160,3.449
2018,Rent,E30000162,3.45
2018,Rent,E30000164,3.762
2018,Rent,E30000165,5.1
2018,Rent,E30000166,3.722
2018,Rent,E30000167,2.952
2018,Rent,E30000168,6.135
2018,Rent,E30000169,4.132
2018,Rent,E30000170,3.386
2018,Rent,E30000171,4.52
2018,Rent,E30000173,1.754
2018,Rent,E30000174,1.93
2018,Rent,E30000175,4.159
2018,Rent,E30000179,4.162
2018,Rent,E30000180,4.293
2018,Rent,E30000182,3.917
2018,Rent,E30000183,2.898
2018,Rent,E30000184,3.394
2018,Rent,E30000186,4.415
2018,Rent,E30000187,3.364
2018,Rent,E30000188,4.384
2018,Rent,E30000189,3.013
2018,Rent,E30000190,3.501
2018,Rent,E30000191,3.166
2018,Rent,E30000192,4.436
2018,Rent,E30000193,3.978
2018,Rent,E30000195,3.404
2018,Rent,E30000196,3.22
2018,Rent,E30000197,3.02
2018,Rent,E30000198,4.185
2018,Rent,E30000199,2.453
2018,Rent,E30000200,3.432
2018,Rent,E30000201,2.73
2018,Rent,E30000202,4.098
2018,Rent,E30000203,2.996
2018,Rent,E30000204,3.884
2018,Rent,E30000205,2.739
2018,Rent,E30000206,3.185
2018,Rent,E30000208,3.318
2018,Rent,E30000209,2.75
2018,Rent,E30000210,4.221
2018,Rent,E30000211,5.755
2018,Rent,E30000212,3.465
2018,Rent,E30000215,2.473
2018,Rent,E30000216,3.25
2018,Rent,E30000218,2.727
2018,Rent,E30000219,3.594
2018,Rent,E30000220,3.617
2018,Rent,E30000221,3.064
2018,Rent,E30000222,3.936
2018,Rent,E30000224,3.278
2018,Rent,E30000225,3.601
2018,Rent,E30000226,2.544
2018,Rent,E30000228,3.45
2018,Rent,E30000229,3.956
2018,Rent,E30000230,3.746
2018,Rent,E30000231,3.753
2018,Rent,E30000233,5.558
2018,Rent,E30000234,3.381
2018,Rent,E30000237,3.194
2018,Rent,E30000239,5.333
2018,Rent,E30000240,3.772
2018,Rent,E30000241,3.382
2018,Rent,E30000242,3.705
2018,Rent,E30000243,4.526
2018,Rent,E30000244,3.877
2018,Rent,E30000245,2.34
2018,Rent,E30000247,3.306
2018,Rent,E30000248,4.689
2018,Rent,E30000249,4.487
2018,Rent,E30000250,3.309
2018,Rent,E30000253,2.513
2018,Rent,E30000254,3.158
2018,Rent,E30000255,3.272
2018,Rent,E30000256,3.279
2018,Rent,E30000257,3.523
2018,Rent,E30000260,4.518
2018,Rent,E30000261,4.172
2018,Rent,E30000262,3.913
2018,Rent,E30000264,3.959
2018,Rent,E30000266,3.054
2018,Rent,E30000267,2.787
2018,Rent,E30000268,5.069
2018,Rent,E30000271,2.813
2018,Rent,E30000272,3.308
2018,Rent,E30000273,3.463
2018,Rent,E30000275,3.045
2018,Rent,E30000276,3.281
2018,Rent,E30000278,4.289
2018,Rent,E30000279,2.511
2018,Rent,E30000280,3.563
2018,Rent,E30000281,3.207
2018,Rent,E30000283,4.211
2018,Rent,E30000284,4.826
2018,Rent,E30000285,3.911
2018,Rent,E30000287,3.848
2018,Rent,E30000288,3.55
2018,Rent,E30000289,3.573
2018,Rent,E30000291,2.864
2018,Rent,E30000292,3.331
2018,Rent,E30000294,4.196
2018,Rent,K01000005,3.11
2018,Rent,K01000011,4.749
2018,Rent,K01000013,5.063
2018,Rent,S22000047,3.524
2018,Rent,S22000051,6.93
2018,Rent,S22000054,5.467
2018,Rent,S22000055,3.14
2018,Rent,S22000056,4.319
2018,Rent,S22000057,4.066
2018,Rent,S22000059,6.162
2018,Rent,S22000060,1.826
2018,Rent,S22000061,5.181
2018,Rent,S22000063,5.09
2018,Rent,S22000065,8.163
2018,Rent,S22000068,4.919
2018,Rent,S22000069,8.561
2018,Rent,S22000070,5.34
2018,Rent,S22000071,6.982
2018,Rent,S22000074,3.481
2018,Rent,S22000085,4.865
2018,Rent,W22000003,2.731
2018,Rent,W22000009,0.731
2018,Rent,W22000015,2.486
2018,Rent,W22000021,1.621
2018,Rent,W22000022,3.227
2018,Rent,W22000024,2.791
2018,Rent,W22000026,7.928
2018,Rent,W22000028,1.11
2018,Rent,W22000029,4.903
2018,Rent,W22000031,6.302
2018,Rent,W22000032,3.278
2018,Rent,W22000034,7.688
2018,Sale,E30000004,2.758
2018,Sale,E30000018,2.685
2018,Sale,E30000029,2.667
2018,Sale,E30000046,1.974
2018,Sale,E30000054,1.788
2018,Sale,E30000061,1.933
2018,Sale,E30000070,2.251
2018,Sale,E30000076,1.906
2018,Sale,E30000093,2.075
2018,Sale,E30000108,2.036
2018,Sale,E30000124,1.98
2018,Sale,E30000135,2.015
2018,Sale,E30000159,1.997
2018,Sale,E30000160,2.611
2018,Sale,E30000162,2.443
2018,Sale,E30000164,2.446
2018,Sale,E30000165,2.438
2018,Sale,E30000166,2.465
2018,Sale,E30000167,2.619
2018,Sale,E30000168,2.369
2018,Sale,E30000169,3.632
2018,Sale,E30000170,1.966
2018,Sale,E30000171,2.145
2018,Sale,E30000173,1.459
2018,Sale,E30000174,2.046
2018,Sale,E30000175,2.716
2018,Sale,E30000179,3.081
2018,Sale,E30000180,2.934
2018,Sale,E30000182,2.501
2018,Sale,E30000183,1.931
2018,Sale,E30000184,2.149
2018,Sale,E30000186,2.704
2018,Sale,E30000187,1.838
2018,Sale,E30000188,2.553
2018,Sale,E30000189,3.174
2018,Sale,E30000190,2.209
2018,Sale,E30000191,1.651
2018,Sale,E30000192,1.799
2018,Sale,E30000193,2.199
2018,Sale,E30000195,3.118
2018,Sale,E30000196,2.36
2018,Sale,E30000197,2.465
2018,Sale,E30000198,2.622
2018,Sale,E30000199,1.925
2018,Sale,E30000200,2.588
2018,Sale,E30000201,2.307
2018,Sale,E30000202,3.609
2018,Sale,E30000203,1.863
2018,Sale,E30000204,1.882
2018,Sale,E30000205,1.867
2018,Sale,E30000206,2.215
2018,Sale,E30000208,1.896
2018,Sale,E30000209,1.814
2018,Sale,E30000210,2.346
2018,Sale,E30000211,2.333
2018,Sale,E30000212,2.555
2018,Sale,E30000215,1.572
2018,Sale,E30000216,2.468
2018,Sale,E30000218,2.149
2018,Sale,E30000219,2.618
2018,Sale,E30000220,1.991
2018,Sale,E30000221,1.774
2018,Sale,E30000222,2.061
2018,Sale,E30000224,1.772
2018,Sale,E30000225,2.396
2018,Sale,E30000226,1.961
2018,Sale,E30000228,2.971
2018,Sale,E30000229,3.299
2018,Sale,E30000230,2.843
2018,Sale,E30000231,2.307
2018,Sale,E30000233,2.778
2018,Sale,E30000234,3.362
2018,Sale,E30000237,2.35
2018,Sale,E30000239,3.821
2018,Sale,E30000240,2.079
2018,Sale,E30000241,1.849
2018,Sale,E30000242,2.448
2018,Sale,E30000243,2.877
2018,Sale,E30000244,2.967
2018,Sale,E30000245,2.109
2018,Sale,E30000247,2.236
2018,Sale,E30000248,2.461
2018,Sale,E30000249,3.364
2018,Sale,E30000250,2.182
2018,Sale,E30000253,2.123
2018,Sale,E30000254,2.045
2018,Sale,E30000255,1.9
2018,Sale,E30000256,2.539
2018,Sale,E30000257,2.954
2018,Sale,E30000260,1.774
2018,Sale,E30000261,3.181
2018,Sale,E30000262,2.291
2018,Sale,E30000264,2.163
2018,Sale,E30000266,3.091
2018,Sale,E30000267,2.437
2018,Sale,E30000268,2.607
2018,Sale,E30000271,2.04
2018,Sale,E30000272,3.004
2018,Sale,E30000273,2.289
2018,Sale,E30000275,2.016
2018,Sale,E30000276,2.391
2018,Sale,E30000278,2.068
2018,Sale,E30000279,2.158
2018,Sale,E30000280,2.142
2018,Sale,E30000281,2.602
2018,Sale,E30000283,2.405
2018,Sale,E30000284,2.476
2018,Sale,E30000285,2.121
2018,Sale,E30000287,2.69
2018,Sale,E30000288,2.66
2018,Sale,E30000289,3.009
2018,Sale,E30000291,1.915
2018,Sale,E30000292,2.008
2018,Sale,E30000294,3.043
2018,Sale,K01000005,1.97
2018,Sale,K01000011,2.975
2018,Sale,K01000013,3.226
2018,Sale,S22000035,1.836
2018,Sale,S22000039,4.17
2018,Sale,S22000047,2.128
2018,Sale,S22000051,4.347
2018,Sale,S22000054,5.227
2018,Sale,S22000055,3.981
2018,Sale,S22000056,3.778
2018,Sale,S22000057,3.045
2018,Sale,S22000059,3.292
2018,Sale,S22000060,3.446
2018,Sale,S22000061,4.408
2018,Sale,S22000063,3.953
2018,Sale,S22000065,9.443
2018,Sale,S22000068,4.447
2018,Sale,S22000069,5.225
2018,Sale,S22000070,3.741
2018,Sale,S22000071,5.049
2018,Sale,S22000074,3.214
2018,Sale,S22000085,5.284
2018,Sale,W22000003,1.634
2018,Sale,W22000009,2.135
2018,Sale,W22000015,2.887
2018,Sale,W22000021,2.693
2018,Sale,W22000022,3.297
2018,Sale,W22000024,2.943
2018,Sale,W22000026,2.686
2018,Sale,W22000028,1.904
2018,Sale,W22000029,3.036
2018,Sale,W22000031,3.02
2018,Sale,W22000032,1.626
2018,Sale,W22000034,3.208
2019,Rent,E30000004,5.736
2019,Rent,E30000018,5.853
2019,Rent,E30000029,4.876
2019,Rent,E30000046,4.251
2019,Rent,E30000054,3.722
2019,Rent,E30000061,3.205
2019,Rent,E30000070,3.956
2019,Rent,E30000076,6.204
2019,Rent,E30000093,4.668
2019,Rent,E30000108,2.757
2019,Rent,E30000124,3.389
2019,Rent,E30000135,3.801
2019,Rent,E30000159,2.875
2019,Rent,E30000160,3.53
2019,Rent,E30000162,3.671
2019,Rent,E30000164,3.904
2019,Rent,E30000165,5.052
2019,Rent,E30000166,4.131
2019,Rent,E30000167,3.37
2019,Rent,E30000168,7.876
2019,Rent,E30000169,4.365
2019,Rent,E30000170,4.545
2019,Rent,E30000171,5.171
2019,Rent,E30000173,2.101
2019,Rent,E30000174,2.166
2019,Rent,E30000175,4.514
2019,Rent,E30000179,4.108
2019,Rent,E30000180,5.226
2019,Rent,E30000182,4.785
2019,Rent,E30000183,3.687
2019,Rent,E30000184,3.756
2019,Rent,E30000186,5.278
2019,Rent,E30000187,3.566
2019,Rent,E30000188,5.417
2019,Rent,E30000189,3.159
2019,Rent,E30000190,4.068
2019,Rent,E30000191,3.213
2019,Rent,E30000192,4.371
2019,Rent,E30000193,4.541
2019,Rent,E30000195,3.454
2019,Rent,E30000196,3.838
2019,Rent,E30000197,3.6
2019,Rent,E30000198,5.058
2019,Rent,E30000199,3.073
2019,Rent,E30000200,3.884
2019,Rent,E30000201,3.467
2019,Rent,E30000202,4.479
2019,Rent,E30000203,3.441
2019,Rent,E30000204,4.859
2019,Rent,E30000205,2.918
2019,Rent,E30000206,3.459
2019,Rent,E30000208,3.834
2019,Rent,E30000209,3.03
2019,Rent,E30000210,4.846
2019,Rent,E30000211,5.544
2019,Rent,E30000212,3.93
2019,Rent,E30000215,3.372
2019,Rent,E30000216,3.469
2019,Rent,E30000218,3.187
2019,Rent,E30000219,4.514
2019,Rent,E30000220,3.807
2019,Rent,E30000221,3.197
2019,Rent,E30000222,4.287
2019,Rent,E30000224,3.556
2019,Rent,E30000225,4.423
2019,Rent,E30000226,2.594
2019,Rent,E30000228,3.956
2019,Rent,E30000229,4.156
2019,Rent,E30000230,4.238
2019,Rent,E30000231,4.005
2019,Rent,E30000233,6.755
2019,Rent,E30000234,4.282
2019,Rent,E30000237,3.832
2019,Rent,E30000239,6.614
2019,Rent,E30000240,4.896
2019,Rent,E30000241,3.203
2019,Rent,E30000242,4.244
2019,Rent,E30000243,5.449
2019,Rent,E30000244,4.453
2019,Rent,E30000245,2.949
2019,Rent,E30000247,3.445
2019,Rent,E30000248,4.983
2019,Rent,E30000249,5.298
2019,Rent,E30000250,3.449
2019,Rent,E30000253,3.261
2019,Rent,E30000254,4.007
2019,Rent,E30000255,4.331
2019,Rent,E30000256,3.692
2019,Rent,E30000257,3.947
2019,Rent,E30000260,7.011
2019,Rent,E30000261,4.87
2019,Rent,E30000262,4.589
2019,Rent,E30000264,4.277
2019,Rent,E30000266,3.892
2019,Rent,E30000267,3.5
2019,Rent,E30000268,5.881
2019,Rent,E30000271,3.295
2019,Rent,E30000272,4.08
2019,Rent,E30000273,4.167
2019,Rent,E30000275,3.81
2019,Rent,E30000276,3.636
2019,Rent,E30000278,4.466
2019,Rent,E30000279,3.098
2019,Rent,E30000280,4.171
2019,Rent,E30000281,3.41
2019,Rent,E30000283,4.536
2019,Rent,E30000284,6.168
2019,Rent,E30000285,4.367
2019,Rent,E30000287,4.159
2019,Rent,E30000288,4.406
2019,Rent,E30000289,4.011
2019,Rent,E30000291,3.082
2019,Rent,E30000292,3.497
2019,Rent,E30000294,4.803
2019,Rent,K01000005,3.731
2019,Rent,K01000011,5.721
2019,Rent,K01000013,5.47
2019,Rent,S22000047,3.609
2019,Rent,S22000051,9.468
2019,Rent,S22000054,6.354
2019,Rent,S22000055,3.168
2019,Rent,S22000056,3.136
2019,Rent,S22000057,4.638
2019,Rent,S22000059,7.295
2019,Rent,S22000060,2.081
2019,Rent,S22000061,6.028
2019,Rent,S22000063,5.479
2019,Rent,S22000065,8.987
2019,Rent,S22000068,4.792
2019,Rent,S22000069,10.753
2019,Rent,S22000070,5.93
2019,Rent,S22000071,8.403
2019,Rent,S22000074,2.615
2019,Rent,S22000085,6.294
2019,Rent,W22000003,2.732
2019,Rent,W22000009,0.903
2019,Rent,W22000015,2.723
2019,Rent,W22000021,0.683
2019,Rent,W22000022,2.142
2019,Rent,W22000024,3.109
2019,Rent,W22000026,8.295
2019,Rent,W22000028,2.156
2019,Rent,W22000029,5.479
2019,Rent,W22000031,7.409
2019,Rent,W22000032,3.463
2019,Rent,W22000034,8.537
2019,Sale,E30000004,3.015
2019,Sale,E30000018,2.771
2019,Sale,E30000029,2.817
2019,Sale,E30000046,2.014
2019,Sale,E30000054,1.63
2019,Sale,E30000061,1.839
2019,Sale,E30000070,2.132
2019,Sale,E30000076,2.526
2019,Sale,E30000093,2.189
2019,Sale,E30000108,1.847
2019,Sale,E30000124,1.788
2019,Sale,E30000135,2.069
2019,Sale,E30000159,2.092
2019,Sale,E30000160,2.5
2019,Sale,E30000162,2.316
2019,Sale,E30000164,2.634
2019,Sale,E30000165,2.775
2019,Sale,E30000166,2.559
2019,Sale,E30000167,2.544
2019,Sale,E30000168,2.807
2019,Sale,E30000169,3.469
2019,Sale,E30000170,2.089
2019,Sale,E30000171,2.207
2019,Sale,E30000173,1.519
2019,Sale,E30000174,1.703
2019,Sale,E30000175,2.901
2019,Sale,E30000179,3.758
2019,Sale,E30000180,3.217
2019,Sale,E30000182,2.633
2019,Sale,E30000183,1.967
2019,Sale,E30000184,2.204
2019,Sale,E30000186,3.058
2019,Sale,E30000187,1.911
2019,Sale,E30000188,2.626
2019,Sale,E30000189,3.104
2019,Sale,E30000190,2.013
2019,Sale,E30000191,1.693
2019,Sale,E30000192,1.567
2019,Sale,E30000193,2.172
2019,Sale,E30000195,2.87
2019,Sale,E30000196,2.621
2019,Sale,E30000197,2.344
2019,Sale,E30000198,2.437
2019,Sale,E30000199,2.03
2019,Sale,E30000200,2.681
2019,Sale,E30000201,2.655
2019,Sale,E30000202,3.574
2019,Sale,E30000203,1.745
2019,Sale,E30000204,2.1
2019,Sale,E30000205,1.89
2019,Sale,E30000206,2.183
2019,Sale,E30000208,1.86
2019,Sale,E30000209,1.856
2019,Sale,E30000210,2.261
2019,Sale,E30000211,2.248
2019,Sale,E30000212,2.803
2019,Sale,E30000215,1.734
2019,Sale,E30000216,2.308
2019,Sale,E30000218,2.373
2019,Sale,E30000219,2.79
2019,Sale,E30000220,1.912
2019,Sale,E30000221,1.849
2019,Sale,E30000222,2.035
2019,Sale,E30000224,1.857
2019,Sale,E30000225,2.479
2019,Sale,E30000226,2.08
2019,Sale,E30000228,2.777
2019,Sale,E30000229,3.567
2019,Sale,E30000230,2.89
2019,Sale,E30000231,2.196
2019,Sale,E30000233,3.218
2019,Sale,E30000234,4.529
2019,Sale,E30000237,2.647
2019,Sale,E30000239,3.902
2019,Sale,E30000240,2.057
2019,Sale,E30000241,1.713
2019,Sale,E30000242,2.313
2019,Sale,E30000243,3.214
2019,Sale,E30000244,3.424
2019,Sale,E30000245,2.383
2019,Sale,E30000247,2.245
2019,Sale,E30000248,2.675
2019,Sale,E30000249,3.678
2019,Sale,E30000250,2.388
2019,Sale,E30000253,2.222
2019,Sale,E30000254,2.243
2019,Sale,E30000255,1.834
2019,Sale,E30000256,3.057
2019,Sale,E30000257,2.941
2019,Sale,E30000260,1.766
2019,Sale,E30000261,3.473
2019,Sale,E30000262,2.251
2019,Sale,E30000264,2.032
2019,Sale,E30000266,3.834
2019,Sale,E30000267,2.468
2019,Sale,E30000268,2.781
2019,Sale,E30000271,1.984
2019,Sale,E30000272,3.359
2019,Sale,E30000273,2.374
2019,Sale,E30000275,2.241
2019,Sale,E30000276,2.578
2019,Sale,E30000278,2.011
2019,Sale,E30000279,2.135
2019,Sale,E30000280,2.284
2019,Sale,E30000281,2.847
2019,Sale,E30000283,2.429
2019,Sale,E30000284,2.482
2019,Sale,E30000285,2.288
2019,Sale,E30000287,2.506
2019,Sale,E30000288,2.755
2019,Sale,E30000289,2.88
2019,Sale,E30000291,1.851
2019,Sale,E30000292,2.156
2019,Sale,E30000294,3.159
2019,Sale,K01000005,1.744
2019,Sale,K01000011,3.209
2019,Sale,K01000013,2.976
2019,Sale,S22000035,1.828
2019,Sale,S22000039,3.78
2019,Sale,S22000047,2.423
2019,Sale,S22000051,4.442
2019,Sale,S22000054,6.063
2019,Sale,S22000055,3.305
2019,Sale,S22000056,3.497
2019,Sale,S22000057,3.394
2019,Sale,S22000059,3.157
2019,Sale,S22000060,3.476
2019,Sale,S22000061,4.472
2019,Sale,S22000063,4.213
2019,Sale,S22000065,10.229
2019,Sale,S22000068,3.783
2019,Sale,S22000069,5.616
2019,Sale,S22000070,3.655
2019,Sale,S22000071,5.451
2019,Sale,S22000074,3.093
2019,Sale,S22000085,6.304
2019,Sale,W22000003,1.795
2019,Sale,W22000009,2.413
2019,Sale,W22000015,2.5
2019,Sale,W22000021,2.585
2019,Sale,W22000022,3.54
2019,Sale,W22000024,2.907
2019,Sale,W22000026,2.685
2019,Sale,W22000028,2.005
2019,Sale,W22000029,2.988
2019,Sale,W22000031,2.91
2019,Sale,W22000032,1.649
2019,Sale,W22000034,3.353
2020,Rent,E30000004,12.532
2020,Rent,E30000018,9.798
2020,Rent,E30000029,8.485
2020,Rent,E30000046,7.498
2020,Rent,E30000054,6.297
2020,Rent,E30000061,6.236
2020,Rent,E30000070,7.051
2020,Rent,E30000076,12.041
2020,Rent,E30000093,9.599
2020,Rent,E30000108,5.103
2020,Rent,E30000124,7.217
2020,Rent,E30000135,6.963
2020,Rent,E30000159,5.715
2020,Rent,E30000160,7.549
2020,Rent,E30000162,6.394
2020,Rent,E30000164,5.74
2020,Rent,E30000165,7.371
2020,Rent,E30000166,7.301
2020,Rent,E30000167,9.011
2020,Rent,E30000168,16.965
2020,Rent,E30000169,6.75
2020,Rent,E30000170,10.043
2020,Rent,E30000171,12.529
2020,Rent,E30000173,4.528
2020,Rent,E30000174,5.034
2020,Rent,E30000175,7.366
2020,Rent,E30000179,6.088
2020,Rent,E30000180,8.307
2020,Rent,E30000182,9.613
2020,Rent,E30000183,6.878
2020,Rent,E30000184,6.184
2020,Rent,E30000186,7.604
2020,Rent,E30000187,5.271
2020,Rent,E30000188,9.314
2020,Rent,E30000189,5.108
2020,Rent,E30000190,8.064
2020,Rent,E30000191,5.697
2020,Rent,E30000192,7.48
2020,Rent,E30000193,6.782
2020,Rent,E30000195,6.203
2020,Rent,E30000196,5.794
2020,Rent,E30000197,6.48
2020,Rent,E30000198,9.499
2020,Rent,E30000199,6.408
2020,Rent,E30000200,7.28
2020,Rent,E30000201,8.441
2020,Rent,E30000202,9.304
2020,Rent,E30000203,6.616
2020,Rent,E30000204,8.407
2020,Rent,E30000205,4.887
2020,Rent,E30000206,6.011
2020,Rent,E30000208,7.877
2020,Rent,E30000209,4.872
2020,Rent,E30000210,9.499
2020,Rent,E30000211,11.02
2020,Rent,E30000212,5.451
2020,Rent,E30000215,6.611
2020,Rent,E30000216,6.431
2020,Rent,E30000218,4.953
2020,Rent,E30000219,8.704
2020,Rent,E30000220,7.616
2020,Rent,E30000221,6.049
2020,Rent,E30000222,7.191
2020,Rent,E30000224,7.427
2020,Rent,E30000225,8.037
2020,Rent,E30000226,5.273
2020,Rent,E30000228,5.531
2020,Rent,E30000229,6.49
2020,Rent,E30000230,7.126
2020,Rent,E30000231,6.537
2020,Rent,E30000233,10.528
2020,Rent,E30000234,4.729
2020,Rent,E30000237,6.629
2020,Rent,E30000239,10.252
2020,Rent,E30000240,9.308
2020,Rent,E30000241,6.418
2020,Rent,E30000242,8.128
2020,Rent,E30000243,7.604
2020,Rent,E30000244,6.417
2020,Rent,E30000245,5.112
2020,Rent,E30000247,7.229
2020,Rent,E30000248,8.189
2020,Rent,E30000249,8.539
2020,Rent,E30000250,4.965
2020,Rent,E30000253,6.55
2020,Rent,E30000254,7.069
2020,Rent,E30000255,9.392
2020,Rent,E30000256,4.969
2020,Rent,E30000257,8.041
2020,Rent,E30000260,13.545
2020,Rent,E30000261,7.979
2020,Rent,E30000262,9.213
2020,Rent,E30000264,8.388
2020,Rent,E30000266,5.112
2020,Rent,E30000267,5.511
2020,Rent,E30000268,11.73
2020,Rent,E30000271,5.895
2020,Rent,E30000272,6.699
2020,Rent,E30000273,7.559
2020,Rent,E30000275,7.762
2020,Rent,E30000276,5.37
2020,Rent,E30000278,9.701
2020,Rent,E30000279,6.707
2020,Rent,E30000280,7.291
2020,Rent,E30000281,5.97
2020,Rent,E30000283,11.107
2020,Rent,E30000284,12.517
2020,Rent,E30000285,7.988
2020,Rent,E30000287,9.166
2020,Rent,E30000288,9.413
2020,Rent,E30000289,7.29
2020,Rent,E30000291,6.737
2020,Rent,E30000292,6.224
2020,Rent,E30000294,5.795
2020,Rent,K01000005,6.799
2020,Rent,K01000011,9.614
2020,Rent,K01000013,11.568
2020,Rent,S22000047,5.007
2020,Rent,S22000051,17.103
2020,Rent,S22000054,12.197
2020,Rent,S22000055,4.634
2020,Rent,S22000056,4.168
2020,Rent,S22000057,9.987
2020,Rent,S22000059,8.683
2020,Rent,S22000060,3.125
2020,Rent,S22000061,9.576
2020,Rent,S22000063,8.595
2020,Rent,S22000065,13.663
2020,Rent,S22000068,7.464
2020,Rent,S22000069,20.506
2020,Rent,S22000070,9.537
2020,Rent,S22000071,15.102
2020,Rent,S22000074,5.449
2020,Rent,S22000085,10.025
2020,Rent,W22000003,5.885
2020,Rent,W22000009,2.708
2020,Rent,W22000015,5.839
2020,Rent,W22000021,1.96
2020,Rent,W22000022,3.347
2020,Rent,W22000024,5.597
2020,Rent,W22000026,12.982
2020,Rent,W22000028,2.391
2020,Rent,W22000029,9.637
2020,Rent,W22000031,9.809
2020,Rent,W22000032,5.119
2020,Rent,W22000034,18.563
2020,Sale,E30000004,4.852
2020,Sale,E30000018,5.067
2020,Sale,E30000029,4.743
2020,Sale,E30000046,3.292
2020,Sale,E30000054,2.82
2020,Sale,E30000061,3.109
2020,Sale,E30000070,3.149
2020,Sale,E30000076,4.562
2020,Sale,E30000093,4.007
2020,Sale,E30000108,3.37
2020,Sale,E30000124,3.566
2020,Sale,E30000135,3.313
2020,Sale,E30000159,3.007
2020,Sale,E30000160,3.79
2020,Sale,E30000162,3.856
2020,Sale,E30000164,3.8
2020,Sale,E30000165,4.197
2020,Sale,E30000166,4.288
2020,Sale,E30000167,4.377
2020,Sale,E30000168,4.652
2020,Sale,E30000169,5.17
2020,Sale,E30000170,3.873
2020,Sale,E30000171,4.701
2020,Sale,E30000173,3.04
2020,Sale,E30000174,3.301
2020,Sale,E30000175,4.218
2020,Sale,E30000179,5.006
2020,Sale,E30000180,4.959
2020,Sale,E30000182,4.323
2020,Sale,E30000183,3.158
2020,Sale,E30000184,3.676
2020,Sale,E30000186,4.867
2020,Sale,E30000187,2.819
2020,Sale,E30000188,4.106
2020,Sale,E30000189,4.501
2020,Sale,E30000190,3.487
2020,Sale,E30000191,2.887
2020,Sale,E30000192,3.007
2020,Sale,E30000193,3.626
2020,Sale,E30000195,4.496
2020,Sale,E30000196,3.797
2020,Sale,E30000197,4.073
2020,Sale,E30000198,4.167
2020,Sale,E30000199,3.408
2020,Sale,E30000200,4.462
2020,Sale,E30000201,4.345
2020,Sale,E30000202,5.673
2020,Sale,E30000203,3.292
2020,Sale,E30000204,3.046
2020,Sale,E30000205,3.236
2020,Sale,E30000206,3.352
2020,Sale,E30000208,2.963
2020,Sale,E30000209,3.009
2020,Sale,E30000210,3.286
2020,Sale,E30000211,3.853
2020,Sale,E30000212,4.303
2020,Sale,E30000215,2.723
2020,Sale,E30000216,3.724
2020,Sale,E30000218,4.119
2020,Sale,E30000219,4.794
2020,Sale,E30000220,3.056
2020,Sale,E30000221,3.227
2020,Sale,E30000222,3.222
2020,Sale,E30000224,2.959
2020,Sale,E30000225,4.023
2020,Sale,E30000226,3.692
2020,Sale,E30000228,3.978
2020,Sale,E30000229,5.211
2020,Sale,E30000230,4.628
2020,Sale,E30000231,3.559
2020,Sale,E30000233,6.333
2020,Sale,E30000234,5.644
2020,Sale,E30000237,4.148
2020,Sale,E30000239,6.281
2020,Sale,E30000240,3.474
2020,Sale,E30000241,3.091
2020,Sale,E30000242,3.781
2020,Sale,E30000243,5.537
2020,Sale,E30000244,5.387
2020,Sale,E30000245,3.965
2020,Sale,E30000247,3.799
2020,Sale,E30000248,3.867
2020,Sale,E30000249,5.442
2020,Sale,E30000250,4.001
2020,Sale,E30000253,3.75
2020,Sale,E30000254,3.523
2020,Sale,E30000255,3.928
2020,Sale,E30000256,4.748
2020,Sale,E30000257,4.995
2020,Sale,E30000260,3.068
2020,Sale,E30000261,5.491
2020,Sale,E30000262,3.559
2020,Sale,E30000264,3.472
2020,Sale,E30000266,5.249
2020,Sale,E30000267,3.446
2020,Sale,E30000268,4.084
2020,Sale,E30000271,2.988
2020,Sale,E30000272,4.933
2020,Sale,E30000273,4.104
2020,Sale,E30000275,3.717
2020,Sale,E30000276,4.079
2020,Sale,E30000278,3.304
2020,Sale,E30000279,3.159
2020,Sale,E30000280,3.406
2020,Sale,E30000281,4.202
2020,Sale,E30000283,3.871
2020,Sale,E30000284,4.363
2020,Sale,E30000285,3.314
2020,Sale,E30000287,4.703
2020,Sale,E30000288,4.365
2020,Sale,E30000289,4.606
2020,Sale,E30000291,3.216
2020,Sale,E30000292,3.331
2020,Sale,E30000294,4.226
2020,Sale,K01000005,2.991
2020,Sale,K01000011,5.222
2020,Sale,K01000013,4.972
2020,Sale,S22000035,2.053
2020,Sale,S22000039,5.347
2020,Sale,S22000047,3.586
2020,Sale,S22000051,6.725
2020,Sale,S22000054,9.666
2020,Sale,S22000055,5.979
2020,Sale,S22000056,5.24
2020,Sale,S22000057,5.412
2020,Sale,S22000059,4.473
2020,Sale,S22000060,4.622
2020,Sale,S22000061,7.095
2020,Sale,S22000063,6.35
2020,Sale,S22000065,14.053
2020,Sale,S22000068,5.473
2020,Sale,S22000069,9.205
2020,Sale,S22000070,5.431
2020,Sale,S22000071,9.096
2020,Sale,S22000074,5.001
2020,Sale,S22000085,9.04
2020,Sale,W22000003,3.11
2020,Sale,W22000009,3.274
2020,Sale,W22000015,4.918
2020,Sale,W22000021,4.683
2020,Sale,W22000022,6.161
2020,Sale,W22000024,5.103
2020,Sale,W22000026,4.555
2020,Sale,W22000028,2.949
2020,Sale,W22000029,5.738
2020,Sale,W22000031,5.972
2020,Sale,W22000032,2.851
2020,Sale,W22000034,5.916
2021,Rent,E30000004,16.142
2021,Rent,E30000018,12.642
2021,Rent,E30000029,11.141
2021,Rent,E30000046,10.161
2021,Rent,E30000054,8.812
2021,Rent,E30000061,7.552
2021,Rent,E30000070,9.944
2021,Rent,E30000076,18.158
2021,Rent,E30000093,11.489
2021,Rent,E30000108,6.454
2021,Rent,E30000124,9.144
2021,Rent,E30000135,9.657
2021,Rent,E30000159,7.215
2021,Rent,E30000160,9.965
2021,Rent,E30000162,9.376
2021,Rent,E30000164,7.116
2021,Rent,E30000165,8.553
2021,Rent,E30000166,8.275
2021,Rent,E30000167,15.538
2021,Rent,E30000168,20.881
2021,Rent,E30000169,8.727
2021,Rent,E30000170,13.056
2021,Rent,E30000171,18.367
2021,Rent,E30000173,5.497
2021,Rent,E30000174,6.956
2021,Rent,E30000175,10.708
2021,Rent,E30000179,7.885
2021,Rent,E30000180,11.6
2021,Rent,E30000182,11.428
2021,Rent,E30000183,8.857
2021,Rent,E30000184,7.179
2021,Rent,E30000186,9.444
2021,Rent,E30000187,5.957
2021,Rent,E30000188,10.616
2021,Rent,E30000189,6.135
2021,Rent,E30000190,11.52
2021,Rent,E30000191,7.37
2021,Rent,E30000192,8.322
2021,Rent,E30000193,7.957
2021,Rent,E30000195,7.823
2021,Rent,E30000196,6.72
2021,Rent,E30000197,8.256
2021,Rent,E30000198,12.451
2021,Rent,E30000199,7.619
2021,Rent,E30000200,9.852
2021,Rent,E30000201,10.7
2021,Rent,E30000202,12.426
2021,Rent,E30000203,7.824
2021,Rent,E30000204,9.942
2021,Rent,E30000205,7.096
2021,Rent,E30000206,8.783
2021,Rent,E30000208,9.007
2021,Rent,E30000209,5.835
2021,Rent,E30000210,14.112
2021,Rent,E30000211,17.073
2021,Rent,E30000212,5.861
2021,Rent,E30000215,8.791
2021,Rent,E30000216,8.934
2021,Rent,E30000218,5.322
2021,Rent,E30000219,10.803
2021,Rent,E30000220,10.376
2021,Rent,E30000221,7.61
2021,Rent,E30000222,9.283
2021,Rent,E30000224,9.016
2021,Rent,E30000225,9.231
2021,Rent,E30000226,6.287
2021,Rent,E30000228,6.721
2021,Rent,E30000229,8.667
2021,Rent,E30000230,8.415
2021,Rent,E30000231,8.56
2021,Rent,E30000233,12.4
2021,Rent,E30000234,6.406
2021,Rent,E30000237,7.127
2021,Rent,E30000239,12.387
2021,Rent,E30000240,11.263
2021,Rent,E30000241,8.869
2021,Rent,E30000242,8.644
2021,Rent,E30000243,9.969
2021,Rent,E30000244,8.038
2021,Rent,E30000245,6.599
2021,Rent,E30000247,8.863
2021,Rent,E30000248,10.663
2021,Rent,E30000249,11.366
2021,Rent,E30000250,6.257
2021,Rent,E30000253,10.227
2021,Rent,E30000254,8.665
2021,Rent,E30000255,11.969
2021,Rent,E30000256,6.352
2021,Rent,E30000257,14.224
2021,Rent,E30000260,18.912
2021,Rent,E30000261,10.617
2021,Rent,E30000262,12.249
2021,Rent,E30000264,9.544
2021,Rent,E30000266,5.618
2021,Rent,E30000267,7.445
2021,Rent,E30000268,14.823
2021,Rent,E30000271,8.059
2021,Rent,E30000272,8.31
2021,Rent,E30000273,9.662
2021,Rent,E30000275,8.916
2021,Rent,E30000276,7.873
2021,Rent,E30000278,12.916
2021,Rent,E30000279,11.193
2021,Rent,E30000280,9.798
2021,Rent,E30000281,6.118
2021,Rent,E30000283,11.314
2021,Rent,E30000284,14.825
2021,Rent,E30000285,9.938
2021,Rent,E30000287,12.842
2021,Rent,E30000288,12.091
2021,Rent,E30000289,9.281
2021,Rent,E30000291,7.738
2021,Rent,E30000292,9.694
2021,Rent,E30000294,7.933
2021,Rent,K01000005,7.883
2021,Rent,K01000011,11.325
2021,Rent,K01000013,13.945
2021,Rent,S22000047,4.613
2021,Rent,S22000051,18.416
2021,Rent,S22000054,13.999
2021,Rent,S22000055,6.445
2021,Rent,S22000056,5.794
2021,Rent,S22000057,10.285
2021,Rent,S22000059,12.886
2021,Rent,S22000060,3.213
2021,Rent,S22000061,11.092
2021,Rent,S22000063,9.781
2021,Rent,S22000065,20.667
2021,Rent,S22000068,8.034
2021,Rent,S22000069,28.749
2021,Rent,S22000070,11.462
2021,Rent,S22000071,16.268
2021,Rent,S22000074,7.358
2021,Rent,S22000085,8.743
2021,Rent,W22000003,6.397
2021,Rent,W22000009,2.297
2021,Rent,W22000015,7.382
2021,Rent,W22000021,2.609
2021,Rent,W22000022,4.764
2021,Rent,W22000024,8.262
2021,Rent,W22000026,14.532
2021,Rent,W22000028,4.161
2021,Rent,W22000029,12.293
2021,Rent,W22000031,17.342
2021,Rent,W22000032,6.357
2021,Rent,W22000034,32.466
2021,Sale,E30000004,5.812
2021,Sale,E30000018,6.68
2021,Sale,E30000029,5.868
2021,Sale,E30000046,3.811
2021,Sale,E30000054,3.578
2021,Sale,E30000061,3.647
2021,Sale,E30000070,3.885
2021,Sale,E30000076,5.73
2021,Sale,E30000093,4.449
2021,Sale,E30000108,4.846
2021,Sale,E30000124,4.146
2021,Sale,E30000135,4.119
2021,Sale,E30000159,3.758
2021,Sale,E30000160,4.607
2021,Sale,E30000162,4.387
2021,Sale,E30000164,5.016
2021,Sale,E30000165,5.19
2021,Sale,E30000166,5.219
2021,Sale,E30000167,4.887
2021,Sale,E30000168,5.662
2021,Sale,E30000169,6.995
2021,Sale,E30000170,4.447
2021,Sale,E30000171,6.015
2021,Sale,E30000173,3.488
2021,Sale,E30000174,3.583
2021,Sale,E30000175,5.823
2021,Sale,E30000179,6.884
2021,Sale,E30000180,6.738
2021,Sale,E30000182,4.785
2021,Sale,E30000183,4.021
2021,Sale,E30000184,4.514
2021,Sale,E30000186,5.967
2021,Sale,E30000187,3.4
2021,Sale,E30000188,5.052
2021,Sale,E30000189,5.499
2021,Sale,E30000190,4.533
2021,Sale,E30000191,3.669
2021,Sale,E30000192,3.69
2021,Sale,E30000193,4.835
2021,Sale,E30000195,6.345
2021,Sale,E30000196,4.793
2021,Sale,E30000197,4.938
2021,Sale,E30000198,4.517
2021,Sale,E30000199,3.957
2021,Sale,E30000200,6.114
2021,Sale,E30000201,5.182
2021,Sale,E30000202,8.364
2021,Sale,E30000203,3.751
2021,Sale,E30000204,3.776
2021,Sale,E30000205,4.222
2021,Sale,E30000206,4.217
2021,Sale,E30000208,3.498
2021,Sale,E30000209,3.825
2021,Sale,E30000210,4.726
2021,Sale,E30000211,5.058
2021,Sale,E30000212,5.149
2021,Sale,E30000215,3.12
2021,Sale,E30000216,4.286
2021,Sale,E30000218,4.912
2021,Sale,E30000219,6.127
2021,Sale,E30000220,3.662
2021,Sale,E30000221,3.833
2021,Sale,E30000222,4.042
2021,Sale,E30000224,3.906
2021,Sale,E30000225,4.303
2021,Sale,E30000226,4.292
2021,Sale,E30000228,5.175
2021,Sale,E30000229,6.363
2021,Sale,E30000230,5.827
2021,Sale,E30000231,4.28
2021,Sale,E30000233,7.249
2021,Sale,E30000234,6.078
2021,Sale,E30000237,4.898
2021,Sale,E30000239,8.211
2021,Sale,E30000240,4.893
2021,Sale,E30000241,3.767
2021,Sale,E30000242,5.265
2021,Sale,E30000243,7.121
2021,Sale,E30000244,7.174
2021,Sale,E30000245,4.757
2021,Sale,E30000247,5.132
2021,Sale,E30000248,5.095
2021,Sale,E30000249,7.243
2021,Sale,E30000250,5.116
2021,Sale,E30000253,5.445
2021,Sale,E30000254,4.438
2021,Sale,E30000255,4.914
2021,Sale,E30000256,6.243
2021,Sale,E30000257,6.118
2021,Sale,E30000260,3.468
2021,Sale,E30000261,7.308
2021,Sale,E30000262,4.032
2021,Sale,E30000264,4.189
2021,Sale,E30000266,6.038
2021,Sale,E30000267,4.769
2021,Sale,E30000268,5.443
2021,Sale,E30000271,3.825
2021,Sale,E30000272,5.668
2021,Sale,E30000273,5.822
2021,Sale,E30000275,4.1
2021,Sale,E30000276,5.859
2021,Sale,E30000278,4.07
2021,Sale,E30000279,4.261
2021,Sale,E30000280,4.112
2021,Sale,E30000281,4.949
2021,Sale,E30000283,5.184
2021,Sale,E30000284,5.818
2021,Sale,E30000285,3.877
2021,Sale,E30000287,6.411
2021,Sale,E30000288,6.31
2021,Sale,E30000289,6.105
2021,Sale,E30000291,3.846
2021,Sale,E30000292,4.735
2021,Sale,E30000294,5.069
2021,Sale,K01000005,3.5
2021,Sale,K01000011,6.36
2021,Sale,K01000013,6.685
2021,Sale,S22000013,10.2
2021,Sale,S22000035,2.168
2021,Sale,S22000039,4.06
2021,Sale,S22000047,3.581
2021,Sale,S22000051,8.624
2021,Sale,S22000054,10.481
2021,Sale,S22000055,6.112
2021,Sale,S22000056,4.336
2021,Sale,S22000057,6.068
2021,Sale,S22000059,4.996
2021,Sale,S22000060,5.657
2021,Sale,S22000061,8.657
2021,Sale,S22000063,6.049
2021,Sale,S22000065,16.588
2021,Sale,S22000068,6.764
2021,Sale,S22000069,10.786
2021,Sale,S22000070,6.381
2021,Sale,S22000071,10.91
2021,Sale,S22000074,5.419
2021,Sale,S22000085,9.535
2021,Sale,W22000003,3.464
2021,Sale,W22000009,4.004
2021,Sale,W22000015,5.071
2021,Sale,W22000021,4.232
2021,Sale,W22000022,5.743
2021,Sale,W22000024,5.943
2021,Sale,W22000026,5.142
2021,Sale,W22000028,3.167
2021,Sale,W22000029,6.447
2021,Sale,W22000031,6.618
2021,Sale,W22000032,3.243
2021,Sale,W22000034,5.625
2022,Rent,E30000004,15.916
2022,Rent,E30000018,14.752
2022,Rent,E30000029,13.355
2022,Rent,E30000046,10.872
2022,Rent,E30000054,9.177
2022,Rent,E30000061,8.065
2022,Rent,E30000070,9.096
2022,Rent,E30000076,20.587
2022,Rent,E30000093,15.449
2022,Rent,E30000108,8.218
2022,Rent,E30000124,13.535
2022,Rent,E30000135,11.106
2022,Rent,E30000159,8.858
2022,Rent,E30000160,10.342
2022,Rent,E30000162,9.789
2022,Rent,E30000164,9.015
2022,Rent,E30000165,10.552
2022,Rent,E30000166,9.379
2022,Rent,E30000167,12.529
2022,Rent,E30000168,21.299
2022,Rent,E30000169,11.642
2022,Rent,E30000170,12.38
2022,Rent,E30000171,19.496
2022,Rent,E30000173,6.177
2022,Rent,E30000174,11.234
2022,Rent,E30000175,12.504
2022,Rent,E30000179,8.465
2022,Rent,E30000180,14.946
2022,Rent,E30000182,10.81
2022,Rent,E30000183,10.059
2022,Rent,E30000184,8.476
2022,Rent,E30000186,10.986
2022,Rent,E30000187,6.12
2022,Rent,E30000188,12.965
2022,Rent,E30000189,7.998
2022,Rent,E30000190,13.166
2022,Rent,E30000191,7.836
2022,Rent,E30000192,9.106
2022,Rent,E30000193,8.979
2022,Rent,E30000195,12.179
2022,Rent,E30000196,9.891
2022,Rent,E30000197,9.6
2022,Rent,E30000198,12.124
2022,Rent,E30000199,9.891
2022,Rent,E30000200,12.898
2022,Rent,E30000201,10.107
2022,Rent,E30000202,16.309
2022,Rent,E30000203,9.069
2022,Rent,E30000204,10.63
2022,Rent,E30000205,8.568
2022,Rent,E30000206,10.266
2022,Rent,E30000208,10.145
2022,Rent,E30000209,7.43
2022,Rent,E30000210,15.483
2022,Rent,E30000211,17.991
2022,Rent,E30000212,7.169
2022,Rent,E30000215,9.981
2022,Rent,E30000216,8.966
2022,Rent,E30000218,6.436
2022,Rent,E30000219,12.383
2022,Rent,E30000220,13.056
2022,Rent,E30000221,9.902
2022,Rent,E30000222,10.988
2022,Rent,E30000224,9.118
2022,Rent,E30000225,9.78
2022,Rent,E30000226,5.541
2022,Rent,E30000228,8.193
2022,Rent,E30000229,10.835
2022,Rent,E30000230,10.008
2022,Rent,E30000231,10.707
2022,Rent,E30000233,13.29
2022,Rent,E30000234,9.819
2022,Rent,E30000237,8.803
2022,Rent,E30000239,18.492
2022,Rent,E30000240,11.231
2022,Rent,E30000241,9.472
2022,Rent,E30000242,9.795
2022,Rent,E30000243,12.971
2022,Rent,E30000244,10.641
2022,Rent,E30000245,9.093
2022,Rent,E30000247,11.169
2022,Rent,E30000248,13.394
2022,Rent,E30000249,12.448
2022,Rent,E30000250,7.702
2022,Rent,E30000253,11.94
2022,Rent,E30000254,10.034
2022,Rent,E30000255,15.018
2022,Rent,E30000256,9.528
2022,Rent,E30000257,14.954
2022,Rent,E30000260,15.828
2022,Rent,E30000261,14.018
2022,Rent,E30000262,13.975
2022,Rent,E30000264,9.592
2022,Rent,E30000266,8.704
2022,Rent,E30000267,9.915
2022,Rent,E30000268,15.506
2022,Rent,E30000271,9.118
2022,Rent,E30000272,10.224
2022,Rent,E30000273,11.819
2022,Rent,E30000275,11.678
2022,Rent,E30000276,8.451
2022,Rent,E30000278,14.788
2022,Rent,E30000279,10.757
2022,Rent,E30000280,10.909
2022,Rent,E30000281,7.428
2022,Rent,E30000283,13.377
2022,Rent,E30000284,16.601
2022,Rent,E30000285,12.916
2022,Rent,E30000287,13.556
2022,Rent,E30000288,13.469
2022,Rent,E30000289,11.146
2022,Rent,E30000291,8.523
2022,Rent,E30000292,10.765
2022,Rent,E30000294,9.94
2022,Rent,K01000005,9.259
2022,Rent,K01000011,14.768
2022,Rent,K01000013,18.286
2022,Rent,S22000047,6.092
2022,Rent,S22000051,24.152
2022,Rent,S22000054,16.693
2022,Rent,S22000055,9.518
2022,Rent,S22000056,8.763
2022,Rent,S22000057,12.862
2022,Rent,S22000059,26.111
2022,Rent,S22000060,2.766
2022,Rent,S22000061,13.527
2022,Rent,S22000063,8.881
2022,Rent,S22000065,35.263
2022,Rent,S22000068,9.782
2022,Rent,S22000069,28.402
2022,Rent,S22000070,19.503
2022,Rent,S22000071,21.73
2022,Rent,S22000074,6.575
2022,Rent,S22000085,11.124
2022,Rent,W22000003,6.838
2022,Rent,W22000009,2.623
2022,Rent,W22000015,8.989
2022,Rent,W22000021,5.713
2022,Rent,W22000022,5.716
2022,Rent,W22000024,12.339
2022,Rent,W22000026,12.856
2022,Rent,W22000028,4.87
2022,Rent,W22000029,14.068
2022,Rent,W22000031,20.506
2022,Rent,W22000032,7.18
2022,Rent,W22000034,39.277
2022,Sale,E30000004,5.513
2022,Sale,E30000018,5.996
2022,Sale,E30000029,5.41
2022,Sale,E30000046,3.133
2022,Sale,E30000054,3.029
2022,Sale,E30000061,2.711
2022,Sale,E30000070,2.968
2022,Sale,E30000076,4.552
2022,Sale,E30000093,4.459
2022,Sale,E30000108,4.207
2022,Sale,E30000124,3.101
2022,Sale,E30000135,3.571
2022,Sale,E30000159,3.665
2022,Sale,E30000160,4.021
2022,Sale,E30000162,3.281
2022,Sale,E30000164,5.814
2022,Sale,E30000165,4.822
2022,Sale,E30000166,4.781
2022,Sale,E30000167,3.355
2022,Sale,E30000168,5.146
2022,Sale,E30000169,7.688
2022,Sale,E30000170,4.088
2022,Sale,E30000171,5.019
2022,Sale,E30000173,2.872
2022,Sale,E30000174,2.603
2022,Sale,E30000175,5.061
2022,Sale,E30000179,5.754
2022,Sale,E30000180,6.906
2022,Sale,E30000182,4.469
2022,Sale,E30000183,3.971
2022,Sale,E30000184,4.124
2022,Sale,E30000186,5.391
2022,Sale,E30000187,2.607
2022,Sale,E30000188,4.64
2022,Sale,E30000189,5.715
2022,Sale,E30000190,4.511
2022,Sale,E30000191,2.727
2022,Sale,E30000192,2.847
2022,Sale,E30000193,4.565
2022,Sale,E30000195,6.486
2022,Sale,E30000196,4.454
2022,Sale,E30000197,5.038
2022,Sale,E30000198,3.634
2022,Sale,E30000199,3.553
2022,Sale,E30000200,6.042
2022,Sale,E30000201,4.351
2022,Sale,E30000202,8.298
2022,Sale,E30000203,3.357
2022,Sale,E30000204,3.058
2022,Sale,E30000205,3.773
2022,Sale,E30000206,3.638
2022,Sale,E30000208,2.744
2022,Sale,E30000209,3.666
2022,Sale,E30000210,3.761
2022,Sale,E30000211,4.612
2022,Sale,E30000212,4.794
2022,Sale,E30000215,2.701
2022,Sale,E30000216,3.528
2022,Sale,E30000218,4.375
2022,Sale,E30000219,5.472
2022,Sale,E30000220,3.366
2022,Sale,E30000221,3.444
2022,Sale,E30000222,3.362
2022,Sale,E30000224,3.171
2022,Sale,E30000225,4.306
2022,Sale,E30000226,3.305
2022,Sale,E30000228,5.128
2022,Sale,E30000229,6.08
2022,Sale,E30000230,5.38
2022,Sale,E30000231,3.624
2022,Sale,E30000233,6.662
2022,Sale,E30000234,6.218
2022,Sale,E30000237,4.261
2022,Sale,E30000239,8.399
2022,Sale,E30000240,4.564
2022,Sale,E30000241,2.697
2022,Sale,E30000242,4.658
2022,Sale,E30000243,6.522
2022,Sale,E30000244,7.08
2022,Sale,E30000245,4.73
2022,Sale,E30000247,4.648
2022,Sale,E30000248,4.471
2022,Sale,E30000249,7.315
2022,Sale,E30000250,4.634
2022,Sale,E30000253,4.846
2022,Sale,E30000254,4.04
2022,Sale,E30000255,4.472
2022,Sale,E30000256,7.09
2022,Sale,E30000257,4.541
2022,Sale,E30000260,2.995
2022,Sale,E30000261,7.36
2022,Sale,E30000262,3.354
2022,Sale,E30000264,2.93
2022,Sale,E30000266,5.95
2022,Sale,E30000267,4.411
2022,Sale,E30000268,4.708
2022,Sale,E30000271,3.566
2022,Sale,E30000272,5.059
2022,Sale,E30000273,5.707
2022,Sale,E30000275,3.903
2022,Sale,E30000276,5.623
2022,Sale,E30000278,3.964
2022,Sale,E30000279,3.323
2022,Sale,E30000280,3.635
2022,Sale,E30000281,4.603
2022,Sale,E30000283,5.088
2022,Sale,E30000284,5.865
2022,Sale,E30000285,3.36
2022,Sale,E30000287,5.384
2022,Sale,E30000288,5.751
2022,Sale,E30000289,5.602
2022,Sale,E30000291,3.189
2022,Sale,E30000292,4.158
2022,Sale,E30000294,5.153
2022,Sale,K01000005,2.989
2022,Sale,K01000011,6.029
2022,Sale,K01000013,6.206
2022,Sale,S22000035,2.149
2022,Sale,S22000039,2.5
2022,Sale,S22000047,3.897
2022,Sale,S22000051,8.03
2022,Sale,S22000054,8.565
2022,Sale,S22000055,5.17
2022,Sale,S22000056,4.577
2022,Sale,S22000057,5.308
2022,Sale,S22000059,4.909
2022,Sale,S22000060,4.7
2022,Sale,S22000061,7.359
2022,Sale,S22000063,5.378
2022,Sale,S22000065,17.233
2022,Sale,S22000068,5.528
2022,Sale,S22000069,9.532
2022,Sale,S22000070,6.058
2022,Sale,S22000071,9.581
2022,Sale,S22000074,5.035
2022,Sale,S22000085,8.136
2022,Sale,W22000003,3.228
2022,Sale,W22000009,2.585
2022,Sale,W22000015,3.958
2022,Sale,W22000021,2.675
2022,Sale,W22000022,4.197
2022,Sale,W22000024,5.424
2022,Sale,W22000026,3.572
2022,Sale,W22000028,2.2
2022,Sale,W22000029,4.921
2022,Sale,W22000031,4.705
2022,Sale,W22000032,2.945
2022,Sale,W22000034,5.68
2023,Rent,E30000004,13.934
2023,Rent,E30000018,15.291
2023,Rent,E30000029,13.933
2023,Rent,E30000046,10.84
2023,Rent,E30000054,9.079
2023,Rent,E30000061,7.41
2023,Rent,E30000070,8.215
2023,Rent,E30000076,26.416
2023,Rent,E30000093,15.936
2023,Rent,E30000108,8.333
2023,Rent,E30000124,10.784
2023,Rent,E30000135,10.689
2023,Rent,E30000159,10.265
2023,Rent,E30000160,11.411
2023,Rent,E30000162,10.722
2023,Rent,E30000164,10.266
2023,Rent,E30000165,11.207
2023,Rent,E30000166,12.462
2023,Rent,E30000167,11.203
2023,Rent,E30000168,20.679
2023,Rent,E30000169,12.39
2023,Rent,E30000170,12.651
2023,Rent,E30000171,20.415
2023,Rent,E30000173,6.682
2023,Rent,E30000174,8.594
2023,Rent,E30000175,12.605
2023,Rent,E30000179,7.91
2023,Rent,E30000180,15.866
2023,Rent,E30000182,11.656
2023,Rent,E30000183,10.733
2023,Rent,E30000184,9.49
2023,Rent,E30000186,12.034
2023,Rent,E30000187,7.088
2023,Rent,E30000188,15.237
2023,Rent,E30000189,9.449
2023,Rent,E30000190,12.682
2023,Rent,E30000191,7.414
2023,Rent,E30000192,9.82
2023,Rent,E30000193,9.861
2023,Rent,E30000195,13.666
2023,Rent,E30000196,10.445
2023,Rent,E30000197,10.36
2023,Rent,E30000198,11.554
2023,Rent,E30000199,10.667
2023,Rent,E30000200,13.35
2023,Rent,E30000201,12.399
2023,Rent,E30000202,18.813
2023,Rent,E30000203,10.065
2023,Rent,E30000204,9.808
2023,Rent,E30000205,9.361
2023,Rent,E30000206,10.203
2023,Rent,E30000208,8.948
2023,Rent,E30000209,8.807
2023,Rent,E30000210,13.923
2023,Rent,E30000211,18.544
2023,Rent,E30000212,8.221
2023,Rent,E30000215,12.072
2023,Rent,E30000216,8.615
2023,Rent,E30000218,7.681
2023,Rent,E30000219,12.645
2023,Rent,E30000220,14.317
2023,Rent,E30000221,11.053
2023,Rent,E30000222,12.062
2023,Rent,E30000224,10.223
2023,Rent,E30000225,9.651
2023,Rent,E30000226,5.8
2023,Rent,E30000228,9.371
2023,Rent,E30000229,9.997
2023,Rent,E30000230,11.601
2023,Rent,E30000231,11.571
2023,Rent,E30000233,14.526
2023,Rent,E30000234,8.856
2023,Rent,E30000237,10.141
2023,Rent,E30000239,20.737
2023,Rent,E30000240,11.787
2023,Rent,E30000241,9.664
2023,Rent,E30000242,11.32
2023,Rent,E30000243,14.668
2023,Rent,E30000244,13.983
2023,Rent,E30000245,10.553
2023,Rent,E30000247,12.027
2023,Rent,E30000248,13.138
2023,Rent,E30000249,11.756
2023,Rent,E30000250,8.115
2023,Rent,E30000253,14.051
2023,Rent,E30000254,11.087
2023,Rent,E30000255,15.775
2023,Rent,E30000256,10.38
2023,Rent,E30000257,14.788
2023,Rent,E30000260,16.482
2023,Rent,E30000261,12.849
2023,Rent,E30000262,19.542
2023,Rent,E30000264,8.274
2023,Rent,E30000266,8.737
2023,Rent,E30000267,10.215
2023,Rent,E30000268,20.078
2023,Rent,E30000271,11.445
2023,Rent,E30000272,12.208
2023,Rent,E30000273,15.033
2023,Rent,E30000275,14.802
2023,Rent,E30000276,9.112
2023,Rent,E30000278,20.344
2023,Rent,E30000279,10.419
2023,Rent,E30000280,13.959
2023,Rent,E30000281,8.402
2023,Rent,E30000283,14.316
2023,Rent,E30000284,18.885
2023,Rent,E30000285,13.368
2023,Rent,E30000287,13.306
2023,Rent,E30000288,15.783
2023,Rent,E30000289,12.346
2023,Rent,E30000291,8.865
2023,Rent,E30000292,9.286
2023,Rent,E30000294,10.707
2023,Rent,K01000005,9.54
2023,Rent,K01000011,16.12
2023,Rent,K01000013,18.321
2023,Rent,S22000047,6.65
2023,Rent,S22000051,27.08
2023,Rent,S22000054,18.231
2023,Rent,S22000055,10.582
2023,Rent,S22000056,8.211
2023,Rent,S22000057,15.371
2023,Rent,S22000059,24.074
2023,Rent,S22000060,3.448
2023,Rent,S22000061,15.608
2023,Rent,S22000063,13.288
2023,Rent,S22000065,30.832
2023,Rent,S22000068,12.459
2023,Rent,S22000069,28.931
2023,Rent,S22000070,30.137
2023,Rent,S22000071,26.468
2023,Rent,S22000074,8.475
2023,Rent,S22000085,13.171
2023,Rent,W22000003,7.183
2023,Rent,W22000009,2.337
2023,Rent,W22000015,10.065
2023,Rent,W22000021,3.341
2023,Rent,W22000022,6.167
2023,Rent,W22000024,11.695
2023,Rent,W22000026,15.117
2023,Rent,W22000028,3.71
2023,Rent,W22000029,14.223
2023,Rent,W22000031,18.049
2023,Rent,W22000032,6.461
2023,Rent,W22000034,43.366
2023,Sale,E30000004,4.328
2023,Sale,E30000018,4.453
2023,Sale,E30000029,4.765
2023,Sale,E30000046,2.215
2023,Sale,E30000054,2.547
2023,Sale,E30000061,2.073
2023,Sale,E30000070,2.204
2023,Sale,E30000076,3.322
2023,Sale,E30000093,3.448
2023,Sale,E30000108,2.63
2023,Sale,E30000124,2.323
2023,Sale,E30000135,2.195
2023,Sale,E30000159,2.542
2023,Sale,E30000160,2.825
2023,Sale,E30000162,2.08
2023,Sale,E30000164,3.63
2023,Sale,E30000165,4.05
2023,Sale,E30000166,3.515
2023,Sale,E30000167,2.17
2023,Sale,E30000168,3.779
2023,Sale,E30000169,4.924
2023,Sale,E30000170,3.225
2023,Sale,E30000171,3.763
2023,Sale,E30000173,2.242
2023,Sale,E30000174,2.051
2023,Sale,E30000175,3.573
2023,Sale,E30000179,4.156
2023,Sale,E30000180,5.048
2023,Sale,E30000182,3.364
2023,Sale,E30000183,2.74
2023,Sale,E30000184,3.224
2023,Sale,E30000186,4.073
2023,Sale,E30000187,2.086
2023,Sale,E30000188,3.362
2023,Sale,E30000189,4.255
2023,Sale,E30000190,3.595
2023,Sale,E30000191,2.025
2023,Sale,E30000192,1.918
2023,Sale,E30000193,2.907
2023,Sale,E30000195,4.4
2023,Sale,E30000196,3.131
2023,Sale,E30000197,3.454
2023,Sale,E30000198,2.637
2023,Sale,E30000199,3.082
2023,Sale,E30000200,4.004
2023,Sale,E30000201,3.453
2023,Sale,E30000202,4.989
2023,Sale,E30000203,2.84
2023,Sale,E30000204,2.244
2023,Sale,E30000205,2.991
2023,Sale,E30000206,2.62
2023,Sale,E30000208,2.075
2023,Sale,E30000209,2.796
2023,Sale,E30000210,2.511
2023,Sale,E30000211,3.219
2023,Sale,E30000212,3.597
2023,Sale,E30000215,2.201
2023,Sale,E30000216,2.694
2023,Sale,E30000218,3.075
2023,Sale,E30000219,4.128
2023,Sale,E30000220,2.609
2023,Sale,E30000221,2.798
2023,Sale,E30000222,2.512
2023,Sale,E30000224,2.351
2023,Sale,E30000225,2.919
2023,Sale,E30000226,2.24
2023,Sale,E30000228,4.339
2023,Sale,E30000229,4.562
2023,Sale,E30000230,3.633
2023,Sale,E30000231,2.971
2023,Sale,E30000233,5.24
2023,Sale,E30000234,5.214
2023,Sale,E30000237,3.341
2023,Sale,E30000239,6.163
2023,Sale,E30000240,3.118
2023,Sale,E30000241,1.944
2023,Sale,E30000242,3.1
2023,Sale,E30000243,4.628
2023,Sale,E30000244,4.969
2023,Sale,E30000245,3.761
2023,Sale,E30000247,3.244
2023,Sale,E30000248,3.184
2023,Sale,E30000249,5.34
2023,Sale,E30000250,3.787
2023,Sale,E30000253,3.617
2023,Sale,E30000254,2.922
2023,Sale,E30000255,3.479
2023,Sale,E30000256,5.334
2023,Sale,E30000257,3.242
2023,Sale,E30000260,2.537
2023,Sale,E30000261,5.272
2023,Sale,E30000262,2.7
2023,Sale,E30000264,2.035
2023,Sale,E30000266,4.69
2023,Sale,E30000267,3.211
2023,Sale,E30000268,3.177
2023,Sale,E30000271,2.625
2023,Sale,E30000272,3.793
2023,Sale,E30000273,3.855
2023,Sale,E30000275,3.216
2023,Sale,E30000276,3.641
2023,Sale,E30000278,3.228
2023,Sale,E30000279,1.898
2023,Sale,E30000280,2.895
2023,Sale,E30000281,3.434
2023,Sale,E30000283,3.676
2023,Sale,E30000284,4.545
2023,Sale,E30000285,2.937
2023,Sale,E30000287,3.037
2023,Sale,E30000288,3.697
2023,Sale,E30000289,4.257
2023,Sale,E30000291,2.595
2023,Sale,E30000292,2.89
2023,Sale,E30000294,4.237
2023,Sale,K01000005,2.59
2023,Sale,K01000011,4.527
2023,Sale,K01000013,4.134
2023,Sale,S22000035,2.039
2023,Sale,S22000039,1.677
2023,Sale,S22000047,3.554
2023,Sale,S22000051,7.856
2023,Sale,S22000054,7.948
2023,Sale,S22000055,4.052
2023,Sale,S22000056,3.919
2023,Sale,S22000057,5.035
2023,Sale,S22000059,4.564
2023,Sale,S22000060,4.137
2023,Sale,S22000061,6.716
2023,Sale,S22000063,5.029
2023,Sale,S22000065,16.259
2023,Sale,S22000068,4.861
2023,Sale,S22000069,9.261
2023,Sale,S22000070,5.46
2023,Sale,S22000071,8.661
2023,Sale,S22000074,5.073
2023,Sale,S22000085,8.212
2023,Sale,W22000003,2.722
2023,Sale,W22000009,2.19
2023,Sale,W22000015,2.875
2023,Sale,W22000021,2.234
2023,Sale,W22000022,3.619
2023,Sale,W22000024,4.002
2023,Sale,W22000026,2.847
2023,Sale,W22000028,1.99
2023,Sale,W22000029,3.979
2023,Sale,W22000031,3.831
2023,Sale,W22000032,2.195
2023,Sale,W22000034,5.419
2024,Rent,E30000004,12.669
2024,Rent,E30000018,14.242
2024,Rent,E30000029,13.552
2024,Rent,E30000046,9.547
2024,Rent,E30000054,7.796
2024,Rent,E30000061,5.723
2024,Rent,E30000070,5.499
2024,Rent,E30000076,20.012
2024,Rent,E30000093,13.822
2024,Rent,E30000108,7.22
2024,Rent,E30000124,9.694
2024,Rent,E30000135,8.619
2024,Rent,E30000159,8.717
2024,Rent,E30000160,8.823
2024,Rent,E30000162,8.709
2024,Rent,E30000163,23.537
2024,Rent,E30000164,8.668
2024,Rent,E30000165,10.602
2024,Rent,E30000166,10.623
2024,Rent,E30000167,9.57
2024,Rent,E30000168,23.468
2024,Rent,E30000169,9.033
2024,Rent,E30000170,12.306
2024,Rent,E30000171,18.349
2024,Rent,E30000173,6.767
2024,Rent,E30000174,8.215
2024,Rent,E30000175,9.867
2024,Rent,E30000179,5.861
2024,Rent,E30000180,11.843
2024,Rent,E30000182,11.281
2024,Rent,E30000183,8.546
2024,Rent,E30000184,8.87
2024,Rent,E30000186,10.65
2024,Rent,E30000187,5.859
2024,Rent,E30000188,12.887
2024,Rent,E30000189,7.571
2024,Rent,E30000190,12.258
2024,Rent,E30000191,6.23
2024,Rent,E30000192,8.847
2024,Rent,E30000193,7.205
2024,Rent,E30000195,11.11
2024,Rent,E30000196,9.8
2024,Rent,E30000197,10.269
2024,Rent,E30000198,9.22
2024,Rent,E30000199,8.956
2024,Rent,E30000200,9.666
2024,Rent,E30000201,9.689
2024,Rent,E30000202,14.866
2024,Rent,E30000203,8.145
2024,Rent,E30000204,8.581
2024,Rent,E30000205,9.111
2024,Rent,E30000206,8.549
2024,Rent,E30000208,7.371
2024,Rent,E30000209,7.807
2024,Rent,E30000210,14.119
2024,Rent,E30000211,18.139
2024,Rent,E30000212,7.132
2024,Rent,E30000214,15.959
2024,Rent,E30000215,9.782
2024,Rent,E30000216,8.296
2024,Rent,E30000218,6.366
2024,Rent,E30000219,10.29
2024,Rent,E30000220,12.453
2024,Rent,E30000221,10.911
2024,Rent,E30000222,10.451
2024,Rent,E30000224,8.555
2024,Rent,E30000225,9.061
2024,Rent,E30000226,5.657
2024,Rent,E30000228,8.149
2024,Rent,E30000229,6.554
2024,Rent,E30000230,10.574
2024,Rent,E30000231,11.717
2024,Rent,E30000233,12.439
2024,Rent,E30000234,6.9
2024,Rent,E30000237,7.714
2024,Rent,E30000239,13.786
2024,Rent,E30000240,10.025
2024,Rent,E30000241,7.714
2024,Rent,E30000242,9.251
2024,Rent,E30000243,9.755
2024,Rent,E30000244,11.593
2024,Rent,E30000245,8.989
2024,Rent,E30000247,10.386
2024,Rent,E30000248,10.553
2024,Rent,E30000249,9.231
2024,Rent,E30000250,7.38
2024,Rent,E30000253,12.561
2024,Rent,E30000254,9.007
2024,Rent,E30000255,12.979
2024,Rent,E30000256,7.276
2024,Rent,E30000257,13.2
2024,Rent,E30000260,15.182
2024,Rent,E30000261,8.331
2024,Rent,E30000262,17.797
2024,Rent,E30000264,8.865
2024,Rent,E30000266,6.363
2024,Rent,E30000267,7.906
2024,Rent,E30000268,16.64
2024,Rent,E30000271,10.484
2024,Rent,E30000272,10.594
2024,Rent,E30000273,12.245
2024,Rent,E30000275,11.577
2024,Rent,E30000276,8.114
2024,Rent,E30000278,19.154
2024,Rent,E30000279,7.825
2024,Rent,E30000280,13.482
2024,Rent,E30000281,7.775
2024,Rent,E30000283,13.449
2024,Rent,E30000284,17.341
2024,Rent,E30000285,10.933
2024,Rent,E30000287,10.66
2024,Rent,E30000288,13.016
2024,Rent,E30000289,10.535
2024,Rent,E30000291,9.454
2024,Rent,E30000292,8.713
2024,Rent,E30000293,24.754
2024,Rent,E30000294,8.946
2024,Rent,K01000005,8.089
2024,Rent,K01000010,24.313
2024,Rent,K01000011,17.622
2024,Rent,K01000013,14.008
2024,Rent,S22000047,5.095
2024,Rent,S22000051,27.481
2024,Rent,S22000054,15.989
2024,Rent,S22000055,9.826
2024,Rent,S22000056,5.651
2024,Rent,S22000057,11.265
2024,Rent,S22000059,16.919
2024,Rent,S22000060,5.082
2024,Rent,S22000061,15.141
2024,Rent,S22000063,10.324
2024,Rent,S22000065,18.354
2024,Rent,S22000068,16.048
2024,Rent,S22000069,27.921
2024,Rent,S22000070,20.889
2024,Rent,S22000071,20.769
2024,Rent,S22000074,7.981
2024,Rent,S22000085,12.128
2024,Rent,W22000003,6.489
2024,Rent,W22000009,3.528
2024,Rent,W22000015,9.572
2024,Rent,W22000021,3.206
2024,Rent,W22000022,6.463
2024,Rent,W22000024,8.472
2024,Rent,W22000026,14.708
2024,Rent,W22000028,3.175
2024,Rent,W22000029,10.93
2024,Rent,W22000031,17.471
2024,Rent,W22000032,4.04
2024,Rent,W22000034,36.781
2024,Sale,E30000004,4.067
2024,Sale,E30000018,4.387
2024,Sale,E30000029,4.651
2024,Sale,E30000046,2.18
2024,Sale,E30000054,2.506
2024,Sale,E30000061,1.912
2024,Sale,E30000070,2.117
2024,Sale,E30000076,2.996
2024,Sale,E30000093,3.417
2024,Sale,E30000108,2.684
2024,Sale,E30000124,2.341
2024,Sale,E30000135,2.268
2024,Sale,E30000159,2.696
2024,Sale,E30000160,2.587
2024,Sale,E30000162,1.756
2024,Sale,E30000163,6.78
2024,Sale,E30000164,4.118
2024,Sale,E30000165,4.15
2024,Sale,E30000166,3.699
2024,Sale,E30000167,1.852
2024,Sale,E30000168,4.205
2024,Sale,E30000169,4.688
2024,Sale,E30000170,3.059
2024,Sale,E30000171,3.416
2024,Sale,E30000173,2.142
2024,Sale,E30000174,1.903
2024,Sale,E30000175,3.318
2024,Sale,E30000179,4.017
2024,Sale,E30000180,5.118
2024,Sale,E30000182,3.715
2024,Sale,E30000183,2.835
2024,Sale,E30000184,3.307
2024,Sale,E30000186,4.094
2024,Sale,E30000187,2.064
2024,Sale,E30000188,3.706
2024,Sale,E30000189,4.686
2024,Sale,E30000190,3.589
2024,Sale,E30000191,1.925
2024,Sale,E30000192,1.982
2024,Sale,E30000193,3.393
2024,Sale,E30000195,4.586
2024,Sale,E30000196,3.378
2024,Sale,E30000197,3.618
2024,Sale,E30000198,2.253
2024,Sale,E30000199,2.539
2024,Sale,E30000200,4.054
2024,Sale,E30000201,3.434
2024,Sale,E30000202,4.24
2024,Sale,E30000203,2.695
2024,Sale,E30000204,2.25
2024,Sale,E30000205,2.99
2024,Sale,E30000206,2.392
2024,Sale,E30000208,2.068
2024,Sale,E30000209,2.921
2024,Sale,E30000210,2.531
2024,Sale,E30000211,3.138
2024,Sale,E30000212,3.856
2024,Sale,E30000214,5.458
2024,Sale,E30000215,1.937
2024,Sale,E30000216,2.52
2024,Sale,E30000218,3.295
2024,Sale,E30000219,3.905
2024,Sale,E30000220,2.356
2024,Sale,E30000221,3.219
2024,Sale,E30000222,2.364
2024,Sale,E30000224,2.525
2024,Sale,E30000225,2.645
2024,Sale,E30000226,2.062
2024,Sale,E30000228,4.365
2024,Sale,E30000229,4.682
2024,Sale,E30000230,3.684
2024,Sale,E30000231,2.921
2024,Sale,E30000233,5.543
2024,Sale,E30000234,5.428
2024,Sale,E30000237,3.618
2024,Sale,E30000239,6.379
2024,Sale,E30000240,2.951
2024,Sale,E30000241,1.972
2024,Sale,E30000242,3.304
2024,Sale,E30000243,5.518
2024,Sale,E30000244,5.314
2024,Sale,E30000245,3.915
2024,Sale,E30000247,3.323
2024,Sale,E30000248,3.319
2024,Sale,E30000249,4.72
2024,Sale,E30000250,3.948
2024,Sale,E30000253,3.355
2024,Sale,E30000254,2.998
2024,Sale,E30000255,3.437
2024,Sale,E30000256,5.38
2024,Sale,E30000257,2.873
2024,Sale,E30000260,2.344
2024,Sale,E30000261,5.084
2024,Sale,E30000262,2.482
2024,Sale,E30000264,1.83
2024,Sale,E30000266,4.902
2024,Sale,E30000267,3.184
2024,Sale,E30000268,3.52
2024,Sale,E30000271,2.498
2024,Sale,E30000272,4.283
2024,Sale,E30000273,3.914
2024,Sale,E30000275,3.28
2024,Sale,E30000276,3.683
2024,Sale,E30000278,2.77
2024,Sale,E30000279,1.797
2024,Sale,E30000280,3.012
2024,Sale,E30000281,3.682
2024,Sale,E30000283,3.654
2024,Sale,E30000284,4.636
2024,Sale,E30000285,2.747
2024,Sale,E30000287,3.216
2024,Sale,E30000288,3.619
2024,Sale,E30000289,4.088
2024,Sale,E30000291,2.763
2024,Sale,E30000292,2.9
2024,Sale,E30000293,6.577
2024,Sale,E30000294,4.2
2024,Sale,K01000005,2.339
2024,Sale,K01000010,6.354
2024,Sale,K01000011,4.518
2024,Sale,K01000013,4.342
2024,Sale,S22000013,5.21
2024,Sale,S22000035,1.52
2024,Sale,S22000039,1.559
2024,Sale,S22000047,3.157
2024,Sale,S22000051,7.824
2024,Sale,S22000054,8.129
2024,Sale,S22000055,3.472
2024,Sale,S22000056,3.653
2024,Sale,S22000057,5.006
2024,Sale,S22000059,4.6
2024,Sale,S22000060,4.276
2024,Sale,S22000061,6.941
2024,Sale,S22000063,4.042
2024,Sale,S22000065,17.711
2024,Sale,S22000068,4.058
2024,Sale,S22000069,8.702
2024,Sale,S22000070,4.85
2024,Sale,S22000071,8.675
2024,Sale,S22000074,4.636
2024,Sale,S22000085,7.876
2024,Sale,W22000003,2.695
2024,Sale,W22000009,1.638
2024,Sale,W22000015,2.229
2024,Sale,W22000021,1.973
2024,Sale,W22000022,2.931
2024,Sale,W22000024,3.819
2024,Sale,W22000026,2.785
2024,Sale,W22000028,1.344
2024,Sale,W22000029,3.429
2024,Sale,W22000031,3.601
2024,Sale,W22000032,1.929
2024,Sale,W22000034,4.919
2025,Rent,E30000004,9.216
2025,Rent,E30000018,10.2
2025,Rent,E30000029,10.782
2025,Rent,E30000046,8.185
2025,Rent,E30000054,5.427
2025,Rent,E30000061,4.363
2025,Rent,E30000070,4.578
2025,Rent,E30000076,17.913
2025,Rent,E30000093,11.007
2025,Rent,E30000108,4.365
2025,Rent,E30000124,7.874
2025,Rent,E30000135,6.832
2025,Rent,E30000159,6.508
2025,Rent,E30000160,6.984
2025,Rent,E30000162,6.87
2025,Rent,E30000163,9.128
2025,Rent,E30000164,6.617
2025,Rent,E30000165,8.918
2025,Rent,E30000166,7.987
2025,Rent,E30000167,8.114
2025,Rent,E30000168,23.017
2025,Rent,E30000169,4.622
2025,Rent,E30000170,10.87
2025,Rent,E30000171,14.282
2025,Rent,E30000173,6.025
2025,Rent,E30000174,5.557
2025,Rent,E30000175,7.479
2025,Rent,E30000179,4.775
2025,Rent,E30000180,7.967
2025,Rent,E30000182,9.059
2025,Rent,E30000183,6.74
2025,Rent,E30000184,7.442
2025,Rent,E30000186,7.414
2025,Rent,E30000187,4.293
2025,Rent,E30000188,9.877
2025,Rent,E30000189,6.249
2025,Rent,E30000190,9.611
2025,Rent,E30000191,4.826
2025,Rent,E30000192,7.849
2025,Rent,E30000193,6.148
2025,Rent,E30000195,7.308
2025,Rent,E30000196,6.67
2025,Rent,E30000197,8.052
2025,Rent,E30000198,8.095
2025,Rent,E30000199,6.589
2025,Rent,E30000200,6.908
2025,Rent,E30000201,6.588
2025,Rent,E30000202,10.337
2025,Rent,E30000203,6.657
2025,Rent,E30000204,7.143
2025,Rent,E30000205,6.705
2025,Rent,E30000206,6.281
2025,Rent,E30000208,6.072
2025,Rent,E30000209,6.697
2025,Rent,E30000210,9.566
2025,Rent,E30000211,14.772
2025,Rent,E30000212,5.082
2025,Rent,E30000214,6.938
2025,Rent,E30000215,8.117
2025,Rent,E30000216,6.789
2025,Rent,E30000218,4.487
2025,Rent,E30000219,8.64
2025,Rent,E30000220,11.054
2025,Rent,E30000221,7.522
2025,Rent,E30000222,8.045
2025,Rent,E30000224,6.282
2025,Rent,E30000225,6.68
2025,Rent,E30000226,4.573
2025,Rent,E30000228,6.474
2025,Rent,E30000229,4.198
2025,Rent,E30000230,7.341
2025,Rent,E30000231,7.836
2025,Rent,E30000233,9.741
2025,Rent,E30000234,5.064
2025,Rent,E30000237,5.757
2025,Rent,E30000239,8.143
2025,Rent,E30000240,7.259
2025,Rent,E30000241,5.543
2025,Rent,E30000242,5.912
2025,Rent,E30000243,6.486
2025,Rent,E30000244,9.261
2025,Rent,E30000245,5.902
2025,Rent,E30000247,7.283
2025,Rent,E30000248,7.017
2025,Rent,E30000249,6.77
2025,Rent,E30000250,5.576
2025,Rent,E30000253,9.12
2025,Rent,E30000254,6.744
2025,Rent,E30000255,11.123
2025,Rent,E30000256,5.718
2025,Rent,E30000257,10.279
2025,Rent,E30000260,12.281
2025,Rent,E30000261,3.981
2025,Rent,E30000262,14.689
2025,Rent,E30000264,8.408
2025,Rent,E30000266,3.938
2025,Rent,E30000267,5.376
2025,Rent,E30000268,12.656
2025,Rent,E30000271,8.462
2025,Rent,E30000272,7.675
2025,Rent,E30000273,8.35
2025,Rent,E30000275,8.298
2025,Rent,E30000276,6.495
2025,Rent,E30000278,13.664
2025,Rent,E30000279,7.215
2025,Rent,E30000280,10.646
2025,Rent,E30000281,5.916
2025,Rent,E30000283,10.199
2025,Rent,E30000284,12.628
2025,Rent,E30000285,8.42
2025,Rent,E30000287,8.439
2025,Rent,E30000288,8.781
2025,Rent,E30000289,7.299
2025,Rent,E30000291,7.483
2025,Rent,E30000292,6.518
2025,Rent,E30000293,8.735
2025,Rent,E30000294,7.116
2025,Rent,K01000005,9.566
2025,Rent,K01000010,10.213
2025,Rent,K01000011,15.189
2025,Rent,K01000013,9.079
2025,Rent,S22000047,3.086
2025,Rent,S22000051,20.834
2025,Rent,S22000054,12.536
2025,Rent,S22000055,7.259
2025,Rent,S22000056,4.738
2025,Rent,S22000057,9.273
2025,Rent,S22000059,9.684
2025,Rent,S22000060,4.133
2025,Rent,S22000061,11.234
2025,Rent,S22000063,10.948
2025,Rent,S22000065,12.044
2025,Rent,S22000068,17.074
2025,Rent,S22000069,24.039
2025,Rent,S22000070,14.39
2025,Rent,S22000071,18.525
2025,Rent,S22000074,4.812
2025,Rent,S22000085,11.322
2025,Rent,W22000003,4.6
2025,Rent,W22000009,2.912
2025,Rent,W22000015,8.611
2025,Rent,W22000021,2.221
2025,Rent,W22000022,5.899
2025,Rent,W22000024,5.344
2025,Rent,W22000026,12.669
2025,Rent,W22000028,3.115
2025,Rent,W22000029,7.406
2025,Rent,W22000031,13.509
2025,Rent,W22000032,2.886
2025,Rent,W22000034,32.028
2025,Sale,E30000004,4.117
2025,Sale,E30000018,4.184
2025,Sale,E30000029,4.527
2025,Sale,E30000046,2.073
2025,Sale,E30000054,2.406
2025,Sale,E30000061,1.842
2025,Sale,E30000070,1.811
2025,Sale,E30000076,2.904
2025,Sale,E30000093,3.205
2025,Sale,E30000108,2.516
2025,Sale,E30000124,2.12
2025,Sale,E30000135,2.451
2025,Sale,E30000159,2.64
2025,Sale,E30000160,2.508
2025,Sale,E30000162,1.686
2025,Sale,E30000163,3.214
2025,Sale,E30000164,3.619
2025,Sale,E30000165,4.041
2025,Sale,E30000166,3.888
2025,Sale,E30000167,1.735
2025,Sale,E30000168,4.392
2025,Sale,E30000169,4.38
2025,Sale,E30000170,3.059
2025,Sale,E30000171,3.599
2025,Sale,E30000173,2.155
2025,Sale,E30000174,1.888
2025,Sale,E30000175,3.012
2025,Sale,E30000179,3.845
2025,Sale,E30000180,4.667
2025,Sale,E30000182,3.784
2025,Sale,E30000183,2.563
2025,Sale,E30000184,3.049
2025,Sale,E30000186,3.501
2025,Sale,E30000187,1.926
2025,Sale,E30000188,3.486
2025,Sale,E30000189,4.302
2025,Sale,E30000190,3.461
2025,Sale,E30000191,1.944
2025,Sale,E30000192,1.894
2025,Sale,E30000193,3.373
2025,Sale,E30000195,4.344
2025,Sale,E30000196,3.2
2025,Sale,E30000197,3.499
2025,Sale,E30000198,2.376
2025,Sale,E30000199,2.662
2025,Sale,E30000200,4.061
2025,Sale,E30000201,3.262
2025,Sale,E30000202,4.344
2025,Sale,E30000203,2.509
2025,Sale,E30000204,2.03
2025,Sale,E30000205,2.734
2025,Sale,E30000206,2.249
2025,Sale,E30000208,1.965
2025,Sale,E30000209,2.621
2025,Sale,E30000210,2.226
2025,Sale,E30000211,3.01
2025,Sale,E30000212,3.468
2025,Sale,E30000214,2.188
2025,Sale,E30000215,1.802
2025,Sale,E30000216,2.425
2025,Sale,E30000218,2.911
2025,Sale,E30000219,3.982
2025,Sale,E30000220,2.382
2025,Sale,E30000221,2.84
2025,Sale,E30000222,2.326
2025,Sale,E30000224,2.201
2025,Sale,E30000225,2.337
2025,Sale,E30000226,1.967
2025,Sale,E30000228,4.317
2025,Sale,E30000229,4.504
2025,Sale,E30000230,3.597
2025,Sale,E30000231,2.887
2025,Sale,E30000233,4.682
2025,Sale,E30000234,4.42
2025,Sale,E30000237,3.268
2025,Sale,E30000239,5.627
2025,Sale,E30000240,2.846
2025,Sale,E30000241,1.905
2025,Sale,E30000242,3.074
2025,Sale,E30000243,4.52
2025,Sale,E30000244,4.788
2025,Sale,E30000245,3.74
2025,Sale,E30000247,3.076
2025,Sale,E30000248,2.922
2025,Sale,E30000249,4.151
2025,Sale,E30000250,3.518
2025,Sale,E30000253,3.136
2025,Sale,E30000254,2.79
2025,Sale,E30000255,3.614
2025,Sale,E30000256,4.544
2025,Sale,E30000257,2.837
2025,Sale,E30000260,2.511
2025,Sale,E30000261,4.754
2025,Sale,E30000262,2.534
2025,Sale,E30000264,1.936
2025,Sale,E30000266,3.898
2025,Sale,E30000267,2.984
2025,Sale,E30000268,3.348
2025,Sale,E30000271,2.469
2025,Sale,E30000272,4.005
2025,Sale,E30000273,3.859
2025,Sale,E30000275,3.013
2025,Sale,E30000276,3.469
2025,Sale,E30000278,2.748
2025,Sale,E30000279,1.689
2025,Sale,E30000280,2.856
2025,Sale,E30000281,3.609
2025,Sale,E30000283,3.597
2025,Sale,E30000284,4.587
2025,Sale,E30000285,2.762
2025,Sale,E30000287,3.176
2025,Sale,E30000288,3.536
2025,Sale,E30000289,3.801
2025,Sale,E30000291,2.79
2025,Sale,E30000292,2.694
2025,Sale,E30000293,2.601
2025,Sale,E30000294,3.568
2025,Sale,K01000005,2.348
2025,Sale,K01000010,2.902
2025,Sale,K01000011,4.638
2025,Sale,K01000013,4.062
2025,Sale,S22000013,4.968
2025,Sale,S22000035,1.036
2025,Sale,S22000039,1.858
2025,Sale,S22000047,3.766
2025,Sale,S22000051,7.911
2025,Sale,S22000054,7.87
2025,Sale,S22000055,3.238
2025,Sale,S22000056,3.311
2025,Sale,S22000057,4.99
2025,Sale,S22000059,4.444
2025,Sale,S22000060,4.276
2025,Sale,S22000061,6.559
2025,Sale,S22000063,4.194
2025,Sale,S22000065,17.433
2025,Sale,S22000068,3.841
2025,Sale,S22000069,7.836
2025,Sale,S22000070,4.382
2025,Sale,S22000071,9.279
2025,Sale,S22000074,4.506
2025,Sale,S22000085,8.546
2025,Sale,W22000003,2.366
2025,Sale,W22000009,1.54
2025,Sale,W22000015,2.314
2025,Sale,W22000021,1.693
2025,Sale,W22000022,2.871
2025,Sale,W22000024,3.753
2025,Sale,W22000026,2.903
2025,Sale,W22000028,1.337
2025,Sale,W22000029,3.028
2025,Sale,W22000031,3.853
2025,Sale,W22000032,1.711
2025,Sale,W22000034,4.875
