{"type": "FeatureCollection", "features": [{"id": "0", "type": "Feature", "properties": {}, "geometry": {"type": "MultiPolygon", "coordinates": [[[[98.10279799962802, 24.094866000265768], [97.64607199972306, 23.843343999825777], [97.53102899958873, 23.931114000410844], [97.72869899965917, 24.113920000307814], [97.7672579998569, 24.264892999912092], [97.66713000044922, 24.297765999601268], [97.71471399955152, 24.365830999800835], [97.67403399956947, 24.455799000123818], [97.53259299976719, 24.43115799964204], [97.55198700019997, 24.73804099989229], [97.79701999997309, 24.848970000065492], [97.73058300020534, 24.913497999932815], [97.7201229998766, 25.083658000316518], [97.83506799998827, 25.26415399980732], [97.94004099979236, 25.22007599960773], [98.14280700014302, 25.38652599977513], [98.17017400042982, 25.623266000225783], [98.31416299992259, 25.546182999645794], [98.52872500015872, 25.844010999607974], [98.67739899986401, 25.81945999967928], [98.70690900005036, 25.889133000287757], [98.6152950002641, 25.973480000401764], [98.58318299969574, 26.119744999632076], [98.71667499985142, 26.12899199978102], [98.67344700017895, 26.241642000178217], [98.78201300019987, 26.62194100007713], [98.70302599995, 27.567575000086208], [98.43750799979443, 27.669380000386752], [98.42628500025262, 27.552929000073334], [98.31954199976354, 27.522950999888792], [98.13346800024806, 27.98051999999808], [98.13734400002562, 28.147717000439286], [98.01228300016038, 28.205956999915657], [97.91300999971179, 28.36417800011469], [97.7956539999322, 28.331202000172198], [97.66356699981725, 28.534461999921405], [97.5075759999325, 28.4984629999675], [97.5151749996266, 28.324721999920428], [97.34953299984812, 28.23746699970235], [97.30529000013348, 28.07753000040924], [97.41078199958969, 28.020087999961277], [97.38285799969697, 27.884391999791035], [97.27780099961649, 27.907758999977943], [97.09133099982586, 27.742918000265547], [96.96872699995117, 27.861860000338822], [96.67443899956027, 27.957974999946316], [96.44136800013314, 28.159721000024206], [96.2987520001048, 28.14417299978419], [96.27042399956798, 28.233682999670748], [96.01303900034964, 28.19474800012017], [95.87381000003154, 28.301316999779772], [95.73941100031749, 28.27886599956628], [95.39573699956293, 28.145747999570574], [95.2855450001017, 27.943543999955693], [94.8851240003724, 27.746775000066236], [94.52421599986855, 27.599669999870628], [94.27643600022128, 27.584684000366394], [93.86122099994924, 27.190901000081112], [93.82920100002622, 27.037179999657326], [93.56673400027393, 26.94184299995453], [93.08754000027085, 26.882440999952223], [92.64637000007548, 26.956269999760707], [92.10793300020788, 26.85827299969924], [92.12355000003254, 26.96349300010195], [92.02662700003606, 27.09530600017183], [92.12475599988954, 27.276592000120786], [92.0583650004445, 27.40538600036365], [92.00936099971045, 27.47815099966897], [91.7321400003608, 27.46641199971407], [91.58380099991626, 27.54401199985398], [91.5625839999517, 27.64309499963457], [91.64114400029541, 27.77028999988363], [91.54279300009694, 27.829193000256794], [91.62355000013247, 27.872966999927144], [91.46376799989332, 28.006151000268517], [91.31119500024914, 28.063753000000986], [91.25035899976808, 27.97391700036934], [91.16178099969346, 27.97073700031234], [91.1102680001681, 27.850654999828407], [91.03320300041821, 27.857819000146776], [90.96052599977514, 27.957138000018745], [90.70049299985214, 28.07965500037801], [90.46155499966358, 28.048395000428968], [90.29506700044175, 28.15781000003153], [90.12296300034222, 28.194128000307046], [90.03152499967905, 28.14063300021286], [89.80082699996615, 28.24846999989063], [89.60383599973164, 28.165584999747978], [89.37324499955713, 27.879463000017495], [89.23686200008132, 27.80040600013683], [89.09405500023814, 27.495207000202925], [89.18076300041218, 27.377335000010305], [88.98227699958392, 27.21269200043554], [88.78117400037985, 27.46684599994302], [88.88645900018275, 27.85041999978324], [88.76187099964699, 28.071994999669528], [88.63851900035166, 28.114741999643627], [88.4033129995953, 27.98024199976851], [88.14138000018693, 27.958530000359303], [88.10909299964226, 27.868250000037506], [87.83081099992773, 27.951626000339672], [87.72528099961852, 27.80654099976738], [87.56651300027482, 27.86740899992543], [87.22573099978587, 27.81676099982036], [86.70817599972264, 28.1044879998214], [86.56710800003424, 28.106918000365454], [86.51243599962174, 27.958632999713245], [86.41290299977368, 27.908003000438157], [86.22901899962721, 27.978336000006436], [86.18276199966658, 28.171647999655534], [86.08038299987561, 28.089758000431402], [86.12348199989447, 27.929543000009517], [85.98799899965417, 27.91496699962738], [85.85219599994548, 28.17622800042193], [85.75143400007909, 28.23147000014046], [85.71453099980585, 28.38373800010868], [85.6033169999796, 28.25549900027869], [85.49404099959253, 28.339005000280565], [85.36864499956715, 28.285308999910455], [85.12276500030458, 28.336091999945893], [85.17804700006906, 28.645091999796023], [85.05444299994457, 28.67787599987753], [84.97940099995623, 28.59003100033044], [84.85520200027213, 28.571518000055733], [84.69618200009927, 28.637092999642277], [84.63924400041037, 28.727667000032056], [84.48091100044235, 28.738535000290085], [84.40596799962356, 28.857188999672644], [84.224907000158, 28.90039400008311], [84.24643700016748, 29.033820999939223], [84.18858299960579, 29.049396999671842], [84.16507700020344, 29.172917999566096], [84.20046199972154, 29.24321200003385], [84.10257000000553, 29.295774000269944], [83.9150310003804, 29.327842999754694], [83.58235899976808, 29.181458000386442], [83.26383200034661, 29.57418100035295], [83.07929999999504, 29.608586999690317], [82.94429800035249, 29.71200000039977], [82.82819399985328, 29.690612999790176], [82.69197799998477, 29.765092999942055], [82.72859200042052, 29.828733000227828], [82.62706799958858, 29.835152000364587], [82.55880700024295, 29.95842899979857], [82.17530800026407, 30.070946000357708], [82.2068939999582, 30.15387299973918], [82.10770399973984, 30.23293900003489], [82.10199700006154, 30.349166999957106], [81.99488100035796, 30.32372300021632], [81.62771599999348, 30.44967799993981], [81.55329099967997, 30.372638999590208], [81.4156190001168, 30.423015999788618], [81.39102900018827, 30.20217300038371], [81.26078799976642, 30.153276000087374], [81.25382999995458, 30.014983999811818], [81.13817600042216, 30.015966000130845], [81.01408400027645, 30.262367000037045], [80.30671700008952, 30.571736999862708], [80.1005399998212, 30.57161899981702], [79.88872500035853, 30.85803999984614], [79.66937299956436, 30.983331999572158], [79.59937300006396, 30.92561499993235], [79.40239000019841, 31.07409699977677], [79.31427800002973, 31.020503999659923], [79.32716399981882, 30.965292000425507], [79.22542599991004, 30.95194099987731], [79.18882800021208, 31.014565000074754], [79.00804900026122, 31.046867000411794], [78.99270599958226, 31.173464000063632], [78.75338699981023, 31.35831299974518], [78.79039000019839, 31.44280600029674], [78.72381600040814, 31.5099530004307], [78.84384200010828, 31.61257399969037], [78.65197000031532, 31.824490000213416], [78.76898999988862, 31.93772699980127], [78.45196499958513, 32.14481699990466], [78.42843600002146, 32.21462599959028], [78.50891099964298, 32.31074899956673], [78.39324999978771, 32.53302000007301], [78.73965499967852, 32.706183999591985], [78.78039599977564, 32.483279999572346], [78.96849800018259, 32.33478500002781], [79.10048700027488, 32.37234500002177], [79.13350700044776, 32.47457900032066], [79.30734999980268, 32.60119599999547], [79.15515100031848, 33.18114500044146], [78.8398670002619, 33.42754000007102], [78.73995199988497, 33.55546199967159], [78.75547800000976, 33.62359200017073], [78.6830439997808, 33.65654399990575], [78.77884700028886, 33.73763299996301], [78.74191300038473, 33.99198100032294], [78.65437299961428, 34.032402000052286], [78.6596530002858, 34.08889800004272], [78.91474900006637, 34.14832300020635], [78.97447199958316, 34.31504799956559], [79.04225899955327, 34.330844999597105], [78.88019600024529, 34.36380000036979], [78.70644399969086, 34.52389899993892], [78.5734409996025, 34.50853299999801], [78.54040499959109, 34.576552999921034], [78.4371869997803, 34.543841999608674], [78.26628100006815, 34.637046999919164], [78.20546699970231, 34.72987700002358], [78.19935600027924, 34.975761000369914], [78.0118870002849, 35.23802899993842], [78.0108799997123, 35.36674500018165], [78.1379389999849, 35.49549100000968], [77.90499099993474, 35.46540800037894], [77.81404899966168, 35.519473999825266], [77.68797299975421, 35.44921099988778], [77.19291700031937, 35.52008400007662], [76.75862099965946, 35.6567120000588], [76.59112499981893, 35.77302200016521], [76.57356999965583, 35.921767999593555], [76.36300700037282, 35.8248669997123], [76.15740200040204, 35.82515699959589], [76.10107400006513, 36.01937499965658], [75.94688399959693, 36.07112100003417], [75.93359400006312, 36.13554399955598], [76.06203500021513, 36.23093800008871], [75.98834200038306, 36.332519999998055], [76.01077299967426, 36.47446399961393], [75.85788699998511, 36.67017700026838], [75.64530200008727, 36.77160999960188], [75.45516200012628, 36.72134800021007], [75.41027799963001, 36.954730999635956], [75.14496599998097, 37.026180000306795], [74.89962000016294, 36.93475700033537], [74.84429900039862, 37.0573580000717], [74.49761999956337, 37.069797999977766], [74.46052600037467, 37.13371300035476], [74.50832400035239, 37.24011599955378], [74.73610699963837, 37.285872999839114], [74.83532000001804, 37.21779299984712], [75.13694799985035, 37.35541199966411], [75.12638099998321, 37.45904899991149], [74.93773699976276, 37.55934499987188], [74.8902889997376, 37.66133899989501], [75.00537099987179, 37.77641699984474], [74.91477200012775, 37.845325000248636], [74.92310300030329, 38.01760500037051], [74.80364199967858, 38.15598300011544], [74.78799400022297, 38.33312999984969], [74.8600079999693, 38.484385999914025], [74.374724999759, 38.654822999581825], [74.14494300001951, 38.67684899998142], [74.08742499966405, 38.54215600019933], [73.99755100007866, 38.523929999669804], [73.79599000043822, 38.61126299988757], [73.6961289998535, 38.85782199988546], [73.73908200033412, 38.93384900033118], [73.82335699982576, 38.91704899991146], [73.83706699984225, 39.00846499956015], [73.7396620001013, 39.0293349997105], [73.50028200021421, 39.386444000390384], [73.62036099966048, 39.47009299979214], [73.86514999987264, 39.482783999581955], [73.94551099963297, 39.59241500015219], [73.83512900040313, 39.79994199972356], [73.94375599963973, 40.02259099967495], [74.20830500007577, 40.12092199985045], [74.35359200007082, 40.08883999976621], [74.69780699969334, 40.34610399969989], [74.90559399956351, 40.33873699991267], [74.79038199972956, 40.447452999656264], [74.83405300004597, 40.52060699981325], [75.23924300026431, 40.44841800009067], [75.59634399967592, 40.659324999948865], [75.6431349999803, 40.51636900042905], [75.7298430001544, 40.47380099971639], [75.6668700000505, 40.36355599960973], [75.69794499956214, 40.28285600040414], [75.9186859996592, 40.29107700000361], [75.97119900033363, 40.37880699964336], [76.27691699991965, 40.43880800028904], [76.34030899956076, 40.34082800011214], [76.53679699998162, 40.46368800010117], [76.65730300023336, 40.62206999963081], [76.64402000012296, 40.75968900034712], [76.72868300042018, 40.81845499979846], [76.75917099984184, 40.95323900017979], [76.87492400034239, 41.02456999990562], [76.99929800000274, 41.072605000020815], [77.16628299966078, 41.00818999996858], [77.77780199996238, 41.022204999661085], [77.82833900034467, 41.148468000098205], [78.13314099995722, 41.22484599964321], [78.16321600011838, 41.37830399962991], [78.64852100044385, 41.46627799972998], [78.7040629996078, 41.54713099969592], [79.32350200001736, 41.80813600037618], [79.7742840001066, 41.89134200003332], [79.89080800018911, 42.03273400027393], [80.16017899996092, 42.0376090002552], [80.16329199962615, 42.195690000293325], [80.2901759999225, 42.25843799991384], [80.20455899969812, 42.428294999814455], [80.27626799976844, 42.50958600019379], [80.16006500009973, 42.62308900035714], [80.25828599969918, 42.822781000143095], [80.5920330004227, 42.88826399998368], [80.37605999986914, 43.03000300003845], [80.80191799991582, 43.177071000326464], [80.77449799988284, 43.30664399962092], [80.68441799979092, 43.32561500033205], [80.75247200038257, 43.49281700010454], [80.5198439998008, 43.81544899997141], [80.393004999781, 44.117858999892974], [80.34817499997632, 44.479159999634305], [80.40646399991374, 44.61455200017474], [80.20548199999433, 44.74661299999002], [80.16758699984024, 44.843624000447335], [79.9970629997577, 44.79304499992685], [79.88566599958625, 44.908549999782736], [80.10145599979461, 45.052123999922685], [80.38856500007478, 45.04320100032595], [80.4784320002367, 45.12204700036881], [80.59702300031125, 45.105057000180466], [80.72409800042243, 45.17615900013777], [80.8957670002469, 45.12691900021173], [81.77687799971994, 45.3825759997826], [81.92227899957624, 45.23398200016925], [82.56002000042275, 45.20376599980108], [82.59823600009139, 45.34545100006363], [82.54433400011408, 45.424407999829384], [82.27893800018859, 45.5379330001079], [82.26367200036259, 45.6192170001645], [82.34288000001203, 45.94279100030445], [82.45828999998355, 45.97907299981915], [83.0265579995521, 47.218512999575296], [83.36682899985851, 47.17742499966408], [83.92192099975438, 46.9691889997726], [84.74529999979524, 47.008891999666105], [84.95251500026711, 46.86034000019089], [85.27352900016331, 47.06792099955453], [85.5429840002115, 47.0570979995731], [85.69731900017177, 47.28053299979814], [85.53248599992901, 48.03253899997492], [85.59212500006873, 48.19897100021154], [85.78677400021996, 48.41417699956895], [86.2352069999032, 48.436297999852854], [86.59212499986893, 48.538791999551165], [86.78143300013289, 48.731091000149604], [86.76252699972133, 48.80138000038676], [86.82562300010142, 48.83654000032084], [86.735831999847, 48.99235500018318], [86.89429500041399, 49.13180499990085], [87.1442179999608, 49.153065000049764], [87.43299900000392, 49.07414600023776], [87.5021899999686, 49.141868999954454], [87.83228200031414, 49.17482499987392], [87.83016199967659, 49.04932799968748], [87.90881299972023, 48.97925599956477], [87.73903699995765, 48.880341000336955], [88.09360500037053, 48.715958000161606], [87.96993299980818, 48.57514999987262], [88.51052900031317, 48.4085039996599], [88.60333300011791, 48.33702500030358], [88.5723419999834, 48.276751999705084], [88.63547500027113, 48.182728000297004], [88.93082400012759, 48.11756900010931], [89.07515700019547, 47.985690999739916], [89.56616199987644, 48.03679300009691], [89.76528200026416, 47.8313179998259], [90.06370499978595, 47.88232400025248], [90.13248399963692, 47.72175999992413], [90.38249999987517, 47.6428489995817], [90.55985300011594, 47.206016999784765], [90.76538100013312, 46.99143999975621], [90.89988700028488, 46.959858000246584], [91.05200999986164, 46.71628600039867], [91.01594499956212, 46.58131799962604], [91.07386000023888, 46.548015999938514], [90.8989029998736, 46.31149299960231], [91.0263439997758, 46.021991999631155], [90.71303600001147, 45.727828999608676], [90.66860199958268, 45.546947000303874], [90.80320699980325, 45.29378899996243], [90.8959050001157, 45.248828999558725], [90.88040200015223, 45.19084900038109], [91.12763199961717, 45.21466799982841], [91.24019599964572, 45.13620799959955], [91.44715099981886, 45.15533800044841], [91.6168590000429, 45.067616000278235], [92.05493200041155, 45.08544499958714], [92.49545300035572, 45.00000000009999], [92.88310200015724, 45.045834000338914], [93.5076980000627, 44.967071999673124], [94.2139510001386, 44.66690799990431], [94.35740700023291, 44.51430499977596], [94.60504200038804, 44.44728099991829], [94.72147399982526, 44.33950400030943], [94.997467000102, 44.2518159999085], [95.41191900026172, 44.297104000149545], [95.3251570002954, 44.02719499984943], [95.5256039998248, 44.006011999654106], [95.88466599973617, 43.26971099976288], [96.36277800020463, 42.89872000012798], [96.38690200022717, 42.723933999554504], [97.17195099983883, 42.79341899958723], [98.19467900003588, 42.65161500013221], [99.5031860003337, 42.56632699979127], [100.27088900042708, 42.63464399992074], [100.32368499976297, 42.688244000360385], [100.86104600037265, 42.669688999947425], [101.80155200042452, 42.50206399955397], [102.07373799960908, 42.22176700044679], [102.70989999958539, 42.1511080002341], [103.41554999973278, 41.88039799986785], [103.85429399956848, 41.79914100015708], [104.52706099956555, 41.87316499996484], [104.5211870002799, 41.6601829997457], [104.91965499987839, 41.65252700012098], [105.00587500003127, 41.581402000002356], [105.22672299966678, 41.74928999993358], [105.7371829998956, 41.94741800044039], [107.46050299991356, 42.45687899956624], [107.93394499996185, 42.40204599982309], [108.23262799978244, 42.45847700041327], [108.8402100001914, 42.393985999554275], [109.01995099993877, 42.45661199984397], [109.2856369997478, 42.43387599997749], [110.43075599988953, 42.779242999664746], [111.0136719995632, 43.32786899995443], [111.55751799975593, 43.4883419996836], [111.78695699986571, 43.66983800032352], [111.94370300039321, 43.69117000019543], [111.95952599982508, 43.80137999958737], [111.87695299968124, 43.92188599983905], [111.65578499967808, 44.05944799972548], [111.40843199993691, 44.35527399999518], [111.75697300030379, 44.9676589997631], [111.99523199975704, 45.08909199959618], [112.42105900017282, 45.072829999704766], [112.79164900020123, 44.85263399955949], [113.62380999963182, 44.743957999861834], [113.90014600043764, 44.913609000155304], [114.10927600018726, 44.95499799955809], [114.45247699981371, 45.21147199993288], [114.54428899973766, 45.38588000016193], [114.73809100039944, 45.436480999898265], [114.96721600041815, 45.37529799960305], [115.35733800004868, 45.39037299961427], [115.69267300025876, 45.457745000231625], [116.02835100009861, 45.68320500031058], [116.16731299979517, 45.686645999813095], [116.2799759998926, 45.77331499998729], [116.26480099976641, 45.96499599996548], [116.57853700038231, 46.2908170003044], [116.82758299995555, 46.38251899965218], [117.36440299989863, 46.35835300039071], [117.41236900042907, 46.58018100025299], [117.60367600024722, 46.59878200008927], [117.71193699969285, 46.51506000001905], [118.30911999988814, 46.73766699983224], [118.78087600042716, 46.6852869998952], [118.90757000005556, 46.77327699983374], [119.09724400011055, 46.63997700043825], [119.36678300043513, 46.6012879996415], [119.55134600041765, 46.6320879999613], [119.67067700044333, 46.58305699978075], [119.7973180003255, 46.67995100023853], [119.90530399967986, 46.668148000030214], [119.92228700044473, 46.90206499979996], [119.8530809997884, 46.915359000417595], [119.70941900008688, 47.183792000100766], [119.31324800029506, 47.42316799980341], [119.35833000002958, 47.47513999981118], [119.14466099960555, 47.538302999683765], [119.12662499974397, 47.66220500006074], [118.76587700032337, 47.769062000411054], [118.56091300023479, 47.99028800039093], [118.17313399983425, 48.04757700007855], [117.80584700013901, 48.01426299983763], [117.37627399964538, 47.63900000014996], [117.0869830003652, 47.821751000208565], [116.8106689996747, 47.89568699955544], [116.44545000001756, 47.83541900008686], [116.25853000015945, 47.87473300002796], [115.93196100039995, 47.68126300028729], [115.58229100012966, 47.91544000035577], [115.52467299965929, 48.108757000235414], [115.81543700031739, 48.25765999970929], [115.79428099956851, 48.5211519999649], [116.07040400044434, 48.82047999985218], [116.04087800041941, 48.87154000007098], [116.71756000019388, 49.8539279997774], [117.0609660002807, 49.693638000393435], [117.80297900008088, 49.51896300044217], [117.86924700014902, 49.5976910004394], [118.07379900012381, 49.61907600005742], [118.38011899959224, 49.82896399968888], [118.47546399966393, 49.8273200003178], [118.56120300011844, 49.93566900022421], [119.05113199964217, 49.98524500035654], [119.28709400018806, 50.110839999666325], [119.35818499963807, 50.19484700028886], [119.31614699998408, 50.28178800041593], [119.37952399983283, 50.32104100024202], [119.12059000022839, 50.38102700019596], [119.24263000017447, 50.44397400000014], [119.27896100015005, 50.607933000407684], [119.44469499967454, 50.694602999728716], [119.51860799975941, 50.79082099958953], [119.48866300019733, 50.87966200010129], [119.75893400010409, 51.08859599980559], [119.75922399998763, 51.211863999723846], [119.97455599975967, 51.4069599998042], [120.08581499986246, 51.68028999958386], [120.65768400001662, 51.93109100004966], [120.77928899968765, 52.165173000233835], [120.61570699957838, 52.354777999804924], [120.73310100021104, 52.54584100006218], [120.46070100015106, 52.64339100019458], [120.05966900012436, 52.59107999984218], [120.02764900020122, 52.776553999567454], [120.28072400031238, 52.8632999996953], [120.87956999985568, 53.29200699982323], [121.23750299986364, 53.27821399957645], [122.33510600044167, 53.498588999882486], [122.43631000000653, 53.44218799977642], [122.85698700034982, 53.45691700001959], [123.27425399992217, 53.558094000138055], [123.48956300043221, 53.495871999593135], [123.51533500001028, 53.555453999802296], [123.53728499960312, 53.495667000032086], [123.59672499955911, 53.54881700040431], [123.877266000026, 53.481216000018435], [124.11086999975078, 53.34573399982429], [124.23963899974012, 53.374569000359145], [124.43343400007905, 53.220199999730255], [124.6915440003554, 53.198677000043574], [124.86957600043218, 53.10071899998189], [124.90486900020426, 53.17696000040377], [125.1548689997046, 53.20125200007982], [125.49857300004396, 53.048397000021566], [125.60485099977393, 53.07886899960471], [125.73326899976462, 52.98570600033173], [125.65897400005008, 52.8595159996637], [125.82018999986872, 52.89281500011219], [125.9514620001712, 52.7594410000022], [126.10890999979677, 52.76342000003302], [125.96469899995896, 52.61611200036856], [126.17334699996411, 52.5492590003027], [126.1855240003324, 52.468142999899555], [126.3261110003225, 52.411021999865454], [126.31530800036398, 52.309856000254285], [126.427604999771, 52.29034799996026], [126.3014069996334, 52.20270900002038], [126.5531620000263, 52.12443500027507], [126.43835399993725, 52.02529899984904], [126.45133200037162, 51.94700600012686], [126.71704100034196, 51.712013000199875], [126.67098999998859, 51.586227000175995], [126.82958999967877, 51.53238700035985], [126.7733230003563, 51.43005800017664], [126.90367899978605, 51.39484399955097], [126.80944100040188, 51.33461400003614], [126.81270599988204, 51.265731999931916], [126.90135200039458, 51.25062900042809], [126.86584499974697, 51.32038100018309], [126.96575900007781, 51.32450100042087], [126.88941999963333, 51.20944999991764], [126.91039300003695, 51.061478000209604], [127.29491400038091, 50.74614299959978], [127.36144299989462, 50.58023800028354], [127.2824939995985, 50.470332999668244], [127.35625499986838, 50.430481000098155], [127.3209149997275, 50.33183699987768], [127.59959399976333, 50.229267000271875], [127.48483300004295, 50.02337999988714], [127.54105399994216, 49.80468000038178], [127.6607440003354, 49.77393299980815], [127.6937639996089, 49.66719799968797], [127.81920599995703, 49.59041200021369], [128.18548599997894, 49.539593000316756], [128.75959800014766, 49.590565000074776], [128.80531300029475, 49.55607999979219], [128.75587500023119, 49.47795899990797], [128.99873399957448, 49.45544100020203], [129.09486399987372, 49.35390499971601], [129.22489899978905, 49.39821599986857], [129.3610530003957, 49.35584300005445], [129.3856659995863, 49.43077100018155], [129.5123289995837, 49.42213100014561], [129.57354699969437, 49.28041100006766], [129.72026099984532, 49.287089999603836], [129.91845699989074, 49.04514300004945], [130.22909499973446, 48.8675989999939], [130.67059299976722, 48.878822000435036], [130.52865599957477, 48.6144910001596], [130.60678099964343, 48.581233999849246], [130.61993400005417, 48.493884999792954], [130.76532000011798, 48.49814200005329], [130.73825100008366, 48.42877600011235], [130.83865399958245, 48.29945799998677], [130.658768000343, 48.096656999820766], [130.88339199964116, 47.92534999960287], [130.99760400012462, 47.69850899969066], [131.45903000003455, 47.74441899983702], [131.6085819997595, 47.65791700016945], [131.70541400005607, 47.70866799962852], [131.9695739996405, 47.667942000223206], [132.33577000028538, 47.759513999871274], [132.55088800008116, 47.716091000199526], [132.67980999993165, 47.88272099967446], [132.66427600033717, 47.953334999610604], [132.81143200018676, 47.9346769998437], [133.09484900018128, 48.12689200016575], [133.52333099982582, 48.11399499986942], [133.73284900038118, 48.25239199959117], [134.19575500019312, 48.38009299979217], [134.5147090004201, 48.41723999962636], [134.77160599961724, 48.36764500041647], [134.90205399969238, 48.445782000139275], [135.0862580002066, 48.43817900026073], [134.67123399974935, 48.246754000396834], [134.54847700001358, 47.984054999838406], [134.7793729998641, 47.72479200035059], [134.55868500041254, 47.47067599989754], [134.32045000026733, 47.434989999988545], [134.17558299985558, 47.32903699995762], [134.15000900041514, 47.25070999956688], [134.22598300021536, 47.1081280002071], [134.12985199986997, 47.0840870004148], [134.05700699957345, 46.97656299988262], [134.01068100002817, 46.64424500030657], [133.83862300025135, 46.469405999986975], [133.93901099995776, 46.394710999812844], [133.86367800003973, 46.35040299979863], [133.90612799980738, 46.255558000301505], [133.6815029995638, 46.154404000344414], [133.73344399994073, 46.059471000386395], [133.5803220001602, 45.86780500020063], [133.5146479996056, 45.891570999901774], [133.45518500038747, 45.831702999993524], [133.45780899998545, 45.62117000029531], [133.1784669999521, 45.497177000218414], [133.09111000042628, 45.311099999665316], [133.12477099958198, 45.12704499972699], [132.93720999984168, 45.01646400031342], [132.0021819996996, 45.24908399962692], [131.874847000189, 45.34144599973314], [131.7830199995734, 45.21041899993696], [131.6750639998038, 45.21374899971664], [131.67864999969777, 45.11867899973612], [131.48985299961635, 44.965599000093846], [131.1402590001528, 44.943923999692856], [130.95454400010556, 44.84762599974016], [131.09876999973574, 44.71072000042773], [131.29927099995678, 44.04650099982132], [131.22930900041013, 43.98513400003412], [131.23088100005816, 43.59730900021026], [131.18220500006078, 43.560222999591815], [131.30799899955423, 43.49661299979016], [131.30844100015213, 43.40273299982812], [131.1931759996727, 43.21914699993414], [131.20527600008745, 43.13313699957291], [131.09164400027043, 43.02306000001903], [131.1182250002836, 42.92114299994955], [131.02632099971447, 42.927920999554544], [131.03277599971273, 42.8613049996261], [130.66349799993282, 42.84248699967537], [130.39590500031557, 42.72387699962388], [130.59063699979777, 42.66259800029752], [130.62977599976261, 42.587584999847934], [130.56996199964658, 42.49938600016384], [130.63351400037084, 42.420441000052165], [130.56338100013306, 42.4406419999284], [130.51701999987313, 42.61152500037849], [130.43118000015693, 42.5484710001366], [130.43057900032068, 42.60632799993732], [130.23024000037583, 42.72281300001998], [130.25717200038753, 42.900001999892424], [130.10917699961885, 42.910599000243735], [130.10809299999198, 42.98570300039319], [129.8903499996528, 42.99934800011016], [129.75749199995585, 42.721535000439985], [129.79122899991853, 42.67663600015135], [129.7039640001385, 42.42669699986669], [129.58097799973496, 42.446277999929805], [129.54774499963207, 42.3579790001308], [129.33737200011774, 42.44909300024182], [129.19773900005487, 42.31660799975941], [129.21534699996414, 42.20954499980195], [128.90388499989285, 42.010891000219544], [128.0280609996155, 41.997851999670104], [128.1011660002108, 41.94310800043394], [128.15730299983363, 41.71177300012391], [128.31512499961912, 41.60516699965734], [128.1472929995723, 41.381809000285216], [127.93093900033466, 41.45706200011125], [127.65094800005022, 41.40591400033088], [127.54131300019492, 41.47512799955757], [127.2624210002291, 41.47579999997009], [127.10171499964758, 41.54473900000488], [127.1753850002176, 41.59711099957303], [127.03596500008473, 41.666907999604575], [127.07959700040135, 41.698242000268124], [126.94237500000634, 41.80511100027252], [126.79493000031937, 41.69543799956409], [126.69338200017921, 41.74379300004699], [126.72962999992467, 41.704948000150125], [126.56552099979433, 41.61134699956443], [126.5375369998327, 41.359469999840655], [126.43841600009841, 41.34839599997548], [126.28213500033007, 41.158382000429015], [126.11457800037454, 41.084488000321016], [126.10540800017918, 41.00530199988742], [125.97522699982619, 40.91520299981863], [126.01325199968005, 40.89530599957226], [125.77382700041585, 40.88900799961954], [125.64737700034834, 40.81562799983237], [125.68720199957272, 40.76322199959566], [125.56060800005923, 40.76709700022644], [125.42141699969488, 40.626479999752235], [125.27830500017569, 40.64613000029931], [125.01895100008869, 40.524265000329535], [125.05003399996917, 40.45532200011024], [124.89907099992672, 40.479636999947616], [124.41225400002213, 40.132706000081896], [124.36448100029804, 39.96448600012883], [124.22104800036493, 39.91361999986316], [124.14041299966027, 39.74620200002232], [124.1156319999169, 39.829168000303014], [123.62869399982833, 39.83290399991972], [123.43846200012126, 39.73316899974958], [123.26527899972609, 39.75533000007948], [123.24743299963325, 39.68960199973253], [123.12723600014135, 39.64639900031369], [122.99339099989481, 39.665587000239896], [122.96318900017229, 39.604416999644855], [122.64133600025627, 39.51909100024949], [122.49212500006877, 39.40220499966108], [122.38713999971128, 39.414397999867845], [122.3468159999585, 39.33277000013544], [122.1367229998666, 39.22842999984465], [122.03622300039126, 39.11028499965306], [122.0590819996346, 39.0618029996088], [121.84593099971596, 39.03851699955993], [121.89991199973906, 38.967382999925576], [121.86197600039213, 38.94375999962432], [121.79062899992846, 39.019661999701555], [121.66574600017782, 39.01730099964146], [121.59573200003183, 38.947229999564854], [121.71353599978659, 38.91754300020932], [121.69551599976364, 38.86655299962126], [121.22650900009035, 38.802285000052734], [121.19788300020036, 38.72361199989393], [121.13437499970655, 38.72605500013822], [121.09843699986766, 38.930991999880916], [121.33972300041614, 38.975254999618585], [121.3661590000379, 39.0557009997014], [121.50971700033938, 39.0329130001349], [121.60551299962526, 39.094947000104014], [121.58653200025162, 39.15174000030083], [121.63613099964596, 39.11127500034104], [121.59206900018432, 39.07511900034166], [121.67406899998446, 39.09673599986655], [121.58465399998215, 39.19860000018991], [121.6109890003421, 39.27029100032945], [121.7230670004418, 39.30519900033363], [121.7354800000021, 39.38145599969471], [121.85499500041897, 39.37095900035763], [121.89658900028223, 39.40241799959108], [121.54285100037339, 39.36017600042214], [121.502026, 39.285363000202324], [121.45327700023347, 39.37511400041086], [121.31715600024927, 39.37899000018842], [121.35872099967446, 39.439720000277816], [121.24619100031452, 39.388594999759505], [121.24548800027105, 39.453871999992884], [121.38050799984433, 39.51921100038743], [121.22398699980022, 39.48492200015022], [121.22984700023892, 39.55499100013458], [121.45808199968462, 39.62807199962316], [121.47275900022771, 39.808040999992215], [121.77710100021102, 39.93397499964658], [122.25977999994711, 40.47656899965966], [122.14839000009852, 40.67140600038664], [122.05564999964781, 40.65807799999976], [121.950495000444, 40.748009000415095], [121.94982700021592, 40.707858999693144], [121.94029500041404, 40.752746000327704], [121.95133799974894, 40.78565399983228], [121.83669700016651, 40.87072099987432], [121.84123699998759, 40.97900500038054], [121.68804000034584, 40.832709999766735], [121.47692199975052, 40.885396000325215], [121.3266890000973, 40.85237099992179], [121.32168200032413, 40.92276399955898], [121.32318699958046, 40.85103100018057], [121.27055199957522, 40.899737999808906], [121.11566800037792, 40.87609699957693], [121.06049999957543, 40.79870600008189], [120.97410100016111, 40.82060900020525], [120.99861600022825, 40.71815299956131], [120.8271629995728, 40.67776400040833], [120.71591099979287, 40.519583000255295], [120.59433399961449, 40.4691270000111], [120.58935300014093, 40.36582800006221], [120.44153400029393, 40.19620800029901], [119.56487900036564, 39.907486000278766], [119.52155499986338, 39.814217999760956], [119.4037989996242, 39.78540700033284], [119.25496299964277, 39.518358999768054], [119.30413299993802, 39.425659000262726], [119.01789100006965, 39.189312999995025], [118.98277400031986, 39.19017700026842], [118.89270499983593, 39.161163999618964], [118.84899699961193, 39.164445999883014], [118.82032600034472, 39.12264799960553], [118.53723099991078, 39.14493300025782], [118.57575500029304, 39.111226999926146], [118.47772200037014, 39.087767999993275], [118.40372399996272, 39.00752000004803], [118.40383799982385, 38.9669669996274], [118.03016599976115, 39.221643999870764], [117.86794699955442, 39.191435999871544], [117.78605000000755, 39.134657000320374], [117.81581999959337, 39.07274699977427], [117.73810999977673, 39.08076099972044], [117.80518800032598, 39.05817699966883], [117.82913300018788, 38.97370400003962], [117.77523600044117, 39.04631700042927], [117.75719400030289, 38.97158300025529], [117.88457300004393, 38.944923000196354], [117.73667099996669, 38.96374100014708], [117.85695800001179, 38.91892400004264], [117.6857940000931, 38.89733700010254], [117.75092499988887, 38.87359100042437], [117.69045500009827, 38.87060000009001], [117.7295820004091, 38.82760500037051], [117.59524099977239, 38.817646999809256], [117.60858800013614, 38.71460500002081], [117.68769899980907, 38.75796799962353], [117.71872099957454, 38.70122199979551], [117.57748400018647, 38.674059999969074], [117.57947700036334, 38.614577999874825], [117.76227800002971, 38.336990999834825], [117.94135699982576, 38.36415499975351], [117.80649999967534, 38.27463999963635], [118.56419999983018, 38.044127000360845], [118.69251100028248, 38.142124000422314], [118.7528969997968, 38.08877099968197], [118.88651600041317, 38.133026999996105], [119.08903900034966, 37.912597999897855], [119.09096600018086, 37.78588400024648], [119.283741000247, 37.7948920001657], [119.17841899963719, 37.74863400015903], [119.23830799961456, 37.682570999651944], [119.02805100005367, 37.724678999836044], [118.90424799974551, 37.527255000318064], [118.99874899956671, 37.26787099974689], [119.12305299959633, 37.239616999924635], [119.13986399962391, 37.1763459995683], [119.14824200016824, 37.22710700038783], [119.28593099961597, 37.199877000123536], [119.24767399985524, 37.08947099978684], [119.52922800027204, 37.124103999699855], [119.55089899958921, 37.0577560004391], [119.62384199990845, 37.151011000357414], [119.74954699979423, 37.1222630002373], [119.89530900011027, 37.259482999640795], [119.86226299963778, 37.377283000110424], [120.16308099988828, 37.482863000027464], [120.31249100025957, 37.606024999554165], [120.21687999961239, 37.6821120000688], [120.73949600014032, 37.82736400024845], [120.92979600028525, 37.82103199962711], [121.02422500038347, 37.712585999744135], [121.13746900029423, 37.71206099981532], [121.14386100008517, 37.59863200036659], [121.36665799966704, 37.608122000030335], [121.46985999963931, 37.469104999596084], [121.57169100023953, 37.43870999996659], [121.63692999961984, 37.486480999598484], [121.95999200043059, 37.47394000043073], [122.13444500003675, 37.55555400041686], [122.15686199958168, 37.43564599986303], [122.69627400034494, 37.40983500028511], [122.58214099990732, 37.351750999908745], [122.55137400020999, 37.27516599981112], [122.61095799961208, 37.200535999936506], [122.4874559996947, 37.153946999954144], [122.42540499984091, 37.039967000276874], [122.54291999975828, 37.03399500006924], [122.51711899974214, 36.90172999983969], [122.41165799991677, 36.915419999833205], [122.34207599990748, 36.83515900018779], [122.19369700031632, 36.8605839999517], [122.12261500038198, 36.91367400025496], [122.2248990002887, 37.036739999851136], [122.09423300005301, 36.9207019996976], [121.96742000033282, 36.964259000152765], [121.76270600008195, 36.883165999911], [121.61909199989589, 36.79994400041534], [121.63823699963791, 36.73785499970853], [121.47938900020222, 36.77827400024495], [121.57183799982386, 36.8406420003281], [121.01346799984833, 36.579810999578], [120.85615700024539, 36.654188000375996], [120.80555999979424, 36.59155399971735], [120.95595599976969, 36.55914199970357], [120.96177700020849, 36.47685700025039], [120.88746399966396, 36.377564999824926], [120.83004700036884, 36.466901999827485], [120.70855200037454, 36.41979700033136], [120.72318399974188, 36.33072099977437], [120.64409700027636, 36.29205700013051], [120.68754500020168, 36.15330500022566], [120.35822600042968, 36.04831100035244], [120.30933000017944, 36.06172300011639], [120.36549300010188, 36.17487400023498], [120.30949399964845, 36.25376200041603], [120.30601900037664, 36.185815000262096], [120.12765800041643, 36.18006100021506], [120.10624999973777, 36.100217000014595], [120.30085000032727, 35.98365800011669], [120.05605399979231, 35.87415900023774], [120.00809799972296, 35.71928399965691], [119.91016599996101, 35.75440200035206], [119.91550999998663, 35.63728399985678], [119.65846600030568, 35.581823999977644], [119.5642900001834, 35.3764459996832], [119.40937300036376, 35.271693000131904], [119.38344399984078, 35.09905999991912], [119.2295369998327, 35.05877700025843], [119.19801600043809, 34.9622480004449], [119.19031699972982, 34.831341999933386], [119.24351000028639, 34.784192000160715], [119.4988220001353, 34.72814600023776], [119.44952700037084, 34.67527200000285], [119.64069500007429, 34.51479500008924], [120.27655200037464, 34.295533999894246], [120.30266400034338, 34.10586700016199], [120.56595000009247, 33.688715999643705], [120.55302100011909, 33.57876300041221], [120.8290979997729, 33.231580999763366], [120.84211900039156, 33.05589499995432], [120.9687980002276, 32.87600200039208], [120.89554800014014, 32.687206000356696], [121.18686500021965, 32.476400999806344], [121.41328699969529, 32.403174999926364], [121.48320299981867, 32.23198299961581], [121.36095600021929, 32.20257000030534], [121.72512800015716, 32.06358300035521], [121.95382700031587, 31.736665999836077], [121.87876400025846, 31.611921000154098], [121.98326199974156, 31.498673000058943], [121.82969600017032, 31.43988400044634], [121.34535600027925, 31.64410999977673], [121.16266600033566, 31.78984399970085], [121.36726399973384, 31.84828400030642], [121.28979500023911, 31.871572000447486], [121.09874699977433, 31.765060999865284], [121.38235499958364, 31.545032000226684], [121.33526699997208, 31.50876599965119], [121.68014699968433, 31.3190219999654], [121.91829200017571, 31.09498799999625], [121.97223700033737, 30.89338200007927], [121.42724999968777, 30.769745000231637], [121.0029949998194, 30.555799999670285], [120.90872099967441, 30.372703999889723], [121.07377200007784, 30.269009999711784], [121.1449720000578, 30.3659810001231], [121.33392600018487, 30.3831379999188], [121.67487800041943, 30.001157999841894], [121.9357050000857, 29.890537000382324], [122.13809600023023, 29.881177999565068], [121.6986290003282, 29.56098699985023], [121.43951799975594, 29.475128000157156], [121.44258099981334, 29.41456899985951], [121.52900899966562, 29.468622999651757], [121.4948079998893, 29.397163000272315], [121.7247279996975, 29.541305999672204], [121.8017280000472, 29.475167000157], [121.82593700039229, 29.547328000386983], [121.74280599969723, 29.54501399979631], [121.7944570001905, 29.605346000417626], [121.9757319996321, 29.614297999553116], [121.93383600023128, 29.19555600030924], [121.78170800042392, 29.174111999769025], [121.8056229998017, 29.371264000233452], [121.74748399958696, 29.150471999583146], [121.62705700028039, 29.187950000292346], [121.60016899959976, 29.26677200012773], [121.52496000000406, 29.18823099976089], [121.60378700007004, 29.14048899966764], [121.43713000024934, 29.16263500020517], [121.64151399967136, 29.104291000429384], [121.6301140000611, 29.04211600025326], [121.54331600023329, 29.05171300035471], [121.52801100040745, 29.011401000256], [121.55044299974475, 29.045797000031598], [121.62706799988837, 29.03730399957999], [121.64849799978288, 29.052005000330553], [121.70271499989735, 28.957449999817698], [121.5490060000269, 28.904848000434924], [121.67300699957343, 28.862669999720765], [121.66495599971972, 28.726800999666466], [121.45059199962111, 28.6946730001589], [121.65780299990854, 28.470113000214837], [121.59521799971094, 28.43010000041471], [121.64035400013711, 28.28936900007932], [121.59335700022541, 28.250453999652393], [121.45990500011567, 28.327268000417916], [121.35893499965061, 28.13934200003331], [121.18242699970631, 28.043670000170437], [121.12955100027852, 28.136543999605976], [121.23825500036799, 28.2801369997228], [121.20309699962684, 28.389487999971266], [121.1702359995918, 28.387526000324726], [121.09179000000859, 28.146072000122786], [120.9412390000798, 27.97356899960971], [120.9715130004247, 27.940135000130226], [120.86770300029332, 27.93208500032256], [120.91172100042388, 27.879575999832582], [120.83132599999499, 27.768749999912643], [120.77485700035038, 27.801523000386226], [120.6008879996815, 27.59014100020704], [120.67980700039277, 27.465542000063294], [120.64816399986876, 27.371738000008747], [120.54724800009524, 27.406422999621782], [120.47475299975122, 27.167389000402125], [120.4539330001079, 27.222853999612425], [120.42313900006491, 27.16961399958649], [120.38769599967065, 27.23745300015588], [120.35051299997508, 27.24552299998652], [120.30341299981012, 27.230659999859142], [120.28719300005696, 27.29437600005241], [120.19207599970764, 27.27905000015744], [120.18789400020796, 27.214314999737496], [120.26278300033528, 27.255165000364514], [120.31272500025864, 27.209495999640694], [120.35585399986223, 27.23979100005465], [120.41165700027045, 27.14305200044953], [120.17893199971206, 26.973435999971457], [120.24225899995292, 26.96595500032305], [120.22974000000102, 26.91736699988718], [120.05291199968906, 26.891488999917442], [120.12671800023554, 26.642133000437696], [119.84564899970167, 26.51968799980142], [120.07614299989962, 26.80049599999046], [119.93603000018447, 26.792604000274423], [119.8670350002651, 26.648041000391913], [119.78673499972058, 26.7082719999529], [119.82244299974468, 26.788954000127035], [119.77840899977559, 26.796766999797228], [119.84581900034664, 26.853028999788535], [119.78756100004023, 26.83576599960128], [119.74222200014526, 26.73425800040644], [119.70127599958778, 26.81306000021891], [119.73035999991407, 26.71045099971394], [119.58562200005531, 26.786387999606575], [119.6514879995716, 26.71253400044384], [119.54707699960386, 26.629168999749595], [119.73135499993339, 26.614155999899538], [119.81732300015642, 26.469068000088157], [119.76510699968833, 26.408562000436007], [119.67141200016374, 26.47629999994507], [119.60312599966517, 26.455402000302115], [119.67717799986485, 26.344896999896662], [119.82037599975263, 26.423312999895074], [119.85803299972326, 26.35116100008014], [119.92517399958047, 26.36002100036893], [119.64487200024269, 26.272114999807457], [119.65311900014183, 26.206365000244602], [119.51510199995744, 26.082190999914758], [119.50497999992717, 26.04184500004675], [119.71308600011889, 26.0003890002522], [119.62028499955318, 25.892411000367417], [119.59531199994888, 25.69072699955143], [119.46312899990346, 25.656250999683948], [119.60544599963328, 25.567554000416862], [119.6575219999404, 25.374214000375844], [119.60780399955502, 25.346597000251393], [119.56137799989483, 25.461246000202777], [119.52006500039954, 25.38272199972056], [119.45432899968364, 25.506604000074617], [119.34605000030729, 25.52895200003485], [119.34340399969494, 25.41143399997918], [119.25727300004894, 25.43418799977644], [119.25743899961026, 25.499948999846538], [119.12049200020567, 25.40859300026682], [119.37274400013553, 25.266081999684616], [119.28641400030597, 25.23582400007757], [119.30011699999966, 25.191520000247863], [119.17775599963977, 25.1828190000968], [119.14202000012301, 25.240668999574723], [119.10986400022352, 25.179397999717935], [119.15924500035658, 25.137185000087754], [119.06597299965426, 25.109654000331886], [119.02351000018643, 25.157667000331855], [119.07058300000551, 25.209590999924785], [118.97035200034463, 25.234793000196873], [119.01822800032198, 25.285946000207787], [118.87105599973461, 25.244518999951936], [118.97950000042476, 25.169998999754114], [118.86197400000015, 25.089286999995124], [118.99810300035324, 25.00535600017929], [119.0074309997409, 24.95530899991047], [118.90038899985257, 24.945127999857334], [118.98235900006785, 24.880972000057795], [118.69857800037448, 24.851446000032922], [118.68134399972587, 24.93715399995716], [118.65012800000727, 24.80728100031797], [118.77335099964898, 24.746340000390774], [118.65762600043968, 24.688188999622696], [118.68272400041235, 24.60799100018454], [118.56965300038576, 24.517885999839052], [118.56940199960263, 24.58178799961655], [118.43319800028758, 24.671034999965343], [118.42019699969183, 24.606233000052953], [118.29302899978859, 24.58378399993171], [118.23228900013726, 24.529638000393447], [118.18366499983995, 24.661286000048904], [118.02922999976477, 24.544395000129214], [118.04140399999471, 24.4410740000651], [117.91130799996427, 24.478753000150903], [117.90611199956913, 24.393801000016197], [118.06170399993971, 24.410567999813395], [118.12199799970801, 24.269955999569788], [117.74252800026704, 23.90556899960967], [117.77285699955098, 23.9896970004163], [117.7141209996845, 24.030419999683318], [117.59185400006209, 23.737228000371942], [117.60044200039806, 23.86790600026177], [117.40902700009599, 23.941489000417107], [117.50419400005308, 23.865658000016765], [117.47395899970809, 23.798484000436304], [117.440001000346, 23.764749999712762], [117.39595099963901, 23.78751600006342], [117.36825300027579, 23.7784969996369], [117.34332500004882, 23.753636999847743], [117.2745050001057, 23.73549100030948], [117.24416200017617, 23.605027000395808], [117.2389669998272, 23.6620409999922], [117.0891250002187, 23.550503999659895], [117.07429699990666, 23.61920699960342], [116.98504400018055, 23.631611999694087], [116.91192299974671, 23.5696959997706], [116.77454900043608, 23.32452299983663], [116.56640700038281, 23.394867999958308], [116.57221700031437, 23.334158999937927], [116.73431200019866, 23.334981000073128], [116.80544199964868, 23.23936900027917], [116.56963299986307, 23.1763030003832], [116.50332799988735, 22.943203999664888], [116.27480099956654, 22.95395299983113], [116.1350399998961, 22.838015999838547], [115.81961999986322, 22.740346999614417], [115.77077300007397, 22.839623000201357], [115.66114000031087, 22.876560000243842], [115.5293409999872, 22.77381000043124], [115.58394600000793, 22.73104300043417], [115.55741300040972, 22.66920599965721], [115.38224900039108, 22.689367000386824], [115.23558199970955, 22.83143999965631], [115.0462710002065, 22.78331199974906], [114.98356199968657, 22.69069999980519], [114.8813670002869, 22.77164200027812], [114.96877000013546, 22.67898700014996], [114.80303499966556, 22.591828999908444], [114.72939300038672, 22.654902000127265], [114.8247690000893, 22.79174099994725], [114.77945699964084, 22.82513899956524], [114.53002900043805, 22.70013000029934], [114.58178400033137, 22.638305000075718], [114.49855300042066, 22.557516000363194], [114.6227560002892, 22.513091000349448], [114.51563100017063, 22.452016999684815], [114.38827599973763, 22.61470199979749], [114.22578200033911, 22.545543999556003], [114.33463099992082, 22.510368999829552], [114.21097700018845, 22.469748999916476], [114.21876599965117, 22.406543999905693], [114.323480000102, 22.476480000051993], [114.39720300041824, 22.42299799965798], [114.3520769995539, 22.34764399967088], [114.33298200031913, 22.376532999998005], [114.27682699986622, 22.39182600016983], [114.27373600031626, 22.263011999903938], [114.09925799955704, 22.36848200014424], [113.91509900021879, 22.37513200014172], [114.05702900008839, 22.505250000287333], [113.87167200036254, 22.474313999991182], [113.75709400008805, 22.73907500031106], [113.68375100020853, 22.744036999807747], [113.69556299993258, 22.583880000261843], [113.59027299989907, 22.599225000133686], [113.6255750000862, 22.505294999664557], [113.56475799958207, 22.391464999710024], [113.62425400032191, 22.371576999878698], [113.52496800017309, 22.18216400016854], [113.54047400027491, 22.084539000174743], [113.41194399961591, 22.06515600024926], [113.36551099963299, 21.989786000423635], [113.25388299960082, 22.041596000155323], [113.26128099991831, 21.875078999596212], [113.10875799988185, 22.058939000434577], [113.08567100001665, 22.206678000189584], [113.01576999968574, 22.11840599983708], [113.02929099997971, 21.94996499958512], [112.92770699997811, 21.855615000431953], [112.82997599959276, 21.957370000225353], [112.56496400028846, 21.754797999827872], [112.4138519996701, 21.82378200013926], [112.4018710002465, 21.735794000292913], [112.26015500035305, 21.70208900000739], [112.1828670002119, 21.804914999727487], [112.02082800021208, 21.789518000155624], [111.91181800040044, 21.69264799990532], [112.00462899962872, 21.620179999907123], [111.824357999722, 21.562057000430286], [111.83992299984664, 21.653308999710646], [111.9180409995925, 21.66821900020676], [111.72209099969996, 21.761523999732844], [111.8011040002495, 21.653699999755247], [111.66746200037107, 21.530503999559983], [111.47754399985575, 21.50427899977609], [111.45254199981349, 21.560777999904815], [111.42930800036396, 21.574633000312758], [111.44708299988059, 21.530757000435244], [111.25729600001046, 21.415329999679784], [111.26859500035903, 21.49960600011684], [111.10424900009133, 21.458891000319454], [111.04946900009435, 21.508240999922236], [111.08489899988899, 21.468569999705778], [110.99086900020427, 21.423740999947256], [110.74394699965438, 21.378860999635492], [110.61348699992516, 21.219530000409236], [110.48759500040899, 21.222049999707792], [110.42747499967157, 21.200747000273907], [110.42241300005998, 21.354614000235983], [110.3725369995829, 21.413207999849362], [110.42311900024174, 21.236428999998395], [110.33065199979, 21.072808999935432], [110.55022099979936, 21.063884000246446], [110.52692800032702, 20.92511200031862], [110.41514500034157, 21.002801000066142], [110.19988200015422, 20.947494000048096], [110.2984020000523, 21.064928999873473], [110.29337900044055, 21.09918699958041], [110.16621900000689, 20.928850000027523], [110.20511899974213, 20.850191999661092], [110.38503300027281, 20.821691000139595], [110.33955500026309, 20.66768600010886], [110.4086609999053, 20.65927599988754], [110.46526500037953, 20.679565000224613], [110.48683999976623, 20.58334100008716], [110.43768099997823, 20.62489199976602], [110.42521499977249, 20.582611999744017], [110.51978400003162, 20.43522199989542], [110.31665900021272, 20.261555999709685], [110.13220699995315, 20.240126999861218], [110.0575030002633, 20.29143799996376], [109.92593199966211, 20.21758199980951], [109.86091299963527, 20.41152099959453], [109.9742280001222, 20.419300000394742], [109.74131299979518, 20.6368269997663], [109.76234600026777, 20.786518999652174], [109.66471600004343, 20.93688900022721], [109.76814599973818, 21.354536000236294], [109.91304799996527, 21.359030999780884], [109.93425100018356, 21.434863000227324], [109.79273799975897, 21.470439999606356], [109.74658600014385, 21.579511999579154], [109.75406100041488, 21.459984000361374], [109.67363200021668, 21.501806999993107], [109.67367699959391, 21.6105239997828], [109.60959599965571, 21.57874500018164], [109.55441299996005, 21.69768300007047], [109.59398500010775, 21.761345999618243], [109.53096300044217, 21.71664100018205], [109.53627199975307, 21.655666999632388], [109.46832599964523, 21.66615200021471], [109.58339900026374, 21.586121000383912], [109.5498079998394, 21.477971999808005], [109.32783000025438, 21.484825000173657], [109.15862299975169, 21.402478999706148], [109.04291599957378, 21.450586999590428], [109.1612169997648, 21.517449000071338], [109.1503060002218, 21.57825299997603], [108.96546700010202, 21.596902000227203], [108.85065699992066, 21.684518000005767], [108.93784399970087, 21.764465999606273], [108.85609299969224, 21.765094999834446], [108.83926899996442, 21.68427300039872], [108.86490999979674, 21.625542999909555], [108.73137200021768, 21.61784300005445], [108.69772900009332, 21.71313500038002], [108.64855799975197, 21.666120999684438], [108.5912730002488, 21.713331999572176], [108.56169599967069, 21.78960899985549], [108.61155800040143, 21.84565899996295], [108.53637300011394, 21.897274999741512], [108.47167699969384, 21.847451999909936], [108.53098399981178, 21.751166999657357], [108.48397900043057, 21.738696000120342], [108.57201499979249, 21.686474000274927], [108.40133000037929, 21.539508000194076], [108.43357900007084, 21.67864499986689], [108.37459699965189, 21.6706469997593], [108.3530820003341, 21.556327999737448], [108.3654590000329, 21.67515699999558], [108.31434600006793, 21.667991999631113], [108.32351400017103, 21.588074999661558], [108.23077699985873, 21.505723999862767], [108.2153200002179, 21.625847000438796], [108.14642699960643, 21.523210999588002], [107.96412699966135, 21.532865999666228], [107.8133389995952, 21.658570999552012], [107.53456899985952, 21.589499999725263], [107.46541599984857, 21.662018000230603], [107.36065700002058, 21.600979000280688], [107.30263499980543, 21.739974999746494], [107.2122190004066, 21.713013000149886], [107.01399199983098, 21.8219700002154], [107.02352899986352, 21.9438510000237], [106.76231400029093, 22.01443100019054], [106.68247200018271, 21.980112000368592], [106.69006300040718, 22.276273999945204], [106.56090499956616, 22.350658000166618], [106.55857800017463, 22.462392999737176], [106.61192299964677, 22.609767999793405], [106.72291600007338, 22.584359999914113], [106.82099899960423, 22.816978000034737], [106.52274299968974, 22.949500999571512], [106.28375199975505, 22.869795000339025], [106.2033689998795, 22.98117100044135], [106.08236700013703, 22.9990389997501], [105.87578600012387, 22.919909000100347], [105.72111499995736, 23.064947000303846], [105.56527699993364, 23.07169500032404], [105.55562600003992, 23.180734999720528], [105.3280339996694, 23.38902899958873], [105.2351380001187, 23.26694500031158], [105.07888799998125, 23.262947000303882], [104.80670900022022, 23.119269999910614], [104.86226700012202, 22.95361300033977], [104.73334500027158, 22.825228000072173], [104.5774080001791, 22.849417000394283], [104.36727099985683, 22.691630999571032], [104.2688829997507, 22.740685999959], [104.26068899959773, 22.84293199991191], [104.1218490001313, 22.81059599980557], [103.97210699973829, 22.50275999967431], [103.65039800016763, 22.7967430003892], [103.52418500023765, 22.598095000184173], [103.44051399982129, 22.761017000434265], [103.33087199964314, 22.812430999890807], [103.07936900007934, 22.454565000274613], [102.93494400026543, 22.488750000212406], [102.86202200001537, 22.611359000317634], [102.50037399956051, 22.78319399970337], [102.38959500000931, 22.686509999936618], [102.4179310000157, 22.64399900005384], [102.26773100008563, 22.417374000209975], [102.03855899969813, 22.460983000365218], [101.87809799962304, 22.387363000302287], [101.77290300037322, 22.50917599967272], [101.67112699961143, 22.47795299963127], [101.66845699969082, 22.36844800037494], [101.54631799967598, 22.234202999668753], [101.60604899956172, 21.967293000071948], [101.77304799986535, 21.83428799989133], [101.74585000017743, 21.732703999889736], [101.82717899961119, 21.619860000438734], [101.74434700011403, 21.578688000251077], [101.72886700031188, 21.339542000363053], [101.8332059996572, 21.249575000086224], [101.75468400016655, 21.145898999839005], [101.59906799958856, 21.175974000000167], [101.60337100017159, 21.232661999851473], [101.53129600031025, 21.255067999788423], [101.2888029998586, 21.18082199963561], [101.22419699999159, 21.228727000051038], [101.24829100042939, 21.29946700040182], [101.14138000028686, 21.41160399962496], [101.22406800033798, 21.504516999959606], [101.13611600035318, 21.57636300005248], [101.1146929998821, 21.771369999625847], [100.88324699984923, 21.68769299983211], [100.57800299963878, 21.454657000220436], [100.48175800033152, 21.461760999570515], [100.42755900014782, 21.54254299985962], [100.16880799998927, 21.488095999930522], [100.1114499998177, 21.587307000217947], [100.1681369996229, 21.66547400042481], [100.11310599974217, 21.70836399979879], [100.04213000019939, 21.671449999917627], [99.94525899990299, 21.814848000035227], [99.97164199977851, 22.055876000377168], [99.70318599993402, 22.04027899967616], [99.64060199978252, 22.106486999675326], [99.2629780000347, 22.103842000008342], [99.15584599959328, 22.16518200034909], [99.27941900008682, 22.34761199999383], [99.2538530001159, 22.389890999969737], [99.37949399974838, 22.494076000307246], [99.31107300021887, 22.741098000072668], [99.4618990002387, 22.84501999997309], [99.43975099960903, 22.934965000134696], [99.56248500008275, 22.928633000412674], [99.50948300024032, 23.07741899988696], [99.33084099991225, 23.136170999592025], [99.10561399978633, 23.089210999588033], [99.05667100006667, 23.167066999842234], [98.88737499995636, 23.17930799956457], [98.91215499965358, 23.429206999803228], [98.80231500023712, 23.5332699999106], [98.88527700033336, 23.616470000190418], [98.79231999976821, 23.780625999790118], [98.66857100015159, 23.80359799974792], [98.67290500036552, 23.963553999917224], [98.89189899993897, 24.125417999940794], [98.69446600000595, 24.107451999710065], [98.10279799962802, 24.094866000265768]], [[133.86485799959712, 46.51101899982706], [133.86551200007875, 46.509558999947956], [133.8648619997815, 46.51102700019595], [133.86485799959712, 46.51101899982706]]], [[[110.0479319995622, 18.38612199963063], [109.98843200043655, 18.43636499994483], [109.78738100003318, 18.401309000310164], [109.6871860002338, 18.259146999634368], [109.72727700003361, 18.212426999906143], [109.57922900041808, 18.176501999767538], [109.54928900018729, 18.227625000193655], [109.47085999958938, 18.202092999992033], [109.49602499995382, 18.25219800023757], [109.43092199965065, 18.288754999843434], [109.18307599965772, 18.284513000274785], [108.68689599965074, 18.50682700006604], [108.69540700003307, 18.72467900003585], [108.62329200012579, 18.840508999590725], [108.64004700026891, 19.302599000443593], [109.27393499970054, 19.72377999974725], [109.26218500013772, 19.773691000039662], [109.18268999984366, 19.72282000044271], [109.15669800001274, 19.789827000415812], [109.26229699990665, 19.90031099985282], [109.54133999964131, 19.842271999753052], [109.53698800039598, 19.94566100025503], [109.61421300032976, 19.99411099972292], [109.87043299978319, 19.935700999601522], [109.94048499988293, 19.993172999634282], [110.0005469997443, 19.930115000107207], [110.15201299960029, 20.05756500042446], [110.27487499968157, 20.024537999928782], [110.3666879996515, 20.09136299960278], [110.63398099982334, 19.92115000037228], [110.57433000002953, 20.094409999821664], [110.69770100020105, 20.135600999986195], [110.78240000035981, 20.011488999817516], [110.93257399999015, 20.012040000046], [111.02844099985231, 19.636004999830902], [110.86592000010796, 19.524722999566848], [110.81402199991544, 19.625046999919164], [110.83689499980449, 19.54235499968354], [110.67805299974623, 19.392658999613218], [110.50793100021554, 18.894572999844115], [110.46400900001538, 18.866555000113237], [110.46308399962692, 18.84226200039103], [110.43888299965079, 18.83758000031679], [110.51285699985073, 18.80158200040904], [110.51394200042301, 18.880391999691085], [110.53053300019786, 18.79530200038704], [110.41451500006724, 18.66819499969955], [110.282788000366, 18.669717999785917], [110.09761500013224, 18.518748000319988], [110.0479319995622, 18.38612199963063]], [[110.40165100039343, 18.686188000276047], [110.39224700019895, 18.703202999818643], [110.37136899967965, 18.687954999923363], [110.40165100039343, 18.686188000276047]]], [[[110.36307999964231, 20.697569999555867], [110.368271999853, 20.66518399984176], [110.34464999959789, 20.672497999882864], [110.35132599989504, 20.69727799958008], [110.36307999964231, 20.697569999555867]]], [[[110.39783499978546, 20.696068000437947], [110.41648199994438, 20.71870000000507], [110.43696999956586, 20.679568000362963], [110.40243799981391, 20.677119999888134], [110.39783499978546, 20.696068000437947]]], [[[109.12365999990914, 21.01874799982039], [109.08306400020354, 21.049064000303417], [109.12201699968483, 21.070774999666526], [109.13892499968904, 21.04782699991614], [109.12365999990914, 21.01874799982039]]], [[[111.78902099971941, 16.055479000355604], [111.78184799988537, 16.052087000414815], [111.78135300044067, 16.053570999602016], [111.7849219995507, 16.055903000123408], [111.78902099971941, 16.055479000355604]]], [[[111.6945300003593, 16.207181000302967], [111.66838099958352, 16.19742800020208], [111.66194899974658, 16.201809999931584], [111.6945300003593, 16.207181000302967]]], [[[111.58625800040647, 16.189937000092527], [111.65127799958009, 16.192764000058617], [111.57919000001857, 16.164211999983877], [111.58145200000985, 16.20831300034473], [111.63721300027981, 16.237712999955022], [111.58625800040647, 16.189937000092527]]], [[[111.64548200029412, 16.249869000254193], [111.68011300011494, 16.266831000050672], [111.78810299965374, 16.27107100042639], [111.81269699976679, 16.2320590000229], [111.77227199985299, 16.19841799999074], [111.73721700026442, 16.19728699999513], [111.7759470002539, 16.25976299966277], [111.67869899965916, 16.25948100014807], [111.64548200029412, 16.249869000254193]]], [[[112.03557600043212, 16.33793300000798], [111.95852999975972, 16.31937700044824], [112.02206299960778, 16.363749999862648], [112.07934299977967, 16.32966399999367], [112.03557600043212, 16.33793300000798]]], [[[111.50911699984971, 16.450158999738107], [111.51367499960162, 16.446873000188873], [111.50431100035246, 16.446165999960954], [111.5045580000517, 16.449380999833352], [111.50911699984971, 16.450158999738107]]], [[[111.71428300026031, 16.45344500018666], [111.71534399972586, 16.449523000086458], [111.71301100005769, 16.45033599980661], [111.71251699975977, 16.45312699991115], [111.71428300026031, 16.45344500018666]]], [[[111.70232199996042, 16.4527030001434], [111.70133300021786, 16.450600000289853], [111.69947800010965, 16.452314000190995], [111.70030799971448, 16.453392000440545], [111.70232199996042, 16.4527030001434]]], [[[111.65816699980724, 16.458502999613813], [111.6696529997862, 16.452419999683286], [111.655094000188, 16.447331999772018], [111.64929800000277, 16.453410000371264], [111.65816699980724, 16.458502999613813]]], [[[111.74135200029463, 16.46037100032146], [111.73933800004875, 16.460619000066856], [111.74205799957707, 16.467156000249247], [111.74460300002846, 16.464329000283215], [111.74135200029463, 16.46037100032146]]], [[[111.57346599955628, 16.45559999974023], [111.58194700035386, 16.49157400033988], [111.60611699979978, 16.464293000421662], [111.57346599955628, 16.45559999974023]]], [[[111.58659299966729, 16.51026699992218], [111.58866099970544, 16.503235000295092], [111.58309500023415, 16.502352000044823], [111.58261799982091, 16.507246000002965], [111.58659299966729, 16.51026699992218]]], [[[111.60830800011416, 16.536380999983237], [111.61184100026202, 16.534084000176506], [111.60533899989497, 16.53217600032218], [111.60388999962385, 16.534226000429612], [111.60830800011416, 16.536380999983237]]], [[[111.75064499986689, 16.544861999881448], [111.75205800027658, 16.543165999911025], [111.74753500034006, 16.543095000234132], [111.74711099967294, 16.54351900000188], [111.75064499986689, 16.544861999881448]]], [[[111.7159259995853, 16.546628000381986], [111.71627999972225, 16.545285999649195], [111.71544900007137, 16.545303000433194], [111.71470700002811, 16.546751999804997], [111.7159259995853, 16.546628000381986]]], [[[111.68765699997061, 16.56795500002329], [111.68735599957978, 16.565446000332713], [111.68603099963099, 16.56587000010046], [111.6863839997219, 16.568096000230298], [111.68765699997061, 16.56795500002329]]], [[[111.71053800022861, 16.57795499982342], [111.7097600003238, 16.576505999552296], [111.70937200041755, 16.57783100040041], [111.71044899972162, 16.578555999659727], [111.71053800022861, 16.57795499982342]]], [[[111.70467200041253, 16.581824000177505], [111.70590899990049, 16.57816699970732], [111.70398300011544, 16.577972999754195], [111.70272799979739, 16.580835000434945], [111.70467200041253, 16.581824000177505]]], [[[111.67730300003348, 16.579942999769685], [111.67536899987948, 16.57883399988924], [111.67535099994876, 16.57991600032318], [111.6764730004287, 16.58072900004339], [111.67730300003348, 16.579942999769685]]], [[[112.22843699996758, 16.79783299969324], [112.25547000014046, 16.769668000377976], [112.21272600030477, 16.77037499970652], [112.20508400042638, 16.801513000324746], [112.22843699996758, 16.79783299969324]]], [[[112.33637299971417, 16.824406000236763], [112.33234700021399, 16.825027000096043], [112.32994199992345, 16.826691000389417], [112.3524910001596, 16.842578000074695], [112.33637299971417, 16.824406000236763]]], [[[112.3462379995841, 16.92047300032874], [112.34964800035505, 16.91967600044711], [112.34909399998821, 16.918945000011774], [112.34694699990416, 16.91923299980317], [112.3462379995841, 16.92047300032874]]], [[[112.34716800020306, 16.92177900030066], [112.34497699988867, 16.92173500007027], [112.34619400025292, 16.922930000319298], [112.34692499978894, 16.92279699958192], [112.34716800020306, 16.92177900030066]]], [[[112.34812000003808, 16.930923000196344], [112.3473230001564, 16.92735800037144], [112.34561899981702, 16.9273809996335], [112.3445999995904, 16.93090100008112], [112.34812000003808, 16.930923000196344]]], [[[112.34265199969013, 16.935682000224176], [112.34510999972679, 16.93535000020239], [112.34406900028421, 16.931587000239915], [112.34220899994546, 16.93382299993158], [112.34265199969013, 16.935682000224176]]], [[[112.34068199967464, 16.93915800044141], [112.34227600033716, 16.93922399988776], [112.34278500042751, 16.936877999620037], [112.34103599981165, 16.937498000332482], [112.34068199967464, 16.93915800044141]]], [[[112.33419499999934, 16.948744000035617], [112.33795900000791, 16.943297999802894], [112.33716200012623, 16.943032000126777], [112.33131700037927, 16.94900999971179], [112.33419499999934, 16.948744000035617]]], [[[112.32677000023534, 16.95307099992675], [112.32171800018557, 16.95610300035321], [112.32373899985498, 16.9568250003735], [112.32532700024092, 16.95610300035321], [112.32677000023534, 16.95307099992675]]], [[[112.21619300010695, 16.963068999634686], [112.21628299976067, 16.963083000280278], [112.21618499973806, 16.96297799993482], [112.21615600019936, 16.963072999819133], [112.21619300010695, 16.963068999634686]]], [[[112.30872600000498, 16.96577400026996], [112.31637700029842, 16.960000000199898], [112.30439599997544, 16.964620000112973], [112.30367399995521, 16.96577400026996], [112.30872600000498, 16.96577400026996]]], [[[112.21056799971348, 16.975300999841295], [112.20840199965266, 16.979054000241945], [112.21316599991098, 16.979919999708272], [112.21648600012884, 16.977322000410027], [112.21056799971348, 16.975300999841295]]], [[[112.27162799973246, 16.977465999856065], [112.26816400006862, 16.97761100024752], [112.27105100010363, 16.981796999931646], [112.27422599992997, 16.981941000277004], [112.27162799973246, 16.977465999856065]]], [[[111.51635499998332, 17.114396000275235], [111.55809800042243, 17.100690000443194], [111.47799299987713, 17.059910000346292], [111.5072999996953, 17.096090999699925], [111.4603900001984, 17.096303999629924], [111.51635499998332, 17.114396000275235]]], [[[111.20405599998446, 19.908037000007596], [111.20312200008033, 19.90525500031805], [111.19770999961685, 19.909318999772097], [111.19770500028562, 19.91356899970964], [111.20405599998446, 19.908037000007596]]], [[[111.2683960001753, 19.98005900012282], [111.26777600036218, 19.985391999641138], [111.27154899988648, 19.986129000353117], [111.27145299995607, 19.977837000177487], [111.2683960001753, 19.98005900012282]]], [[[110.4787400003508, 20.11919799988783], [110.4045809997134, 20.114907999904347], [110.43543299973322, 20.120228999768585], [110.4787400003508, 20.11919799988783]]], [[[110.63738300022533, 20.934574999636595], [110.56142400021747, 20.87058800043593], [110.54865500042797, 20.90247000029035], [110.59102199996539, 20.94974799967048], [110.63738300022533, 20.934574999636595]]], [[[110.43835899976807, 21.166018999577204], [110.44716200012624, 21.15321099978786], [110.43796799972347, 21.13516699955744], [110.41310699988821, 21.156851000373422], [110.43835899976807, 21.166018999577204]]], [[[110.4292780000797, 21.182045000276617], [110.62457999976726, 21.210025000053747], [110.56708799971148, 21.093672999809144], [110.51239300003698, 21.136161000429865], [110.4292780000797, 21.182045000276617]]], [[[112.4533950002791, 21.69115999963435], [112.45098999998856, 21.652371999668105], [112.431768000293, 21.659931000215522], [112.4533950002791, 21.69115999963435]]], [[[112.46921599961877, 16.057881999654626], [112.59547499987139, 16.0802699996608], [112.5478760000774, 16.034688000251037], [112.44682799961254, 16.018149000176265], [112.46921599961877, 16.057881999654626]]], [[[112.48958700013998, 16.314637000397283], [112.56562500019368, 16.298704000389364], [112.39620299966873, 16.27228199961462], [112.40648900006738, 16.30092200015025], [112.48958700013998, 16.314637000397283]]], [[[112.69753200010177, 16.319680000032008], [112.67232000026786, 16.327949000046374], [112.67695900015781, 16.337630999571047], [112.69490999969673, 16.344085000422467], [112.69753200010177, 16.319680000032008]]], [[[112.64004899956171, 16.352555999859533], [112.658201000276, 16.347514000270962], [112.65517600017233, 16.333799000023873], [112.64004899956171, 16.34166500033956], [112.64004899956171, 16.352555999859533]]], [[[112.66183200044657, 16.422139999961075], [112.68704400028048, 16.40802099996921], [112.67615199981503, 16.387246999749266], [112.65557999991711, 16.39793599984654], [112.66183200044657, 16.422139999961075]]], [[[112.54888399979677, 16.532666999582432], [112.5688519997201, 16.529440000056013], [112.50854600029777, 16.481437999664024], [112.49301599998842, 16.492329000083316], [112.54888399979677, 16.532666999582432]]], [[[112.64341500010221, 16.576761999666587], [112.64257700012854, 16.57678699992016], [112.64267099996675, 16.57701399959643], [112.6430999999651, 16.577152999711245], [112.64341500010221, 16.576761999666587]]], [[[112.74034699961442, 16.662228000122184], [112.73733600015635, 16.658774000020117], [112.721175000426, 16.669976000392182], [112.73410400039938, 16.672012999900062], [112.74034699961442, 16.662228000122184]]], [[[112.88651000043626, 16.814208000299004], [112.87575399994716, 16.824681000327928], [112.89146399956394, 16.83713600002642], [112.89825699986068, 16.824681000327928], [112.88651000043626, 16.814208000299004]]], [[[112.99081399996624, 19.52829699980674], [113.03601799993078, 19.520332000321616], [113.03273799975898, 19.48344800002525], [112.98818199999937, 19.474065999945992], [112.99081399996624, 19.52829699980674]]], [[[112.66441900013683, 21.69898900004239], [112.53764500041655, 21.609127000111016], [112.52824300031432, 21.61879499988936], [112.58642799995232, 21.693222000295123], [112.66441900013683, 21.69898900004239]]], [[[112.78322700032584, 21.66652000009799], [112.70852799996726, 21.706358999967904], [112.87159399966345, 21.761114999757467], [112.80328099971837, 21.704414000205986], [112.80183200034662, 21.58283399988926], [112.72751399957144, 21.61573199983195], [112.78322700032584, 21.66652000009799]]], [[[113.16469700026641, 21.875296999756756], [113.19869200043559, 21.869769000239216], [113.1367639999587, 21.836581000412878], [113.13907799965, 21.873207999649537], [113.16469700026641, 21.875296999756756]]], [[[113.03368400021645, 21.88400100004617], [113.03907199957314, 21.8577580003315], [113.01671500009729, 21.852025000353535], [113.00640799962957, 21.87351000008647], [113.03368400021645, 21.88400100004617]]], [[[113.58953099985581, 22.147451000163585], [113.55013699982271, 22.11228900013731], [113.54185199996994, 22.1632409998723], [113.5739220004001, 22.167167000157008], [113.58953099985581, 22.147451000163585]]], [[[113.65951999974823, 22.41784600039267], [113.62402599970017, 22.387725999954966], [113.6091000002649, 22.40495699956591], [113.62404299958484, 22.444054000291942], [113.65951999974823, 22.41784600039267]]], [[[114.28606100031493, 16.031841000261977], [114.19914599958827, 16.026788000166107], [114.20500800011916, 16.037500999571535], [114.25048700017499, 16.042352000244648], [114.28606100031493, 16.031841000261977]]], [[[114.29394399961598, 16.05003300012288], [114.31051800040541, 16.045989999838696], [114.30142300007151, 16.031638999939958], [114.28949699958696, 16.036085999968975], [114.29394399961598, 16.05003300012288]]], [[[114.39702800044188, 16.059127999557575], [114.35902799994233, 16.05569200028566], [114.36307100022657, 16.073074999711537], [114.38591100039241, 16.07873399987426], [114.39702800044188, 16.059127999557575]]], [[[113.80637400006015, 19.17282499997384], [113.80189500035408, 19.22494300041916], [113.91565699987075, 19.225386000163837], [113.88946499981, 19.159842000208187], [113.80637400006015, 19.17282499997384]]], [[[114.01436000011392, 21.87423400019901], [114.02608500032261, 21.874394000382836], [114.00865799976691, 21.845931999961863], [114.00308800011123, 21.853754000047104], [114.01436000011392, 21.87423400019901]]], [[[114.07154100021705, 21.901548999886472], [114.03132199991046, 21.88584399960098], [114.03052299993658, 21.889470000440213], [114.05952800021714, 21.913468000048226], [114.07154100021705, 21.901548999886472]]], [[[113.74637899969116, 21.942773999820304], [113.72596399983877, 21.929526999571408], [113.71209799982284, 21.940921999850445], [113.72222299999157, 21.957901000430866], [113.74637899969116, 21.942773999820304]]], [[[113.70084899998142, 21.94880299995856], [113.67761200039354, 21.946492000405556], [113.68999100018459, 21.965273999595468], [113.70470299964381, 21.95863300001298], [113.70084899998142, 21.94880299995856]]], [[[113.76802799979237, 22.001010000011547], [113.77278299963575, 21.977619999663318], [113.74796900016929, 21.976293999668428], [113.74244700002907, 21.99564599996296], [113.76802799979237, 22.001010000011547]]], [[[114.16257300014388, 21.987919999808184], [114.12129999979527, 21.984731000235513], [114.12527200040256, 21.988086000268765], [114.15055700000562, 21.998139999861166], [114.16257300014388, 21.987919999808184]]], [[[113.82274799972049, 21.992606000066928], [113.81991200023867, 22.005643999670895], [113.83618000040678, 22.00049499964456], [113.83193899998491, 21.99458499959809], [113.82274799972049, 21.992606000066928]]], [[[114.21337600020229, 22.012192000360585], [114.21423300015294, 21.997314999587616], [114.17623099956108, 21.993818000200577], [114.18715699979577, 22.012399000013886], [114.21337600020229, 22.012192000360585]]], [[[113.70932799978743, 22.010462999767697], [113.69095299958133, 22.02508599961925], [113.71115400035694, 22.03301200000385], [113.72464300007448, 22.019017000334372], [113.70932799978743, 22.010462999767697]]], [[[113.91746200037107, 22.035520999694427], [113.91260799955955, 22.0432879999413], [113.92003300022282, 22.050711999659086], [113.93250099962154, 22.039279000325678], [113.91746200037107, 22.035520999694427]]], [[[114.23388399984674, 22.036778000104675], [114.31588299960083, 22.066655000128208], [114.30353300024785, 22.04437699979877], [114.22790800035398, 22.01968499966307], [114.23388399984674, 22.036778000104675]]], [[[114.04361700032439, 22.0912110002875], [114.02500800011921, 22.098267000122007], [114.04173599991657, 22.110466999752305], [114.04907500021113, 22.09125799975692], [114.04361700032439, 22.0912110002875]]], [[[113.88970700017796, 22.113213999626453], [113.88203599986161, 22.11596100039992], [113.89173099998573, 22.127597000101503], [113.89876999993567, 22.121260000148936], [113.88970700017796, 22.113213999626453]]], [[[113.8315849998479, 22.140479999752245], [113.82350000022484, 22.120952000334626], [113.81481499991241, 22.128601999682587], [113.80999199963117, 22.160571999997842], [113.8315849998479, 22.140479999752245]]], [[[114.26731299999506, 22.180920000357787], [114.2745320001518, 22.163328000287038], [114.2535419998635, 22.161088000410928], [114.2558720002927, 22.174662999597786], [114.26731299999506, 22.180920000357787]]], [[[114.10454200041306, 22.22021600036817], [114.11959999964029, 22.23900099969643], [114.13965299988615, 22.209155000203168], [114.11850300031324, 22.180379999737227], [114.10454200041306, 22.22021600036817]]], [[[114.13607200022273, 22.24881299982013], [114.11886599996603, 22.281332000271618], [114.23438799970643, 22.284483999936697], [114.25889100011966, 22.209693999878255], [114.21111300016491, 22.218451999959882], [114.13607200022273, 22.24881299982013]]], [[[113.86807700005352, 22.20269800011266], [113.84194199992339, 22.23434700001411], [114.04447700041328, 22.343219999803182], [114.01020900024525, 22.219860000138965], [113.86807700005352, 22.20269800011266]]], [[[113.93477500016616, 22.323000999996225], [113.94809900036864, 22.313545000101726], [113.9324889999674, 22.290127000260895], [113.89335000000256, 22.311120999834316], [113.93477500016616, 22.323000999996225]]], [[[114.07991200043853, 22.35957799962506], [114.10727499964162, 22.363092999842138], [114.11780200036208, 22.331123000426203], [114.09198599965418, 22.32617499977647], [114.07991200043853, 22.35957799962506]]], [[[114.31232500009878, 22.34301600028823], [114.30227599983755, 22.36848800042094], [114.31780500010075, 22.377902000177244], [114.31979300004696, 22.359875999877545], [114.31232500009878, 22.34301600028823]]], [[[113.7908520001198, 22.412256999860688], [113.78340000001003, 22.420209999691792], [113.81083499983538, 22.41989400040785], [113.80539299978716, 22.401833000292754], [113.7908520001198, 22.412256999860688]]], [[[114.77803499971549, 16.023958000061725], [114.79157800012467, 16.01789500015417], [114.78270203451342, 16.0], [114.76883951393583, 16.0], [114.76449300025183, 16.003138999565238], [114.77803499971549, 16.023958000061725]]], [[[114.92154499960213, 16.0356820002242], [114.88354600004789, 16.0714579997869], [114.93812000043772, 16.049829999754706], [114.92621669346207, 16.0], [114.92618165525273, 16.0], [114.92154499960213, 16.0356820002242]]], [[[114.82250299991358, 16.0599369999926], [114.83301399989625, 16.051042999934566], [114.8255350003401, 16.04012800020712], [114.81441800029052, 16.046192000160715], [114.82250299991358, 16.0599369999926]]], [[[114.40753800037851, 16.066607000013107], [114.47039899981405, 16.078531999552183], [114.45261199974402, 16.064180999653445], [114.4400810001381, 16.037095999780604], [114.40753800037851, 16.066607000013107]]], [[[114.75074800041989, 16.06579799957808], [114.76570600043169, 16.08035099979884], [114.7784400004058, 16.074893999958192], [114.77177000038523, 16.05367099971693], [114.75074800041989, 16.06579799957808]]], [[[114.5096119995942, 16.05589399970836], [114.48939900006383, 16.06943700011749], [114.54013299963833, 16.093894000207968], [114.53265400008206, 16.07873399987426], [114.5096119995942, 16.05589399970836]]], [[[114.64018600008387, 16.153520999794353], [114.67050499980598, 16.176564000328426], [114.65655799965202, 16.15574499983194], [114.61289899988901, 16.14361699992463], [114.64018600008387, 16.153520999794353]]], [[[114.81179099965493, 16.164840000165952], [114.68566400009354, 16.178181000253005], [114.79865299993605, 16.218807999589558], [114.82513099969594, 16.21294599995798], [114.81179099965493, 16.164840000165952]]], [[[116.7408369998277, 16.36771800028555], [116.7316820003241, 16.30262000021287], [116.70941899978709, 16.29879199995088], [116.6944199996833, 16.354025000153683], [116.7408369998277, 16.36771800028555]]], [[[116.71392099965442, 20.73263799974393], [116.7287849998279, 20.72750899974062], [116.69448700007501, 20.704059000222742], [116.7169049996661, 20.670387999706463], [116.68365899986304, 20.71415700004559], [116.71392099965442, 20.73263799974393]]], [[[116.73231699992971, 20.703273999995133], [116.73418299964578, 20.698439000059864], [116.71072000042773, 20.70406799973847], [116.7134729996792, 20.709367000386806], [116.73231699992971, 20.703273999995133]]], [[[115.90118500028757, 20.967733999924235], [115.90418099995327, 20.98154900028618], [115.99899599986554, 20.918121999930406], [115.94416200007629, 20.90462699993617], [115.90118500028757, 20.967733999924235]]], [[[115.99908999970376, 21.011810000031517], [115.9183539997374, 21.103065000349545], [116.04968900024721, 21.10011900029167], [116.06868400026644, 21.022034000268945], [115.99908999970376, 21.011810000031517]]], [[[116.89150699984827, 20.685029000388113], [116.77372700030094, 20.744113000114908], [116.86815999968428, 20.763721999670622], [116.93229799955304, 20.64147500007124], [116.86901200030366, 20.567498999779048], [116.76653799972894, 20.575521000094113], [116.82196900006932, 20.60708499967302], [116.89150699984827, 20.685029000388113]]], [[[119.44878700041977, 23.21771599999346], [119.42415100016854, 23.189329000333146], [119.41853600023626, 23.21479100000471], [119.44878700041977, 23.21771599999346]]], [[[119.51108299988061, 23.355333999764355], [119.49498500035759, 23.381696999616906], [119.50120300021831, 23.388328999683665], [119.51231900022174, 23.373802999808618], [119.51108299988061, 23.355333999764355]]], [[[116.94396399973891, 23.439752999601296], [117.12003700030743, 23.486147999630532], [117.1468389997201, 23.446144000245454], [117.11757500008628, 23.39450800044392], [117.02406500009977, 23.417693000331724], [116.94396399973891, 23.439752999601296]]], [[[116.96201500029213, 23.541810999877782], [117.01147799971, 23.569864000323435], [117.01890599961223, 23.556399999960092], [116.98930599977211, 23.50858099991325], [116.93203299992308, 23.535328000386983], [116.96201500029213, 23.541810999877782]]], [[[119.60962699998618, 23.602102999553836], [119.68395400027691, 23.582826000019963], [119.57329499996433, 23.507553000170844], [119.59389500025407, 23.552343999975676], [119.60962699998618, 23.602102999553836]]], [[[116.97178200013923, 23.601542999809624], [116.923807000093, 23.539572000047826], [116.91852300013636, 23.558248999791545], [116.94488299985062, 23.580339000444553], [116.97178200013923, 23.601542999809624]]], [[[119.50073800035852, 23.5657450001317], [119.5135260001249, 23.64434799976044], [119.52331500008722, 23.641410000071517], [119.52498499975798, 23.59882899965868], [119.50073800035852, 23.5657450001317]]], [[[119.60087700027339, 23.635228000072175], [119.57326500037948, 23.660943999765834], [119.59996100030003, 23.67307599985753], [119.60997099966198, 23.662016999784782], [119.60087700027339, 23.635228000072175]]], [[[117.42542499996387, 23.589574000040102], [117.32518199974959, 23.573200000379757], [117.38643499967554, 23.78352100019407], [117.44110499999579, 23.73892799962755], [117.52590999964684, 23.736312000398527], [117.46921799961103, 23.6565830001054], [117.42542499996387, 23.589574000040102]]], [[[119.6118479998853, 23.75346600005588], [119.62162200005537, 23.74150799989434], [119.60470699972836, 23.73117399998017], [119.59835099979887, 23.739518999901975], [119.6118479998853, 23.75346600005588]]], [[[118.22253099980583, 24.408506000051887], [118.23066299979769, 24.447620999809317], [118.26318600043362, 24.422712999605324], [118.22253099980583, 24.408506000051887]]], [[[118.32424500040645, 24.385664999839946], [118.28872600010493, 24.470410000321294], [118.37519800018765, 24.461337000102503], [118.4086939998283, 24.529187000279876], [118.47310000036475, 24.449790000008534], [118.40172699960146, 24.435229000318145], [118.32424500040645, 24.385664999839946]]], [[[118.1957610000702, 24.479632000216668], [118.08544700037885, 24.435848000085173], [118.08785099972397, 24.540748000120175], [118.17099199998086, 24.54254999958289], [118.1957610000702, 24.479632000216668]]], [[[118.33742100007919, 24.52527699983375], [118.29147400002512, 24.567700000154957], [118.31539899986399, 24.57654899993645], [118.38025000023742, 24.562233999899206], [118.33742100007919, 24.52527699983375]]], [[[119.10735100034844, 25.077015999788614], [119.13992599978508, 25.095170999741867], [119.1276500002474, 25.043079999642316], [119.10849600009044, 25.040292999722226], [119.10735100034844, 25.077015999788614]]], [[[119.55036800028302, 25.17295700036533], [119.4389009995815, 25.231550999978708], [119.47066200015126, 25.259585000447487], [119.5174840000866, 25.206821999935414], [119.55036800028302, 25.17295700036533]]], [[[119.57781599980865, 25.63104600017283], [119.59463500020513, 25.66784400010056], [119.60557500018615, 25.656490999959715], [119.57781599980865, 25.63104600017283]]], [[[119.71382399997765, 25.66618399999163], [119.71668399966688, 25.64317900031068], [119.66998900019223, 25.636558999898], [119.66326899966464, 25.654526000174826], [119.71382399997765, 25.66618399999163]]], [[[119.58586799970851, 26.12638099988328], [119.64964199987844, 26.074915999873554], [119.6370029997887, 26.061364999994794], [119.5722100002913, 26.065252000279656], [119.58586799970851, 26.12638099988328]]], [[[119.64957999971728, 26.138217999860842], [119.60141800004078, 26.158293000221818], [119.62192499963908, 26.174815000411968], [119.65148400028647, 26.15496699972732], [119.64957999971728, 26.138217999860842]]], [[[119.39439999966032, 34.757776999708824], [119.36827199985294, 34.7634440002405], [119.47256799991328, 34.765946999654375], [119.43465499982847, 34.759957000415284], [119.39439999966032, 34.757776999708824]]], [[[118.48696200019617, 39.049838000023726], [118.56770200034714, 38.99085799969697], [118.64713200034157, 39.04523199985698], [118.51489899978912, 38.91862699983625], [118.41727499984142, 39.007695000024285], [118.48696200019617, 39.049838000023726]]], [[[118.97723100011058, 39.17456199963664], [118.90959900009386, 39.12248099999823], [118.89788200025419, 39.140868999904455], [118.98290500006578, 39.1863629997527], [118.97723100011058, 39.17456199963664]]], [[[121.53413400038392, 22.026378999890994], [121.50760099988634, 22.073072000172715], [121.56849100015961, 22.086354000236952], [121.6005589995982, 22.020618999567205], [121.53413400038392, 22.026378999890994]]], [[[121.5003100000066, 22.645862999677718], [121.47232600004497, 22.64754099971742], [121.46420299956878, 22.670623000251283], [121.50936800043291, 22.67889100021955], [121.5003100000066, 22.645862999677718]]], [[[120.06063499970548, 23.479575999632743], [120.00446400031342, 23.460318000075688], [120.00032400005261, 23.47292799972746], [120.08108500027265, 23.524105999991946], [120.06063499970548, 23.479575999632743]]], [[[122.00469000044325, 25.002781000143102], [121.83050000037474, 24.85121400012605], [121.87238600021385, 24.531801000315966], [121.6177649998549, 24.0845330003977], [121.64719199981096, 24.00842699990619], [121.40113499958068, 23.130390000098487], [120.98499900000388, 22.568764000158524], [120.89490099998125, 22.334488000021224], [120.86150499955613, 21.917146999734314], [120.76631899962217, 21.958939999781194], [120.72714900002643, 21.918765999751145], [120.64273699961291, 22.302534000443814], [120.31466799992836, 22.547184999688056], [120.1565790004206, 22.97849000001355], [120.03159100032451, 23.073383999971668], [120.1572819995647, 23.384967000226936], [120.11892199955071, 23.515041000142105], [120.17096600018078, 23.772390000398275], [121.05187800036947, 25.041872999739212], [121.37130599997204, 25.138467999898353], [121.54039699962186, 25.295035000265102], [121.86628799959158, 25.122120999684455], [122.00469000044325, 25.002781000143102]]], [[[121.942108000384, 24.83639200009077], [121.93840499959117, 24.84351200017869], [121.95157599993252, 24.850831999597176], [121.96216299982268, 24.841432999633298], [121.942108000384, 24.83639200009077]]], [[[119.72067999958233, 25.38112599986505], [119.72115900008782, 25.360690999989686], [119.69371099966293, 25.369649000301195], [119.72067999958233, 25.38112599986505]]], [[[119.85697200025766, 25.463175000126228], [119.75861499978248, 25.440883000050462], [119.76771999967832, 25.397309999756715], [119.67251899995199, 25.468439000059846], [119.7217129995554, 25.51323900027967], [119.69069399992827, 25.60327099995675], [119.77999400002318, 25.667279000125802], [119.88070600028175, 25.56125400037189], [119.80523700038736, 25.494846000142843], [119.85697200025766, 25.463175000126228]]], [[[119.97273400027393, 25.9536840003164], [119.96355499966353, 25.94702900008832], [119.9758269999162, 25.97550300016337], [119.984557999652, 25.962522999636747], [119.97273400027393, 25.9536840003164]]], [[[119.93300400003466, 25.968757000235428], [119.92203999984622, 25.977966999577404], [119.94415699994568, 25.98267299985912], [119.9447440000356, 25.975413999656382], [119.93300400003466, 25.968757000235428]]], [[[119.96667799978991, 26.168329999929597], [119.97057100035147, 26.161692999632294], [119.91712099963445, 26.141153000310794], [119.93490699965832, 26.159636000101386], [119.96667799978991, 26.168329999929597]]], [[[120.01284900028122, 26.214291999776037], [119.96595799986187, 26.199263000087456], [119.97920400006467, 26.226239000329656], [120.01190099973144, 26.235698000362504], [120.01284900028122, 26.214291999776037]]], [[[120.50030600002196, 26.378148999976418], [120.51059100037446, 26.368388000405957], [120.48635399963746, 26.355875999877526], [120.47394200012332, 26.383479000255704], [120.50030600002196, 26.378148999976418]]], [[[120.06216500011476, 26.526843999750838], [120.05878199968959, 26.50038800010617], [120.0348349997355, 26.513322000310097], [120.06216500011476, 26.526843999750838]]], [[[120.16074900026626, 26.581445999633218], [120.12994499976196, 26.55550200021719], [120.11630700036778, 26.570538000228566], [120.15267600029722, 26.605481000048144], [120.16074900026626, 26.581445999633218]]], [[[119.79453699978274, 26.63239400008308], [119.80384700013906, 26.61529999959538], [119.77186900035417, 26.604063000307292], [119.75672599990503, 26.622454000351865], [119.79453699978274, 26.63239400008308]]], [[[119.7015230001864, 26.668157999991763], [119.74304000009602, 26.680773999920234], [119.66700800031902, 26.637597999947786], [119.66609200034566, 26.678801999812492], [119.7015230001864, 26.668157999991763]]], [[[119.90250099992124, 26.690371000021685], [119.93890299957388, 26.696382000229164], [119.9314739996255, 26.67138599956428], [119.90250099992124, 26.690371000021685]]], [[[120.34030100029099, 26.97037199986795], [120.37423799958412, 26.937372999764193], [120.35754899978656, 26.922377999844855], [120.31889299961233, 26.944473999875242], [120.34030100029099, 26.97037199986795]]], [[[121.0819919996311, 27.470835999581766], [121.1068720003426, 27.447514999717498], [121.06649099975994, 27.447542000063322], [121.05346099962549, 27.477240999972196], [121.0819919996311, 27.470835999581766]]], [[[121.20422300029134, 27.635268000218105], [121.21501000041121, 27.634948999896494], [121.20611899959226, 27.62344399994072], [121.19517899961124, 27.619696999816767], [121.20422300029134, 27.635268000218105]]], [[[120.98520300041821, 27.66284300020436], [120.96659200012073, 27.647972999754188], [120.96596199984651, 27.66729200032563], [120.97640600033674, 27.672882000004336], [120.98520300041821, 27.66284300020436]]], [[[121.17265100034342, 27.81667300025879], [121.08945999957939, 27.82011199966911], [121.10657099995171, 27.84625700026038], [121.18705600003443, 27.868149999922593], [121.17265100034342, 27.81667300025879]]], [[[121.03454799979045, 27.87940399999468], [121.04734700006406, 27.87779599958577], [121.06131100010259, 27.849156999995614], [121.03057600008242, 27.849738999854992], [121.03454799979045, 27.87940399999468]]], [[[121.13782200038509, 27.87752699977125], [121.10819600024524, 27.868231000060632], [121.1177839999317, 27.897945999808087], [121.1528310000507, 27.908682000274155], [121.13782200038509, 27.87752699977125]]], [[[121.11260600036667, 27.98671799983589], [121.13886700001206, 27.963084999972807], [121.07956400007856, 27.941935000400008], [121.03978999960884, 27.96664200032808], [121.11260600036667, 27.98671799983589]]], [[[121.19391799991581, 28.002020999569538], [121.21141800024054, 27.992718999582223], [121.1795829998556, 27.97589900003885], [121.17522899961875, 27.99278299983564], [121.19391799991581, 28.002020999569538]]], [[[121.1521100000765, 28.22929399961845], [121.17682899965871, 28.239224999833937], [121.16741099971796, 28.213707000277907], [121.1521100000765, 28.22929399961845]]], [[[121.2060970003763, 28.332604000074582], [121.2071969998417, 28.332882000304096], [121.20758499974795, 28.326218999707123], [121.20496899961972, 28.327593000116906], [121.2060970003763, 28.332604000074582]]], [[[121.19848400003661, 28.363561999586636], [121.20218699993018, 28.334093000391704], [121.18535699992572, 28.32239799976793], [121.17361099964796, 28.346586000043942], [121.19848400003661, 28.363561999586636]]], [[[121.86455299962131, 28.428574000189997], [121.88578999960885, 28.452502000167215], [121.91586899995445, 28.45528699999511], [121.88112100013416, 28.43932599959527], [121.86455299962131, 28.428574000189997]]], [[[121.9130549996886, 28.500505999752136], [121.87852600007488, 28.477332000371575], [121.87988399974688, 28.50442499971399], [121.89318499978799, 28.51608399957695], [121.9130549996886, 28.500505999752136]]], [[[121.78472200002034, 28.683226000179843], [121.75079100010464, 28.69161600037819], [121.76061099969797, 28.707362999902557], [121.80249999967532, 28.709302000287153], [121.78472200002034, 28.683226000179843]]], [[[121.91822199964565, 28.72204299968473], [121.93726800021807, 28.724119000091832], [121.91869900005884, 28.70784799978543], [121.91159099962499, 28.718280999768353], [121.91822199964565, 28.72204299968473]]], [[[121.84890200002735, 28.73236199980647], [121.84824600035267, 28.752069000284166], [121.90118600003393, 28.762551999874972], [121.8688079997894, 28.745071999573156], [121.84890200002735, 28.73236199980647]]], [[[121.8485429996598, 28.81102699959638], [121.86772300011637, 28.811392000240687], [121.83692499988888, 28.772971000111625], [121.84320700000308, 28.79595100043838], [121.8485429996598, 28.81102699959638]]], [[[121.70133600015629, 28.9055339996944], [121.7005109998828, 28.894224999783944], [121.65666100030501, 28.89636599959124], [121.67493400030389, 28.903938999884986], [121.70133600015629, 28.9055339996944]]], [[[121.83082700016598, 29.059313000094903], [121.81878100044287, 29.0552059995573], [121.78816200037613, 29.081828999708648], [121.81658299980563, 29.10136999972576], [121.83082700016598, 29.059313000094903]]], [[[121.77492699978131, 29.141055999734647], [121.97327399959545, 29.157449000271185], [121.95209599963073, 29.054817999650993], [121.8350859996192, 29.094227000375838], [121.77492699978131, 29.141055999734647]]], [[[121.96629100042935, 29.168837000227427], [121.9485479996905, 29.18880600019679], [121.97226799996827, 29.19448899966767], [121.97593600004643, 29.17032000026785], [121.96629100042935, 29.168837000227427]]], [[[121.9444139997064, 29.893600000439733], [121.92216799995333, 29.930228999768588], [121.96522699992613, 29.95709500033405], [121.99369499972454, 29.903044999826932], [121.9444139997064, 29.893600000439733]]], [[[121.9261920002607, 29.99903700005757], [121.84793500039996, 29.973420000432725], [121.84989600000051, 30.10344900007135], [121.87913400023399, 30.09283699992767], [121.9261920002607, 29.99903700005757]]], [[[121.9578380000238, 30.108090000053494], [121.9406339998593, 30.067771999678087], [121.90710799973442, 30.09615900023772], [121.91838900015227, 30.107327999987263], [121.9578380000238, 30.108090000053494]]], [[[121.92533100012565, 30.30956200008626], [121.93946599995604, 30.33538700030988], [121.97632199986049, 30.345078000249543], [121.98458499959816, 30.293643999870767], [121.92533100012565, 30.30956200008626]]], [[[122.00761599957877, 31.16064999999753], [121.95689199956621, 31.16560800020909], [121.93717899971114, 31.219459999679316], [122.00238300017543, 31.221654000132048], [122.00761599957877, 31.16064999999753]]], [[[121.9171230002263, 31.198141000406906], [121.87539499957961, 31.231158999588217], [121.89077500016617, 31.24500599962721], [121.9207969996819, 31.23266599983606], [121.9171230002263, 31.198141000406906]]], [[[121.95053200035159, 31.335433999579493], [122.1133660001409, 31.309614999632572], [122.09051799960605, 31.264250000337313], [121.85196299999257, 31.29680099956653], [121.79698099967345, 31.382294000367892], [121.83822300039117, 31.37534900025622], [121.95053200035159, 31.335433999579493]]], [[[121.76525399977231, 31.38921200013374], [121.79169499962461, 31.3133799996873], [121.51285900044263, 31.493288999987385], [121.66992200030018, 31.45539099969494], [121.76525399977231, 31.38921200013374]]], [[[119.81506400030344, 34.98442999994461], [119.81079899967415, 34.98660999975175], [119.81249999987517, 34.9859750001462], [119.81394399991575, 34.98581299987012], [119.81506400030344, 34.98442999994461]]], [[[119.8205770000286, 34.99003200017671], [119.82032900028321, 34.9907839997818], [119.82080399970494, 34.991063000057466], [119.82109399958847, 34.990290000383254], [119.8205770000286, 34.99003200017671]]], [[[119.82208500032255, 34.996578999920985], [119.8250060001269, 34.99463600025126], [119.82157600023231, 34.99421199958414], [119.82019100021455, 34.995850999624], [119.82208500032255, 34.996578999920985]]], [[[119.89227400044479, 35.01009399993819], [119.89441300015994, 35.00923399984924], [119.8894050003405, 35.00686200018123], [119.88995499962357, 35.009714000400834], [119.89227400044479, 35.01009399993819]]], [[[119.91477400021995, 35.14029999964532], [119.9143719996681, 35.13885100027352], [119.90521600011834, 35.13918200024915], [119.91219399995316, 35.13977999994711], [119.91477400021995, 35.14029999964532]]], [[[120.1829709998118, 35.75074599992803], [120.15757999981724, 35.744254000022124], [120.15320699960341, 35.760830000004546], [120.17598999983863, 35.78754099971741], [120.1829709998118, 35.75074599992803]]], [[[120.70093499985046, 37.991210999987686], [120.75284799983535, 37.92822800032201], [120.74415199991495, 37.89843399962945], [120.72334399992576, 37.9616189996172], [120.70093499985046, 37.991210999987686]]], [[[120.61412600041467, 37.98159499990936], [120.62594100027695, 37.97931299989506], [120.61932400000262, 37.945802999608816], [120.59558299965579, 37.96562800013214], [120.61412600041467, 37.98159499990936]]], [[[120.73653100010563, 38.159800999916285], [120.74230600022179, 38.199546999994084], [120.75583399993923, 38.171925999685186], [120.77404499977695, 38.16537299966427], [120.73653100010563, 38.159800999916285]]], [[[120.79846900014434, 38.28513599982659], [120.79548600017881, 38.29163400000914], [120.81752100009419, 38.31620199982251], [120.83479699998168, 38.30083599988154], [120.79846900014434, 38.28513599982659]]], [[[120.84086700021192, 38.35753700033234], [120.85009699957698, 38.342872000342595], [120.83908399982681, 38.33603399976931], [120.83709699992664, 38.34754700009404], [120.84086700021192, 38.35753700033234]]], [[[120.90629800035254, 38.37056799961357], [120.91259000002856, 38.345431999687094], [120.902131999792, 38.35098100017308], [120.89260400017452, 38.36365800021662], [120.90629800035254, 38.37056799961357]]], [[[120.8962900001834, 38.383137000072566], [120.9147659996512, 38.400033000422695], [120.91770800042389, 38.38639099994475], [120.8962900001834, 38.383137000072566]]], [[[120.82049499964455, 40.4883260004446], [120.78227399974537, 40.47373100008565], [120.77084899988154, 40.48729399961843], [120.80321100028755, 40.52502000007297], [120.82049499964455, 40.4883260004446]]], [[[122.1067520000048, 25.488534000443792], [122.10800900041511, 25.48421199988394], [122.10568999959389, 25.481852999916043], [122.10366599978613, 25.486115000406983], [122.1067520000048, 25.488534000443792]]], [[[122.08498699995016, 25.63183399963941], [122.07826100004513, 25.623128000157124], [122.07364500031656, 25.63176500005477], [122.08197100026155, 25.63410399999964], [122.08498699995016, 25.63183399963941]]], [[[123.52247700021348, 25.783662000001357], [123.57051699965984, 25.782691000189573], [123.5696680000782, 25.716332000421517], [123.456844999797, 25.75054299975966], [123.52247700021348, 25.783662000001357]]], [[[123.68093100036549, 25.919377000148472], [123.67600099964648, 25.92316799960355], [123.68287700017345, 25.92862300025132], [123.6862690001143, 25.91973699966286], [123.68093100036549, 25.919377000148472]]], [[[124.59041000042123, 25.9067960000354], [124.53508999980374, 25.8932090002952], [124.52781099957804, 25.924750999758885], [124.55547099988678, 25.96017500017615], [124.59041000042123, 25.9067960000354]]], [[[122.23644000010597, 28.85752900006338], [122.22548899961771, 28.860326999591393], [122.22756500002481, 28.864720999874294], [122.23688299985065, 28.86617200023767], [122.23644000010597, 28.85752900006338]]], [[[122.24752400043235, 28.883019000126808], [122.25617099989176, 28.891417999840883], [122.26295000044217, 28.88722299974171], [122.25592700033087, 28.88218799957656], [122.24752400043235, 28.883019000126808]]], [[[122.03384699963942, 29.209985000207666], [122.0633019999874, 29.169459000132804], [122.02764799975546, 29.15676900038909], [122.03221099973791, 29.188231999806987], [122.03384699963942, 29.209985000207666]]], [[[122.17651999959833, 29.425847000139015], [122.22135799977195, 29.43723700018745], [122.18301399959648, 29.416941000426903], [122.17478399958202, 29.40222399983776], [122.17651999959833, 29.425847000139015]]], [[[122.2286790001358, 29.71830099959152], [122.25204700036886, 29.69093999958136], [122.20771600019327, 29.702847000089037], [122.21003400006907, 29.717109000380105], [122.2286790001358, 29.71830099959152]]], [[[122.04647900030568, 29.71749900037861], [122.12115799974197, 29.793869999600872], [122.1937490000164, 29.673602999578804], [122.0939769999386, 29.724139999961096], [122.04647900030568, 29.71749900037861]]], [[[122.03238799980636, 29.76124100037191], [122.03942599971015, 29.7477559999395], [122.01146599995604, 29.724906000211774], [122.01045700019051, 29.74773299977818], [122.03238799980636, 29.76124100037191]]], [[[122.22163499995531, 29.783325999895055], [122.30344800012517, 29.743619999863142], [122.28949100040938, 29.734516000013457], [122.24990000028481, 29.740069999830666], [122.22163499995531, 29.783325999895055]]], [[[122.31511600040312, 29.828738999605207], [122.31363499955569, 29.778621999705592], [122.24949899977912, 29.805571999648123], [122.23447600036718, 29.847810000431252], [122.31511600040312, 29.828738999605207]]], [[[122.33394900014628, 29.86292599963525], [122.28198300041515, 29.86095699966586], [122.29908899965767, 29.88469699996665], [122.33489499970449, 29.884251000083623], [122.33394900014628, 29.86292599963525]]], [[[122.32340799967949, 29.932317999875863], [122.34611900019172, 29.9600829996308], [122.41209300019182, 29.94798400016151], [122.39167800033954, 29.85374399978582], [122.32340799967949, 29.932317999875863]]], [[[122.28432000026783, 29.93715699999558], [122.30342600000995, 29.944357000175444], [122.30324599980315, 29.925537000132522], [122.28804000004607, 29.927673999755314], [122.28432000026783, 29.93715699999558]]], [[[122.09202499985395, 29.941788999562732], [122.07890199992744, 29.938958000311516], [122.0760010001461, 29.953028999888488], [122.08877900035066, 29.955384999718035], [122.09202499985395, 29.941788999562732]]], [[[122.02696999996556, 29.957304000079603], [122.04302800034202, 29.964552999821137], [122.05314700023393, 29.95592200020019], [122.0404300001444, 29.935389000302166], [122.02696999996556, 29.957304000079603]]], [[[122.22347500027115, 29.966372000067793], [122.24877399962043, 29.953951000138602], [122.20727000031036, 29.963993000076925], [122.22208099983834, 29.96640399974484], [122.22347500027115, 29.966372000067793]]], [[[122.1578789997161, 29.967610999647945], [122.1623079998144, 29.950297999852864], [122.13904399988076, 29.94793899988497], [122.13111500025707, 29.960288000091168], [122.1578789997161, 29.967610999647945]]], [[[122.10460599996702, 29.966420999629463], [122.11560299987855, 29.981027999642492], [122.11913099979586, 29.96246999999056], [122.10460599996702, 29.966420999629463]]], [[[122.17941800014069, 29.959233000002996], [122.13819800043746, 29.97648999991361], [122.1673429999795, 29.987523999732844], [122.18912499991882, 29.965973999700395], [122.17941800014069, 29.959233000002996]]], [[[122.07172900009334, 30.002435000275113], [122.08960799990928, 29.986117999646012], [122.07253000015942, 29.97495400012707], [122.06632499999887, 29.984041000092134], [122.07172900009334, 30.002435000275113]]], [[[122.38600699962342, 29.989683000370235], [122.36951599996348, 29.984681999974384], [122.37323699978776, 30.008327000390807], [122.40190399976984, 30.03431500003728], [122.38600699962342, 29.989683000370235]]], [[[122.25554799994029, 30.06550400030943], [122.33568800030105, 29.997568999809573], [122.27328100021805, 29.943264000133524], [122.22988299990061, 29.972295999860535], [122.10455600035914, 30.007899000438556], [122.06580899958567, 30.011064999849907], [122.02547200013271, 29.99367700019343], [121.93688000031182, 30.172321999760527], [122.2908199996433, 30.102061999961393], [122.25554799994029, 30.06550400030943]]], [[[122.76232700039077, 30.127293999818278], [122.75809500038406, 30.144090000053495], [122.77251900005183, 30.14062300025131], [122.78278999975873, 30.13045900008285], [122.76232700039077, 30.127293999818278]]], [[[122.17246100037494, 30.201920000407767], [122.21048800032099, 30.19206400005362], [122.16546399966387, 30.14211799994581], [122.13970299969378, 30.169000000349797], [122.17246100037494, 30.201920000407767]]], [[[122.71857700002863, 30.18446300026727], [122.72311099957301, 30.17538099963349], [122.71683199959716, 30.17089999983517], [122.71215099956908, 30.177566999717328], [122.71857700002863, 30.18446300026727]]], [[[122.02739000044824, 30.164029000438063], [122.01288099955855, 30.186600999936275], [122.0499660001309, 30.202176999668836], [122.0605889998825, 30.183167999903333], [122.02739000044824, 30.164029000438063]]], [[[122.68449000011344, 30.194106999838198], [122.66945300005602, 30.211164000418364], [122.68732599959526, 30.202614000036135], [122.68642300022134, 30.182678999836014], [122.68449000011344, 30.194106999838198]]], [[[122.69805499973847, 30.20285999968928], [122.70845800013672, 30.21173799990879], [122.70526300028735, 30.200685000112742], [122.70971299955534, 30.191108000034205], [122.69805499973847, 30.20285999968928]]], [[[122.64646700035189, 30.21292499978898], [122.6442760000374, 30.18920899969561], [122.63327800007971, 30.20905800042641], [122.63572699970132, 30.214815999758628], [122.64646700035189, 30.21292499978898]]], [[[122.58910099981131, 30.207323999602977], [122.58701699993469, 30.198043999730828], [122.58310700038783, 30.198859999589388], [122.58577100003174, 30.206658000366474], [122.58910099981131, 30.207323999602977]]], [[[122.59058299980563, 30.212887999881332], [122.59290299977363, 30.211813999816286], [122.59041099996773, 30.208935000150177], [122.58931599983362, 30.20942900044804], [122.59058299980563, 30.212887999881332]]], [[[122.56409699967685, 30.208745000381498], [122.56701300014993, 30.21370799992428], [122.5660040003844, 30.209136999572934], [122.56409699967685, 30.208745000381498]]], [[[122.5668499998277, 30.22038300017539], [122.56373299997801, 30.2183780003445], [122.56299700021145, 30.22212000023785], [122.5661679998534, 30.222122000330103], [122.5668499998277, 30.22038300017539]]], [[[122.56032700029084, 30.224943000019493], [122.55745800018667, 30.220705999782126], [122.55517300003396, 30.2223639997988], [122.55753600018636, 30.224499000228718], [122.56032700029084, 30.224943000019493]]], [[[122.18275800038145, 30.23248499978297], [122.20078499982799, 30.217351999795028], [122.17500199974256, 30.217830000254366], [122.18275800038145, 30.23248499978297]]], [[[122.49910199985743, 30.218742000043335], [122.46977900020079, 30.228460000328823], [122.47992799967756, 30.233170999941763], [122.49998800024605, 30.227691999985836], [122.49910199985743, 30.218742000043335]]], [[[122.51523900027973, 30.23234899980656], [122.52885699965088, 30.233814999962306], [122.52941100001772, 30.23125899990299], [122.52182099983929, 30.224733000227843], [122.51523900027973, 30.23234899980656]]], [[[122.39633600020636, 30.27580099991627], [122.41823099996077, 30.25300700007307], [122.28187900011585, 30.229558999748065], [122.31519100026446, 30.25122399968791], [122.39633600020636, 30.27580099991627]]], [[[122.2932199997033, 30.27183000025434], [122.31029900039857, 30.25270799977443], [122.2572599997493, 30.23793400015404], [122.25979299964729, 30.270974000349895], [122.2932199997033, 30.27183000025434]]], [[[122.05594999999255, 30.29431999956836], [122.21672800029705, 30.335035000265123], [122.2255850004475, 30.23586400002364], [122.14826899991442, 30.248763999559003], [122.05594999999255, 30.29431999956836]]], [[[122.47988400034637, 30.418472999829135], [122.45342200042501, 30.42788400034641], [122.46491099964294, 30.441822000085267], [122.47988400034637, 30.418472999829135]]], [[[122.31086200028119, 30.41344800012513], [122.27416100032997, 30.47473299972819], [122.4347320000818, 30.414469999590835], [122.3955879998864, 30.42657500023614], [122.31086200028119, 30.41344800012513]]], [[[122.33922299964183, 30.52835300019086], [122.34169300023188, 30.512933999604456], [122.31591000014646, 30.51539199964111], [122.33922299964183, 30.52835300019086]]], [[[122.07715700039535, 30.59789500015421], [122.08031000010646, 30.581834999685555], [122.06760399962491, 30.575044000380387], [122.05389000032335, 30.595498000232567], [122.07715700039535, 30.59789500015421]]], [[[122.10291300013489, 30.615409000225213], [122.04222200004529, 30.6360729998691], [122.05936600014081, 30.647767999593555], [122.07606300030727, 30.63598999963881], [122.10291300013489, 30.615409000225213]]], [[[122.55014600023776, 30.659515999963503], [122.55606799993836, 30.681193999603465], [122.57189000022345, 30.665908999800536], [122.57300699957341, 30.65820899994543], [122.55014600023776, 30.659515999963503]]], [[[122.80325400007212, 30.720814000166], [122.81204599992304, 30.735089000157302], [122.82829600016032, 30.727084999772956], [122.83345399970244, 30.706916999619864], [122.80325400007212, 30.720814000166]]], [[[122.77307699970379, 30.728217999860874], [122.78547300027878, 30.730680000081975], [122.7720059997771, 30.71044400039034], [122.75491300023486, 30.71514000021091], [122.77307699970379, 30.728217999860874]]], [[[122.52801200025363, 30.724355999829584], [122.53061599982857, 30.702282999960516], [122.42862099975935, 30.69618800037597], [122.44181600030822, 30.746575000136204], [122.52801200025363, 30.724355999829584]]], [[[122.67119899963416, 30.844787000219924], [122.67511999968826, 30.86300600042665], [122.69175699978575, 30.845499999825165], [122.68513700027245, 30.84184000011595], [122.67119899963416, 30.844787000219924]]], [[[122.7455320002017, 39.03192599958527], [122.75362800033201, 39.009500999671445], [122.71111500035704, 39.025388000256044], [122.71828099986828, 39.04893899993493], [122.7455320002017, 39.03192599958527]]], [[[123.16917899991097, 39.10010799978443], [123.19642500001385, 39.0618039996549], [123.15113200044152, 39.02785299971623], [123.16509899971913, 39.06461099959802], [123.16917899991097, 39.10010799978443]]], [[[122.40441499955261, 39.218327999837356], [122.33179299964729, 39.145108000234075], [122.3146949998744, 39.18333100022551], [122.35761000040122, 39.20129899964917], [122.40441499955261, 39.218327999837356]]], [[[122.68880899963574, 39.20426899991446], [122.63491700011957, 39.22589399980831], [122.64448199964465, 39.241570999701935], [122.71527199960315, 39.24091099984281], [122.68880899963574, 39.20426899991446]]], [[[122.5356340001091, 39.30707300041871], [122.67172100032394, 39.267558000201575], [122.5847250003585, 39.27019300030679], [122.57741899978703, 39.25415700004555], [122.5356340001091, 39.30707300041871]]], [[[123.05115699999567, 39.4551440001955], [123.0828409997124, 39.44861899966713], [123.07998800034602, 39.43245699989069], [123.06244199969854, 39.432804999751], [123.05115699999567, 39.4551440001955]]], [[[122.9878030003083, 39.4980999999151], [122.94171800018557, 39.52500499958114], [122.97113100039542, 39.56262000031279], [123.00179699993168, 39.55219099961499], [122.9878030003083, 39.4980999999151]]]]}, "bbox": [73.50028200021421, 16.0, 135.0862580002066, 53.558094000138055]}], "bbox": [73.50028200021421, 16.0, 135.0862580002066, 53.558094000138055]}