year,a,b,w
2019,Beijing,Shanghai,1250.1
2019,Guangzhou,Shanghai,943.5
2019,Shanghai,Shenzhen,914.1
2019,Chengdu,Shanghai,851.1
2019,Chongqing,Shanghai,513.6
2019,Shanghai,Xi'an,466.2
2019,Kunming,Shanghai,458.1
2019,Beijing,Hangzhou,413.0
2019,Guangzhou,Hangzhou,337.5
2019,Shanghai,Urumqi,337.4
2019,Sanya,Shanghai,314.9
2019,Hangzhou,Shenzhen,298.7
2019,Guangzhou,Nanjing,283.3
2019,Harbin,Shanghai,281.3
2019,Chengdu,Hangzhou,277.7
2019,Changchun,Shanghai,266.0
2019,Shanghai,Shenyang,261.9
2019,Shanghai,Xiamen,258.3
2019,Nanjing,Shenzhen,254.4
2019,Qingdao,Shanghai,252.4
2019,Chongqing,Hangzhou,244.5
2019,Dalian,Shanghai,226.0
2019,Guiyang,Shanghai,223.9
2019,Chengdu,Nanjing,205.1
2019,Kunming,Nanjing,201.7
2019,Hangzhou,Xi'an,199.7
2019,Shanghai,Tianjin,198.0
2019,Hangzhou,Kunming,195.1
2019,Changsha,Shanghai,178.2
2019,Shanghai,Zhuhai,175.9
2019,Shanghai,Taiyuan,173.3
2019,Shanghai,Wuhan,170.6
2019,Chongqing,Nanjing,168.0
2019,Lanzhou,Shanghai,164.1
2019,Haikou,Shanghai,160.1
2019,Guiyang,Hangzhou,158.8
2019,Nanning,Shanghai,157.5
2019,Shenzhen,Wuxi,156.3
2019,Shanghai,Zhengzhou,149.0
2019,Harbin,Nanjing,148.6
2019,Guangzhou,Wuxi,143.0
2019,Guiyang,Nanjing,142.7
2019,Hangzhou,Harbin,142.1
2019,Beijing,Wenzhou,135.1
2019,Guangzhou,Ningbo,134.6
2019,Nanjing,Xi'an,133.7
2019,Guiyang,Wenzhou,133.5
2019,Hefei,Shenzhen,129.7
2019,Nanjing,Sanya,126.7
2019,Guangzhou,Wenzhou,126.3
2019,Beijing,Nanjing,124.6
2019,Hangzhou,Sanya,123.3
2019,Kunming,Wenzhou,122.2
2019,Fuzhou,Shanghai,120.5
2019,Changchun,Nanjing,116.3
2019,Hefei,Kunming,112.0
2019,Chengdu,Wuxi,111.6
2019,Guilin,Shanghai,109.1
2019,Shanghai,Yantai,108.9
2019,Beijing,Ningbo,108.3
2019,Nanjing,Nanning,106.9
2019,Jieyang,Shanghai,106.5
2019,Hangzhou,Nanning,105.9
2019,Kunming,Wuxi,105.3
2019,Haikou,Hangzhou,103.6
2019,Hangzhou,Shenyang,101.6
2019,Guangzhou,Hefei,101.0
2019,Haikou,Nanjing,100.8
2019,Shanghai,Yinchuan,98.6
2019,Shanghai,Shijiazhuang,98.6
2019,Nanjing,Xiamen,98.1
2019,Changchun,Hangzhou,97.5
2019,Nanjing,Urumqi,96.9
2019,Dalian,Nanjing,96.3
2019,Nanjing,Shenyang,95.1
2019,Hangzhou,Zhengzhou,92.5
2019,Hangzhou,Taiyuan,90.9
2019,Hangzhou,Lanzhou,88.6
2019,Hangzhou,Urumqi,87.9
2019,Chongqing,Ningbo,86.9
2019,Hangzhou,Qingdao,84.0
2019,Hohhot,Shanghai,83.4
2019,Harbin,Hefei,83.0
2019,Wenzhou,Xi'an,83.0
2019,Chongqing,Wenzhou,81.9
2019,Chongqing,Hefei,79.1
2019,Ningbo,Xi'an,76.5
2019,Nanjing,Taiyuan,74.9
2019,Hangzhou,Tianjin,72.7
2019,Lanzhou,Nanjing,72.5
2019,Hangzhou,Shijiazhuang,72.4
2019,Hefei,Shenyang,72.4
2019,Quanzhou,Shanghai,72.2
2019,Dalian,Hangzhou,70.6
2019,Hangzhou,Zhuhai,69.9
2019,Chengdu,Hefei,69.7
2019,Chongqing,Wuxi,68.8
2019,Changsha,Nanjing,67.8
2019,Hangzhou,Xiamen,67.0
2019,Hefei,Xiamen,66.7
2019,Chengdu,Wenzhou,66.4
2019,Guangzhou,Yiwu,64.9
2019,Hangzhou,Yinchuan,64.7
2019,Nanjing,Zhuhai,60.5
2019,Harbin,Wenzhou,60.4
2019,Ningbo,Shenzhen,59.8
2019,Hefei,Sanya,59.1
2019,Hefei,Zhuhai,58.1
2019,Shanghai,Zunyi,57.9
2019,Shanghai,Zhanjiang,57.7
2019,Guiyang,Hefei,56.1
2019,Guilin,Nanjing,56.0
2019,Kunming,Ningbo,55.7
2019,Guiyang,Ningbo,55.7
2019,Lijiang,Nanjing,55.6
2019,Hangzhou,Wuhan,52.5
2019,Hefei,Xi'an,52.2
2019,Beijing,Hefei,52.1
2019,Kunming,Xuzhou,52.0
2019,Changzhou,Guangzhou,51.9
2019,Changchun,Hefei,50.9
2019,Wenzhou,Wuhan,50.6
2019,Hefei,Urumqi,50.4
2019,Changzhou,Chengdu,50.3
2019,Wuxi,Xi'an,49.7
2019,Guilin,Hangzhou,49.2
2019,Shanghai,Zhangjiajie,48.8
2019,Ningbo,Qingdao,48.5
2019,Lanzhou,Wenzhou,48.0
2019,Nantong,Shenzhen,47.2
2019,Wenzhou,Zhengzhou,47.1
2019,Changsha,Ningbo,46.7
2019,Hefei,Lanzhou,46.1
2019,Changzhou,Shenzhen,46.0
2019,Shanghai,Wenzhou,45.5
2019,Shanghai,Xining,45.4
2019,Mianyang,Shanghai,45.2
2019,Shenzhen,Wenzhou,45.1
2019,Nanchang,Shanghai,44.9
2019,Fuzhou,Nanjing,44.6
2019,Shenyang,Wuxi,44.2
2019,Haikou,Hefei,44.1
2019,Guilin,Hefei,43.4
2019,Hangzhou,Hohhot,42.7
2019,Changzhou,Harbin,42.2
2019,Hefei,Nanning,42.2
2019,Harbin,Xuzhou,42.0
2019,Ningbo,Shenyang,41.9
2019,Changzhou,Chongqing,41.5
2019,Nanjing,Xining,40.9
2019,Liuzhou,Shanghai,40.9
2019,Hangzhou,Yantai,40.8
2019,Nanjing,Yinchuan,40.7
2019,Sanya,Wenzhou,40.4
2019,Dalian,Ningbo,40.3
2019,Xiamen,Zhoushan,39.7
2019,Jinan,Shanghai,39.4
2019,Nanning,Wenzhou,39.3
2019,Shanghai,Weihai,39.3
2019,Lijiang,Shanghai,39.2
2019,Chengdu,Ningbo,38.9
2019,Guangzhou,Nantong,38.8
2019,Beijing,Wuxi,38.4
2019,Nanjing,Zunyi,38.4
2019,Ningbo,Zhengzhou,37.7
2019,Dalian,Hefei,37.2
2019,Haikou,Wenzhou,37.1
2019,Quanzhou,Zhoushan,37.0
2019,Changchun,Ningbo,36.8
2019,Changchun,Wenzhou,36.6
2019,Mianyang,Nanjing,35.9
2019,Changzhou,Kunming,35.5
2019,Changsha,Wenzhou,35.4
2019,Changsha,Hangzhou,34.9
2019,Baotou,Shanghai,34.5
2019,Wuxi,Xiamen,34.3
2019,Hohhot,Nanjing,33.9
2019,Ningbo,Wuhan,33.2
2019,Hangzhou,Mianyang,32.5
2019,Shenzhen,Yangzhou,32.5
2019,Changzhou,Xiamen,32.2
2019,Baoshan,Nanjing,32.1
2019,Hangzhou,Lijiang,31.8
2019,Haikou,Ningbo,31.6
2019,Changchun,Wuxi,31.3
2019,Hangzhou,Jieyang,31.2
2019,Guangzhou,Taizhou,30.9
2019,Shenzhen,Xuzhou,30.5
2019,Shanghai,Xishuangbanna,30.4
2019,Hangzhou,Xining,30.4
2019,Huai'an,Urumqi,30.2
2019,Ningbo,Xingyi,30.0
2019,Harbin,Ningbo,30.0
2019,Qingdao,Wenzhou,29.8
2019,Baoshan,Hangzhou,29.4
2019,Hangzhou,Quanzhou,29.2
2019,Dongying,Shanghai,29.2
2019,Shenyang,Wenzhou,29.2
2019,Jinan,Wenzhou,28.9
2019,Chongqing,Xuzhou,28.7
2019,Nanjing,Quanzhou,28.6
2019,Guiyang,Xuzhou,28.4
2019,Nanjing,Qingdao,28.3
2019,Beijing,Yiwu,27.9
2019,Changsha,Wuxi,27.7
2019,Sanya,Wuxi,27.6
2019,Shenyang,Yangzhou,27.6
2019,Xi'an,Yiwu,27.3
2019,Shenzhen,Yancheng,26.9
2019,Changzhou,Dalian,26.9
2019,Taiyuan,Wenzhou,26.6
2019,Taizhou,Xi'an,26.6
2019,Chongqing,Yangzhou,26.3
2019,Nanjing,Zhangjiajie,26.3
2019,Changzhou,Xi'an,26.1
2019,Nanjing,Yantai,26.0
2019,Shanghai,Yuncheng,25.9
2019,Ningbo,Zhuhai,25.8
2019,Beihai,Shanghai,25.5
2019,Changchun,Yangzhou,25.2
2019,Hefei,Taiyuan,25.0
2019,Guiyang,Wuxi,25.0
2019,Shanghai,Yichang,24.8
2019,Kunming,Nantong,24.5
2019,Luoyang,Shanghai,24.4
2019,Dalian,Wuxi,24.2
2019,Kunming,Yiwu,24.1
2019,Nantong,Shenyang,24.1
2019,Dalian,Xuzhou,23.9
2019,Tianjin,Wenzhou,23.6
2019,Guangzhou,Yangzhou,23.0
2019,Ningbo,Shijiazhuang,23.0
2019,Dali,Shanghai,22.9
2019,Nanning,Ningbo,22.7
2019,Beijing,Nantong,22.6
2019,Hefei,Hohhot,22.5
2019,Harbin,Huai'an,22.5
2019,Changzhou,Shenyang,22.3
2019,Hefei,Lijiang,22.0
2019,Huizhou,Shanghai,21.8
2019,Hangzhou,Weihai,21.8
2019,Nanjing,Shijiazhuang,21.8
2019,Chengdu,Yangzhou,21.7
2019,Xiamen,Yangzhou,21.7
2019,Nanjing,Yuncheng,21.5
2019,Hangzhou,Yuncheng,21.4
2019,Ningbo,Tianjin,21.4
2019,Hefei,Qingdao,21.2
2019,Beijing,Changzhou,21.2
2019,Wenzhou,Yantai,21.2
2019,Linyi,Shanghai,21.1
2019,Ningbo,Taiyuan,21.1
2019,Harbin,Wuxi,21.0
2019,Chengdu,Xuzhou,21.0
2019,Changzhou,Sanya,20.8
2019,Harbin,Yangzhou,20.8
2019,Chongqing,Nantong,20.8
2019,Wenzhou,Zhuhai,20.6
2019,Hefei,Yantai,20.6
2019,Ningbo,Sanya,20.6
2019,Qingdao,Wuxi,20.3
2019,Beijing,Yancheng,20.2
2019,Luzhou,Shanghai,20.1
2019,Guiyang,Nantong,20.1
2019,Kunming,Yangzhou,19.7
2019,Nanjing,Zhanjiang,19.7
2019,Nantong,Zhengzhou,19.7
2019,Hangzhou,Huizhou,19.7
2019,Hangzhou,Liuzhou,19.7
2019,Liuzhou,Nanjing,19.6
2019,Guilin,Ningbo,19.5
2019,Jieyang,Nanjing,19.5
2019,Shanghai,Xingyi,19.4
2019,Hangzhou,Xishuangbanna,19.4
2019,Hangzhou,Zhanjiang,19.3
2019,Nantong,Xi'an,19.3
2019,Chengdu,Nantong,18.7
2019,Hefei,Yinchuan,18.7
2019,Hangzhou,Zunyi,18.6
2019,Handan,Shanghai,18.4
2019,Nanchang,Nanjing,18.4
2019,Nantong,Quanzhou,18.2
2019,Dalian,Nantong,18.1
2019,Hefei,Xining,17.9
2019,Shanghai,Yibin,17.8
2019,Changchun,Yancheng,17.8
2019,Changsha,Nantong,17.7
2019,Enshi,Hangzhou,17.7
2019,Chongqing,Taizhou,17.6
2019,Chengdu,Huai'an,17.6
2019,Lanzhou,Yangzhou,17.5
2019,Shenzhen,Yiwu,17.4
2019,Ordos,Shanghai,17.4
2019,Ji'an,Shanghai,17.3
2019,Ganzhou,Shanghai,17.3
2019,Ningbo,Yichang,17.2
2019,Hefei,Lhasa,17.2
2019,Bijie,Shanghai,17.1
2019,Beihai,Hangzhou,17.0
2019,Beijing,Taizhou,16.5
2019,Beijing,Lianyungang,16.5
2019,Jieyang,Yiwu,16.5
2019,Chongqing,Yiwu,16.5
2019,Changde,Shanghai,16.4
2019,Datong,Shanghai,16.3
2019,Baotou,Nanjing,16.3
2019,Huai'an,Kunming,16.1
2019,Harbin,Nantong,16.1
2019,Shanghai,Xiangyang,16.1
2019,Shenyang,Yancheng,15.9
2019,Huai'an,Lanzhou,15.8
2019,Dalian,Wenzhou,15.8
2019,Guangyuan,Shanghai,15.5
2019,Taizhou,Wuhan,15.5
2019,Lianyungang,Shanghai,15.5
2019,Guiyang,Yangzhou,15.5
2019,Hefei,Quanzhou,15.4
2019,Hefei,Shanghai,15.4
2019,Yancheng,Yinchuan,15.4
2019,Nanchang,Ningbo,15.2
2019,Huizhou,Wuxi,15.2
2019,Changzhou,Haikou,15.2
2019,Huai'an,Shenzhen,15.2
2019,Hefei,Jieyang,15.1
2019,Chengdu,Yiwu,15.1
2019,Hangzhou,Yichang,14.9
2019,Wuxi,Zhuhai,14.8
2019,Shanghai,Shiyan,14.7
2019,Beijing,Zhoushan,14.6
2019,Nanchong,Shanghai,14.6
2019,Beijing,Fuyang,14.6
2019,Dalian,Lianyungang,14.6
2019,Harbin,Lianyungang,14.5
2019,Foshan,Shanghai,14.5
2019,Anqing,Haikou,14.5
2019,Wenzhou,Zhangjiajie,14.2
2019,Nanjing,Weihai,14.1
2019,Shanghai,Xinzhou,14.1
2019,Guilin,Nantong,14.1
2019,Bijie,Hangzhou,14.0
2019,Chifeng,Hangzhou,14.0
2019,Changzhou,Zhuhai,14.0
2019,Quanzhou,Xuzhou,13.9
2019,Shanghai,Tongren,13.8
2019,Changchun,Lianyungang,13.8
2019,Guilin,Xuzhou,13.7
2019,Beijing,Quzhou,13.7
2019,Xiamen,Xuzhou,13.7
2019,Lianyungang,Xiamen,13.7
2019,Liuzhou,Wenzhou,13.6
2019,Jinzhou,Shanghai,13.6
2019,Jieyang,Ningbo,13.5
2019,Xi'an,Yangzhou,13.4
2019,Qinhuangdao,Shanghai,13.4
2019,Dalian,Yangzhou,13.4
2019,Anshun,Hangzhou,13.4
2019,Hengyang,Shanghai,13.3
2019,Wuxi,Yuncheng,13.2
2019,Beijing,Yangzhou,13.2
2019,Huizhou,Nanjing,13.1
2019,Jieyang,Zhoushan,13.0
2019,Chongqing,Huai'an,13.0
2019,Guilin,Wenzhou,13.0
2019,Lanzhou,Wuxi,13.0
2019,Fuyang,Shenzhen,13.0
2019,Huai'an,Xiamen,13.0
2019,Guangyuan,Hangzhou,13.0
2019,Haikou,Huai'an,12.9
2019,Ningbo,Weihai,12.9
2019,Tongren,Wuxi,12.9
2019,Yancheng,Yanji,12.8
2019,Linfen,Shanghai,12.8
2019,Shanghai,Yanji,12.8
2019,Changzhou,Nanning,12.8
2019,Beijing,Huai'an,12.7
2019,Changzhi,Shanghai,12.7
2019,Xi'an,Yancheng,12.7
2019,Chizhou,Shenzhen,12.7
2019,Huai'an,Xi'an,12.6
2019,Guangzhou,Huai'an,12.5
2019,Hohhot,Lianyungang,12.5
2019,Hangzhou,Luzhou,12.5
2019,Hangzhou,Jiuquan,12.5
2019,Hangzhou,Linfen,12.4
2019,Lianyungang,Shenyang,12.4
2019,Huai'an,Quanzhou,12.4
2019,Nantong,Xiamen,12.4
2019,Taizhou,Zhuhai,12.4
2019,Shanghai,Tongliao,12.2
2019,Haikou,Xuzhou,12.1
2019,Hangzhou,Yan'an,12.1
2019,Anqing,Guilin,12.1
2019,Changsha,Lianyungang,12.0
2019,Nanjing,Ordos,12.0
2019,Hangzhou,Yulin,12.0
2019,Huai'an,Shenyang,12.0
2019,Chongqing,Lianyungang,12.0
2019,Fuzhou,Yancheng,12.0
2019,Shenzhen,Taizhou,11.8
2019,Anqing,Beijing,11.8
2019,Shenyang,Xuzhou,11.7
2019,Shanghai,Yueyang,11.7
2019,Baishan,Shanghai,11.7
2019,Nanjing,Yulin,11.7
2019,Jinan,Taizhou,11.6
2019,Nantong,Taiyuan,11.5
2019,Shanghai,Zhangjiakou,11.5
2019,Chongqing,Huangshan,11.4
2019,Fuzhou,Huai'an,11.4
2019,Xuzhou,Yinchuan,11.4
2019,Nanjing,Tongren,11.4
2019,Linfen,Wenzhou,11.4
2019,Huizhou,Wenzhou,11.4
2019,Yiwu,Zhengzhou,11.3
2019,Huangshan,Shenzhen,11.3
2019,Changsha,Yancheng,11.3
2019,Hangzhou,Yibin,11.2
2019,Changde,Hangzhou,11.2
2019,Dali,Hefei,11.2
2019,Hefei,Mianyang,11.2
2019,Harbin,Yancheng,11.2
2019,Shanghai,Tangshan,11.1
2019,Mudanjiang,Shanghai,11.1
2019,Mianyang,Wenzhou,11.1
2019,Lianyungang,Zhuhai,11.1
2019,Hangzhou,Shiyan,11.0
2019,Mianyang,Ningbo,11.0
2019,Nanning,Nantong,11.0
2019,Nanning,Xuzhou,11.0
2019,Huai'an,Nanning,10.9
2019,Luzhou,Wenzhou,10.9
2019,Anshan,Shanghai,10.9
2019,Chengdu,Lianyungang,10.9
2019,Ganzhou,Hangzhou,10.9
2019,Nanchong,Wenzhou,10.8
2019,Yancheng,Zhuhai,10.8
2019,Hefei,Shijiazhuang,10.7
2019,Lianyungang,Shenzhen,10.7
2019,Fuyang,Kunming,10.5
2019,Beijing,Huangshan,10.5
2019,Jieyang,Yangzhou,10.5
2019,Shanghai,Yulin,10.5
2019,Taizhou,Zhengzhou,10.5
2019,Hanzhong,Shanghai,10.4
2019,Hangzhou,Linyi,10.4
2019,Huai'an,Jieyang,10.4
2019,Hangzhou,Tongliao,10.3
2019,Changsha,Xuzhou,10.3
2019,Nanchang,Nantong,10.2
2019,Nanjing,Yan'an,10.2
2019,Guangzhou,Huangshan,10.2
2019,Nantong,Qingdao,10.1
2019,Changsha,Changzhou,10.1
2019,Xiamen,Yancheng,10.0
2019,Nantong,Tianjin,10.0
2019,Guiyang,Yancheng,10.0
2019,Wenzhou,Yuncheng,9.9
2019,Wenzhou,Zunyi,9.9
2019,Qingdao,Zhoushan,9.9
2019,Hangzhou,Ordos,9.9
2019,Shanghai,Xinyang,9.9
2019,Jining,Shanghai,9.9
2019,Hangzhou,Xiangyang,9.8
2019,Hangzhou,Luoyang,9.8
2019,Shijiazhuang,Yancheng,9.8
2019,Guilin,Yangzhou,9.8
2019,Dehong,Shanghai,9.7
2019,Xuzhou,Zhuhai,9.7
2019,Changzhou,Fuzhou,9.7
2019,Hangzhou,Qinhuangdao,9.7
2019,Ningbo,Xiamen,9.7
2019,Shenyang,Yiwu,9.7
2019,Huai'an,Yinchuan,9.6
2019,Guiyang,Lianyungang,9.6
2019,Wenzhou,Yichang,9.6
2019,Guangzhou,Yancheng,9.6
2019,Dalian,Huangshan,9.6
2019,Wuxi,Yantai,9.5
2019,Huai'an,Shijiazhuang,9.3
2019,Enshi,Nanjing,9.3
2019,Datong,Hefei,9.3
2019,Wuhan,Yancheng,9.3
2019,Chengdu,Yancheng,9.2
2019,Huangshan,Shenyang,9.1
2019,Nanjing,Xichang,9.1
2019,Nanjing,Panzhihua,9.1
2019,Fuyang,Haikou,9.1
2019,Hangzhou,Ulanhot,9.1
2019,Nantong,Zhuhai,9.0
2019,Fuzhou,Zhoushan,9.0
2019,Hangzhou,Xinyang,9.0
2019,Rizhao,Shanghai,8.9
2019,Qingdao,Yiwu,8.9
2019,Haikou,Lianyungang,8.9
2019,Nanjing,Yichun,8.9
2019,Kunming,Lianyungang,8.9
2019,Hulunbuir,Shanghai,8.9
2019,Nanjing,Yibin,8.8
2019,Fuyang,Shanghai,8.8
2019,Guilin,Wuxi,8.8
2019,Dali,Nanjing,8.8
2019,Quanzhou,Wuxi,8.7
2019,Ili,Nanjing,8.7
2019,Fuyang,Guangzhou,8.7
2019,Nanyang,Shanghai,8.7
2019,Wenzhou,Xinyang,8.7
2019,Hanzhong,Nantong,8.6
2019,Foshan,Wenzhou,8.6
2019,Shanghai,Yingkou,8.6
2019,Shijiazhuang,Wenzhou,8.5
2019,Huizhou,Ningbo,8.5
2019,Anshun,Nanjing,8.4
2019,Guangzhou,Xuzhou,8.4
2019,Anqing,Harbin,8.4
2019,Bijie,Nanjing,8.4
2019,Fuzhou,Yangzhou,8.4
2019,Anshun,Shanghai,8.4
2019,Changzhou,Qingdao,8.3
2019,Hangzhou,Jinzhou,8.3
2019,Lianyungang,Shijiazhuang,8.3
2019,Quzhou,Shenzhen,8.3
2019,Beihai,Ningbo,8.3
2019,Nanping,Shanghai,8.2
2019,Lanzhou,Lianyungang,8.2
2019,Hefei,Yuncheng,8.1
2019,Hangzhou,Hanzhong,8.1
2019,Tianjin,Yangzhou,8.1
2019,Hulunbuir,Nanjing,8.1
2019,Dalian,Quzhou,8.1
2019,Fuzhou,Nantong,8.1
2019,Nantong,Wuhan,8.0
2019,Guiyang,Huai'an,8.0
2019,Beijing,Chizhou,8.0
2019,Tianjin,Zhoushan,8.0
2019,Guiyang,Taizhou,8.0
2019,Ningbo,Yantai,7.9
2019,Yancheng,Yantai,7.9
2019,Chongqing,Quzhou,7.9
2019,Nanchang,Xuzhou,7.9
2019,Tianjin,Yancheng,7.9
2019,Lvliang,Shanghai,7.9
2019,Huai'an,Ningbo,7.8
2019,Anqing,Shanghai,7.8
2019,Handan,Wenzhou,7.7
2019,Guangzhou,Lianyungang,7.7
2019,Lianyungang,Nanning,7.6
2019,Taiyuan,Wuxi,7.6
2019,Kunming,Quzhou,7.6
2019,Ningbo,Yancheng,7.6
2019,Chizhou,Shanghai,7.6
2019,Changzhi,Nanjing,7.6
2019,Yiwu,Zhuhai,7.6
2019,Huai'an,Xining,7.6
2019,Chengdu,Fuyang,7.5
2019,Yantai,Zhoushan,7.5
2019,Hangzhou,Xinzhou,7.5
2019,Ningbo,Zhangjiajie,7.4
2019,Haikou,Huangshan,7.4
2019,Jingdezhen,Shanghai,7.4
2019,Changchun,Huai'an,7.4
2019,Luoyang,Ningbo,7.4
2019,Hefei,Huizhou,7.3
2019,Hami,Shanghai,7.3
2019,Shijiazhuang,Yangzhou,7.3
2019,Chifeng,Nanjing,7.2
2019,Huangshan,Yichang,7.2
2019,Jinan,Zhoushan,7.2
2019,Changsha,Taizhou,7.2
2019,Chongqing,Fuyang,7.1
2019,Chizhou,Nanning,7.1
2019,Hangzhou,Liupanshui,7.1
2019,Ningbo,Yuncheng,7.1
2019,Lianyungang,Taiyuan,7.1
2019,Longyan,Shanghai,7.1
2019,Huai'an,Wuhan,7.1
2019,Chizhou,Xi'an,7.1
2019,Taizhou,Yantai,7.0
2019,Lanzhou,Yancheng,7.0
2019,Ganzhou,Ningbo,7.0
2019,Lianyungang,Xi'an,7.0
2019,Nanjing,Qinhuangdao,7.0
2019,Tianjin,Yiwu,6.9
2019,Longyan,Nanjing,6.9
2019,Datong,Nanjing,6.9
2019,Huai'an,Shanghai,6.9
2019,Shanghai,Yancheng,6.8
2019,Bazhong,Shanghai,6.8
2019,Guilin,Huangshan,6.8
2019,Qingyang,Shanghai,6.8
2019,Hangzhou,Huai'an,6.8
2019,Changzhou,Guiyang,6.8
2019,Nanjing,Zhengzhou,6.7
2019,Anqing,Xi'an,6.7
2019,Anqing,Kunming,6.6
2019,Dazhou,Shanghai,6.6
2019,Shanghai,Weifang,6.6
2019,Hulunbuir,Nantong,6.6
2019,Fuzhou,Xuzhou,6.5
2019,Chengdu,Chizhou,6.5
2019,Xuzhou,Zhangjiajie,6.5
2019,Changchun,Nantong,6.5
2019,Haikou,Quzhou,6.4
2019,Dandong,Shanghai,6.4
2019,Hefei,Tianjin,6.4
2019,Chizhou,Lanzhou,6.4
2019,Baotou,Hefei,6.4
2019,Fuyang,Zhoushan,6.3
2019,Dalian,Huai'an,6.3
2019,Chongqing,Yancheng,6.3
2019,Hangzhou,Qiandongnan,6.3
2019,Shanghai,Yichun,6.3
2019,Changsha,Huai'an,6.2
2019,Yangzhou,Zhuhai,6.2
2019,Sanming,Shanghai,6.2
2019,Foshan,Hefei,6.2
2019,Nanchang,Yancheng,6.1
2019,Huai'an,Tianjin,6.1
2019,Nantong,Yantai,6.1
2019,Shenzhen,Zhoushan,6.0
2019,Dalian,Zhoushan,6.0
2019,Hangzhou,Yueyang,5.9
2019,Huai'an,Wenzhou,5.8
2019,Lijiang,Wenzhou,5.8
2019,Huaihua,Shanghai,5.8
2019,Liuzhou,Ningbo,5.7
2019,Nanjing,Shanghai,5.6
2019,Wuxi,Zhanjiang,5.6
2019,Luzhou,Nanjing,5.6
2019,Hanzhong,Nanjing,5.6
2019,Anshan,Nanjing,5.6
2019,Enshi,Shanghai,5.5
2019,Linyi,Wenzhou,5.5
2019,Lianyungang,Xining,5.4
2019,Huangshan,Jieyang,5.4
2019,Changzhou,Taiyuan,5.4
2019,Hangzhou,Zhangjiajie,5.4
2019,Fuzhou,Lianyungang,5.4
2019,Chizhou,Tianjin,5.3
2019,Nanchang,Zhoushan,5.3
2019,Qingdao,Quzhou,5.3
2019,Mianyang,Yangzhou,5.3
2019,Shanghai,Zhoushan,5.3
2019,Beihai,Nanjing,5.3
2019,Luzhou,Ningbo,5.2
2019,Hefei,Qionghai,5.2
2019,Hangzhou,Hengyang,5.2
2019,Hangzhou,Huaihua,5.1
2019,Changzhou,Ganzhou,5.1
2019,Hengyang,Ningbo,5.1
2019,Dalian,Yiwu,5.1
2019,Shanghai,Zhangye,5.1
2019,Anqing,Xiamen,5.1
2019,Dalian,Taizhou,5.0
2019,Wuhan,Yiwu,5.0
2019,Ji'an,Wuxi,4.9
2019,Sanya,Yangzhou,4.9
2019,Hangzhou,Zhaotong,4.9
2019,Hangzhou,Nanyang,4.9
2019,Jinan,Quzhou,4.9
2019,Wenzhou,Xiangyang,4.9
2019,Lianyungang,Nanjing,4.8
2019,Lijiang,Wuxi,4.8
2019,Chizhou,Chongqing,4.8
2019,Yangzhou,Yinchuan,4.7
2019,Hangzhou,Rizhao,4.7
2019,Lianyungang,Ningbo,4.7
2019,Hangzhou,Weifang,4.6
2019,Huangshan,Xi'an,4.6
2019,Ningbo,Yanji,4.6
2019,Baoshan,Shanghai,4.5
2019,Hefei,Ordos,4.5
2019,Ningbo,Shanghai,4.5
2019,Hohhot,Huangshan,4.5
2019,Ningbo,Xining,4.5
2019,Lianyungang,Zhoushan,4.5
2019,Dongying,Ningbo,4.5
2019,Huangshan,Wenzhou,4.5
2019,Jinan,Ningbo,4.4
2019,Baishan,Hangzhou,4.4
2019,Nantong,Sanya,4.4
2019,Fuyang,Xiamen,4.4
2019,Wenzhou,Yan'an,4.3
2019,Beihai,Yangzhou,4.3
2019,Fuyang,Qingdao,4.3
2019,Nanjing,Yancheng,4.3
2019,Huangshan,Qingdao,4.3
2019,Changchun,Xuzhou,4.3
2019,Hefei,Taizhou,4.2
2019,Fuyang,Hangzhou,4.2
2019,Hohhot,Ningbo,4.2
2019,Ji'an,Nanjing,4.1
2019,Anqing,Guiyang,4.1
2019,Haikou,Yancheng,4.1
2019,Ji'an,Ningbo,4.1
2019,Lianyungang,Tianjin,4.1
2019,Hangzhou,Jinan,4.1
2019,Ningbo,Tongren,4.0
2019,Shanghai,Xichang,4.0
2019,Jingdezhen,Ningbo,4.0
2019,Hengyang,Wenzhou,4.0
2019,Fuyang,Tianjin,4.0
2019,Nanchong,Nanjing,4.0
2019,Dalian,Yancheng,3.9
2019,Yancheng,Zhengzhou,3.9
2019,Qionghai,Wenzhou,3.9
2019,Linyi,Ningbo,3.9
2019,Hangzhou,Tianshui,3.9
2019,Ningbo,Zhanjiang,3.8
2019,Ningbo,Yichun,3.8
2019,Chizhou,Xiamen,3.8
2019,Weihai,Wenzhou,3.7
2019,Luoyang,Nantong,3.7
2019,Huai'an,Qingdao,3.7
2019,Yangzhou,Yantai,3.6
2019,Huangshan,Zhanjiang,3.6
2019,Anqing,Fuzhou,3.6
2019,Wenzhou,Yancheng,3.5
2019,Lincang,Nanjing,3.5
2019,Fuzhou,Wuxi,3.5
2019,Anqing,Qingdao,3.5
2019,Kunming,Taizhou,3.5
2019,Guiyang,Quzhou,3.5
2019,Ningbo,Zunyi,3.5
2019,Changchun,Changzhou,3.5
2019,Lijiang,Yangzhou,3.5
2019,Nanjing,Shiyan,3.4
2019,Ganzhou,Nanjing,3.4
2019,Wenzhou,Yinchuan,3.3
2019,Jinan,Nantong,3.3
2019,Hefei,Wenzhou,3.2
2019,Fuyang,Wenzhou,3.2
2019,Changzhou,Yichang,3.2
2019,Nanning,Wuxi,3.2
2019,Shangrao,Zhoushan,3.2
2019,Nanning,Yangzhou,3.2
2019,Chizhou,Guangzhou,3.1
2019,Dazhou,Hangzhou,3.1
2019,Anqing,Guangzhou,3.1
2019,Jieyang,Wenzhou,3.1
2019,Huai'an,Zhuhai,3.1
2019,Chizhou,Wenzhou,3.1
2019,Hangzhou,Tongren,3.0
2019,Hefei,Hulunbuir,3.0
2019,Anqing,Ningbo,3.0
2019,Nantong,Shijiazhuang,3.0
2019,Meizhou,Shanghai,2.9
2019,Changchun,Yiwu,2.9
2019,Hangzhou,Nanping,2.9
2019,Huangshan,Xiamen,2.9
2019,Hangzhou,Meizhou,2.8
2019,Hefei,Weihai,2.8
2019,Aba,Wenzhou,2.8
2019,Foshan,Nanjing,2.7
2019,Shanghai,Zhaotong,2.7
2019,Hangzhou,Hulunbuir,2.7
2019,Ningbo,Weifang,2.7
2019,Lianyungang,Yinchuan,2.6
2019,Handan,Xuzhou,2.6
2019,Fuyang,Xi'an,2.6
2019,Hefei,Zhanjiang,2.6
2019,Haikou,Yangzhou,2.5
2019,Huai'an,Hulunbuir,2.5
2019,Shiyan,Wenzhou,2.5
2019,Wuxi,Zhangjiajie,2.5
2019,Jieyang,Wuxi,2.4
2019,Chizhou,Jieyang,2.4
2019,Anqing,Shenzhen,2.4
2019,Nanjing,Tianshui,2.4
2019,Xuzhou,Yichang,2.4
2019,Lianyungang,Wenzhou,2.4
2019,Shijiazhuang,Xuzhou,2.3
2019,Qionghai,Xuzhou,2.3
2019,Wuxi,Yinchuan,2.3
2019,Xishuangbanna,Xuzhou,2.3
2019,Hanzhong,Wenzhou,2.2
2019,Anqing,Yantai,2.2
2019,Nantong,Zhangjiajie,2.1
2019,Baotou,Ningbo,2.1
2019,Hefei,Zunyi,2.1
2019,Taiyuan,Yancheng,2.1
2019,Nanyang,Wenzhou,2.1
2019,Ningbo,Shangrao,2.1
2019,Nantong,Wenzhou,2.1
2019,Hangzhou,Tangshan,2.0
2019,Tongren,Wenzhou,2.0
2019,Dandong,Yangzhou,2.0
2019,Linfen,Nanjing,2.0
2019,Chizhou,Xishuangbanna,2.0
2019,Yangzhou,Zhangjiajie,2.0
2019,Handan,Hangzhou,2.0
2019,Mianyang,Xuzhou,2.0
2019,Nanchang,Wenzhou,2.0
2019,Chizhou,Ningbo,1.9
2019,Hohhot,Wenzhou,1.9
2019,Daqing,Shanghai,1.9
2019,Hangzhou,Qionghai,1.9
2019,Wenzhou,Wuzhou,1.8
2019,Baishan,Hefei,1.8
2019,Changde,Wenzhou,1.8
2019,Taizhou,Yichang,1.8
2019,Lijiang,Xuzhou,1.8
2019,Bijie,Wenzhou,1.8
2019,Ningbo,Yinchuan,1.7
2019,Kashgar,Shanghai,1.7
2019,Nanjing,Yichang,1.7
2019,Jining,Wenzhou,1.7
2019,Lianyungang,Sanya,1.7
2019,Hangzhou,Xichang,1.7
2019,Daqing,Yancheng,1.6
2019,Changzhou,Zhangjiajie,1.6
2019,Jieyang,Xuzhou,1.6
2019,Beihai,Hefei,1.6
2019,Luoyang,Yangzhou,1.6
2019,Hohhot,Yangzhou,1.6
2019,Shanghai,Yongzhou,1.6
2019,Hefei,Yingkou,1.5
2019,Wenzhou,Yueyang,1.5
2019,Huizhou,Xuzhou,1.4
2019,Chizhou,Guiyang,1.4
2019,Enshi,Xuzhou,1.4
2019,Chengdu,Huangshan,1.4
2019,Guilin,Yancheng,1.4
2019,Handan,Hefei,1.4
2019,Ningbo,Shiyan,1.4
2019,Huangshan,Jinan,1.3
2019,Nanjing,Xingyi,1.3
2019,Qingdao,Yangzhou,1.2
2019,Hangzhou,Songyuan,1.2
2019,Baishan,Nanjing,1.2
2019,Jining,Ningbo,1.1
2019,Jinzhou,Nanjing,1.1
2019,Xi'an,Xuzhou,1.1
2019,Beihai,Wenzhou,1.0
2019,Lianyungang,Ordos,1.0
2019,Ganzhou,Wenzhou,1.0
2019,Nanjing,Xinzhou,1.0
2019,Chizhou,Qingdao,1.0
2019,Shijiazhuang,Yiwu,1.0
2019,Wenzhou,Xuzhou,1.0
2019,Huangshan,Tianjin,1.0
2019,Nanjing,Yingkou,1.0
2019,Changzhou,Yantai,1.0
2019,Huangshan,Zhuhai,1.0
2019,Hengyang,Nanjing,1.0
2019,Huangshan,Nanning,0.9
2019,Dongying,Hangzhou,0.9
2019,Nantong,Yichang,0.9
2019,Fuyang,Zhuhai,0.8
2019,Changzhou,Guilin,0.8
2019,Qionghai,Shanghai,0.8
2019,Yueyang,Zhoushan,0.8
2019,Jieyang,Nantong,0.8
2019,Ningbo,Xinyang,0.8
2019,Fuyang,Ordos,0.8
2019,Huai'an,Nanchang,0.8
2019,Hefei,Zhengzhou,0.8
2019,Huai'an,Jinan,0.7
2019,Nanjing,Nanyang,0.7
2019,Hohhot,Nantong,0.7
2019,Chizhou,Quanzhou,0.7
2019,Dazhou,Nanjing,0.6
2019,Hohhot,Xuzhou,0.6
2019,Ningbo,Sanming,0.6
2019,Xuzhou,Yantai,0.6
2019,Hefei,Huangshan,0.6
2019,Huai'an,Taiyuan,0.6
2019,Nanchang,Wuxi,0.5
2019,Lanzhou,Xuzhou,0.5
2019,Hulunbuir,Wuxi,0.5
2019,Huangshan,Wuhan,0.5
2019,Baotou,Xuzhou,0.5
2019,Quzhou,Xi'an,0.5
2019,Baishan,Ningbo,0.5
2019,Mianyang,Wuxi,0.4
2019,Hangzhou,Nanchong,0.4
2019,Taiyuan,Yiwu,0.4
2019,Dalian,Fuyang,0.4
2019,Nanjing,Zhangye,0.4
2019,Changde,Nanjing,0.4
2019,Hefei,Luzhou,0.3
2019,Daqing,Ningbo,0.2
2019,Nanjing,Songyuan,0.2
2019,Liupanshui,Shanghai,0.2
2019,Hefei,Xiangyang,0.1
2019,Ordos,Wenzhou,0.1
2019,Nanjing,Xiangyang,0.1
2019,Lanzhou,Ningbo,0.1
2019,Lhasa,Shanghai,0.1
2019,Wenzhou,Xining,0.1
2019,Nantong,Xishuangbanna,0.1
2019,Hangzhou,Yanji,0.1
2019,Shanghai,Yan'an,0.0
2019,Nantong,Xingyi,0.0
2019,Hangzhou,Mudanjiang,0.0
2019,Changzhou,Xishuangbanna,0.0
2019,Dehong,Hangzhou,0.0
2019,Sanya,Xuzhou,0.0
2019,Wenzhou,Xichang,0.0
2019,Ordos,Wuxi,0.0
2019,Nanjing,Wuhan,0.0
2019,Chongqing,Zhoushan,0.0
2019,Nantong,Nanyang,0.0
2019,Hangzhou,Shangrao,0.0
2019,Luoyang,Xuzhou,0.0
2019,Jingdezhen,Wenzhou,0.0
2019,Fuzhou,Ningbo,0.0
2020,Beijing,Shanghai,823.8
2020,Shanghai,Shenzhen,742.8
2020,Chengdu,Shanghai,726.1
2020,Guangzhou,Shanghai,721.5
2020,Chongqing,Shanghai,458.9
2020,Kunming,Shanghai,363.5
2020,Guangzhou,Hangzhou,322.8
2020,Sanya,Shanghai,322.0
2020,Shanghai,Xi'an,310.7
2020,Chengdu,Hangzhou,302.5
2020,Beijing,Hangzhou,302.0
2020,Hangzhou,Shenzhen,290.0
2020,Harbin,Shanghai,247.7
2020,Chongqing,Hangzhou,245.7
2020,Nanjing,Shenzhen,235.8
2020,Guangzhou,Nanjing,232.8
2020,Shanghai,Xiamen,208.3
2020,Changchun,Shanghai,206.5
2020,Shanghai,Shenyang,201.8
2020,Guiyang,Shanghai,201.2
2020,Hangzhou,Kunming,193.2
2020,Changsha,Shanghai,185.3
2020,Chengdu,Nanjing,181.7
2020,Qingdao,Shanghai,178.7
2020,Shanghai,Urumqi,178.2
2020,Hangzhou,Xi'an,170.7
2020,Chongqing,Nanjing,166.8
2020,Guiyang,Hangzhou,159.5
2020,Nanning,Shanghai,158.1
2020,Lanzhou,Shanghai,152.6
2020,Haikou,Shanghai,149.6
2020,Shanghai,Tianjin,148.9
2020,Kunming,Nanjing,140.8
2020,Shanghai,Taiyuan,140.5
2020,Shenzhen,Wuxi,132.8
2020,Dalian,Shanghai,132.7
2020,Shanghai,Zhuhai,127.3
2020,Shanghai,Zhengzhou,127.1
2020,Hangzhou,Harbin,126.7
2020,Guangzhou,Wuxi,123.5
2020,Guiyang,Nanjing,122.8
2020,Hangzhou,Sanya,118.6
2020,Guiyang,Wenzhou,117.6
2020,Hefei,Shenzhen,115.6
2020,Kunming,Wenzhou,111.9
2020,Nanjing,Sanya,110.5
2020,Nanjing,Xi'an,106.3
2020,Harbin,Nanjing,106.0
2020,Chengdu,Wuxi,105.8
2020,Beijing,Ningbo,103.2
2020,Guangzhou,Wenzhou,101.9
2020,Guangzhou,Ningbo,100.2
2020,Guangzhou,Hefei,100.2
2020,Shanghai,Yinchuan,98.4
2020,Chongqing,Ningbo,97.3
2020,Haikou,Hangzhou,95.6
2020,Shanghai,Yantai,95.2
2020,Beijing,Wenzhou,93.7
2020,Shanghai,Wuhan,93.1
2020,Shanghai,Shijiazhuang,91.9
2020,Hangzhou,Nanning,90.9
2020,Changchun,Nanjing,90.1
2020,Chongqing,Wenzhou,87.4
2020,Hangzhou,Lanzhou,87.2
2020,Hangzhou,Shenyang,86.8
2020,Hefei,Kunming,86.1
2020,Hangzhou,Taiyuan,84.8
2020,Chengdu,Wenzhou,84.0
2020,Jieyang,Shanghai,83.3
2020,Hangzhou,Zhengzhou,82.4
2020,Shanghai,Xining,82.2
2020,Guiyang,Ningbo,81.2
2020,Chengdu,Hefei,80.7
2020,Nanjing,Nanning,79.7
2020,Kunming,Wuxi,78.1
2020,Nanjing,Shenyang,77.7
2020,Changchun,Hangzhou,77.6
2020,Lanzhou,Nanjing,77.5
2020,Haikou,Nanjing,76.4
2020,Chengdu,Ningbo,76.0
2020,Nanjing,Xiamen,74.7
2020,Ningbo,Shenzhen,74.7
2020,Chongqing,Wuxi,73.5
2020,Fuzhou,Shanghai,72.8
2020,Hohhot,Shanghai,70.7
2020,Kunming,Ningbo,70.2
2020,Hangzhou,Qingdao,68.9
2020,Guilin,Shanghai,68.5
2020,Chongqing,Hefei,66.3
2020,Beijing,Nanjing,63.4
2020,Shanghai,Zhanjiang,60.7
2020,Changsha,Nanjing,60.7
2020,Hangzhou,Xiamen,60.5
2020,Ningbo,Xi'an,59.3
2020,Wenzhou,Xi'an,58.8
2020,Nanjing,Urumqi,56.2
2020,Shanghai,Zunyi,56.2
2020,Hangzhou,Shijiazhuang,55.9
2020,Nanjing,Taiyuan,55.7
2020,Quanzhou,Shanghai,55.3
2020,Lijiang,Shanghai,55.0
2020,Mianyang,Shanghai,53.0
2020,Wenzhou,Zhengzhou,53.0
2020,Dalian,Hangzhou,52.4
2020,Changzhou,Chengdu,51.2
2020,Dalian,Nanjing,51.1
2020,Hangzhou,Tianjin,50.7
2020,Harbin,Hefei,50.6
2020,Shenzhen,Wenzhou,50.1
2020,Guiyang,Hefei,49.1
2020,Kunming,Xuzhou,47.5
2020,Hefei,Sanya,47.1
2020,Beijing,Hefei,46.1
2020,Changzhou,Guangzhou,46.1
2020,Nanjing,Zhuhai,46.1
2020,Hefei,Shenyang,45.3
2020,Guangzhou,Nantong,45.2
2020,Ningbo,Zhengzhou,44.9
2020,Hangzhou,Urumqi,44.9
2020,Baotou,Shanghai,44.4
2020,Haikou,Hefei,44.2
2020,Guilin,Nanjing,44.0
2020,Wuxi,Xi'an,44.0
2020,Hefei,Xiamen,43.1
2020,Hangzhou,Zhuhai,42.4
2020,Hangzhou,Yinchuan,41.4
2020,Harbin,Wenzhou,40.3
2020,Guiyang,Wuxi,40.0
2020,Ningbo,Qingdao,39.9
2020,Changzhou,Shenzhen,39.9
2020,Nanjing,Yinchuan,39.0
2020,Hefei,Nanning,38.3
2020,Changzhou,Chongqing,38.2
2020,Jinan,Shanghai,38.0
2020,Chongqing,Yangzhou,37.9
2020,Hefei,Xi'an,37.9
2020,Guangzhou,Yiwu,37.8
2020,Lijiang,Nanjing,37.2
2020,Hangzhou,Hohhot,36.2
2020,Shenyang,Wuxi,35.5
2020,Changsha,Ningbo,35.4
2020,Nantong,Shenzhen,35.4
2020,Changzhou,Harbin,35.0
2020,Changchun,Hefei,35.0
2020,Shenzhen,Yancheng,34.9
2020,Ningbo,Shenyang,33.7
2020,Hangzhou,Yantai,33.6
2020,Shenzhen,Xuzhou,33.6
2020,Hefei,Zhuhai,33.3
2020,Shanghai,Zhangjiajie,32.9
2020,Hefei,Urumqi,32.5
2020,Kunming,Yangzhou,32.4
2020,Shanghai,Weihai,32.1
2020,Beijing,Wuxi,32.0
2020,Changsha,Wenzhou,32.0
2020,Hangzhou,Wuhan,31.7
2020,Guilin,Hangzhou,31.7
2020,Beijing,Yiwu,31.4
2020,Nanjing,Zunyi,31.2
2020,Nanjing,Qingdao,30.9
2020,Changchun,Ningbo,30.7
2020,Fuzhou,Nanjing,30.5
2020,Beijing,Nantong,30.5
2020,Hangzhou,Mianyang,30.3
2020,Haikou,Ningbo,30.0
2020,Harbin,Xuzhou,30.0
2020,Jieyang,Nanjing,29.9
2020,Hefei,Lanzhou,29.9
2020,Shenyang,Wenzhou,29.8
2020,Nanning,Wenzhou,29.7
2020,Taiyuan,Wenzhou,29.4
2020,Guangzhou,Yangzhou,29.3
2020,Dali,Shanghai,29.2
2020,Hangzhou,Jieyang,28.9
2020,Changsha,Hangzhou,28.8
2020,Dalian,Ningbo,28.7
2020,Nanchang,Shanghai,28.7
2020,Chengdu,Yangzhou,28.5
2020,Mianyang,Nanjing,28.4
2020,Sanya,Wenzhou,28.3
2020,Nantong,Shenyang,28.1
2020,Changchun,Wenzhou,27.8
2020,Harbin,Ningbo,27.6
2020,Nanjing,Xining,27.6
2020,Wenzhou,Wuhan,27.5
2020,Changsha,Wuxi,27.4
2020,Shanghai,Yichang,27.1
2020,Kunming,Yiwu,27.1
2020,Quanzhou,Zhoushan,26.9
2020,Nanjing,Quanzhou,26.3
2020,Liuzhou,Shanghai,26.2
2020,Beihai,Shanghai,25.8
2020,Chongqing,Xuzhou,25.5
2020,Guangzhou,Taizhou,25.3
2020,Xiamen,Zhoushan,25.3
2020,Hefei,Qingdao,25.2
2020,Nantong,Xi'an,25.0
2020,Hangzhou,Lijiang,25.0
2020,Hangzhou,Zunyi,24.8
2020,Changzhou,Kunming,24.6
2020,Guangzhou,Xuzhou,24.3
2020,Hangzhou,Quanzhou,24.1
2020,Guiyang,Xuzhou,24.1
2020,Changchun,Wuxi,23.9
2020,Lanzhou,Wenzhou,23.6
2020,Chongqing,Nantong,23.6
2020,Ningbo,Shijiazhuang,23.4
2020,Xi'an,Yiwu,23.3
2020,Wuxi,Xiamen,23.3
2020,Nanjing,Yantai,23.0
2020,Shenzhen,Yangzhou,22.9
2020,Ningbo,Wuhan,22.9
2020,Hefei,Yantai,22.7
2020,Shenyang,Yangzhou,22.6
2020,Hangzhou,Yibin,22.4
2020,Hefei,Lhasa,22.4
2020,Hangzhou,Luzhou,22.3
2020,Harbin,Wuxi,21.7
2020,Haikou,Wenzhou,21.6
2020,Hohhot,Nanjing,21.6
2020,Chongqing,Taizhou,21.5
2020,Ningbo,Tianjin,21.2
2020,Luoyang,Shanghai,21.2
2020,Chongqing,Yiwu,21.1
2020,Tianjin,Wenzhou,21.1
2020,Hefei,Taiyuan,21.0
2020,Liuzhou,Nanjing,20.9
2020,Qionghai,Shanghai,20.9
2020,Chengdu,Nantong,20.9
2020,Changzhou,Xi'an,20.9
2020,Ordos,Shanghai,20.7
2020,Shanghai,Yuncheng,20.5
2020,Luzhou,Shanghai,20.5
2020,Jinan,Wenzhou,20.5
2020,Guilin,Hefei,20.3
2020,Shanghai,Wenzhou,20.2
2020,Huai'an,Shenzhen,19.9
2020,Dalian,Hefei,19.7
2020,Dalian,Wuxi,19.7
2020,Sanya,Wuxi,19.5
2020,Ningbo,Zhuhai,19.5
2020,Datong,Shanghai,19.4
2020,Changde,Shanghai,19.2
2020,Changzhou,Shenyang,19.2
2020,Huizhou,Shanghai,19.0
2020,Shenyang,Yancheng,18.9
2020,Chengdu,Xuzhou,18.8
2020,Huizhou,Wuxi,18.7
2020,Ganzhou,Shanghai,18.7
2020,Guiyang,Nantong,18.5
2020,Xiamen,Yangzhou,18.4
2020,Changsha,Yancheng,18.3
2020,Nantong,Quanzhou,18.1
2020,Linyi,Shanghai,18.0
2020,Nanjing,Yuncheng,17.9
2020,Hefei,Yinchuan,17.8
2020,Beijing,Yangzhou,17.7
2020,Changchun,Yangzhou,17.6
2020,Changsha,Nantong,17.5
2020,Dongying,Shanghai,17.3
2020,Shenzhen,Yiwu,17.2
2020,Guangzhou,Huai'an,17.2
2020,Ningbo,Xingyi,17.2
2020,Nanchong,Shanghai,16.9
2020,Baoshan,Hangzhou,16.9
2020,Mianyang,Ningbo,16.8
2020,Harbin,Yangzhou,16.7
2020,Hefei,Jieyang,16.6
2020,Harbin,Yancheng,16.6
2020,Beijing,Quzhou,16.3
2020,Kunming,Nantong,16.3
2020,Shanghai,Yulin,16.1
2020,Chengdu,Yiwu,16.1
2020,Lanzhou,Yangzhou,16.0
2020,Hangzhou,Weihai,16.0
2020,Changzhou,Xiamen,16.0
2020,Shanghai,Yibin,15.9
2020,Anshan,Shanghai,15.9
2020,Nanjing,Zhanjiang,15.8
2020,Harbin,Nantong,15.8
2020,Hefei,Xining,15.8
2020,Ningbo,Taiyuan,15.8
2020,Daqing,Shanghai,15.7
2020,Hangzhou,Xishuangbanna,15.7
2020,Hengyang,Shanghai,15.6
2020,Ji'an,Shanghai,15.5
2020,Harbin,Huai'an,15.5
2020,Huai'an,Lanzhou,15.4
2020,Wuxi,Yuncheng,15.4
2020,Shenyang,Xuzhou,15.1
2020,Nanning,Ningbo,14.9
2020,Hangzhou,Liuzhou,14.9
2020,Changzhou,Haikou,14.9
2020,Jieyang,Yiwu,14.9
2020,Chengdu,Lianyungang,14.9
2020,Kunming,Taizhou,14.9
2020,Wenzhou,Zhuhai,14.7
2020,Hangzhou,Yuncheng,14.6
2020,Nantong,Zhengzhou,14.6
2020,Taizhou,Xi'an,14.6
2020,Guiyang,Yangzhou,14.5
2020,Yancheng,Yinchuan,14.4
2020,Qingdao,Wuxi,14.4
2020,Chengdu,Yancheng,14.3
2020,Dazhou,Shanghai,14.2
2020,Beijing,Yancheng,14.2
2020,Nanning,Wuxi,14.2
2020,Bijie,Shanghai,14.1
2020,Shanghai,Xishuangbanna,13.9
2020,Hefei,Hohhot,13.8
2020,Taiyuan,Wuxi,13.8
2020,Xi'an,Yancheng,13.8
2020,Nantong,Tianjin,13.8
2020,Wuxi,Zhuhai,13.8
2020,Shanghai,Zhangjiakou,13.7
2020,Qingdao,Wenzhou,13.7
2020,Handan,Shanghai,13.6
2020,Beihai,Hangzhou,13.5
2020,Hangzhou,Yulin,13.5
2020,Beihai,Hefei,13.4
2020,Wenzhou,Yantai,13.3
2020,Changsha,Taizhou,13.3
2020,Nanjing,Weihai,13.3
2020,Enshi,Hangzhou,13.2
2020,Changchun,Yancheng,13.2
2020,Shanghai,Xiangyang,13.0
2020,Harbin,Lianyungang,13.0
2020,Hefei,Lijiang,13.0
2020,Shanghai,Xingyi,13.0
2020,Hangzhou,Zhanjiang,12.8
2020,Baotou,Nanjing,12.7
2020,Dali,Hefei,12.7
2020,Guangzhou,Lianyungang,12.6
2020,Ganzhou,Hangzhou,12.6
2020,Jieyang,Ningbo,12.5
2020,Lianyungang,Shenzhen,12.5
2020,Luzhou,Nanjing,12.5
2020,Xiamen,Yancheng,12.4
2020,Guangzhou,Yancheng,12.4
2020,Foshan,Wenzhou,12.4
2020,Baoshan,Shanghai,12.4
2020,Shanghai,Tongren,12.3
2020,Bijie,Hangzhou,12.2
2020,Chongqing,Huai'an,12.2
2020,Wenzhou,Zunyi,12.1
2020,Anqing,Haikou,12.0
2020,Nanchang,Ningbo,11.9
2020,Beijing,Taizhou,11.9
2020,Dalian,Xuzhou,11.9
2020,Hangzhou,Linyi,11.9
2020,Luzhou,Ningbo,11.9
2020,Fuyang,Guangzhou,11.8
2020,Huai'an,Xiamen,11.8
2020,Nanjing,Yulin,11.8
2020,Hangzhou,Xining,11.8
2020,Nantong,Sanya,11.7
2020,Chongqing,Quzhou,11.6
2020,Guangyuan,Shanghai,11.6
2020,Guangyuan,Hangzhou,11.6
2020,Fuyang,Shenzhen,11.5
2020,Jinzhou,Shanghai,11.4
2020,Ningbo,Sanya,11.4
2020,Huai'an,Kunming,11.4
2020,Fuzhou,Yancheng,11.2
2020,Nanjing,Ordos,11.1
2020,Nantong,Xiamen,11.1
2020,Haikou,Xuzhou,11.1
2020,Ningbo,Yantai,11.0
2020,Linfen,Shanghai,10.9
2020,Changchun,Lianyungang,10.9
2020,Hangzhou,Linfen,10.9
2020,Fuzhou,Xuzhou,10.8
2020,Changchun,Xuzhou,10.8
2020,Baishan,Shanghai,10.7
2020,Wenzhou,Yichang,10.7
2020,Chifeng,Hangzhou,10.7
2020,Dalian,Nantong,10.6
2020,Xiamen,Xuzhou,10.6
2020,Nanjing,Zhangjiajie,10.5
2020,Shanghai,Tangshan,10.4
2020,Dalian,Lianyungang,10.3
2020,Anqing,Shenzhen,10.3
2020,Taizhou,Wuhan,10.3
2020,Xi'an,Yangzhou,10.2
2020,Datong,Hefei,10.2
2020,Shanghai,Yanji,10.1
2020,Taizhou,Zhengzhou,10.1
2020,Chizhou,Shenzhen,10.1
2020,Changzhou,Dalian,10.0
2020,Enshi,Shanghai,10.0
2020,Taizhou,Zhuhai,9.9
2020,Anqing,Beijing,9.8
2020,Hohhot,Yancheng,9.8
2020,Changsha,Lianyungang,9.8
2020,Quanzhou,Wuxi,9.8
2020,Dalian,Yangzhou,9.8
2020,Wuxi,Yinchuan,9.8
2020,Dehong,Shanghai,9.6
2020,Dalian,Wenzhou,9.6
2020,Hangzhou,Shiyan,9.6
2020,Jinan,Taizhou,9.6
2020,Shanghai,Xinyang,9.6
2020,Nanchang,Nantong,9.5
2020,Shijiazhuang,Yancheng,9.5
2020,Shenzhen,Taizhou,9.4
2020,Chongqing,Lianyungang,9.4
2020,Nanyang,Shanghai,9.4
2020,Ningbo,Xiamen,9.4
2020,Shanghai,Xichang,9.4
2020,Huizhou,Nanjing,9.4
2020,Changzhi,Shanghai,9.3
2020,Shanghai,Shiyan,9.3
2020,Fuzhou,Huai'an,9.3
2020,Changde,Hangzhou,9.3
2020,Hangzhou,Huizhou,9.3
2020,Baoshan,Nanjing,9.3
2020,Yiwu,Zhengzhou,9.3
2020,Ningbo,Yichang,9.3
2020,Wenzhou,Xinyang,9.2
2020,Hanzhong,Shanghai,9.2
2020,Ningbo,Weihai,9.2
2020,Hohhot,Lianyungang,9.2
2020,Bazhong,Shanghai,9.2
2020,Qinhuangdao,Shanghai,9.2
2020,Nanjing,Shijiazhuang,9.2
2020,Hefei,Yuncheng,9.1
2020,Shanghai,Tongliao,9.1
2020,Lianyungang,Xiamen,9.1
2020,Nanning,Xuzhou,9.1
2020,Nanning,Nantong,9.1
2020,Chongqing,Yancheng,9.1
2020,Shanghai,Xinzhou,9.0
2020,Huangshan,Shenzhen,8.8
2020,Hefei,Zhanjiang,8.8
2020,Datong,Nanjing,8.8
2020,Fuzhou,Yangzhou,8.8
2020,Beijing,Zhoushan,8.8
2020,Shenyang,Yiwu,8.8
2020,Xuzhou,Zhuhai,8.8
2020,Chifeng,Nanjing,8.8
2020,Qingdao,Zhoushan,8.8
2020,Haikou,Lianyungang,8.8
2020,Fuzhou,Wuxi,8.7
2020,Yangzhou,Yinchuan,8.6
2020,Nanchang,Nanjing,8.6
2020,Guiyang,Taizhou,8.6
2020,Ningbo,Zhanjiang,8.5
2020,Shanghai,Weifang,8.5
2020,Chongqing,Fuyang,8.5
2020,Changchun,Yiwu,8.5
2020,Hangzhou,Qinhuangdao,8.5
2020,Shanghai,Yan'an,8.5
2020,Hangzhou,Zhangjiajie,8.4
2020,Chengdu,Huai'an,8.3
2020,Guilin,Wenzhou,8.3
2020,Enshi,Nanjing,8.2
2020,Hangzhou,Yichang,8.2
2020,Changzhou,Jieyang,8.2
2020,Bijie,Wenzhou,8.2
2020,Shanghai,Zhaotong,8.1
2020,Changzhou,Nanning,8.1
2020,Nanchong,Wenzhou,8.1
2020,Luzhou,Wenzhou,8.1
2020,Hangzhou,Xiangyang,8.0
2020,Rizhao,Shanghai,8.0
2020,Fuyang,Haikou,8.0
2020,Qingdao,Yiwu,8.0
2020,Changsha,Huai'an,7.9
2020,Guiyang,Huai'an,7.9
2020,Beijing,Fuyang,7.9
2020,Anshan,Nanjing,7.9
2020,Jieyang,Zhoushan,7.9
2020,Beijing,Changzhou,7.8
2020,Huai'an,Ningbo,7.8
2020,Lianyungang,Shenyang,7.8
2020,Ganzhou,Ningbo,7.8
2020,Huai'an,Shenyang,7.8
2020,Hefei,Quanzhou,7.8
2020,Sanya,Yangzhou,7.7
2020,Fuyang,Zhoushan,7.7
2020,Anqing,Kunming,7.6
2020,Handan,Wenzhou,7.6
2020,Hangzhou,Xinyang,7.6
2020,Liuzhou,Wenzhou,7.6
2020,Hohhot,Wenzhou,7.5
2020,Wenzhou,Yuncheng,7.5
2020,Nanjing,Yibin,7.5
2020,Hangzhou,Hengyang,7.4
2020,Bijie,Nanjing,7.4
2020,Taiyuan,Yangzhou,7.4
2020,Hangzhou,Hanzhong,7.4
2020,Nanjing,Xinzhou,7.4
2020,Hanzhong,Nantong,7.4
2020,Hefei,Weihai,7.3
2020,Hefei,Huizhou,7.3
2020,Huai'an,Xi'an,7.3
2020,Changzhou,Guiyang,7.3
2020,Ningbo,Yancheng,7.3
2020,Baotou,Hefei,7.1
2020,Hangzhou,Ulanhot,7.1
2020,Fuyang,Kunming,7.1
2020,Haikou,Wuxi,7.1
2020,Longyan,Shanghai,7.1
2020,Guilin,Wuxi,7.1
2020,Bijie,Ningbo,7.0
2020,Hefei,Yingkou,7.0
2020,Hangzhou,Rizhao,6.9
2020,Haikou,Huai'an,6.8
2020,Hangzhou,Tongliao,6.8
2020,Wuxi,Yantai,6.8
2020,Changzhou,Fuzhou,6.8
2020,Hangzhou,Liupanshui,6.7
2020,Shanghai,Yueyang,6.6
2020,Dalian,Taizhou,6.6
2020,Huai'an,Shanghai,6.6
2020,Guilin,Ningbo,6.6
2020,Nanchang,Yancheng,6.6
2020,Qingyang,Shanghai,6.5
2020,Beijing,Huangshan,6.5
2020,Beijing,Lianyungang,6.5
2020,Haikou,Yancheng,6.5
2020,Anqing,Xi'an,6.5
2020,Hangzhou,Jinzhou,6.5
2020,Nanchang,Xuzhou,6.5
2020,Kunming,Quzhou,6.4
2020,Chaoyang,Shanghai,6.4
2020,Guilin,Nantong,6.4
2020,Quanzhou,Yangzhou,6.4
2020,Huai'an,Wenzhou,6.4
2020,Kunming,Lianyungang,6.3
2020,Yantai,Zhoushan,6.3
2020,Jinan,Zhoushan,6.3
2020,Changzhou,Sanya,6.3
2020,Changsha,Xuzhou,6.3
2020,Jieyang,Yangzhou,6.3
2020,Huangshan,Shenyang,6.2
2020,Lanzhou,Wuxi,6.2
2020,Huangshan,Yichang,6.2
2020,Guiyang,Lianyungang,6.2
2020,Shanghai,Zhangye,6.2
2020,Lvliang,Nanjing,6.2
2020,Linyi,Wenzhou,6.2
2020,Shijiazhuang,Wenzhou,6.2
2020,Chengdu,Quzhou,6.2
2020,Quzhou,Shenzhen,6.1
2020,Fuzhou,Zhoushan,6.1
2020,Yiwu,Zhuhai,6.1
2020,Dalian,Huai'an,6.1
2020,Luoyang,Ningbo,6.1
2020,Hulunbuir,Shanghai,6.0
2020,Hangzhou,Xinzhou,6.0
2020,Nantong,Qingdao,6.0
2020,Sanming,Shanghai,6.0
2020,Wuhan,Yancheng,6.0
2020,Ili,Nanjing,6.0
2020,Hangzhou,Zhaotong,6.0
2020,Chongqing,Huangshan,6.0
2020,Hulunbuir,Nanjing,6.0
2020,Nanjing,Zhengzhou,6.0
2020,Bazhong,Wenzhou,6.0
2020,Hefei,Shijiazhuang,5.9
2020,Haikou,Quzhou,5.9
2020,Nanjing,Xichang,5.9
2020,Fuzhou,Lianyungang,5.9
2020,Wuxi,Zhangjiajie,5.9
2020,Lanzhou,Ningbo,5.9
2020,Lianyungang,Zhuhai,5.9
2020,Anqing,Tianjin,5.8
2020,Tianjin,Zhoushan,5.8
2020,Huai'an,Shijiazhuang,5.8
2020,Taiyuan,Yiwu,5.8
2020,Guangzhou,Huangshan,5.8
2020,Nanjing,Yichun,5.7
2020,Anshun,Shanghai,5.7
2020,Tianjin,Yangzhou,5.7
2020,Dalian,Quzhou,5.7
2020,Jingdezhen,Shanghai,5.6
2020,Changsha,Yangzhou,5.6
2020,Hefei,Mianyang,5.6
2020,Ganzhou,Nanjing,5.6
2020,Longyan,Nanjing,5.6
2020,Huangshan,Nanning,5.5
2020,Yancheng,Yantai,5.5
2020,Hangzhou,Yueyang,5.5
2020,Anqing,Guangzhou,5.5
2020,Nanning,Yangzhou,5.5
2020,Huaihua,Shanghai,5.4
2020,Lianyungang,Shanghai,5.4
2020,Guilin,Xuzhou,5.4
2020,Changzhou,Qingdao,5.3
2020,Hangzhou,Yan'an,5.3
2020,Tianjin,Yancheng,5.3
2020,Chengdu,Fuyang,5.3
2020,Fuyang,Xiamen,5.3
2020,Changzhou,Zhuhai,5.3
2020,Beijing,Chizhou,5.3
2020,Hangzhou,Huaihua,5.3
2020,Xining,Yancheng,5.2
2020,Hangzhou,Jinan,5.2
2020,Changzhou,Quanzhou,5.2
2020,Sanya,Yancheng,5.2
2020,Liupanshui,Shanghai,5.2
2020,Jieyang,Nantong,5.2
2020,Huangshan,Xi'an,5.2
2020,Shanghai,Yingkou,5.1
2020,Hefei,Shanghai,5.1
2020,Xuzhou,Zhangjiajie,5.1
2020,Dali,Nanjing,5.1
2020,Ningbo,Yuncheng,5.1
2020,Nantong,Yantai,5.1
2020,Shanghai,Shaoyang,5.1
2020,Hangzhou,Qiandongnan,5.0
2020,Yangzhou,Zhuhai,5.0
2020,Changzhou,Taiyuan,4.9
2020,Mianyang,Wenzhou,4.9
2020,Yangzhou,Yantai,4.9
2020,Quanzhou,Xuzhou,4.9
2020,Lianyungang,Wenzhou,4.9
2020,Hengyang,Wenzhou,4.9
2020,Hangzhou,Ordos,4.9
2020,Anqing,Xiamen,4.9
2020,Xuzhou,Yinchuan,4.9
2020,Jinan,Ningbo,4.9
2020,Jieyang,Xuzhou,4.9
2020,Huai'an,Xining,4.8
2020,Hefei,Qionghai,4.8
2020,Lianyungang,Nanchang,4.8
2020,Lvliang,Shanghai,4.8
2020,Nanjing,Panzhihua,4.8
2020,Shanghai,Zhongwei,4.7
2020,Linfen,Nanjing,4.7
2020,Hengyang,Nanjing,4.7
2020,Hohhot,Huai'an,4.7
2020,Chizhou,Nanning,4.7
2020,Changzhou,Ganzhou,4.6
2020,Jinan,Quzhou,4.5
2020,Guiyang,Yancheng,4.5
2020,Tongren,Wuxi,4.5
2020,Huangshan,Qingdao,4.5
2020,Linfen,Wenzhou,4.5
2020,Fuyang,Shanghai,4.5
2020,Wenzhou,Xiangyang,4.4
2020,Nanjing,Yan'an,4.4
2020,Shanghai,Yichun,4.4
2020,Linyi,Wuxi,4.4
2020,Tianjin,Yiwu,4.4
2020,Qingdao,Quzhou,4.4
2020,Foshan,Shanghai,4.3
2020,Dalian,Yancheng,4.3
2020,Wuxi,Zunyi,4.2
2020,Dalian,Huangshan,4.2
2020,Hengyang,Ningbo,4.2
2020,Longnan,Shanghai,4.2
2020,Lijiang,Wuxi,4.2
2020,Hangzhou,Luoyang,4.1
2020,Anqing,Yantai,4.1
2020,Chizhou,Guangzhou,4.1
2020,Haikou,Yangzhou,4.0
2020,Linyi,Ningbo,4.0
2020,Nanjing,Shiyan,4.0
2020,Lanzhou,Lianyungang,4.0
2020,Mianyang,Xuzhou,4.0
2020,Shenzhen,Zhoushan,4.0
2020,Hanzhong,Nanjing,4.0
2020,Jieyang,Yancheng,4.0
2020,Jinan,Yiwu,3.9
2020,Ji'an,Nanjing,3.9
2020,Fuyang,Tianjin,3.9
2020,Shenyang,Taizhou,3.9
2020,Nantong,Shijiazhuang,3.9
2020,Mianyang,Yangzhou,3.8
2020,Wuxi,Zhanjiang,3.8
2020,Guiyang,Quzhou,3.8
2020,Shanghai,Yancheng,3.8
2020,Nanjing,Tongren,3.8
2020,Dalian,Zhoushan,3.7
2020,Nanjing,Yingkou,3.7
2020,Chizhou,Xishuangbanna,3.7
2020,Anqing,Qingdao,3.7
2020,Xining,Xuzhou,3.7
2020,Dandong,Shanghai,3.7
2020,Guangzhou,Quzhou,3.7
2020,Nantong,Taiyuan,3.6
2020,Hangzhou,Wenshan,3.6
2020,Ningbo,Zunyi,3.6
2020,Lianyungang,Nanjing,3.6
2020,Shijiazhuang,Yangzhou,3.6
2020,Lincang,Nanjing,3.6
2020,Jingdezhen,Ningbo,3.6
2020,Huangshan,Kunming,3.6
2020,Nanjing,Nanyang,3.6
2020,Huizhou,Zhoushan,3.6
2020,Chizhou,Tianjin,3.5
2020,Hefei,Zunyi,3.5
2020,Nantong,Zhuhai,3.5
2020,Ningbo,Xiangyang,3.5
2020,Weihai,Wenzhou,3.5
2020,Hulunbuir,Nantong,3.5
2020,Ji'an,Ningbo,3.5
2020,Huizhou,Wenzhou,3.4
2020,Lianyungang,Taiyuan,3.4
2020,Anshun,Hangzhou,3.4
2020,Jining,Shanghai,3.4
2020,Nanyang,Ningbo,3.4
2020,Changchun,Nantong,3.3
2020,Dazhou,Hangzhou,3.3
2020,Shanghai,Songyuan,3.3
2020,Huangshan,Xiamen,3.3
2020,Foshan,Huai'an,3.3
2020,Shanghai,Zhoushan,3.2
2020,Xuzhou,Zhoushan,3.2
2020,Aba,Wuxi,3.2
2020,Beijing,Huai'an,3.2
2020,Hangzhou,Nanchong,3.2
2020,Shanghai,Wuzhou,3.2
2020,Wuhan,Yiwu,3.1
2020,Anqing,Ningbo,3.1
2020,Ningbo,Shiyan,3.0
2020,Nanjing,Sanming,3.0
2020,Chizhou,Shanghai,3.0
2020,Hangzhou,Hulunbuir,3.0
2020,Handan,Hangzhou,3.0
2020,Jinan,Nantong,3.0
2020,Changchun,Changzhou,3.0
2020,Guilin,Yangzhou,3.0
2020,Huangshan,Zhuhai,3.0
2020,Guiyang,Yiwu,2.9
2020,Changsha,Changzhou,2.9
2020,Wenzhou,Xuzhou,2.9
2020,Huai'an,Nanchang,2.9
2020,Lianyungang,Xi'an,2.9
2020,Hangzhou,Tianshui,2.9
2020,Shiyan,Wenzhou,2.8
2020,Yangzhou,Yulin,2.8
2020,Lianyungang,Shijiazhuang,2.8
2020,Quanzhou,Yancheng,2.8
2020,Huangshan,Shijiazhuang,2.8
2020,Nanjing,Tianshui,2.7
2020,Foshan,Fuyang,2.7
2020,Lianyungang,Yinchuan,2.6
2020,Nanchang,Zhoushan,2.6
2020,Lianyungang,Xining,2.6
2020,Qionghai,Xuzhou,2.6
2020,Haikou,Huangshan,2.6
2020,Hangzhou,Shaoyang,2.6
2020,Chengdu,Chizhou,2.6
2020,Pu'er,Shanghai,2.6
2020,Dongying,Hangzhou,2.5
2020,Fuzhou,Nantong,2.5
2020,Huai'an,Quanzhou,2.5
2020,Meizhou,Shanghai,2.5
2020,Changzhou,Yantai,2.5
2020,Anqing,Guiyang,2.5
2020,Zhengzhou,Zhoushan,2.5
2020,Chizhou,Chongqing,2.5
2020,Wenzhou,Xinzhou,2.5
2020,Lianyungang,Zhoushan,2.5
2020,Nanjing,Xingyi,2.4
2020,Nanchong,Nanjing,2.4
2020,Nanjing,Xiangyang,2.4
2020,Quzhou,Xi'an,2.4
2020,Ningbo,Yichun,2.4
2020,Kunming,Yancheng,2.4
2020,Chengdu,Taizhou,2.4
2020,Ningbo,Weifang,2.3
2020,Foshan,Nanjing,2.3
2020,Shangrao,Zhoushan,2.3
2020,Dalian,Fuyang,2.3
2020,Dalian,Yiwu,2.2
2020,Huai'an,Wuhan,2.2
2020,Chizhou,Xi'an,2.2
2020,Nantong,Wuhan,2.2
2020,Huangshan,Jieyang,2.2
2020,Hohhot,Ningbo,2.2
2020,Huizhou,Ningbo,2.1
2020,Ningbo,Tongren,2.1
2020,Changchun,Huai'an,2.1
2020,Ningbo,Zhangjiajie,2.1
2020,Changde,Wenzhou,2.1
2020,Huizhou,Xuzhou,2.1
2020,Wuxi,Yichang,2.1
2020,Dehong,Nanjing,2.1
2020,Hangzhou,Lvliang,2.0
2020,Xi'an,Zhoushan,2.0
2020,Lhasa,Nanjing,1.9
2020,Nanchang,Yangzhou,1.9
2020,Yancheng,Yanji,1.8
2020,Hohhot,Wuxi,1.8
2020,Hangzhou,Huai'an,1.8
2020,Anqing,Harbin,1.8
2020,Hefei,Linfen,1.7
2020,Sanya,Xuzhou,1.7
2020,Huangshan,Yantai,1.7
2020,Changde,Nanjing,1.7
2020,Anshun,Nanjing,1.7
2020,Yancheng,Zhangjiajie,1.7
2020,Beihai,Yangzhou,1.7
2020,Guiyang,Huangshan,1.6
2020,Ningbo,Qionghai,1.6
2020,Lianyungang,Quanzhou,1.5
2020,Huai'an,Zhuhai,1.5
2020,Nanchang,Wenzhou,1.5
2020,Anqing,Guilin,1.5
2020,Hengyang,Wuxi,1.5
2020,Ordos,Wenzhou,1.5
2020,Wuhan,Zhoushan,1.5
2020,Jinzhou,Wuxi,1.5
2020,Hefei,Ordos,1.5
2020,Ningbo,Shanghai,1.5
2020,Lianyungang,Tianjin,1.5
2020,Hohhot,Xuzhou,1.4
2020,Ningbo,Yibin,1.4
2020,Huai'an,Jieyang,1.4
2020,Nanning,Yancheng,1.4
2020,Fuyang,Harbin,1.4
2020,Fuyang,Huizhou,1.4
2020,Ningbo,Xinyang,1.4
2020,Huai'an,Nanning,1.4
2020,Anqing,Chengdu,1.4
2020,Lianyungang,Ningbo,1.4
2020,Fuyang,Sanya,1.4
2020,Changsha,Fuyang,1.4
2020,Chizhou,Quanzhou,1.4
2020,Anqing,Fuzhou,1.3
2020,Changzhi,Nanjing,1.3
2020,Hangzhou,Weifang,1.3
2020,Beihai,Nanjing,1.3
2020,Hangzhou,Nanyang,1.3
2020,Hangzhou,Tongren,1.3
2020,Changde,Ningbo,1.3
2020,Fuyang,Wenzhou,1.3
2020,Nanjing,Yichang,1.3
2020,Dandong,Yangzhou,1.2
2020,Kashgar,Shanghai,1.2
2020,Guangzhou,Zhoushan,1.2
2020,Lijiang,Wenzhou,1.2
2020,Guilin,Huangshan,1.1
2020,Ankang,Hangzhou,1.1
2020,Fuyang,Yantai,1.1
2020,Nanjing,Shanghai,1.1
2020,Anqing,Shanghai,1.1
2020,Fuyang,Yinchuan,1.1
2020,Yancheng,Zhuhai,1.0
2020,Lanzhou,Xuzhou,1.0
2020,Hangzhou,Jiuquan,1.0
2020,Nanjing,Qinhuangdao,0.9
2020,Tongren,Wenzhou,0.9
2020,Huangshan,Tianjin,0.9
2020,Jieyang,Wuxi,0.9
2020,Nanjing,Nanping,0.9
2020,Wenzhou,Wuzhou,0.9
2020,Chizhou,Guiyang,0.9
2020,Lianyungang,Sanya,0.9
2020,Liupanshui,Nanjing,0.9
2020,Chizhou,Wenzhou,0.9
2020,Anqing,Chongqing,0.9
2020,Wenzhou,Yancheng,0.8
2020,Lanzhou,Yancheng,0.8
2020,Hangzhou,Qionghai,0.8
2020,Guilin,Huai'an,0.8
2020,Xi'an,Xuzhou,0.8
2020,Huangshan,Zhengzhou,0.8
2020,Handan,Nanjing,0.8
2020,Dazhou,Nanjing,0.8
2020,Qionghai,Wenzhou,0.8
2020,Lianyungang,Nanning,0.7
2020,Hefei,Tianjin,0.7
2020,Hefei,Taizhou,0.7
2020,Lijiang,Xuzhou,0.7
2020,Foshan,Hefei,0.7
2020,Lianyungang,Ordos,0.7
2020,Hulunbuir,Wuxi,0.7
2020,Luoyang,Nantong,0.7
2020,Baishan,Nanjing,0.6
2020,Chizhou,Qingdao,0.6
2020,Hefei,Hulunbuir,0.6
2020,Nanjing,Yancheng,0.6
2020,Linyi,Nantong,0.6
2020,Hami,Shanghai,0.6
2020,Quzhou,Zhoushan,0.6
2020,Nantong,Wenzhou,0.6
2020,Kashgar,Nanjing,0.5
2020,Jieyang,Wenzhou,0.5
2020,Ankang,Shanghai,0.5
2020,Fuyang,Hangzhou,0.5
2020,Guilin,Yancheng,0.5
2020,Ningbo,Xining,0.5
2020,Lijiang,Yangzhou,0.5
2020,Baotou,Hangzhou,0.5
2020,Ganzhou,Wenzhou,0.5
2020,Chizhou,Zhengzhou,0.4
2020,Yueyang,Zhoushan,0.4
2020,Baishan,Hefei,0.4
2020,Weihai,Yancheng,0.4
2020,Baishan,Hangzhou,0.4
2020,Hohhot,Huangshan,0.4
2020,Quzhou,Zhuhai,0.4
2020,Hohhot,Nantong,0.4
2020,Wuxi,Xiangyang,0.4
2020,Wenzhou,Yulin,0.4
2020,Hefei,Shiyan,0.4
2020,Nantong,Yueyang,0.4
2020,Xuzhou,Yantai,0.4
2020,Fuyang,Guiyang,0.4
2020,Ningbo,Sanming,0.4
2020,Chizhou,Xiamen,0.4
2020,Fuyang,Zhuhai,0.4
2020,Mudanjiang,Ningbo,0.4
2020,Aba,Wenzhou,0.4
2020,Quzhou,Wuhan,0.3
2020,Hefei,Nanchang,0.3
2020,Lianyungang,Wuhan,0.3
2020,Huai'an,Yinchuan,0.3
2020,Nanjing,Wuhan,0.3
2020,Ningbo,Shangrao,0.3
2020,Lanzhou,Nantong,0.3
2020,Nantong,Yichang,0.3
2020,Jingdezhen,Nanjing,0.3
2020,Nanjing,Wenzhou,0.3
2020,Nanjing,Qiannan,0.3
2020,Fuyang,Ordos,0.3
2020,Baishan,Ningbo,0.3
2020,Hangzhou,Nanping,0.3
2020,Hangzhou,Tangshan,0.2
2020,Hangzhou,Meizhou,0.2
2020,Fuyang,Qingdao,0.2
2020,Luzhou,Wuxi,0.2
2020,Hefei,Wenzhou,0.2
2020,Ili,Wuxi,0.2
2020,Fuzhou,Hefei,0.2
2020,Hefei,Luzhou,0.2
2020,Beihai,Changzhou,0.2
2020,Handan,Ningbo,0.2
2020,Changsha,Zhoushan,0.2
2020,Ningbo,Yinchuan,0.2
2020,Hohhot,Yangzhou,0.2
2020,Shijiazhuang,Yiwu,0.2
2020,Nanping,Shanghai,0.2
2020,Luoyang,Yangzhou,0.2
2020,Wenzhou,Yueyang,0.1
2020,Qingdao,Taizhou,0.1
2020,Hefei,Kashgar,0.1
2020,Chizhou,Jieyang,0.1
2020,Wuhan,Wuxi,0.1
2020,Huai'an,Qingdao,0.1
2020,Ningbo,Yueyang,0.1
2020,Mudanjiang,Shanghai,0.1
2020,Wuxi,Yibin,0.1
2020,Huangshan,Yinchuan,0.0
2020,Taizhou,Yichang,0.0
2020,Urumqi,Yangzhou,0.0
2020,Ningbo,Urumqi,0.0
2020,Enshi,Ningbo,0.0
2020,Wuhan,Xuzhou,0.0
2020,Wuhan,Yangzhou,0.0
2020,Chifeng,Shanghai,0.0
2020,Hangzhou,Kashgar,0.0
2020,Wenzhou,Xichang,0.0
2020,Shanghai,Wenshan,0.0
2020,Ningbo,Yanji,0.0
2020,Lijiang,Ningbo,0.0
2020,Taizhou,Urumqi,0.0
2020,Datong,Hangzhou,0.0
2020,Hefei,Zhengzhou,0.0
2020,Hefei,Huangshan,0.0
2020,Wuxi,Zhengzhou,0.0
2021,Beijing,Shanghai,1122.0
2021,Shanghai,Shenzhen,786.9
2021,Chengdu,Shanghai,786.9
2021,Guangzhou,Shanghai,713.8
2021,Chongqing,Shanghai,496.4
2021,Sanya,Shanghai,417.1
2021,Kunming,Shanghai,371.7
2021,Beijing,Hangzhou,350.7
2021,Shanghai,Xi'an,329.4
2021,Chengdu,Hangzhou,311.8
2021,Guangzhou,Hangzhou,297.5
2021,Hangzhou,Shenzhen,285.0
2021,Chongqing,Hangzhou,258.3
2021,Shanghai,Urumqi,251.0
2021,Changchun,Shanghai,245.1
2021,Harbin,Shanghai,240.4
2021,Guiyang,Shanghai,216.0
2021,Shanghai,Shenyang,210.2
2021,Nanjing,Shenzhen,203.5
2021,Shanghai,Xiamen,195.9
2021,Shanghai,Tianjin,189.7
2021,Changsha,Shanghai,188.3
2021,Hangzhou,Kunming,184.3
2021,Qingdao,Shanghai,178.1
2021,Haikou,Shanghai,176.1
2021,Dalian,Shanghai,174.0
2021,Chengdu,Nanjing,170.6
2021,Guangzhou,Nanjing,168.6
2021,Hangzhou,Xi'an,168.0
2021,Lanzhou,Shanghai,166.8
2021,Nanning,Shanghai,161.1
2021,Shenzhen,Wuxi,156.0
2021,Shanghai,Taiyuan,155.0
2021,Chongqing,Nanjing,142.7
2021,Shanghai,Zhuhai,138.3
2021,Shanghai,Wuhan,136.7
2021,Hangzhou,Sanya,133.0
2021,Guangzhou,Wuxi,130.1
2021,Guiyang,Wenzhou,124.4
2021,Guiyang,Hangzhou,121.7
2021,Shanghai,Zhengzhou,119.5
2021,Beijing,Ningbo,118.3
2021,Kunming,Nanjing,117.6
2021,Shanghai,Yinchuan,114.5
2021,Kunming,Wenzhou,113.9
2021,Chengdu,Wuxi,109.8
2021,Guiyang,Nanjing,106.5
2021,Kunming,Wuxi,104.3
2021,Hefei,Shenzhen,103.2
2021,Nanjing,Sanya,99.8
2021,Hefei,Kunming,98.8
2021,Changchun,Nanjing,98.1
2021,Changchun,Hangzhou,93.2
2021,Chongqing,Wuxi,92.7
2021,Chongqing,Wenzhou,90.0
2021,Hohhot,Shanghai,88.6
2021,Beijing,Wenzhou,88.1
2021,Haikou,Hangzhou,87.8
2021,Hangzhou,Nanning,87.2
2021,Guangzhou,Wenzhou,86.8
2021,Guangzhou,Hefei,86.1
2021,Hangzhou,Shenyang,85.6
2021,Hangzhou,Harbin,84.5
2021,Jieyang,Shanghai,83.7
2021,Guilin,Shanghai,82.9
2021,Harbin,Nanjing,82.5
2021,Shanghai,Xining,81.8
2021,Chongqing,Ningbo,81.3
2021,Guiyang,Ningbo,81.0
2021,Nanjing,Nanning,79.4
2021,Shanghai,Yantai,79.3
2021,Hangzhou,Lanzhou,79.0
2021,Chengdu,Wenzhou,78.2
2021,Guangzhou,Ningbo,78.0
2021,Hangzhou,Urumqi,77.8
2021,Hangzhou,Zhengzhou,77.7
2021,Chengdu,Hefei,77.3
2021,Nanjing,Urumqi,76.7
2021,Nanjing,Xi'an,76.4
2021,Chengdu,Ningbo,75.8
2021,Lijiang,Shanghai,75.8
2021,Chongqing,Hefei,74.3
2021,Ningbo,Shenzhen,72.9
2021,Nanjing,Shenyang,72.6
2021,Shanghai,Shijiazhuang,70.8
2021,Hangzhou,Qingdao,69.6
2021,Fuzhou,Shanghai,68.1
2021,Kunming,Ningbo,65.7
2021,Harbin,Hefei,64.8
2021,Wuxi,Xi'an,64.6
2021,Lanzhou,Nanjing,64.3
2021,Shanghai,Zunyi,63.3
2021,Nanjing,Xiamen,62.3
2021,Hangzhou,Tianjin,61.8
2021,Haikou,Nanjing,60.7
2021,Hangzhou,Taiyuan,60.1
2021,Mianyang,Shanghai,59.7
2021,Ningbo,Xi'an,57.8
2021,Hefei,Shenyang,57.2
2021,Dalian,Hangzhou,56.8
2021,Dalian,Nanjing,56.2
2021,Nanjing,Zhuhai,55.7
2021,Beijing,Nanjing,55.5
2021,Hangzhou,Xiamen,55.3
2021,Jinan,Shanghai,53.8
2021,Shanghai,Zhanjiang,53.0
2021,Shenyang,Wuxi,52.9
2021,Wenzhou,Zhengzhou,51.7
2021,Quanzhou,Shanghai,51.1
2021,Changzhou,Chengdu,51.1
2021,Hangzhou,Zhuhai,50.3
2021,Nanjing,Taiyuan,49.4
2021,Ningbo,Zhengzhou,48.6
2021,Beijing,Wuxi,48.4
2021,Haikou,Hefei,47.5
2021,Wenzhou,Xi'an,47.3
2021,Wenzhou,Wuhan,46.6
2021,Beijing,Yiwu,46.5
2021,Shenzhen,Wenzhou,45.6
2021,Guiyang,Hefei,45.4
2021,Kunming,Xuzhou,45.2
2021,Hangzhou,Shijiazhuang,44.8
2021,Changchun,Hefei,43.9
2021,Changzhou,Chongqing,43.7
2021,Baotou,Shanghai,43.5
2021,Changzhou,Guangzhou,43.3
2021,Hefei,Nanning,43.3
2021,Ningbo,Qingdao,43.2
2021,Hefei,Sanya,43.1
2021,Guiyang,Wuxi,42.7
2021,Hefei,Xiamen,42.3
2021,Beihai,Shanghai,42.0
2021,Hangzhou,Wuhan,41.1
2021,Nanchang,Shanghai,40.9
2021,Changsha,Nanjing,40.9
2021,Lijiang,Nanjing,40.8
2021,Hangzhou,Hohhot,40.5
2021,Guangzhou,Nantong,40.3
2021,Changzhou,Harbin,39.3
2021,Changsha,Wuxi,38.4
2021,Changzhou,Shenzhen,37.5
2021,Guilin,Nanjing,37.2
2021,Beijing,Hefei,37.1
2021,Liuzhou,Shanghai,36.3
2021,Ningbo,Wuhan,36.2
2021,Shanghai,Zhangjiajie,36.2
2021,Changchun,Wenzhou,36.1
2021,Beijing,Nantong,36.1
2021,Guangzhou,Yangzhou,36.0
2021,Kunming,Yiwu,34.8
2021,Shenzhen,Xuzhou,34.5
2021,Ningbo,Shenyang,34.3
2021,Dali,Shanghai,34.1
2021,Hangzhou,Yinchuan,33.8
2021,Guangzhou,Taizhou,33.8
2021,Sanya,Wenzhou,33.7
2021,Hangzhou,Yantai,33.5
2021,Ganzhou,Shanghai,33.5
2021,Hangzhou,Jieyang,33.3
2021,Sanya,Wuxi,33.3
2021,Guangzhou,Xuzhou,33.1
2021,Quanzhou,Zhoushan,33.1
2021,Hefei,Xi'an,33.0
2021,Changzhou,Kunming,33.0
2021,Guangzhou,Yiwu,32.4
2021,Nantong,Shenzhen,32.4
2021,Haikou,Ningbo,32.4
2021,Luzhou,Shanghai,32.3
2021,Kunming,Yangzhou,32.3
2021,Changsha,Wenzhou,32.1
2021,Taiyuan,Wenzhou,32.0
2021,Shanghai,Yibin,31.8
2021,Nanning,Wenzhou,31.7
2021,Changchun,Ningbo,31.6
2021,Nanjing,Qingdao,31.6
2021,Chongqing,Xuzhou,31.3
2021,Hefei,Zhuhai,30.9
2021,Shenyang,Wenzhou,30.2
2021,Chongqing,Yangzhou,29.9
2021,Shanghai,Weihai,29.8
2021,Changchun,Wuxi,29.1
2021,Ningbo,Tianjin,28.9
2021,Harbin,Ningbo,28.7
2021,Guiyang,Nantong,28.7
2021,Jinan,Wenzhou,28.5
2021,Harbin,Wenzhou,28.4
2021,Nanjing,Yinchuan,28.4
2021,Kunming,Nantong,28.1
2021,Shanghai,Yichang,28.0
2021,Changsha,Ningbo,27.7
2021,Jieyang,Nanjing,27.4
2021,Hangzhou,Luzhou,27.3
2021,Hefei,Lanzhou,27.2
2021,Hefei,Taiyuan,27.2
2021,Hangzhou,Mianyang,27.1
2021,Luoyang,Shanghai,27.0
2021,Qingdao,Wenzhou,26.8
2021,Nanchong,Shanghai,26.5
2021,Dalian,Ningbo,26.5
2021,Dalian,Hefei,26.1
2021,Hohhot,Nanjing,26.0
2021,Wuxi,Xiamen,25.8
2021,Luzhou,Ningbo,25.4
2021,Chengdu,Nantong,25.3
2021,Huizhou,Shanghai,25.1
2021,Guilin,Hangzhou,25.0
2021,Harbin,Xuzhou,25.0
2021,Fuzhou,Nanjing,24.6
2021,Chongqing,Taizhou,24.3
2021,Tianjin,Wenzhou,24.2
2021,Changzhou,Shenyang,23.9
2021,Changsha,Hangzhou,23.9
2021,Qionghai,Shanghai,23.9
2021,Guilin,Hefei,23.8
2021,Shenzhen,Yiwu,23.7
2021,Shenzhen,Yancheng,23.6
2021,Guangzhou,Huai'an,23.1
2021,Hefei,Urumqi,23.1
2021,Shenyang,Yangzhou,22.9
2021,Huai'an,Shenzhen,22.8
2021,Changzhou,Xi'an,22.7
2021,Hangzhou,Quanzhou,22.6
2021,Xiamen,Zhoushan,22.6
2021,Hangzhou,Lijiang,22.5
2021,Huizhou,Wuxi,22.4
2021,Shenzhen,Yangzhou,22.4
2021,Mianyang,Ningbo,22.4
2021,Shanghai,Yulin,22.2
2021,Datong,Shanghai,22.2
2021,Linyi,Shanghai,21.8
2021,Hangzhou,Yibin,21.7
2021,Qingdao,Wuxi,21.6
2021,Hefei,Yinchuan,21.5
2021,Chongqing,Yiwu,21.4
2021,Wuxi,Zhuhai,21.4
2021,Shanghai,Yuncheng,21.3
2021,Beijing,Quzhou,21.2
2021,Lanzhou,Wenzhou,21.2
2021,Ordos,Shanghai,21.1
2021,Harbin,Lianyungang,20.8
2021,Mianyang,Nanjing,20.8
2021,Shanghai,Xiangyang,20.8
2021,Nanjing,Quanzhou,20.7
2021,Enshi,Shanghai,20.7
2021,Jinzhou,Shanghai,20.7
2021,Guiyang,Xuzhou,20.4
2021,Foshan,Wenzhou,20.2
2021,Hefei,Lhasa,20.0
2021,Nanjing,Xining,19.9
2021,Hangzhou,Zunyi,19.9
2021,Haikou,Wenzhou,19.8
2021,Changchun,Yangzhou,19.7
2021,Chongqing,Nantong,19.5
2021,Beijing,Taizhou,19.5
2021,Kunming,Taizhou,19.5
2021,Liuzhou,Nanjing,19.4
2021,Hangzhou,Yulin,19.3
2021,Dalian,Wuxi,19.3
2021,Guangyuan,Shanghai,19.2
2021,Nanyang,Shanghai,19.1
2021,Dongying,Shanghai,19.0
2021,Hefei,Yantai,18.9
2021,Jieyang,Yiwu,18.9
2021,Nantong,Xi'an,18.8
2021,Hefei,Xining,18.8
2021,Guangzhou,Lianyungang,18.7
2021,Chengdu,Yangzhou,18.5
2021,Hefei,Hohhot,18.4
2021,Shanghai,Wenzhou,18.4
2021,Wenzhou,Yichang,18.3
2021,Nanning,Wuxi,18.2
2021,Enshi,Hangzhou,18.2
2021,Shanghai,Zhangjiakou,18.1
2021,Changsha,Yancheng,18.1
2021,Qinhuangdao,Shanghai,17.7
2021,Nanjing,Yantai,17.7
2021,Shenyang,Yancheng,17.7
2021,Changde,Shanghai,17.6
2021,Hefei,Qingdao,17.6
2021,Ningbo,Zhuhai,17.6
2021,Ji'an,Shanghai,17.4
2021,Hangzhou,Xining,17.4
2021,Guangzhou,Yancheng,17.4
2021,Daqing,Shanghai,17.4
2021,Changsha,Nantong,17.4
2021,Nanjing,Zunyi,17.4
2021,Hefei,Jieyang,17.3
2021,Nanjing,Zhanjiang,17.3
2021,Chengdu,Xuzhou,17.0
2021,Hangzhou,Yuncheng,16.8
2021,Changzhou,Guiyang,16.6
2021,Nantong,Shenyang,16.6
2021,Taiyuan,Yiwu,16.5
2021,Changchun,Xuzhou,16.5
2021,Changzhou,Haikou,16.2
2021,Shanghai,Wuzhou,16.2
2021,Ningbo,Taiyuan,16.1
2021,Changzhou,Xiamen,16.1
2021,Chengdu,Lianyungang,16.1
2021,Ningbo,Shijiazhuang,16.1
2021,Nanjing,Ordos,15.8
2021,Harbin,Yangzhou,15.8
2021,Harbin,Wuxi,15.7
2021,Nantong,Quanzhou,15.7
2021,Taizhou,Wuhan,15.6
2021,Guiyang,Taizhou,15.5
2021,Chengdu,Yancheng,15.4
2021,Ningbo,Yantai,15.1
2021,Shanghai,Tangshan,15.0
2021,Nanjing,Yuncheng,14.9
2021,Ningbo,Xingyi,14.9
2021,Ganzhou,Hangzhou,14.9
2021,Hangzhou,Xishuangbanna,14.8
2021,Hengyang,Shanghai,14.8
2021,Baishan,Shanghai,14.6
2021,Nantong,Sanya,14.6
2021,Changsha,Taizhou,14.6
2021,Beihai,Hefei,14.5
2021,Shanghai,Xishuangbanna,14.5
2021,Shenyang,Xuzhou,14.4
2021,Wuxi,Zhanjiang,14.3
2021,Dazhou,Shanghai,14.3
2021,Wenzhou,Yuncheng,14.3
2021,Huai'an,Kunming,14.2
2021,Changchun,Yancheng,14.1
2021,Xi'an,Yiwu,14.0
2021,Shanghai,Xichang,14.0
2021,Hangzhou,Linyi,13.9
2021,Handan,Shanghai,13.9
2021,Fuyang,Shenzhen,13.8
2021,Hangzhou,Weihai,13.7
2021,Taizhou,Xi'an,13.7
2021,Xiamen,Yangzhou,13.7
2021,Beijing,Zhoushan,13.6
2021,Pu'er,Shanghai,13.5
2021,Anqing,Haikou,13.4
2021,Hangzhou,Jinan,13.4
2021,Hefei,Zhanjiang,13.4
2021,Bijie,Shanghai,13.4
2021,Hangzhou,Liuzhou,13.3
2021,Chongqing,Yancheng,13.3
2021,Wuxi,Yuncheng,13.3
2021,Lanzhou,Yangzhou,13.3
2021,Shanghai,Xinzhou,13.3
2021,Bijie,Hangzhou,13.2
2021,Dalian,Nantong,13.1
2021,Shanghai,Xingyi,13.1
2021,Wenzhou,Zhuhai,13.0
2021,Guiyang,Yangzhou,13.0
2021,Changzhou,Nanning,13.0
2021,Luzhou,Nanjing,13.0
2021,Linfen,Shanghai,13.0
2021,Haikou,Lianyungang,12.9
2021,Chaoyang,Shanghai,12.9
2021,Nanjing,Weihai,12.9
2021,Dalian,Xuzhou,12.9
2021,Fuzhou,Xuzhou,12.8
2021,Anshan,Shanghai,12.8
2021,Ningbo,Zhanjiang,12.7
2021,Xuzhou,Zhuhai,12.6
2021,Harbin,Huai'an,12.6
2021,Nanjing,Zhangjiajie,12.6
2021,Wuhan,Yancheng,12.6
2021,Nanchang,Yancheng,12.5
2021,Chengdu,Yiwu,12.5
2021,Wenzhou,Yibin,12.5
2021,Ganzhou,Ningbo,12.4
2021,Beijing,Yangzhou,12.3
2021,Jieyang,Xuzhou,12.3
2021,Changchun,Yiwu,12.3
2021,Baotou,Nanjing,12.2
2021,Huai'an,Lanzhou,12.1
2021,Baoshan,Hangzhou,12.1
2021,Harbin,Yancheng,12.1
2021,Beijing,Changzhou,12.1
2021,Changzhou,Dalian,12.1
2021,Anqing,Shenzhen,11.9
2021,Shanghai,Xinyang,11.9
2021,Baoshan,Shanghai,11.9
2021,Lianyungang,Shenzhen,11.9
2021,Wuxi,Zunyi,11.9
2021,Guangyuan,Hangzhou,11.8
2021,Nantong,Tianjin,11.8
2021,Qingdao,Zhoushan,11.8
2021,Chifeng,Hangzhou,11.8
2021,Jieyang,Zhoushan,11.7
2021,Changzhou,Qingdao,11.7
2021,Hangzhou,Zhanjiang,11.6
2021,Yancheng,Yinchuan,11.6
2021,Shanghai,Shiyan,11.5
2021,Xi'an,Yangzhou,11.5
2021,Xiamen,Xuzhou,11.4
2021,Guilin,Wenzhou,11.4
2021,Shanghai,Yanji,11.4
2021,Dalian,Lianyungang,11.4
2021,Chongqing,Fuyang,11.4
2021,Nanning,Ningbo,11.4
2021,Anqing,Tianjin,11.3
2021,Taiyuan,Wuxi,11.3
2021,Wuxi,Yinchuan,11.2
2021,Ningbo,Yuncheng,11.1
2021,Dongying,Wenzhou,11.1
2021,Wenzhou,Yantai,11.1
2021,Anqing,Beijing,11.0
2021,Beijing,Yancheng,10.9
2021,Nanjing,Yibin,10.9
2021,Haikou,Xuzhou,10.9
2021,Shanghai,Yueyang,10.9
2021,Nanjing,Yulin,10.8
2021,Dongying,Hangzhou,10.8
2021,Lianyungang,Shenyang,10.8
2021,Nanchang,Ningbo,10.8
2021,Fuzhou,Lianyungang,10.7
2021,Chizhou,Shenzhen,10.7
2021,Hefei,Quanzhou,10.7
2021,Shanghai,Tongren,10.6
2021,Changsha,Lianyungang,10.6
2021,Chengdu,Quzhou,10.6
2021,Lanzhou,Ningbo,10.6
2021,Xi'an,Yancheng,10.5
2021,Fuyang,Guangzhou,10.5
2021,Shanghai,Wenshan,10.5
2021,Hangzhou,Zhangjiajie,10.5
2021,Chifeng,Nanjing,10.4
2021,Shanghai,Weifang,10.4
2021,Chifeng,Shanghai,10.4
2021,Foshan,Shanghai,10.4
2021,Shanghai,Tongliao,10.4
2021,Fuyang,Haikou,10.3
2021,Hangzhou,Linfen,10.3
2021,Huai'an,Xiamen,10.2
2021,Yangzhou,Yinchuan,10.2
2021,Changzhou,Jieyang,10.2
2021,Taizhou,Zhengzhou,10.2
2021,Datong,Nanjing,10.2
2021,Wuxi,Yibin,10.1
2021,Hangzhou,Hengyang,10.1
2021,Fuzhou,Wuxi,10.1
2021,Shanghai,Yingkou,10.1
2021,Hangzhou,Hanzhong,10.1
2021,Changsha,Changzhou,10.0
2021,Xiamen,Yancheng,10.0
2021,Shenyang,Yiwu,10.0
2021,Harbin,Nantong,10.0
2021,Changzhou,Zhuhai,9.9
2021,Haikou,Yancheng,9.9
2021,Jinan,Zhoushan,9.9
2021,Liuzhou,Wenzhou,9.9
2021,Wenzhou,Zunyi,9.8
2021,Hangzhou,Yichang,9.8
2021,Fuyang,Zhoushan,9.8
2021,Wenzhou,Xinyang,9.8
2021,Yiwu,Zhengzhou,9.8
2021,Nanjing,Xishuangbanna,9.7
2021,Huizhou,Nanjing,9.6
2021,Guiyang,Yancheng,9.6
2021,Guilin,Xuzhou,9.6
2021,Huangshan,Shenzhen,9.6
2021,Jingzhou,Shanghai,9.6
2021,Changchun,Lianyungang,9.5
2021,Hohhot,Wenzhou,9.5
2021,Changzhou,Taiyuan,9.5
2021,Nanjing,Shijiazhuang,9.4
2021,Nantong,Xiamen,9.4
2021,Ningbo,Yichang,9.4
2021,Nanning,Xuzhou,9.4
2021,Nanchang,Xuzhou,9.3
2021,Changchun,Changzhou,9.3
2021,Changchun,Nantong,9.2
2021,Quanzhou,Xuzhou,9.2
2021,Changzhi,Shanghai,9.2
2021,Wuhan,Zhoushan,9.2
2021,Hangzhou,Huizhou,9.2
2021,Dali,Hefei,9.2
2021,Chongqing,Lianyungang,9.1
2021,Hefei,Yibin,9.1
2021,Fuzhou,Huai'an,9.0
2021,Handan,Wenzhou,9.0
2021,Hefei,Yuncheng,9.0
2021,Ningbo,Xiamen,8.9
2021,Beijing,Fuyang,8.9
2021,Anqing,Guangzhou,8.9
2021,Lianyungang,Nanning,8.9
2021,Kunming,Lianyungang,8.9
2021,Nantong,Zhengzhou,8.9
2021,Changsha,Xuzhou,8.8
2021,Nantong,Taiyuan,8.8
2021,Dalian,Wenzhou,8.8
2021,Hefei,Liuzhou,8.7
2021,Hangzhou,Xiangyang,8.7
2021,Changzhou,Sanya,8.7
2021,Ganzhou,Nanjing,8.7
2021,Bazhong,Shanghai,8.6
2021,Longnan,Shanghai,8.5
2021,Wenzhou,Xingyi,8.5
2021,Hangzhou,Xinyang,8.5
2021,Huangshan,Xi'an,8.5
2021,Rizhao,Shanghai,8.5
2021,Shanghai,Zhaotong,8.5
2021,Quzhou,Shenzhen,8.5
2021,Changde,Hangzhou,8.4
2021,Kunming,Yancheng,8.4
2021,Nanjing,Xichang,8.4
2021,Tianjin,Zhoushan,8.4
2021,Qingdao,Yiwu,8.4
2021,Guilin,Ningbo,8.3
2021,Hangzhou,Ulanhot,8.3
2021,Hulunbuir,Shanghai,8.3
2021,Changsha,Huai'an,8.3
2021,Dehong,Shanghai,8.3
2021,Huangshan,Yichang,8.3
2021,Hohhot,Lianyungang,8.2
2021,Huai'an,Shenyang,8.2
2021,Ningbo,Sanya,8.1
2021,Lhasa,Nanjing,8.1
2021,Taiyuan,Yangzhou,8.1
2021,Hohhot,Yancheng,8.1
2021,Urumqi,Wuxi,8.1
2021,Shenzhen,Taizhou,8.0
2021,Hefei,Huizhou,8.0
2021,Hangzhou,Tongliao,8.0
2021,Hangzhou,Shiyan,8.0
2021,Guiyang,Lianyungang,7.9
2021,Lianyungang,Xiamen,7.9
2021,Ningbo,Zunyi,7.9
2021,Guiyang,Yiwu,7.9
2021,Yangzhou,Zhuhai,7.9
2021,Anqing,Chengdu,7.8
2021,Chongqing,Quzhou,7.8
2021,Tongren,Wenzhou,7.8
2021,Hanzhong,Wenzhou,7.8
2021,Beijing,Huangshan,7.8
2021,Chengdu,Huai'an,7.7
2021,Lianyungang,Nanchang,7.7
2021,Wuxi,Yichang,7.7
2021,Huai'an,Yinchuan,7.7
2021,Jieyang,Nantong,7.6
2021,Zhengzhou,Zhoushan,7.6
2021,Beijing,Chizhou,7.6
2021,Chongqing,Huai'an,7.6
2021,Changzhou,Ganzhou,7.6
2021,Hanzhong,Shanghai,7.6
2021,Fuyang,Kunming,7.5
2021,Wuxi,Zhangjiajie,7.5
2021,Fuzhou,Yancheng,7.5
2021,Fuyang,Xiamen,7.4
2021,Guiyang,Huai'an,7.4
2021,Chengdu,Fuyang,7.4
2021,Foshan,Fuyang,7.4
2021,Lianyungang,Wenzhou,7.4
2021,Quanzhou,Wuxi,7.4
2021,Guangzhou,Zhoushan,7.4
2021,Changzhou,Lanzhou,7.4
2021,Yancheng,Zhuhai,7.3
2021,Bijie,Ningbo,7.3
2021,Mianyang,Wuxi,7.3
2021,Hefei,Mianyang,7.1
2021,Hefei,Lijiang,7.1
2021,Ili,Nanjing,7.1
2021,Nanning,Nantong,7.1
2021,Xuzhou,Yinchuan,7.0
2021,Nanchang,Nanjing,7.0
2021,Nanjing,Xiangyang,7.0
2021,Shenyang,Taizhou,6.9
2021,Kunming,Quzhou,6.9
2021,Yiwu,Zhuhai,6.9
2021,Nanchong,Wenzhou,6.9
2021,Bazhong,Ningbo,6.9
2021,Fuzhou,Zhoushan,6.8
2021,Shanghai,Shaoyang,6.8
2021,Ningbo,Yibin,6.8
2021,Jinan,Yiwu,6.8
2021,Hangzhou,Yan'an,6.7
2021,Heze,Shanghai,6.7
2021,Beihai,Nanjing,6.7
2021,Enshi,Nanjing,6.7
2021,Luzhou,Wenzhou,6.7
2021,Jingdezhen,Shanghai,6.6
2021,Hangzhou,Jining,6.6
2021,Beijing,Huai'an,6.5
2021,Fuyang,Shanghai,6.5
2021,Lianyungang,Xi'an,6.5
2021,Hefei,Shijiazhuang,6.5
2021,Bijie,Nanjing,6.5
2021,Nanning,Yancheng,6.5
2021,Nantong,Yantai,6.5
2021,Hangzhou,Zhaotong,6.4
2021,Haikou,Yangzhou,6.4
2021,Dalian,Huai'an,6.4
2021,Linyi,Wenzhou,6.4
2021,Yancheng,Zhangjiajie,6.4
2021,Ji'an,Ningbo,6.4
2021,Taiyuan,Xuzhou,6.4
2021,Shijiazhuang,Yancheng,6.3
2021,Linfen,Nanjing,6.3
2021,Shanghai,Yan'an,6.3
2021,Beijing,Lianyungang,6.3
2021,Fuzhou,Yangzhou,6.3
2021,Huangshan,Shenyang,6.3
2021,Guangzhou,Quzhou,6.2
2021,Changchun,Huai'an,6.2
2021,Huai'an,Ningbo,6.2
2021,Changde,Nanjing,6.2
2021,Nanjing,Yichun,6.2
2021,Hangzhou,Rizhao,6.2
2021,Anshan,Nanjing,6.1
2021,Ji'an,Nanjing,6.1
2021,Chongqing,Huangshan,6.0
2021,Jining,Shanghai,6.0
2021,Wuxi,Yingkou,6.0
2021,Ningbo,Weihai,6.0
2021,Haikou,Quzhou,6.0
2021,Changzhou,Quanzhou,6.0
2021,Mianyang,Yangzhou,6.0
2021,Hangzhou,Ordos,5.9
2021,Dalian,Yangzhou,5.9
2021,Wuxi,Yantai,5.9
2021,Huai'an,Quanzhou,5.9
2021,Dalian,Yancheng,5.9
2021,Lanzhou,Lianyungang,5.9
2021,Wenzhou,Xiangyang,5.8
2021,Changzhou,Yantai,5.8
2021,Ningbo,Yancheng,5.8
2021,Taizhou,Zhuhai,5.8
2021,Huangshan,Kunming,5.8
2021,Huai'an,Xi'an,5.8
2021,Lianyungang,Shanghai,5.8
2021,Hangzhou,Huaihua,5.7
2021,Luoyang,Ningbo,5.7
2021,Qingyang,Shanghai,5.7
2021,Qingdao,Taizhou,5.7
2021,Dalian,Quzhou,5.7
2021,Liupanshui,Shanghai,5.7
2021,Jinan,Taizhou,5.7
2021,Changde,Wenzhou,5.6
2021,Anqing,Shanghai,5.6
2021,Anqing,Kunming,5.6
2021,Shanghai,Yongzhou,5.6
2021,Huangshan,Xiamen,5.5
2021,Hefei,Tianjin,5.5
2021,Lianyungang,Yinchuan,5.5
2021,Lijiang,Wuxi,5.5
2021,Haikou,Taizhou,5.5
2021,Lianyungang,Quanzhou,5.5
2021,Longyan,Shanghai,5.5
2021,Hefei,Zunyi,5.4
2021,Linyi,Ningbo,5.4
2021,Changde,Ningbo,5.4
2021,Ningbo,Shiyan,5.4
2021,Aba,Wuxi,5.4
2021,Hangzhou,Wenshan,5.4
2021,Nantong,Zhuhai,5.4
2021,Huai'an,Wuhan,5.4
2021,Nanjing,Xinzhou,5.4
2021,Dandong,Shanghai,5.4
2021,Wenzhou,Zhangjiajie,5.4
2021,Nanjing,Yan'an,5.4
2021,Chengdu,Taizhou,5.4
2021,Ankang,Hangzhou,5.3
2021,Anqing,Qingdao,5.3
2021,Hangzhou,Qinhuangdao,5.3
2021,Shanghai,Zhangye,5.2
2021,Hangzhou,Yueyang,5.2
2021,Tianjin,Yancheng,5.2
2021,Tianjin,Yiwu,5.2
2021,Shanghai,Zhongwei,5.1
2021,Dalian,Huangshan,5.1
2021,Quanzhou,Yangzhou,5.1
2021,Guilin,Nantong,5.1
2021,Hangzhou,Jinzhou,5.1
2021,Haikou,Huangshan,5.1
2021,Xi'an,Zhoushan,5.0
2021,Qionghai,Wenzhou,5.0
2021,Tianjin,Yangzhou,5.0
2021,Lianyungang,Zhuhai,5.0
2021,Weihai,Wenzhou,5.0
2021,Beihai,Changzhou,5.0
2021,Huaihua,Shanghai,5.0
2021,Shanghai,Yichun,5.0
2021,Jieyang,Yancheng,4.9
2021,Sanming,Shanghai,4.9
2021,Hangzhou,Nanyang,4.8
2021,Changzhou,Fuzhou,4.8
2021,Shijiazhuang,Wenzhou,4.8
2021,Hangzhou,Shaoyang,4.8
2021,Lianyungang,Xining,4.8
2021,Nantong,Yuncheng,4.8
2021,Nanjing,Sanming,4.7
2021,Nantong,Wuhan,4.7
2021,Jieyang,Ningbo,4.7
2021,Hangzhou,Qiandongnan,4.6
2021,Bazhong,Wenzhou,4.6
2021,Shiyan,Wenzhou,4.6
2021,Xining,Xuzhou,4.6
2021,Nantong,Zhangjiajie,4.6
2021,Huai'an,Jieyang,4.6
2021,Nanchang,Yangzhou,4.6
2021,Huai'an,Wenzhou,4.6
2021,Hefei,Ordos,4.6
2021,Chizhou,Guangzhou,4.6
2021,Linyi,Wuxi,4.6
2021,Shenzhen,Zhoushan,4.5
2021,Dali,Nanjing,4.5
2021,Nanjing,Qiannan,4.5
2021,Wenzhou,Yancheng,4.5
2021,Ningbo,Yulin,4.5
2021,Hengyang,Wuxi,4.5
2021,Huai'an,Shijiazhuang,4.4
2021,Beihai,Hangzhou,4.4
2021,Taizhou,Yantai,4.4
2021,Lvliang,Shanghai,4.4
2021,Ankang,Shanghai,4.4
2021,Hefei,Weihai,4.3
2021,Ji'an,Wenzhou,4.3
2021,Fuyang,Yinchuan,4.3
2021,Fuyang,Shenyang,4.3
2021,Quanzhou,Yancheng,4.2
2021,Anshun,Ningbo,4.2
2021,Chizhou,Nanning,4.2
2021,Lianyungang,Ningbo,4.2
2021,Hengyang,Nanjing,4.2
2021,Bazhong,Nanjing,4.2
2021,Wuhan,Yiwu,4.2
2021,Guilin,Huai'an,4.2
2021,Qingdao,Quzhou,4.2
2021,Hulunbuir,Nantong,4.1
2021,Nanyang,Ningbo,4.1
2021,Hengyang,Ningbo,4.1
2021,Harbin,Yiwu,4.1
2021,Nanchang,Nantong,4.0
2021,Handan,Hangzhou,4.0
2021,Huangshan,Yantai,4.0
2021,Chizhou,Shanghai,4.0
2021,Hangzhou,Longnan,4.0
2021,Mianyang,Wenzhou,4.0
2021,Nanjing,Yingkou,4.0
2021,Nantong,Wenzhou,3.9
2021,Huai'an,Nanning,3.9
2021,Yangzhou,Yantai,3.9
2021,Hangzhou,Xinzhou,3.9
2021,Jieyang,Yangzhou,3.9
2021,Ningbo,Xiangyang,3.8
2021,Fuyang,Tianjin,3.8
2021,Foshan,Hefei,3.8
2021,Wenzhou,Xuzhou,3.8
2021,Guangzhou,Huangshan,3.8
2021,Dehong,Nanjing,3.8
2021,Anqing,Chongqing,3.8
2021,Anqing,Xi'an,3.8
2021,Jingdezhen,Ningbo,3.8
2021,Hangzhou,Lvliang,3.7
2021,Changzhou,Hohhot,3.7
2021,Ningbo,Yichun,3.7
2021,Hengyang,Wenzhou,3.7
2021,Huangshan,Qingdao,3.7
2021,Fuyang,Wenzhou,3.7
2021,Fuzhou,Nantong,3.7
2021,Guiyang,Huangshan,3.6
2021,Dazhou,Hangzhou,3.6
2021,Hefei,Shanghai,3.6
2021,Jinan,Quzhou,3.6
2021,Huai'an,Zhuhai,3.6
2021,Nanjing,Nanping,3.5
2021,Yantai,Zhoushan,3.5
2021,Fuyang,Zhuhai,3.5
2021,Lianyungang,Shijiazhuang,3.5
2021,Wenzhou,Xining,3.5
2021,Ningbo,Yueyang,3.4
2021,Changsha,Yangzhou,3.4
2021,Lianyungang,Taiyuan,3.4
2021,Taiyuan,Yancheng,3.4
2021,Liupanshui,Nanjing,3.4
2021,Anqing,Changsha,3.4
2021,Shanghai,Zhoushan,3.4
2021,Dandong,Yangzhou,3.4
2021,Ningbo,Tongren,3.3
2021,Nanjing,Nanyang,3.3
2021,Hulunbuir,Nanjing,3.3
2021,Dali,Hangzhou,3.3
2021,Guilin,Wuxi,3.3
2021,Luzhou,Wuxi,3.2
2021,Wenzhou,Yueyang,3.2
2021,Guiyang,Quzhou,3.2
2021,Nanjing,Zhengzhou,3.2
2021,Kashgar,Nanjing,3.2
2021,Jiamusi,Shanghai,3.2
2021,Chengdu,Chizhou,3.2
2021,Huai'an,Tianjin,3.1
2021,Huizhou,Wenzhou,3.1
2021,Nanchong,Nanjing,3.1
2021,Huai'an,Nanchang,3.1
2021,Bijie,Wenzhou,3.1
2021,Baishan,Nanjing,3.1
2021,Nanjing,Xingyi,3.1
2021,Hefei,Xiangyang,3.1
2021,Hangzhou,Tonghua,3.1
2021,Nanning,Yangzhou,3.1
2021,Lianyungang,Zhoushan,3.1
2021,Ningbo,Zhangjiajie,3.0
2021,Anqing,Guilin,2.9
2021,Anqing,Ningbo,2.9
2021,Hangzhou,Liupanshui,2.9
2021,Nanchang,Zhoushan,2.9
2021,Hefei,Linfen,2.9
2021,Haikou,Wuxi,2.9
2021,Longyan,Nanjing,2.9
2021,Datong,Hefei,2.9
2021,Hefei,Zhangjiakou,2.8
2021,Changsha,Fuyang,2.8
2021,Anqing,Xiamen,2.8
2021,Hangzhou,Tongren,2.8
2021,Mianyang,Nantong,2.8
2021,Fuyang,Harbin,2.8
2021,Nanjing,Shiyan,2.8
2021,Hangzhou,Zhongwei,2.7
2021,Yangzhou,Yulin,2.7
2021,Hangzhou,Jingzhou,2.7
2021,Nanjing,Panzhihua,2.7
2021,Fuyang,Sanya,2.7
2021,Fuyang,Xi'an,2.6
2021,Tangshan,Yangzhou,2.6
2021,Yangzhou,Zhengzhou,2.6
2021,Ili,Wuxi,2.6
2021,Chizhou,Quanzhou,2.6
2021,Anqing,Fuzhou,2.6
2021,Dalian,Zhoushan,2.5
2021,Nantong,Qingdao,2.5
2021,Dalian,Taizhou,2.5
2021,Tongren,Wuxi,2.5
2021,Meizhou,Shanghai,2.5
2021,Lianyungang,Wuhan,2.5
2021,Wuhan,Xuzhou,2.4
2021,Lvliang,Nanjing,2.4
2021,Huai'an,Xining,2.4
2021,Qionghai,Xuzhou,2.4
2021,Shanghai,Songyuan,2.4
2021,Guilin,Yangzhou,2.3
2021,Hangzhou,Tianshui,2.3
2021,Hohhot,Nantong,2.3
2021,Haikou,Huai'an,2.3
2021,Shijiazhuang,Yangzhou,2.3
2021,Baoshan,Nanjing,2.3
2021,Quzhou,Zhengzhou,2.3
2021,Jieyang,Wuxi,2.3
2021,Ankang,Changzhou,2.2
2021,Xuzhou,Zhoushan,2.2
2021,Sanya,Yancheng,2.2
2021,Changzhou,Xining,2.2
2021,Mianyang,Xuzhou,2.1
2021,Xuzhou,Zhangjiajie,2.1
2021,Lanzhou,Yancheng,2.0
2021,Nantong,Shijiazhuang,2.0
2021,Handan,Nanjing,2.0
2021,Hohhot,Xuzhou,2.0
2021,Nanjing,Tongren,1.9
2021,Ningbo,Xichang,1.9
2021,Xining,Yancheng,1.9
2021,Nanjing,Tianshui,1.9
2021,Foshan,Huai'an,1.9
2021,Hanzhong,Nanjing,1.8
2021,Wenzhou,Zhanjiang,1.8
2021,Hefei,Yingkou,1.8
2021,Nanjing,Wenzhou,1.8
2021,Daqing,Nanjing,1.8
2021,Nantong,Yichang,1.7
2021,Urumqi,Wenzhou,1.7
2021,Lvliang,Wenzhou,1.7
2021,Hefei,Hulunbuir,1.6
2021,Changzhou,Yichang,1.6
2021,Hangzhou,Weifang,1.6
2021,Quzhou,Zhoushan,1.6
2021,Hefei,Zhangjiajie,1.6
2021,Yangzhou,Zhangjiajie,1.5
2021,Hanzhong,Nantong,1.5
2021,Chenzhou,Shanghai,1.5
2021,Hohhot,Huai'an,1.5
2021,Sanming,Zhoushan,1.5
2021,Huai'an,Taiyuan,1.5
2021,Shangrao,Zhoushan,1.5
2021,Baotou,Hefei,1.4
2021,Chenzhou,Nanjing,1.4
2021,Hohhot,Ningbo,1.4
2021,Aba,Wenzhou,1.4
2021,Yancheng,Yantai,1.4
2021,Nanning,Quzhou,1.4
2021,Huai'an,Zhoushan,1.3
2021,Quzhou,Sanya,1.3
2021,Huangshan,Nanning,1.3
2021,Hangzhou,Xingyi,1.3
2021,Jinan,Ningbo,1.3
2021,Rizhao,Wenzhou,1.2
2021,Quzhou,Xi'an,1.2
2021,Hefei,Wenzhou,1.2
2021,Ningbo,Shanghai,1.2
2021,Hangzhou,Hulunbuir,1.1
2021,Hefei,Luzhou,1.1
2021,Huangshan,Shijiazhuang,1.1
2021,Jieyang,Wenzhou,1.0
2021,Aba,Hangzhou,1.0
2021,Kashgar,Shanghai,1.0
2021,Changsha,Zhoushan,1.0
2021,Huangshan,Zhuhai,1.0
2021,Sanya,Yangzhou,1.0
2021,Wenzhou,Zhangjiakou,1.0
2021,Changzhou,Nanchang,0.9
2021,Anshun,Shanghai,0.9
2021,Hefei,Qionghai,0.9
2021,Lianyungang,Nanjing,0.9
2021,Huai'an,Shanghai,0.9
2021,Ningbo,Xinzhou,0.8
2021,Nanjing,Turpan,0.8
2021,Hefei,Shiyan,0.8
2021,Quzhou,Zhuhai,0.8
2021,Lianyungang,Tianjin,0.8
2021,Dalian,Fuyang,0.8
2021,Quzhou,Wuhan,0.7
2021,Hulunbuir,Wenzhou,0.7
2021,Chenzhou,Wenzhou,0.7
2021,Yinchuan,Yiwu,0.7
2021,Nanjing,Shanghai,0.7
2021,Nanjing,Qionghai,0.7
2021,Luoyang,Wenzhou,0.7
2021,Jingdezhen,Nanjing,0.7
2021,Jingzhou,Wenzhou,0.7
2021,Sanya,Xuzhou,0.7
2021,Fuyang,Lanzhou,0.6
2021,Hefei,Nanchang,0.6
2021,Huai'an,Ordos,0.6
2021,Baotou,Wuxi,0.6
2021,Bazhong,Yiwu,0.6
2021,Linyi,Zhoushan,0.6
2021,Wenzhou,Yichun,0.5
2021,Hefei,Xichang,0.5
2021,Fuyang,Guiyang,0.5
2021,Enshi,Yangzhou,0.5
2021,Hangzhou,Heze,0.5
2021,Jinzhou,Wuxi,0.5
2021,Huizhou,Nantong,0.5
2021,Linyi,Nantong,0.5
2021,Fuyang,Taiyuan,0.4
2021,Fuyang,Ningbo,0.4
2021,Guangyuan,Nanjing,0.4
2021,Ningbo,Qionghai,0.4
2021,Fuyang,Nanning,0.4
2021,Wenzhou,Zhoushan,0.4
2021,Shanghai,Shaoguan,0.4
2021,Longnan,Nanjing,0.4
2021,Fuyang,Qingdao,0.4
2021,Wenzhou,Yulin,0.3
2021,Ji'an,Yancheng,0.3
2021,Hangzhou,Shaoguan,0.3
2021,Quzhou,Xiamen,0.3
2021,Nanjing,Ulanhot,0.3
2021,Shanghai,Ulanqab,0.3
2021,Anshun,Hangzhou,0.3
2021,Shanghai,Turpan,0.2
2021,Xishuangbanna,Xuzhou,0.2
2021,Wenzhou,Wuzhou,0.2
2021,Hefei,Kashgar,0.2
2021,Qiandongnan,Wenzhou,0.2
2021,Wuxi,Xiangyang,0.2
2021,Lanzhou,Nantong,0.1
2021,Qiandongnan,Wuxi,0.1
2021,Changzhou,Shijiazhuang,0.1
2021,Urumqi,Xuzhou,0.1
2021,Nantong,Tongren,0.1
2021,Lanzhou,Wuxi,0.1
2021,Ningbo,Yanji,0.1
2021,Jiuquan,Shanghai,0.1
2021,Dehong,Hangzhou,0.1
2021,Huai'an,Zhanjiang,0.1
2021,Chengdu,Huangshan,0.1
2021,Hangzhou,Qionghai,0.1
2021,Ordos,Wenzhou,0.1
2021,Nanjing,Shaoyang,0.1
2021,Hohhot,Huangshan,0.1
2021,Baotou,Hangzhou,0.1
2021,Nanjing,Pu'er,0.1
2021,Quzhou,Tianjin,0.1
2021,Guilin,Huangshan,0.1
2021,Ningbo,Yinchuan,0.1
2021,Handan,Hefei,0.0
2021,Lijiang,Wenzhou,0.0
2021,Baotou,Nantong,0.0
2021,Fuzhou,Yiwu,0.0
2021,Jiuquan,Nantong,0.0
2021,Ningbo,Xinyang,0.0
2021,Hangzhou,Jiamusi,0.0
2021,Shanghai,Tonghua,0.0
2021,Shanghai,Ulanhot,0.0
2021,Chongqing,Zhoushan,0.0
2021,Hangzhou,Xichang,0.0
2021,Beihai,Ningbo,0.0
2021,Datong,Hangzhou,0.0
2021,Hangzhou,Luoyang,0.0
2021,Quzhou,Taiyuan,0.0
2021,Chengdu,Zhoushan,0.0
2021,Dongying,Yangzhou,0.0
2022,Beijing,Shanghai,427.7
2022,Chengdu,Shanghai,367.3
2022,Shanghai,Shenzhen,353.1
2022,Guangzhou,Shanghai,318.3
2022,Chengdu,Hangzhou,241.6
2022,Guangzhou,Hangzhou,228.0
2022,Hangzhou,Shenzhen,225.5
2022,Kunming,Shanghai,223.0
2022,Chongqing,Shanghai,220.9
2022,Sanya,Shanghai,214.0
2022,Beijing,Hangzhou,185.4
2022,Hangzhou,Kunming,177.3
2022,Chongqing,Hangzhou,167.4
2022,Changchun,Shanghai,161.7
2022,Harbin,Shanghai,156.6
2022,Shanghai,Shenyang,133.2
2022,Guangzhou,Nanjing,133.2
2022,Nanjing,Shenzhen,129.8
2022,Haikou,Shanghai,128.9
2022,Chengdu,Nanjing,127.7
2022,Shanghai,Xi'an,118.2
2022,Guiyang,Hangzhou,115.8
2022,Shanghai,Xiamen,113.7
2022,Kunming,Nanjing,104.7
2022,Chongqing,Nanjing,103.2
2022,Hangzhou,Xi'an,102.8
2022,Guiyang,Shanghai,100.8
2022,Dalian,Shanghai,97.5
2022,Changsha,Shanghai,96.9
2022,Hangzhou,Harbin,93.6
2022,Hangzhou,Sanya,92.8
2022,Nanning,Shanghai,88.2
2022,Chengdu,Wuxi,87.7
2022,Guiyang,Wenzhou,86.3
2022,Kunming,Wenzhou,85.4
2022,Qingdao,Shanghai,84.3
2022,Hangzhou,Shenyang,82.6
2022,Shanghai,Urumqi,80.8
2022,Changchun,Nanjing,80.4
2022,Haikou,Hangzhou,79.8
2022,Guangzhou,Wuxi,79.7
2022,Harbin,Nanjing,79.3
2022,Guiyang,Nanjing,78.1
2022,Changchun,Hangzhou,77.7
2022,Hefei,Kunming,77.3
2022,Shanghai,Zhuhai,76.5
2022,Shanghai,Taiyuan,75.1
2022,Nanjing,Urumqi,73.5
2022,Kunming,Wuxi,72.9
2022,Hefei,Shenzhen,72.2
2022,Lanzhou,Shanghai,70.7
2022,Shenzhen,Wuxi,70.5
2022,Guangzhou,Hefei,68.2
2022,Nanjing,Sanya,68.1
2022,Hangzhou,Nanning,68.0
2022,Nanjing,Nanning,66.3
2022,Hangzhou,Urumqi,65.6
2022,Guiyang,Ningbo,64.3
2022,Chengdu,Wenzhou,63.9
2022,Kunming,Ningbo,61.2
2022,Guangzhou,Wenzhou,61.1
2022,Ningbo,Shenzhen,60.5
2022,Nanjing,Shenyang,60.0
2022,Shanghai,Wuhan,59.9
2022,Guangzhou,Ningbo,59.8
2022,Chengdu,Hefei,57.2
2022,Chengdu,Ningbo,56.7
2022,Chongqing,Wuxi,55.4
2022,Hangzhou,Qingdao,55.1
2022,Chongqing,Ningbo,54.9
2022,Chongqing,Hefei,53.5
2022,Hangzhou,Taiyuan,53.4
2022,Dalian,Hangzhou,53.4
2022,Beijing,Ningbo,52.8
2022,Harbin,Hefei,52.2
2022,Chongqing,Wenzhou,50.6
2022,Hangzhou,Lanzhou,50.3
2022,Haikou,Nanjing,49.7
2022,Nanjing,Xiamen,49.5
2022,Shanghai,Yinchuan,47.6
2022,Dalian,Nanjing,46.7
2022,Lijiang,Shanghai,46.1
2022,Hefei,Nanning,44.6
2022,Shanghai,Tianjin,43.9
2022,Hefei,Urumqi,43.5
2022,Lanzhou,Nanjing,43.1
2022,Hefei,Shenyang,41.9
2022,Shanghai,Shijiazhuang,41.8
2022,Hangzhou,Xiamen,41.3
2022,Jieyang,Shanghai,41.2
2022,Guilin,Shanghai,41.2
2022,Hangzhou,Zhengzhou,40.7
2022,Changzhou,Chengdu,40.3
2022,Shanghai,Yantai,39.7
2022,Shanghai,Zhengzhou,39.2
2022,Mianyang,Shanghai,39.0
2022,Beijing,Wenzhou,37.4
2022,Ningbo,Qingdao,37.3
2022,Nanjing,Zhuhai,36.9
2022,Changzhou,Shenzhen,36.4
2022,Hangzhou,Shijiazhuang,35.9
2022,Nanjing,Taiyuan,35.6
2022,Changzhou,Guangzhou,35.4
2022,Hefei,Sanya,35.1
2022,Changchun,Hefei,34.8
2022,Nanjing,Xi'an,34.7
2022,Hefei,Xiamen,34.4
2022,Fuzhou,Shanghai,34.2
2022,Chengdu,Nantong,33.8
2022,Hangzhou,Zhuhai,33.2
2022,Nanjing,Yinchuan,33.1
2022,Changsha,Nanjing,32.8
2022,Ningbo,Xi'an,32.7
2022,Wenzhou,Wuhan,32.7
2022,Guangzhou,Nantong,31.9
2022,Kunming,Nantong,31.6
2022,Changsha,Ningbo,31.5
2022,Haikou,Ningbo,31.4
2022,Harbin,Ningbo,31.0
2022,Nantong,Shenzhen,30.7
2022,Changzhou,Kunming,30.3
2022,Shenzhen,Wenzhou,30.2
2022,Changchun,Ningbo,30.1
2022,Haikou,Hefei,30.0
2022,Hangzhou,Hohhot,29.6
2022,Hangzhou,Wuhan,29.5
2022,Guiyang,Hefei,29.3
2022,Guilin,Nanjing,29.3
2022,Shanghai,Zhanjiang,28.9
2022,Hohhot,Shanghai,28.6
2022,Shanghai,Zunyi,28.6
2022,Guiyang,Nantong,28.4
2022,Hangzhou,Jieyang,28.1
2022,Shenzhen,Yangzhou,27.3
2022,Shanghai,Xining,27.2
2022,Wenzhou,Zhengzhou,26.9
2022,Guangzhou,Yangzhou,26.8
2022,Hangzhou,Tianjin,26.2
2022,Dalian,Hefei,26.2
2022,Guiyang,Wuxi,26.2
2022,Dalian,Ningbo,26.1
2022,Kunming,Xuzhou,26.0
2022,Shenyang,Wuxi,25.2
2022,Quanzhou,Shanghai,25.1
2022,Lijiang,Nanjing,25.0
2022,Guangzhou,Taizhou,24.9
2022,Harbin,Wenzhou,24.8
2022,Ningbo,Shenyang,24.8
2022,Changzhou,Harbin,24.8
2022,Kunming,Yiwu,24.8
2022,Baotou,Shanghai,24.4
2022,Ningbo,Zhengzhou,24.2
2022,Jieyang,Nanjing,23.8
2022,Mianyang,Ningbo,23.8
2022,Harbin,Xuzhou,23.8
2022,Chongqing,Nantong,23.7
2022,Guangzhou,Huai'an,23.5
2022,Wuxi,Xi'an,23.4
2022,Wenzhou,Xi'an,23.3
2022,Ningbo,Wuhan,23.1
2022,Dali,Shanghai,23.0
2022,Kunming,Yangzhou,22.9
2022,Changsha,Wenzhou,22.8
2022,Hefei,Zhuhai,22.8
2022,Nanning,Wenzhou,22.5
2022,Hangzhou,Yantai,22.1
2022,Changzhou,Shenyang,21.2
2022,Shenyang,Wenzhou,20.8
2022,Changsha,Wuxi,20.8
2022,Beijing,Nanjing,20.8
2022,Taiyuan,Wenzhou,20.4
2022,Changzhou,Chongqing,20.3
2022,Sanya,Wenzhou,20.3
2022,Baishan,Shanghai,20.2
2022,Xiamen,Zhoushan,20.1
2022,Hangzhou,Mianyang,19.8
2022,Shenzhen,Xuzhou,19.7
2022,Wuxi,Xiamen,19.6
2022,Huai'an,Shenzhen,19.5
2022,Beijing,Hefei,19.4
2022,Guiyang,Taizhou,19.3
2022,Chongqing,Taizhou,19.1
2022,Guangzhou,Xuzhou,19.0
2022,Changsha,Nantong,19.0
2022,Chongqing,Yangzhou,18.9
2022,Beihai,Shanghai,18.7
2022,Fuzhou,Nanjing,18.7
2022,Jinan,Shanghai,18.6
2022,Kunming,Taizhou,18.5
2022,Hohhot,Nanjing,18.0
2022,Changchun,Yangzhou,17.9
2022,Changchun,Wuxi,17.6
2022,Shenzhen,Yancheng,17.5
2022,Luzhou,Shanghai,17.5
2022,Hangzhou,Yibin,17.4
2022,Hangzhou,Lijiang,16.9
2022,Quanzhou,Zhoushan,16.7
2022,Shanghai,Yibin,16.5
2022,Harbin,Wuxi,16.4
2022,Sanya,Wuxi,16.3
2022,Hangzhou,Luzhou,16.3
2022,Jinan,Wenzhou,16.2
2022,Wenzhou,Zunyi,16.1
2022,Beijing,Nantong,15.8
2022,Hangzhou,Quanzhou,15.7
2022,Shenzhen,Yiwu,15.6
2022,Huizhou,Wuxi,15.5
2022,Changsha,Hangzhou,15.5
2022,Huai'an,Kunming,15.4
2022,Nantong,Shenyang,15.3
2022,Hefei,Xi'an,15.2
2022,Chongqing,Yiwu,15.2
2022,Chengdu,Yangzhou,15.2
2022,Nanjing,Qingdao,15.2
2022,Hangzhou,Zunyi,15.2
2022,Nanjing,Yantai,15.1
2022,Guangzhou,Yiwu,15.1
2022,Wenzhou,Yibin,15.0
2022,Liuzhou,Shanghai,15.0
2022,Hangzhou,Yinchuan,15.0
2022,Foshan,Wenzhou,15.0
2022,Shanghai,Weihai,15.0
2022,Nanjing,Yuncheng,14.9
2022,Hefei,Jieyang,14.8
2022,Hefei,Yinchuan,14.8
2022,Hefei,Qingdao,14.7
2022,Ganzhou,Shanghai,14.6
2022,Haikou,Xuzhou,14.6
2022,Changchun,Wenzhou,14.5
2022,Lianyungang,Shenyang,14.5
2022,Harbin,Yangzhou,14.4
2022,Nanchang,Shanghai,14.3
2022,Shanghai,Zhangjiajie,14.2
2022,Nanning,Wuxi,14.1
2022,Chengdu,Xuzhou,14.1
2022,Nanjing,Xining,14.0
2022,Guiyang,Xuzhou,13.9
2022,Shanghai,Yuncheng,13.9
2022,Hefei,Lanzhou,13.9
2022,Hefei,Taiyuan,13.8
2022,Wenzhou,Yichang,13.7
2022,Changsha,Yancheng,13.7
2022,Haikou,Wenzhou,13.7
2022,Hangzhou,Liuzhou,13.6
2022,Beijing,Yiwu,13.6
2022,Huizhou,Shanghai,13.5
2022,Changzhou,Guiyang,13.5
2022,Nanjing,Quanzhou,13.3
2022,Liuzhou,Nanjing,13.2
2022,Hangzhou,Yulin,13.1
2022,Nanjing,Ordos,13.1
2022,Changchun,Yancheng,13.1
2022,Ordos,Shanghai,13.0
2022,Nanning,Ningbo,12.9
2022,Hefei,Lhasa,12.9
2022,Nanjing,Xishuangbanna,12.9
2022,Shanghai,Xishuangbanna,12.7
2022,Ningbo,Shijiazhuang,12.6
2022,Dalian,Yangzhou,12.6
2022,Changzhou,Haikou,12.2
2022,Lianyungang,Shenzhen,12.1
2022,Guangyuan,Hangzhou,12.0
2022,Xiamen,Yangzhou,12.0
2022,Jieyang,Yiwu,12.0
2022,Hefei,Yantai,11.9
2022,Nanjing,Zhanjiang,11.9
2022,Chifeng,Hangzhou,11.8
2022,Shenyang,Yangzhou,11.7
2022,Changchun,Nantong,11.6
2022,Hefei,Hohhot,11.6
2022,Wuxi,Zhuhai,11.5
2022,Changde,Shanghai,11.5
2022,Huizhou,Nanjing,11.4
2022,Nanjing,Zunyi,11.4
2022,Jiamusi,Shanghai,11.3
2022,Hangzhou,Yuncheng,11.3
2022,Hengyang,Shanghai,11.3
2022,Hangzhou,Zhanjiang,11.2
2022,Shenyang,Yancheng,11.2
2022,Ningbo,Yantai,11.1
2022,Chengdu,Yancheng,11.1
2022,Hefei,Xining,11.0
2022,Hangzhou,Weihai,11.0
2022,Taizhou,Wuhan,10.9
2022,Harbin,Lianyungang,10.9
2022,Luzhou,Ningbo,10.8
2022,Dalian,Wuxi,10.8
2022,Changzhou,Dalian,10.7
2022,Changchun,Xuzhou,10.6
2022,Ningbo,Zhuhai,10.6
2022,Fuyang,Haikou,10.5
2022,Kunming,Yancheng,10.5
2022,Nanchong,Shanghai,10.4
2022,Hangzhou,Tongliao,10.4
2022,Foshan,Fuyang,10.4
2022,Changzhou,Xi'an,10.4
2022,Shanghai,Yichang,10.3
2022,Nanning,Yangzhou,10.3
2022,Beijing,Wuxi,10.3
2022,Qionghai,Shanghai,10.3
2022,Qingdao,Wenzhou,10.3
2022,Fuyang,Shenzhen,10.2
2022,Enshi,Hangzhou,10.2
2022,Shanghai,Wuzhou,10.2
2022,Harbin,Nantong,10.1
2022,Guangzhou,Lianyungang,10.1
2022,Guiyang,Yangzhou,10.1
2022,Shanghai,Xichang,10.1
2022,Ganzhou,Hangzhou,10.1
2022,Harbin,Huai'an,10.0
2022,Changchun,Changzhou,10.0
2022,Hefei,Zhanjiang,10.0
2022,Ningbo,Xingyi,10.0
2022,Ningbo,Xichang,10.0
2022,Nanyang,Shanghai,9.9
2022,Chongqing,Xuzhou,9.8
2022,Beijing,Taizhou,9.8
2022,Shanghai,Xiangyang,9.7
2022,Beijing,Zhoushan,9.7
2022,Datong,Shanghai,9.6
2022,Nantong,Quanzhou,9.5
2022,Hefei,Yibin,9.4
2022,Ningbo,Yibin,9.3
2022,Jinzhou,Shanghai,9.3
2022,Quzhou,Shenzhen,9.3
2022,Liuzhou,Wenzhou,9.2
2022,Hangzhou,Xishuangbanna,9.2
2022,Dazhou,Shanghai,9.1
2022,Harbin,Yancheng,9.1
2022,Guilin,Hangzhou,9.0
2022,Huai'an,Xiamen,9.0
2022,Bijie,Hangzhou,8.9
2022,Nanjing,Weihai,8.9
2022,Luzhou,Nanjing,8.9
2022,Taiyuan,Wuxi,8.9
2022,Nantong,Sanya,8.9
2022,Changzhou,Xiamen,8.8
2022,Ningbo,Tianjin,8.7
2022,Wenzhou,Zhuhai,8.7
2022,Changzhou,Sanya,8.7
2022,Harbin,Yiwu,8.7
2022,Hangzhou,Hanzhong,8.7
2022,Chifeng,Shanghai,8.7
2022,Qingdao,Zhoushan,8.6
2022,Chifeng,Nanjing,8.6
2022,Hangzhou,Xiangyang,8.6
2022,Wuxi,Yibin,8.5
2022,Ningbo,Taiyuan,8.5
2022,Changchun,Yiwu,8.5
2022,Ganzhou,Nanjing,8.4
2022,Wenzhou,Yantai,8.4
2022,Shenyang,Xuzhou,8.3
2022,Ningbo,Zunyi,8.3
2022,Baotou,Hefei,8.2
2022,Hefei,Mianyang,8.2
2022,Bazhong,Ningbo,8.2
2022,Guilin,Hefei,8.1
2022,Yangzhou,Zhuhai,8.1
2022,Guangzhou,Yancheng,8.1
2022,Tianjin,Wenzhou,8.1
2022,Shanghai,Yanji,8.0
2022,Lianyungang,Xiamen,8.0
2022,Guiyang,Yiwu,8.0
2022,Chongqing,Yancheng,7.9
2022,Enshi,Shanghai,7.9
2022,Haikou,Wuxi,7.9
2022,Chengdu,Lianyungang,7.9
2022,Ningbo,Xiamen,7.9
2022,Hangzhou,Linfen,7.9
2022,Shenzhen,Taizhou,7.8
2022,Shanghai,Yulin,7.8
2022,Hangzhou,Jining,7.7
2022,Daqing,Shanghai,7.7
2022,Taiyuan,Yiwu,7.7
2022,Wuhan,Yancheng,7.6
2022,Hefei,Lijiang,7.6
2022,Chengdu,Quzhou,7.6
2022,Dalian,Nantong,7.6
2022,Xiamen,Yancheng,7.5
2022,Beijing,Quzhou,7.5
2022,Shijiazhuang,Wenzhou,7.5
2022,Nantong,Xi'an,7.5
2022,Hangzhou,Xining,7.5
2022,Hefei,Yuncheng,7.4
2022,Quanzhou,Xuzhou,7.4
2022,Chengdu,Taizhou,7.4
2022,Hangzhou,Linyi,7.4
2022,Luoyang,Shanghai,7.2
2022,Dongying,Hangzhou,7.1
2022,Hefei,Liuzhou,7.1
2022,Changzhou,Jieyang,7.1
2022,Kunming,Lianyungang,7.1
2022,Mianyang,Nanjing,7.1
2022,Nanjing,Yulin,7.0
2022,Baotou,Nanjing,7.0
2022,Qingdao,Wuxi,7.0
2022,Anqing,Shenzhen,7.0
2022,Nanjing,Yichun,7.0
2022,Beihai,Hefei,7.0
2022,Nanning,Xuzhou,7.0
2022,Wenzhou,Yuncheng,7.0
2022,Yangzhou,Yinchuan,7.0
2022,Chizhou,Shenzhen,7.0
2022,Anqing,Haikou,7.0
2022,Dongying,Wenzhou,6.9
2022,Beijing,Chizhou,6.9
2022,Fuzhou,Yancheng,6.9
2022,Shanghai,Zhangjiakou,6.9
2022,Jingzhou,Shanghai,6.9
2022,Linyi,Shanghai,6.9
2022,Yiwu,Zhuhai,6.8
2022,Guiyang,Yancheng,6.8
2022,Huangshan,Shenzhen,6.8
2022,Anqing,Tianjin,6.8
2022,Linfen,Nanjing,6.8
2022,Ningbo,Zhanjiang,6.7
2022,Haikou,Lianyungang,6.7
2022,Dali,Nanjing,6.7
2022,Hangzhou,Zhaotong,6.7
2022,Shanghai,Yingkou,6.7
2022,Daqing,Nanjing,6.7
2022,Haikou,Quzhou,6.7
2022,Wuxi,Yuncheng,6.7
2022,Shanghai,Xingyi,6.7
2022,Wuxi,Zhanjiang,6.6
2022,Nanjing,Tongren,6.6
2022,Hangzhou,Shiyan,6.6
2022,Changsha,Changzhou,6.6
2022,Shanghai,Tangshan,6.6
2022,Beijing,Huangshan,6.5
2022,Shanghai,Wenzhou,6.5
2022,Shanghai,Yueyang,6.4
2022,Lanzhou,Ningbo,6.4
2022,Chongqing,Fuyang,6.3
2022,Changsha,Lianyungang,6.3
2022,Nanjing,Zhangjiajie,6.3
2022,Hangzhou,Yichang,6.3
2022,Dalian,Xuzhou,6.3
2022,Handan,Wenzhou,6.3
2022,Baoshan,Nanjing,6.2
2022,Jinan,Zhoushan,6.2
2022,Ankang,Hangzhou,6.2
2022,Lanzhou,Yangzhou,6.2
2022,Changde,Wenzhou,6.2
2022,Shanghai,Shiyan,6.2
2022,Nantong,Zhuhai,6.2
2022,Hengyang,Wenzhou,6.2
2022,Nanjing,Xiangyang,6.1
2022,Nanchong,Wenzhou,6.1
2022,Qinhuangdao,Shanghai,6.1
2022,Hefei,Quanzhou,6.1
2022,Yinchuan,Yiwu,6.0
2022,Tongren,Wenzhou,6.0
2022,Chengdu,Fuyang,6.0
2022,Chengdu,Yiwu,6.0
2022,Chengdu,Huai'an,6.0
2022,Dongying,Shanghai,6.0
2022,Nanjing,Xichang,5.9
2022,Linfen,Shanghai,5.9
2022,Wenzhou,Xingyi,5.9
2022,Shijiazhuang,Yancheng,5.9
2022,Shanghai,Zhaotong,5.9
2022,Dalian,Wenzhou,5.8
2022,Hangzhou,Xichang,5.8
2022,Linyi,Wenzhou,5.8
2022,Hohhot,Ningbo,5.8
2022,Guangzhou,Quzhou,5.7
2022,Taizhou,Yichang,5.7
2022,Shenyang,Yiwu,5.7
2022,Hangzhou,Huizhou,5.7
2022,Datong,Nanjing,5.7
2022,Ji'an,Shanghai,5.7
2022,Fuzhou,Wuxi,5.7
2022,Fuyang,Zhoushan,5.7
2022,Fuyang,Guangzhou,5.6
2022,Taizhou,Xi'an,5.6
2022,Ningbo,Shiyan,5.6
2022,Huai'an,Lanzhou,5.6
2022,Lianyungang,Nanning,5.6
2022,Nantong,Xiamen,5.6
2022,Hangzhou,Wenshan,5.6
2022,Anqing,Beijing,5.6
2022,Ningbo,Yichang,5.6
2022,Shanghai,Xinzhou,5.6
2022,Hangzhou,Ulanhot,5.6
2022,Tianjin,Zhoushan,5.6
2022,Chongqing,Quzhou,5.5
2022,Hohhot,Xuzhou,5.5
2022,Hangzhou,Hengyang,5.4
2022,Fuzhou,Nantong,5.4
2022,Nanjing,Yibin,5.4
2022,Fuzhou,Lianyungang,5.4
2022,Dalian,Lianyungang,5.3
2022,Foshan,Shanghai,5.3
2022,Changzhou,Yinchuan,5.2
2022,Fuzhou,Xuzhou,5.1
2022,Lijiang,Wuxi,5.1
2022,Hanzhong,Wenzhou,5.1
2022,Baishan,Nanjing,5.1
2022,Wuxi,Zunyi,5.1
2022,Ji'an,Ningbo,5.1
2022,Wuhan,Zhoushan,5.1
2022,Guangyuan,Shanghai,5.0
2022,Changzhou,Nanning,5.0
2022,Xuzhou,Yinchuan,5.0
2022,Dalian,Huai'an,5.0
2022,Hefei,Zunyi,4.9
2022,Anqing,Guangzhou,4.9
2022,Luzhou,Wenzhou,4.9
2022,Bazhong,Nanjing,4.9
2022,Taizhou,Zhengzhou,4.9
2022,Haikou,Taizhou,4.9
2022,Luoyang,Ningbo,4.9
2022,Hulunbuir,Shanghai,4.9
2022,Anqing,Qingdao,4.9
2022,Anqing,Kunming,4.8
2022,Lhasa,Nanjing,4.8
2022,Changsha,Huai'an,4.8
2022,Jieyang,Zhoushan,4.8
2022,Xiamen,Xuzhou,4.7
2022,Nanchang,Yancheng,4.7
2022,Beijing,Changzhou,4.7
2022,Hangzhou,Huaihua,4.7
2022,Ningbo,Yuncheng,4.7
2022,Ganzhou,Ningbo,4.7
2022,Hulunbuir,Nanjing,4.7
2022,Shenyang,Taizhou,4.6
2022,Haikou,Yangzhou,4.6
2022,Fuzhou,Zhoushan,4.6
2022,Nanjing,Shijiazhuang,4.6
2022,Shanghai,Tongliao,4.6
2022,Chongqing,Huai'an,4.5
2022,Chaoyang,Shanghai,4.5
2022,Lianyungang,Wenzhou,4.5
2022,Shenzhen,Zhoushan,4.5
2022,Hefei,Huizhou,4.5
2022,Ili,Nanjing,4.5
2022,Guilin,Xuzhou,4.5
2022,Guilin,Huai'an,4.4
2022,Changchun,Lianyungang,4.4
2022,Guiyang,Huai'an,4.4
2022,Changzhou,Qingdao,4.3
2022,Yancheng,Yinchuan,4.3
2022,Wenzhou,Xining,4.3
2022,Ankang,Changzhou,4.3
2022,Guilin,Ningbo,4.3
2022,Longnan,Shanghai,4.3
2022,Jieyang,Nantong,4.2
2022,Hangzhou,Nanyang,4.2
2022,Guilin,Wenzhou,4.2
2022,Changzhou,Taiyuan,4.1
2022,Hangzhou,Jinzhou,4.1
2022,Hangzhou,Rizhao,4.1
2022,Guangzhou,Zhoushan,4.1
2022,Guiyang,Quzhou,4.1
2022,Changsha,Yangzhou,4.1
2022,Lianyungang,Shijiazhuang,4.1
2022,Hohhot,Nantong,4.1
2022,Changzhou,Quanzhou,4.1
2022,Linyi,Ningbo,4.1
2022,Bijie,Ningbo,4.1
2022,Handan,Shanghai,4.0
2022,Fuzhou,Huai'an,4.0
2022,Dehong,Shanghai,4.0
2022,Lanzhou,Nantong,4.0
2022,Jieyang,Xuzhou,4.0
2022,Changzhi,Shanghai,4.0
2022,Wuxi,Yingkou,3.9
2022,Hanzhong,Shanghai,3.9
2022,Nantong,Zhengzhou,3.9
2022,Ningbo,Xishuangbanna,3.8
2022,Chizhou,Guangzhou,3.8
2022,Hangzhou,Jingzhou,3.8
2022,Shanghai,Tongren,3.8
2022,Changsha,Taizhou,3.8
2022,Yiwu,Zhengzhou,3.8
2022,Nantong,Yichang,3.8
2022,Hangzhou,Yueyang,3.7
2022,Yancheng,Zhuhai,3.7
2022,Quanzhou,Wuxi,3.7
2022,Hanzhong,Nantong,3.7
2022,Beihai,Hangzhou,3.7
2022,Huai'an,Taiyuan,3.7
2022,Jieyang,Ningbo,3.6
2022,Yantai,Zhoushan,3.6
2022,Ningbo,Weihai,3.6
2022,Rizhao,Shanghai,3.6
2022,Anqing,Chengdu,3.6
2022,Fuyang,Wenzhou,3.6
2022,Huai'an,Wenzhou,3.5
2022,Hangzhou,Shaoguan,3.5
2022,Wenzhou,Xinyang,3.5
2022,Luoyang,Wenzhou,3.5
2022,Nanjing,Sanming,3.5
2022,Kashgar,Nanjing,3.5
2022,Huangshan,Shenyang,3.5
2022,Lvliang,Shanghai,3.4
2022,Hefei,Qionghai,3.4
2022,Huai'an,Shijiazhuang,3.4
2022,Wenzhou,Xiangyang,3.4
2022,Rizhao,Wenzhou,3.4
2022,Anqing,Guiyang,3.4
2022,Anqing,Xi'an,3.4
2022,Hefei,Ordos,3.4
2022,Nantong,Yantai,3.3
2022,Aba,Hangzhou,3.3
2022,Chongqing,Lianyungang,3.3
2022,Beijing,Fuyang,3.3
2022,Hangzhou,Tonghua,3.3
2022,Changchun,Huai'an,3.3
2022,Dazhou,Hangzhou,3.3
2022,Huai'an,Jieyang,3.3
2022,Ningbo,Xiangyang,3.3
2022,Fuzhou,Yangzhou,3.3
2022,Nantong,Tianjin,3.3
2022,Heze,Shanghai,3.3
2022,Qingyang,Shanghai,3.3
2022,Fuyang,Yinchuan,3.3
2022,Nantong,Shijiazhuang,3.3
2022,Taizhou,Yantai,3.3
2022,Xuzhou,Zhuhai,3.2
2022,Ningbo,Sanya,3.2
2022,Pu'er,Shanghai,3.2
2022,Ankang,Shanghai,3.2
2022,Quanzhou,Yangzhou,3.2
2022,Shenyang,Zhoushan,3.2
2022,Luzhou,Wuxi,3.2
2022,Xi'an,Yiwu,3.2
2022,Hangzhou,Yan'an,3.2
2022,Wuxi,Yantai,3.1
2022,Huizhou,Wenzhou,3.1
2022,Jinan,Quzhou,3.1
2022,Beijing,Yangzhou,3.1
2022,Huai'an,Tianjin,3.1
2022,Kunming,Quzhou,3.1
2022,Hefei,Weihai,3.1
2022,Hangzhou,Heze,3.1
2022,Anshan,Shanghai,3.1
2022,Handan,Hangzhou,3.1
2022,Chenzhou,Shanghai,3.0
2022,Hengyang,Wuxi,3.0
2022,Fuyang,Kunming,3.0
2022,Chenzhou,Nanjing,3.0
2022,Taiyuan,Yangzhou,3.0
2022,Changde,Hangzhou,3.0
2022,Changzhou,Zhuhai,3.0
2022,Hefei,Tianjin,3.0
2022,Hangzhou,Qionghai,3.0
2022,Xi'an,Yancheng,2.9
2022,Wenzhou,Yichun,2.9
2022,Baotou,Hangzhou,2.9
2022,Urumqi,Wuxi,2.9
2022,Changsha,Xuzhou,2.9
2022,Zhengzhou,Zhoushan,2.9
2022,Quanzhou,Yancheng,2.9
2022,Jingdezhen,Ningbo,2.9
2022,Lianyungang,Nanchang,2.9
2022,Nanchang,Xuzhou,2.9
2022,Shanghai,Shaoguan,2.9
2022,Hefei,Xichang,2.9
2022,Haikou,Huangshan,2.9
2022,Bijie,Shanghai,2.8
2022,Guiyang,Lianyungang,2.8
2022,Jingzhou,Wenzhou,2.8
2022,Chenzhou,Wenzhou,2.8
2022,Nanjing,Yingkou,2.8
2022,Dali,Hefei,2.8
2022,Shanghai,Wenshan,2.8
2022,Haikou,Yancheng,2.8
2022,Hangzhou,Qingyang,2.8
2022,Shanghai,Xinyang,2.8
2022,Weihai,Wenzhou,2.8
2022,Jinan,Taizhou,2.7
2022,Xi'an,Yangzhou,2.7
2022,Sanya,Xuzhou,2.7
2022,Changzhou,Jinzhou,2.7
2022,Ili,Wuxi,2.7
2022,Huai'an,Yinchuan,2.7
2022,Huai'an,Ningbo,2.7
2022,Nanjing,Xingyi,2.6
2022,Nantong,Taiyuan,2.6
2022,Anqing,Xiamen,2.6
2022,Anqing,Chongqing,2.6
2022,Nanyang,Ningbo,2.6
2022,Qionghai,Wenzhou,2.6
2022,Beihai,Changzhou,2.5
2022,Fuyang,Lanzhou,2.5
2022,Changzhou,Liuzhou,2.5
2022,Anqing,Ningbo,2.5
2022,Changzhou,Wenzhou,2.5
2022,Bazhong,Yiwu,2.5
2022,Hangzhou,Tongren,2.5
2022,Longyan,Shanghai,2.5
2022,Fuyang,Ningbo,2.4
2022,Mianyang,Yangzhou,2.4
2022,Lianyungang,Xining,2.4
2022,Guangzhou,Huangshan,2.4
2022,Qingdao,Quzhou,2.4
2022,Hangzhou,Longnan,2.4
2022,Changzhou,Hohhot,2.4
2022,Dalian,Yancheng,2.4
2022,Urumqi,Wenzhou,2.4
2022,Qingdao,Taizhou,2.4
2022,Qingdao,Yiwu,2.4
2022,Hengyang,Ningbo,2.4
2022,Bazhong,Shanghai,2.3
2022,Qiqihar,Shanghai,2.3
2022,Nantong,Yinchuan,2.3
2022,Bijie,Nanjing,2.3
2022,Shijiazhuang,Yangzhou,2.3
2022,Mianyang,Wuxi,2.3
2022,Tianjin,Yangzhou,2.3
2022,Shanghai,Ulanqab,2.3
2022,Beijing,Yancheng,2.2
2022,Ningbo,Yichun,2.2
2022,Jieyang,Wuxi,2.2
2022,Dazhou,Yangzhou,2.2
2022,Beihai,Nanjing,2.1
2022,Taiyuan,Xuzhou,2.1
2022,Ningbo,Yancheng,2.1
2022,Tianjin,Yiwu,2.1
2022,Nanchang,Zhoushan,2.1
2022,Jingdezhen,Shanghai,2.1
2022,Nanchang,Nanjing,2.1
2022,Nanchang,Ningbo,2.1
2022,Hangzhou,Xinzhou,2.1
2022,Hangzhou,Luoyang,2.1
2022,Shanghai,Weifang,2.1
2022,Ezhou,Shanghai,2.0
2022,Hangzhou,Zhangjiajie,2.0
2022,Harbin,Zhoushan,2.0
2022,Huangshan,Xi'an,2.0
2022,Dandong,Shanghai,2.0
2022,Quzhou,Zhoushan,2.0
2022,Nanning,Quzhou,1.9
2022,Ji'an,Nanjing,1.9
2022,Fuyang,Harbin,1.9
2022,Hulunbuir,Nantong,1.9
2022,Fuyang,Sanya,1.9
2022,Huangshan,Kunming,1.9
2022,Quzhou,Taiyuan,1.9
2022,Changzhou,Xining,1.9
2022,Foshan,Hefei,1.9
2022,Hengyang,Nanjing,1.9
2022,Foshan,Yiwu,1.8
2022,Lanzhou,Lianyungang,1.8
2022,Nanjing,Xinzhou,1.8
2022,Jinan,Ningbo,1.8
2022,Anqing,Fuzhou,1.8
2022,Huai'an,Shenyang,1.7
2022,Huai'an,Quanzhou,1.7
2022,Liupanshui,Nanjing,1.7
2022,Jieyang,Wenzhou,1.7
2022,Ningbo,Tongren,1.7
2022,Wuxi,Yichang,1.7
2022,Lianyungang,Shanghai,1.7
2022,Wuxi,Xiangyang,1.7
2022,Jining,Shanghai,1.7
2022,Shanghai,Songyuan,1.7
2022,Guilin,Wuxi,1.7
2022,Tianjin,Yancheng,1.7
2022,Hangzhou,Xingyi,1.7
2022,Sanming,Zhoushan,1.7
2022,Anshan,Nanjing,1.7
2022,Longnan,Nanjing,1.7
2022,Quzhou,Zhengzhou,1.6
2022,Changzhou,Luzhou,1.6
2022,Fuyang,Shanghai,1.6
2022,Hangzhou,Ordos,1.6
2022,Huangshan,Yichang,1.6
2022,Jinan,Yiwu,1.6
2022,Hefei,Hulunbuir,1.6
2022,Changzhou,Fuzhou,1.6
2022,Fuyang,Xiamen,1.6
2022,Nanchang,Nantong,1.5
2022,Mianyang,Xuzhou,1.5
2022,Wenzhou,Zhangjiakou,1.5
2022,Wuhan,Yiwu,1.5
2022,Changsha,Zhoushan,1.5
2022,Quzhou,Xi'an,1.5
2022,Enshi,Wenzhou,1.5
2022,Lianyungang,Yinchuan,1.5
2022,Changzhou,Lanzhou,1.4
2022,Wenzhou,Yueyang,1.4
2022,Hangzhou,Jinan,1.4
2022,Nanjing,Shiyan,1.4
2022,Dalian,Zhoushan,1.4
2022,Fuyang,Tianjin,1.4
2022,Hefei,Shijiazhuang,1.4
2022,Nanjing,Zhengzhou,1.4
2022,Hangzhou,Xinyang,1.4
2022,Nanning,Yancheng,1.4
2022,Chizhou,Xi'an,1.4
2022,Dalian,Huangshan,1.4
2022,Jieyang,Yancheng,1.4
2022,Shanghai,Yongzhou,1.4
2022,Enshi,Nanjing,1.4
2022,Longyan,Nanjing,1.4
2022,Ningbo,Yueyang,1.3
2022,Tangshan,Yangzhou,1.3
2022,Nantong,Wenzhou,1.3
2022,Fuyang,Xi'an,1.3
2022,Hohhot,Yancheng,1.3
2022,Chongqing,Huangshan,1.3
2022,Huangshan,Xiamen,1.3
2022,Chengde,Shanghai,1.3
2022,Anqing,Shanghai,1.3
2022,Ji'an,Wenzhou,1.2
2022,Anqing,Changsha,1.2
2022,Hefei,Linfen,1.2
2022,Wenzhou,Yinchuan,1.2
2022,Wenzhou,Zhangjiajie,1.2
2022,Fuyang,Zhuhai,1.2
2022,Changde,Ningbo,1.2
2022,Huangshan,Qingdao,1.2
2022,Xuzhou,Zhoushan,1.2
2022,Shanghai,Zhoushan,1.2
2022,Taizhou,Zhuhai,1.2
2022,Nanchang,Yangzhou,1.1
2022,Dalian,Fuyang,1.1
2022,Meizhou,Shanghai,1.1
2022,Beijing,Huai'an,1.1
2022,Hefei,Luzhou,1.1
2022,Sanming,Shanghai,1.1
2022,Nanjing,Turpan,1.1
2022,Beijing,Lianyungang,1.1
2022,Ningbo,Yulin,1.1
2022,Huai'an,Nanchang,1.1
2022,Fuyang,Xining,1.1
2022,Fuyang,Nanning,1.0
2022,Bijie,Wenzhou,1.0
2022,Changsha,Fuyang,1.0
2022,Nanchong,Nanjing,1.0
2022,Hefei,Zhangjiajie,1.0
2022,Quzhou,Sanya,1.0
2022,Lianyungang,Xi'an,1.0
2022,Chizhou,Chongqing,1.0
2022,Changzhou,Ganzhou,1.0
2022,Chizhou,Quanzhou,1.0
2022,Nanjing,Qionghai,1.0
2022,Guilin,Nantong,0.9
2022,Hangzhou,Tangshan,0.9
2022,Baotou,Wuxi,0.9
2022,Nanjing,Yan'an,0.9
2022,Handan,Hefei,0.9
2022,Hefei,Shanghai,0.9
2022,Quzhou,Wuhan,0.9
2022,Chizhou,Jieyang,0.9
2022,Tangshan,Wuxi,0.9
2022,Nanjing,Qiannan,0.9
2022,Wenzhou,Xishuangbanna,0.9
2022,Xi'an,Zhoushan,0.9
2022,Dazhou,Zhoushan,0.8
2022,Mianyang,Wenzhou,0.8
2022,Dali,Hangzhou,0.8
2022,Huaihua,Shanghai,0.8
2022,Lianyungang,Wuhan,0.8
2022,Linyi,Zhoushan,0.8
2022,Huai'an,Nanning,0.8
2022,Hangzhou,Weifang,0.8
2022,Quzhou,Xiamen,0.8
2022,Shanghai,Yichun,0.8
2022,Hangzhou,Qiandongnan,0.8
2022,Nantong,Wuhan,0.8
2022,Ganzhou,Hefei,0.7
2022,Shanghai,Yan'an,0.7
2022,Huai'an,Xi'an,0.7
2022,Wenzhou,Zhoushan,0.7
2022,Hohhot,Lianyungang,0.7
2022,Quzhou,Tianjin,0.7
2022,Guiyang,Huangshan,0.7
2022,Beihai,Quzhou,0.7
2022,Xuzhou,Zhangjiajie,0.7
2022,Nanjing,Wenzhou,0.7
2022,Yangzhou,Zhangjiajie,0.7
2022,Huangshan,Nanning,0.7
2022,Hohhot,Yangzhou,0.7
2022,Chizhou,Qingdao,0.7
2022,Yiwu,Zunyi,0.6
2022,Hangzhou,Hulunbuir,0.6
2022,Changzhou,Yantai,0.6
2022,Huai'an,Xining,0.6
2022,Dazhou,Hefei,0.6
2022,Lanzhou,Wenzhou,0.6
2022,Changzhou,Shijiazhuang,0.6
2022,Shangrao,Zhoushan,0.6
2022,Huangshan,Shijiazhuang,0.6
2022,Fuyang,Hangzhou,0.6
2022,Huangshan,Zhuhai,0.6
2022,Lianyungang,Zhuhai,0.6
2022,Haikou,Yiwu,0.6
2022,Chengdu,Huangshan,0.5
2022,Quzhou,Zhuhai,0.5
2022,Lianyungang,Ningbo,0.5
2022,Guilin,Yangzhou,0.5
2022,Dalian,Taizhou,0.5
2022,Guangyuan,Nanjing,0.5
2022,Aba,Wuxi,0.5
2022,Nanchong,Ningbo,0.5
2022,Fuyang,Shenyang,0.5
2022,Shanghai,Zhangye,0.5
2022,Kashgar,Shanghai,0.5
2022,Wenzhou,Yancheng,0.5
2022,Qiandongnan,Wuxi,0.5
2022,Yantai,Yiwu,0.4
2022,Tongren,Wuxi,0.4
2022,Aba,Wenzhou,0.4
2022,Hohhot,Huai'an,0.4
2022,Nantong,Zhongwei,0.4
2022,Chengde,Hefei,0.4
2022,Chizhou,Xiamen,0.4
2022,Hangzhou,Tianshui,0.4
2022,Changzhou,Nanchang,0.4
2022,Changzhi,Hangzhou,0.4
2022,Lianyungang,Zhoushan,0.4
2022,Changde,Nanjing,0.4
2022,Nantong,Tongren,0.4
2022,Lijiang,Ningbo,0.4
2022,Nanjing,Panzhihua,0.4
2022,Taizhou,Tianjin,0.4
2022,Nanning,Nantong,0.4
2022,Chengdu,Chizhou,0.4
2022,Nanjing,Nanyang,0.4
2022,Fuyang,Fuzhou,0.4
2022,Fuyang,Taiyuan,0.3
2022,Lhasa,Shanghai,0.3
2022,Ezhou,Wenzhou,0.3
2022,Huai'an,Wuhan,0.3
2022,Jieyang,Yangzhou,0.3
2022,Dazhou,Wenzhou,0.3
2022,Yangzhou,Yulin,0.3
2022,Chenzhou,Ningbo,0.3
2022,Wuhan,Xuzhou,0.3
2022,Dehong,Hangzhou,0.3
2022,Qiandongnan,Wenzhou,0.2
2022,Hangzhou,Shaoyang,0.2
2022,Nanjing,Tianshui,0.2
2022,Chizhou,Nanning,0.2
2022,Nanjing,Qingyang,0.2
2022,Fuzhou,Hefei,0.2
2022,Ganzhou,Wenzhou,0.2
2022,Hangzhou,Lhasa,0.2
2022,Nantong,Qingdao,0.2
2022,Anshun,Shanghai,0.2
2022,Wuxi,Yan'an,0.2
2022,Nanning,Taizhou,0.2
2022,Wenzhou,Yulin,0.2
2022,Lanzhou,Yancheng,0.2
2022,Hefei,Tangshan,0.2
2022,Wenzhou,Xichang,0.2
2022,Guilin,Lianyungang,0.2
2022,Wuxi,Xining,0.2
2022,Hefei,Kashgar,0.2
2022,Huai'an,Zhuhai,0.1
2022,Nantong,Urumqi,0.1
2022,Nanjing,Shaoguan,0.1
2022,Changzhou,Xichang,0.1
2022,Wuhan,Wuxi,0.1
2022,Wuxi,Xishuangbanna,0.1
2022,Nanjing,Nanping,0.1
2022,Huangshan,Zhoushan,0.1
2022,Nantong,Yuncheng,0.1
2022,Baoshan,Shanghai,0.1
2022,Changzhou,Ili,0.1
2022,Huizhou,Ningbo,0.1
2022,Huai'an,Zhanjiang,0.0
2022,Ili,Nantong,0.0
2022,Chizhou,Wenzhou,0.0
2022,Mianyang,Nantong,0.0
2022,Lianyungang,Tianjin,0.0
2022,Huangshan,Jieyang,0.0
2022,Huangshan,Wenzhou,0.0
2022,Huangshan,Zhengzhou,0.0
2022,Huaihua,Nanjing,0.0
2022,Haikou,Nantong,0.0
2022,Hefei,Zhengzhou,0.0
2022,Ningbo,Yinchuan,0.0
2022,Baoshan,Changzhou,0.0
2022,Hangzhou,Kashgar,0.0
2022,Xi'an,Xuzhou,0.0
2022,Hefei,Jining,0.0
2022,Yancheng,Yantai,0.0
2022,Ili,Wenzhou,0.0
2022,Hohhot,Wenzhou,0.0
2022,Urumqi,Xuzhou,0.0
2022,Jining,Wenzhou,0.0
2022,Fuzhou,Hangzhou,0.0
2022,Fuzhou,Ningbo,0.0
2022,Linyi,Nanjing,0.0
2022,Hefei,Jinan,0.0
2022,Xuzhou,Zhengzhou,0.0
2022,Rizhao,Yancheng,0.0
2022,Hefei,Rizhao,0.0
2022,Fuzhou,Yiwu,0.0
2022,Changsha,Yiwu,0.0
2023,Beijing,Shanghai,1426.4
2023,Guangzhou,Shanghai,1013.2
2023,Chengdu,Shanghai,972.7
2023,Shanghai,Shenzhen,972.6
2023,Chongqing,Shanghai,566.5
2023,Chengdu,Hangzhou,490.5
2023,Beijing,Hangzhou,483.2
2023,Guangzhou,Hangzhou,451.3
2023,Kunming,Shanghai,430.1
2023,Shanghai,Urumqi,397.8
2023,Hangzhou,Shenzhen,397.6
2023,Shanghai,Xi'an,397.0
2023,Sanya,Shanghai,395.4
2023,Harbin,Shanghai,330.6
2023,Changchun,Shanghai,297.4
2023,Chongqing,Hangzhou,295.1
2023,Shanghai,Shenyang,276.1
2023,Haikou,Shanghai,270.1
2023,Hangzhou,Kunming,261.2
2023,Shanghai,Xiamen,250.8
2023,Guangzhou,Nanjing,246.6
2023,Chengdu,Nanjing,237.1
2023,Nanjing,Shenzhen,231.4
2023,Hangzhou,Xi'an,230.6
2023,Guiyang,Shanghai,211.6
2023,Dalian,Shanghai,211.4
2023,Chongqing,Nanjing,195.5
2023,Hangzhou,Urumqi,192.5
2023,Shanghai,Tianjin,190.7
2023,Changsha,Shanghai,187.4
2023,Qingdao,Shanghai,181.9
2023,Shanghai,Zhuhai,179.5
2023,Nanning,Shanghai,176.2
2023,Beijing,Ningbo,172.9
2023,Beijing,Wenzhou,168.7
2023,Kunming,Nanjing,168.2
2023,Shanghai,Taiyuan,166.9
2023,Lanzhou,Shanghai,161.3
2023,Shenzhen,Wuxi,153.5
2023,Chengdu,Wuxi,151.4
2023,Hangzhou,Sanya,149.4
2023,Nanjing,Urumqi,145.5
2023,Chengdu,Hefei,142.7
2023,Chengdu,Ningbo,140.8
2023,Hangzhou,Harbin,140.1
2023,Changchun,Nanjing,138.6
2023,Hangzhou,Shenyang,137.7
2023,Guangzhou,Wuxi,137.6
2023,Hefei,Shenzhen,136.6
2023,Guiyang,Hangzhou,135.7
2023,Chengdu,Wenzhou,133.4
2023,Shanghai,Wuhan,133.0
2023,Kunming,Wenzhou,132.2
2023,Haikou,Hangzhou,131.6
2023,Nanjing,Sanya,128.5
2023,Guiyang,Nanjing,126.4
2023,Guiyang,Ningbo,120.5
2023,Hefei,Kunming,119.7
2023,Harbin,Nanjing,119.0
2023,Guiyang,Wenzhou,118.6
2023,Shanghai,Zhengzhou,115.7
2023,Shanghai,Yinchuan,111.8
2023,Guangzhou,Ningbo,110.1
2023,Chongqing,Wuxi,109.7
2023,Chongqing,Ningbo,109.4
2023,Kunming,Wuxi,109.1
2023,Changchun,Hangzhou,109.1
2023,Nanjing,Shenyang,108.5
2023,Nanjing,Nanning,106.4
2023,Guangzhou,Hefei,106.1
2023,Nanjing,Xi'an,104.2
2023,Ningbo,Shenzhen,104.0
2023,Lijiang,Shanghai,103.8
2023,Hangzhou,Lanzhou,102.7
2023,Guangzhou,Wenzhou,101.0
2023,Hangzhou,Nanning,99.9
2023,Jieyang,Shanghai,99.0
2023,Kunming,Ningbo,98.8
2023,Shanghai,Yantai,95.9
2023,Guilin,Shanghai,93.8
2023,Dalian,Nanjing,93.3
2023,Hangzhou,Taiyuan,93.1
2023,Dalian,Hangzhou,91.3
2023,Nanjing,Xiamen,90.3
2023,Shanghai,Xining,89.0
2023,Haikou,Nanjing,88.3
2023,Fuzhou,Shanghai,87.3
2023,Hangzhou,Qingdao,85.9
2023,Lanzhou,Nanjing,85.8
2023,Chongqing,Wenzhou,83.4
2023,Shanghai,Shijiazhuang,82.3
2023,Chongqing,Hefei,81.9
2023,Hohhot,Shanghai,80.8
2023,Beijing,Nanjing,79.6
2023,Hangzhou,Zhuhai,76.8
2023,Chengdu,Nantong,74.2
2023,Ningbo,Xi'an,74.0
2023,Hangzhou,Zhengzhou,73.8
2023,Nanjing,Zhuhai,73.8
2023,Nanjing,Taiyuan,71.1
2023,Lijiang,Nanjing,69.9
2023,Harbin,Hefei,69.5
2023,Shanghai,Xishuangbanna,68.5
2023,Beijing,Yiwu,67.9
2023,Changchun,Hefei,67.4
2023,Changzhou,Chengdu,66.9
2023,Shanghai,Zhanjiang,66.2
2023,Wenzhou,Zhengzhou,65.1
2023,Mianyang,Shanghai,63.8
2023,Hefei,Shenyang,62.6
2023,Wuxi,Xi'an,62.3
2023,Hangzhou,Xiamen,61.4
2023,Nanjing,Xishuangbanna,61.4
2023,Hangzhou,Shijiazhuang,60.4
2023,Quanzhou,Shanghai,60.3
2023,Hefei,Nanning,60.2
2023,Kunming,Nantong,59.1
2023,Changsha,Ningbo,59.0
2023,Shenzhen,Wenzhou,58.7
2023,Guilin,Nanjing,57.9
2023,Wenzhou,Wuhan,57.7
2023,Changsha,Nanjing,57.4
2023,Wenzhou,Xi'an,55.6
2023,Ningbo,Qingdao,54.4
2023,Nantong,Shenzhen,53.8
2023,Hefei,Sanya,53.0
2023,Hohhot,Nanjing,52.9
2023,Hangzhou,Tianjin,52.9
2023,Guangzhou,Nantong,52.3
2023,Beijing,Hefei,52.0
2023,Ningbo,Zhengzhou,51.4
2023,Shenyang,Wuxi,50.5
2023,Dalian,Ningbo,50.4
2023,Chengdu,Yangzhou,49.2
2023,Shanghai,Zunyi,48.9
2023,Beijing,Wuxi,48.7
2023,Kunming,Xuzhou,48.5
2023,Beijing,Nantong,48.4
2023,Hefei,Urumqi,48.4
2023,Changzhou,Kunming,48.3
2023,Changzhou,Guangzhou,47.9
2023,Jinan,Shanghai,47.5
2023,Hangzhou,Yinchuan,46.7
2023,Guiyang,Hefei,46.3
2023,Changzhou,Shenzhen,46.1
2023,Hangzhou,Hohhot,46.0
2023,Hefei,Zhuhai,43.7
2023,Chongqing,Nantong,43.4
2023,Guangzhou,Yiwu,43.4
2023,Shenzhen,Xuzhou,43.2
2023,Harbin,Ningbo,43.0
2023,Xiamen,Zhoushan,42.6
2023,Dali,Shanghai,42.4
2023,Nanjing,Yinchuan,42.3
2023,Changzhou,Harbin,42.3
2023,Harbin,Xuzhou,42.2
2023,Ningbo,Wuhan,42.2
2023,Shenzhen,Yangzhou,41.8
2023,Guiyang,Wuxi,41.6
2023,Dalian,Hefei,41.5
2023,Changzhou,Chongqing,41.5
2023,Quanzhou,Zhoushan,41.3
2023,Guangzhou,Yangzhou,41.1
2023,Hefei,Xiamen,39.9
2023,Hangzhou,Wuhan,39.9
2023,Nanjing,Xining,39.2
2023,Kunming,Yangzhou,39.1
2023,Changchun,Ningbo,38.9
2023,Jieyang,Nanjing,38.5
2023,Guangzhou,Taizhou,38.3
2023,Haikou,Hefei,38.1
2023,Hefei,Xi'an,37.9
2023,Hangzhou,Jieyang,37.2
2023,Haikou,Ningbo,36.9
2023,Guiyang,Nantong,36.8
2023,Shanghai,Zhangjiajie,36.4
2023,Nanning,Wenzhou,36.0
2023,Huizhou,Shanghai,36.0
2023,Baishan,Shanghai,35.7
2023,Beihai,Shanghai,35.6
2023,Sanya,Wuxi,35.5
2023,Hangzhou,Xining,35.3
2023,Hangzhou,Yantai,34.5
2023,Baotou,Shanghai,34.5
2023,Chongqing,Taizhou,34.4
2023,Changchun,Yangzhou,33.9
2023,Kunming,Yiwu,33.2
2023,Luzhou,Shanghai,33.2
2023,Hangzhou,Lijiang,32.9
2023,Shanghai,Weihai,32.8
2023,Huai'an,Kunming,32.7
2023,Changsha,Nantong,32.7
2023,Shenyang,Yangzhou,32.5
2023,Changsha,Wuxi,32.1
2023,Changzhou,Shenyang,32.0
2023,Harbin,Wenzhou,31.5
2023,Fuzhou,Nanjing,31.4
2023,Guiyang,Taizhou,31.4
2023,Nanchang,Shanghai,30.9
2023,Hangzhou,Yibin,30.3
2023,Lianyungang,Shenzhen,30.0
2023,Chengdu,Yiwu,29.9
2023,Shenzhen,Yiwu,29.7
2023,Taiyuan,Wenzhou,29.3
2023,Changchun,Wuxi,29.2
2023,Chongqing,Yiwu,29.2
2023,Shanghai,Yibin,29.0
2023,Lianyungang,Shenyang,28.6
2023,Beijing,Taizhou,28.4
2023,Nanjing,Qingdao,28.4
2023,Hangzhou,Xishuangbanna,28.2
2023,Ningbo,Shenyang,28.0
2023,Hangzhou,Luzhou,28.0
2023,Ningbo,Tianjin,28.0
2023,Hefei,Lijiang,28.0
2023,Hefei,Xining,27.7
2023,Changsha,Wenzhou,27.7
2023,Shanghai,Yichang,27.3
2023,Huai'an,Shenzhen,26.9
2023,Shijiazhuang,Wenzhou,26.9
2023,Hefei,Lanzhou,26.8
2023,Wuxi,Xiamen,26.8
2023,Changchun,Nantong,26.7
2023,Changzhou,Haikou,26.6
2023,Guangzhou,Xuzhou,26.3
2023,Shanghai,Wenzhou,26.0
2023,Foshan,Shanghai,26.0
2023,Tianjin,Wenzhou,26.0
2023,Chongqing,Yangzhou,25.9
2023,Guangzhou,Lianyungang,25.8
2023,Changzhou,Xi'an,25.7
2023,Liuzhou,Shanghai,25.5
2023,Chengdu,Xuzhou,25.5
2023,Hefei,Hohhot,25.3
2023,Hangzhou,Mianyang,25.0
2023,Qionghai,Shanghai,25.0
2023,Harbin,Yangzhou,24.8
2023,Huizhou,Nanjing,24.8
2023,Shenzhen,Yancheng,24.5
2023,Sanya,Wenzhou,24.5
2023,Changsha,Hangzhou,24.5
2023,Shenyang,Xuzhou,24.4
2023,Guiyang,Yangzhou,24.3
2023,Ganzhou,Shanghai,24.3
2023,Nanjing,Yantai,24.3
2023,Haikou,Wenzhou,24.2
2023,Changchun,Wenzhou,24.1
2023,Hangzhou,Zunyi,24.0
2023,Guangzhou,Huai'an,23.9
2023,Hefei,Yinchuan,23.8
2023,Guiyang,Xuzhou,23.7
2023,Taiyuan,Wuxi,23.6
2023,Shanghai,Yuncheng,23.2
2023,Hefei,Taiyuan,23.1
2023,Nanjing,Ordos,22.9
2023,Jiamusi,Shanghai,22.8
2023,Jieyang,Yiwu,22.8
2023,Ordos,Shanghai,22.7
2023,Guilin,Hangzhou,22.7
2023,Harbin,Yancheng,22.6
2023,Dalian,Yangzhou,22.6
2023,Jinan,Wenzhou,22.3
2023,Nantong,Shenyang,22.3
2023,Mianyang,Nanjing,22.1
2023,Datong,Shanghai,22.0
2023,Wenzhou,Zunyi,22.0
2023,Qingdao,Wenzhou,21.9
2023,Huizhou,Wuxi,21.8
2023,Xi'an,Yiwu,21.7
2023,Chengdu,Lianyungang,21.5
2023,Changsha,Yancheng,21.5
2023,Hengyang,Shanghai,21.3
2023,Wenzhou,Zhuhai,21.3
2023,Liuzhou,Nanjing,21.3
2023,Chengdu,Yancheng,21.2
2023,Daqing,Shanghai,21.1
2023,Nantong,Xi'an,21.1
2023,Shenyang,Yancheng,21.0
2023,Changchun,Xuzhou,20.9
2023,Changzhou,Xiamen,20.6
2023,Dalian,Wenzhou,20.6
2023,Kunming,Taizhou,20.5
2023,Xiamen,Yangzhou,20.4
2023,Nanning,Xuzhou,20.3
2023,Ningbo,Xishuangbanna,20.3
2023,Changzhou,Dalian,20.3
2023,Beijing,Quzhou,20.2
2023,Nanjing,Zunyi,20.1
2023,Nanning,Wuxi,20.0
2023,Nanning,Ningbo,19.9
2023,Shanghai,Yulin,19.9
2023,Lhasa,Shanghai,19.8
2023,Hefei,Qingdao,19.6
2023,Nanning,Yangzhou,19.6
2023,Luzhou,Ningbo,19.6
2023,Harbin,Wuxi,19.6
2023,Shenzhen,Taizhou,19.6
2023,Nanjing,Quanzhou,19.5
2023,Ji'an,Shanghai,19.3
2023,Hangzhou,Yuncheng,19.2
2023,Zhengzhou,Zhoushan,19.1
2023,Ningbo,Shijiazhuang,19.0
2023,Dalian,Wuxi,18.9
2023,Hangzhou,Yulin,18.9
2023,Guiyang,Yiwu,18.7
2023,Yiwu,Zhuhai,18.5
2023,Hangzhou,Zhanjiang,18.5
2023,Hefei,Yantai,18.5
2023,Beijing,Changzhou,18.3
2023,Shenyang,Wenzhou,17.8
2023,Ganzhou,Hangzhou,17.8
2023,Qinhuangdao,Shanghai,17.7
2023,Mianyang,Ningbo,17.7
2023,Guilin,Hefei,17.7
2023,Taizhou,Wuhan,17.6
2023,Chengdu,Taizhou,17.6
2023,Changchun,Changzhou,17.5
2023,Nanchong,Shanghai,17.5
2023,Changzhou,Guiyang,17.5
2023,Hulunbuir,Shanghai,17.4
2023,Shenzhen,Zhoushan,17.4
2023,Luzhou,Nanjing,17.4
2023,Harbin,Huai'an,17.3
2023,Jinzhou,Shanghai,17.3
2023,Hangzhou,Weihai,17.1
2023,Ningbo,Zhuhai,17.1
2023,Shanghai,Zhangjiakou,17.1
2023,Dali,Hangzhou,17.1
2023,Wuxi,Zhuhai,17.0
2023,Beijing,Yancheng,17.0
2023,Hangzhou,Quanzhou,16.7
2023,Wenzhou,Yichang,16.6
2023,Nantong,Sanya,16.5
2023,Shanghai,Xichang,16.3
2023,Chongqing,Xuzhou,16.1
2023,Nanjing,Zhanjiang,16.1
2023,Ganzhou,Nanjing,15.9
2023,Qingdao,Zhoushan,15.8
2023,Wenzhou,Yibin,15.6
2023,Hefei,Huizhou,15.5
2023,Nanjing,Zhangjiajie,15.5
2023,Beijing,Zhoushan,15.5
2023,Harbin,Nantong,15.5
2023,Changchun,Yiwu,15.4
2023,Huai'an,Shenyang,15.2
2023,Beijing,Yangzhou,15.2
2023,Hangzhou,Tongliao,15.2
2023,Dazhou,Shanghai,15.2
2023,Nanyang,Shanghai,15.0
2023,Hefei,Zhanjiang,15.0
2023,Luoyang,Shanghai,15.0
2023,Enshi,Hangzhou,14.9
2023,Dehong,Shanghai,14.9
2023,Hangzhou,Liuzhou,14.9
2023,Nantong,Quanzhou,14.8
2023,Qingdao,Wuxi,14.8
2023,Jieyang,Ningbo,14.6
2023,Yangzhou,Zhuhai,14.4
2023,Wuhan,Zhoushan,14.4
2023,Lanzhou,Wenzhou,14.2
2023,Chengdu,Quzhou,14.2
2023,Kunming,Yancheng,14.2
2023,Nanjing,Yuncheng,14.1
2023,Dali,Nanjing,14.1
2023,Guangyuan,Hangzhou,14.1
2023,Shenyang,Zhoushan,14.1
2023,Fuyang,Haikou,14.1
2023,Xi'an,Yangzhou,14.1
2023,Chifeng,Hangzhou,14.0
2023,Shenyang,Yiwu,14.0
2023,Chifeng,Shanghai,14.0
2023,Changzhou,Sanya,14.0
2023,Dalian,Nantong,13.9
2023,Shanghai,Xiangyang,13.9
2023,Fuyang,Shenzhen,13.9
2023,Chongqing,Yancheng,13.8
2023,Beijing,Huangshan,13.8
2023,Dalian,Xuzhou,13.8
2023,Dongying,Wenzhou,13.8
2023,Changzhou,Zhuhai,13.7
2023,Ningbo,Taiyuan,13.6
2023,Changchun,Yancheng,13.6
2023,Chifeng,Nanjing,13.4
2023,Chaoyang,Shanghai,13.4
2023,Lanzhou,Yangzhou,13.3
2023,Shanghai,Tangshan,13.3
2023,Linfen,Shanghai,13.2
2023,Mianyang,Wenzhou,13.2
2023,Hohhot,Xuzhou,13.1
2023,Anqing,Haikou,13.0
2023,Quanzhou,Xuzhou,13.0
2023,Xuzhou,Zhuhai,13.0
2023,Hefei,Jieyang,13.0
2023,Ningbo,Zunyi,13.0
2023,Hangzhou,Linfen,12.9
2023,Changde,Shanghai,12.8
2023,Taizhou,Xi'an,12.7
2023,Shanghai,Xinzhou,12.7
2023,Hangzhou,Zhaotong,12.7
2023,Hefei,Yibin,12.6
2023,Lianyungang,Xiamen,12.5
2023,Dongying,Shanghai,12.4
2023,Hangzhou,Hulunbuir,12.4
2023,Quzhou,Shenzhen,12.3
2023,Taizhou,Yichang,12.3
2023,Tianjin,Zhoushan,12.3
2023,Enshi,Wenzhou,12.3
2023,Haikou,Wuxi,12.2
2023,Taiyuan,Yiwu,12.2
2023,Fuzhou,Zhoushan,12.2
2023,Shanghai,Yueyang,12.1
2023,Hefei,Quanzhou,12.0
2023,Jingzhou,Shanghai,12.0
2023,Nanjing,Tongren,12.0
2023,Bijie,Hangzhou,11.9
2023,Foshan,Wenzhou,11.9
2023,Hefei,Mianyang,11.9
2023,Wuhan,Yancheng,11.8
2023,Chongqing,Quzhou,11.8
2023,Guangzhou,Yancheng,11.7
2023,Xiamen,Xuzhou,11.7
2023,Nanjing,Shijiazhuang,11.7
2023,Beijing,Chizhou,11.7
2023,Hangzhou,Nanyang,11.7
2023,Guiyang,Yancheng,11.6
2023,Shanghai,Xingyi,11.5
2023,Chizhou,Shenzhen,11.5
2023,Hangzhou,Tongren,11.5
2023,Foshan,Fuyang,11.4
2023,Jinan,Zhoushan,11.3
2023,Linyi,Shanghai,11.3
2023,Changsha,Xuzhou,11.3
2023,Shanghai,Yanji,11.3
2023,Dehong,Hangzhou,11.3
2023,Changzhi,Shanghai,11.2
2023,Changchun,Huai'an,11.2
2023,Nantong,Zhuhai,11.1
2023,Hefei,Qionghai,11.1
2023,Huangshan,Xi'an,11.1
2023,Anqing,Beijing,11.0
2023,Shanghai,Shiyan,11.0
2023,Taizhou,Zhengzhou,10.9
2023,Harbin,Lianyungang,10.9
2023,Changsha,Changzhou,10.8
2023,Ningbo,Weihai,10.7
2023,Harbin,Zhoushan,10.7
2023,Nanjing,Yulin,10.6
2023,Wuxi,Yibin,10.6
2023,Wenzhou,Yantai,10.6
2023,Ningbo,Xingyi,10.6
2023,Chengdu,Fuyang,10.5
2023,Ningbo,Yichang,10.5
2023,Fuzhou,Huai'an,10.5
2023,Yiwu,Zhengzhou,10.5
2023,Hefei,Liuzhou,10.5
2023,Huangshan,Shenzhen,10.4
2023,Huai'an,Xiamen,10.4
2023,Nantong,Xiamen,10.3
2023,Anqing,Kunming,10.3
2023,Ningbo,Yibin,10.3
2023,Foshan,Taizhou,10.3
2023,Dehong,Nanjing,10.3
2023,Anqing,Shenzhen,10.2
2023,Tongren,Wenzhou,10.2
2023,Linfen,Nanjing,10.1
2023,Haikou,Quzhou,10.1
2023,Hangzhou,Huizhou,10.1
2023,Yantai,Zhoushan,10.1
2023,Hangzhou,Ordos,10.0
2023,Shanghai,Yingkou,10.0
2023,Linyi,Wenzhou,10.0
2023,Fuyang,Guangzhou,10.0
2023,Ningbo,Xiamen,10.0
2023,Changzhou,Jieyang,9.9
2023,Ezhou,Shanghai,9.9
2023,Guangyuan,Shanghai,9.9
2023,Enshi,Shanghai,9.9
2023,Changsha,Huai'an,9.9
2023,Haikou,Xuzhou,9.9
2023,Haikou,Yancheng,9.8
2023,Anqing,Tianjin,9.8
2023,Huai'an,Nanning,9.7
2023,Jieyang,Zhoushan,9.7
2023,Guilin,Nantong,9.6
2023,Baotou,Nanjing,9.6
2023,Rizhao,Shanghai,9.5
2023,Hulunbuir,Nanjing,9.5
2023,Nanjing,Yibin,9.5
2023,Lanzhou,Ningbo,9.5
2023,Guangzhou,Quzhou,9.5
2023,Guilin,Wenzhou,9.4
2023,Fuzhou,Wuxi,9.3
2023,Wuxi,Yuncheng,9.2
2023,Hangzhou,Yichang,9.2
2023,Xiamen,Yancheng,9.2
2023,Huai'an,Tianjin,9.1
2023,Hangzhou,Shiyan,9.1
2023,Chengdu,Huai'an,9.1
2023,Chongqing,Huangshan,9.1
2023,Haikou,Lianyungang,8.9
2023,Hefei,Ordos,8.9
2023,Ningbo,Yantai,8.9
2023,Hefei,Xishuangbanna,8.9
2023,Nanjing,Yichun,8.8
2023,Yancheng,Zhuhai,8.8
2023,Wenzhou,Yuncheng,8.8
2023,Nanjing,Xiangyang,8.8
2023,Hangzhou,Xiangyang,8.8
2023,Chizhou,Xi'an,8.7
2023,Yangzhou,Yinchuan,8.7
2023,Guiyang,Huai'an,8.6
2023,Changzhou,Yinchuan,8.6
2023,Datong,Wenzhou,8.6
2023,Changde,Hangzhou,8.6
2023,Handan,Wenzhou,8.5
2023,Ningbo,Xining,8.5
2023,Chongqing,Huai'an,8.5
2023,Beijing,Fuyang,8.5
2023,Jiuquan,Shanghai,8.5
2023,Fuyang,Kunming,8.5
2023,Handan,Shanghai,8.4
2023,Wenzhou,Xingyi,8.4
2023,Changzhou,Jinzhou,8.3
2023,Huangshan,Kunming,8.3
2023,Changzhou,Quanzhou,8.3
2023,Dalian,Lianyungang,8.3
2023,Nanchang,Yancheng,8.2
2023,Datong,Nanjing,8.2
2023,Taizhou,Tianjin,8.2
2023,Chongqing,Fuyang,8.2
2023,Haikou,Taizhou,8.2
2023,Anqing,Guangzhou,8.1
2023,Ningbo,Sanya,8.1
2023,Longnan,Shanghai,8.0
2023,Bazhong,Ningbo,8.0
2023,Hefei,Yuncheng,8.0
2023,Changchun,Lianyungang,8.0
2023,Changzhou,Xining,8.0
2023,Changsha,Lianyungang,7.9
2023,Dongying,Hangzhou,7.9
2023,Ankang,Hangzhou,7.9
2023,Guilin,Ningbo,7.8
2023,Dalian,Yancheng,7.8
2023,Shanghai,Weifang,7.8
2023,Nanjing,Weihai,7.8
2023,Baotou,Hangzhou,7.7
2023,Hefei,Zunyi,7.7
2023,Dandong,Shanghai,7.7
2023,Hangzhou,Luoyang,7.7
2023,Baoshan,Nanjing,7.7
2023,Shanghai,Tongliao,7.6
2023,Jinan,Taizhou,7.6
2023,Hanzhong,Wenzhou,7.6
2023,Dalian,Huai'an,7.6
2023,Hangzhou,Ulanhot,7.6
2023,Harbin,Yiwu,7.6
2023,Nanchong,Wenzhou,7.5
2023,Ili,Nanjing,7.5
2023,Changzhou,Qingdao,7.5
2023,Hanzhong,Shanghai,7.5
2023,Wuxi,Yingkou,7.5
2023,Lianyungang,Xi'an,7.4
2023,Hefei,Luzhou,7.4
2023,Lvliang,Shanghai,7.4
2023,Lijiang,Wuxi,7.4
2023,Xi'an,Yancheng,7.4
2023,Huai'an,Lanzhou,7.4
2023,Bazhong,Shanghai,7.3
2023,Hangzhou,Linyi,7.3
2023,Liuzhou,Wenzhou,7.3
2023,Ningbo,Xichang,7.2
2023,Anshun,Shanghai,7.2
2023,Nantong,Tianjin,7.2
2023,Dalian,Huangshan,7.2
2023,Huangshan,Xiamen,7.1
2023,Changzhou,Nanning,7.1
2023,Shanghai,Zhaotong,7.1
2023,Baotou,Ningbo,7.1
2023,Dalian,Zhoushan,7.1
2023,Fuyang,Zhoushan,7.0
2023,Quanzhou,Wuxi,7.0
2023,Nanchang,Zhoushan,7.0
2023,Kunming,Lianyungang,7.0
2023,Linyi,Ningbo,7.0
2023,Taiyuan,Yangzhou,7.0
2023,Luzhou,Wenzhou,7.0
2023,Changzhou,Taiyuan,6.9
2023,Jingdezhen,Shanghai,6.9
2023,Wenzhou,Zhoushan,6.8
2023,Yinchuan,Yiwu,6.8
2023,Fuzhou,Nantong,6.8
2023,Qingdao,Yiwu,6.7
2023,Hengyang,Wenzhou,6.7
2023,Fuzhou,Yancheng,6.7
2023,Hangzhou,Tangshan,6.6
2023,Daqing,Nanjing,6.6
2023,Hefei,Hulunbuir,6.6
2023,Hefei,Linfen,6.6
2023,Sanya,Xuzhou,6.5
2023,Kunming,Quzhou,6.5
2023,Nantong,Xining,6.5
2023,Qingdao,Quzhou,6.5
2023,Aba,Hangzhou,6.4
2023,Nanning,Yancheng,6.4
2023,Qingyang,Shanghai,6.3
2023,Guangzhou,Zhoushan,6.3
2023,Xuzhou,Yinchuan,6.3
2023,Hefei,Weihai,6.3
2023,Nantong,Yichang,6.2
2023,Beijing,Lianyungang,6.1
2023,Hangzhou,Xichang,6.1
2023,Lianyungang,Zhuhai,6.0
2023,Haikou,Yangzhou,6.0
2023,Luzhou,Wuxi,5.8
2023,Tianjin,Yiwu,5.8
2023,Hangzhou,Huaihua,5.8
2023,Hangzhou,Yan'an,5.8
2023,Sanming,Shanghai,5.8
2023,Beihai,Hefei,5.8
2023,Huangshan,Nanning,5.8
2023,Fuzhou,Xuzhou,5.7
2023,Longyan,Shanghai,5.7
2023,Changsha,Yangzhou,5.7
2023,Guilin,Yangzhou,5.7
2023,Shanghai,Yichun,5.7
2023,Nanning,Nantong,5.7
2023,Guilin,Xuzhou,5.6
2023,Bijie,Shanghai,5.6
2023,Guilin,Huai'an,5.6
2023,Changzhou,Liuzhou,5.6
2023,Shijiazhuang,Yancheng,5.6
2023,Ili,Wuxi,5.6
2023,Hohhot,Nantong,5.5
2023,Ji'an,Nanjing,5.5
2023,Beihai,Nanjing,5.5
2023,Nanning,Taizhou,5.5
2023,Guiyang,Quzhou,5.5
2023,Hangzhou,Wenshan,5.5
2023,Hengyang,Wuxi,5.5
2023,Hangzhou,Heze,5.4
2023,Hefei,Tianjin,5.4
2023,Nantong,Taiyuan,5.3
2023,Huangshan,Qingdao,5.3
2023,Fuyang,Shanghai,5.3
2023,Hengyang,Ningbo,5.3
2023,Chenzhou,Nanjing,5.3
2023,Chengde,Hefei,5.3
2023,Ankang,Shanghai,5.3
2023,Kashgar,Nanjing,5.3
2023,Wenzhou,Xiangyang,5.2
2023,Shanghai,Shaoguan,5.2
2023,Anqing,Ningbo,5.2
2023,Fuyang,Nanning,5.2
2023,Hulunbuir,Nantong,5.2
2023,Huai'an,Jieyang,5.1
2023,Anqing,Xi'an,5.1
2023,Lianyungang,Nanning,5.1
2023,Hangzhou,Qionghai,5.1
2023,Wuxi,Yantai,5.1
2023,Baishan,Nanjing,5.0
2023,Bijie,Ningbo,5.0
2023,Ji'an,Ningbo,5.0
2023,Hefei,Shijiazhuang,5.0
2023,Qionghai,Wenzhou,5.0
2023,Guangzhou,Huangshan,5.0
2023,Ningbo,Yuncheng,4.9
2023,Wenzhou,Xining,4.9
2023,Jinan,Quzhou,4.9
2023,Hangzhou,Qingyang,4.9
2023,Chenzhou,Shanghai,4.8
2023,Changzhou,Fuzhou,4.8
2023,Ankang,Changzhou,4.8
2023,Wuxi,Yichang,4.8
2023,Jieyang,Xuzhou,4.8
2023,Ningbo,Xiangyang,4.8
2023,Wuxi,Xiangyang,4.8
2023,Tongren,Wuxi,4.7
2023,Heze,Shanghai,4.7
2023,Bazhong,Yiwu,4.7
2023,Beihai,Hangzhou,4.7
2023,Enshi,Nanjing,4.7
2023,Guangyuan,Nanjing,4.7
2023,Jieyang,Yangzhou,4.6
2023,Nanjing,Sanming,4.6
2023,Changde,Wenzhou,4.6
2023,Turpan,Wuxi,4.6
2023,Changzhou,Yichang,4.6
2023,Beihai,Changzhou,4.6
2023,Hulunbuir,Wenzhou,4.6
2023,Quzhou,Zhengzhou,4.5
2023,Ningbo,Yulin,4.5
2023,Fuyang,Sanya,4.5
2023,Wuxi,Xining,4.5
2023,Chizhou,Quanzhou,4.5
2023,Chizhou,Guangzhou,4.4
2023,Nantong,Shijiazhuang,4.4
2023,Nanjing,Yingkou,4.4
2023,Ganzhou,Hefei,4.4
2023,Huangshan,Wenzhou,4.4
2023,Wenzhou,Zhangjiajie,4.4
2023,Hangzhou,Hanzhong,4.4
2023,Fuzhou,Yangzhou,4.3
2023,Dazhou,Zhoushan,4.3
2023,Dazhou,Wenzhou,4.3
2023,Beihai,Xuzhou,4.3
2023,Longyan,Nanjing,4.3
2023,Ganzhou,Ningbo,4.3
2023,Mianyang,Yangzhou,4.2
2023,Changzhou,Wenzhou,4.2
2023,Wenzhou,Yichun,4.2
2023,Linyi,Zhoushan,4.2
2023,Shanghai,Zhoushan,4.2
2023,Bazhong,Nanjing,4.2
2023,Hangzhou,Rizhao,4.2
2023,Ningbo,Yinchuan,4.2
2023,Handan,Hangzhou,4.1
2023,Guiyang,Lianyungang,4.1
2023,Hohhot,Ningbo,4.1
2023,Jingzhou,Wenzhou,4.0
2023,Ili,Shanghai,4.0
2023,Chengdu,Huangshan,4.0
2023,Jingdezhen,Ningbo,3.9
2023,Tianjin,Yangzhou,3.9
2023,Anqing,Xiamen,3.9
2023,Dali,Ningbo,3.9
2023,Shanghai,Ulanqab,3.9
2023,Ningbo,Yichun,3.9
2023,Huaihua,Shanghai,3.9
2023,Qingdao,Taizhou,3.9
2023,Wuhan,Yiwu,3.9
2023,Baotou,Hefei,3.8
2023,Huai'an,Ningbo,3.8
2023,Changzhou,Zhangjiajie,3.8
2023,Hangzhou,Longnan,3.7
2023,Quzhou,Xi'an,3.7
2023,Changzhou,Hohhot,3.7
2023,Changzhi,Hangzhou,3.7
2023,Weihai,Wenzhou,3.7
2023,Shanghai,Songyuan,3.7
2023,Lianyungang,Zhoushan,3.6
2023,Anqing,Shanghai,3.6
2023,Anqing,Chongqing,3.6
2023,Yiwu,Zunyi,3.5
2023,Aba,Changzhou,3.5
2023,Nanning,Quzhou,3.5
2023,Nantong,Yinchuan,3.5
2023,Fuzhou,Lianyungang,3.4
2023,Anqing,Changsha,3.4
2023,Hangzhou,Weifang,3.4
2023,Nanjing,Qionghai,3.4
2023,Shanghai,Tonghua,3.4
2023,Chongqing,Lianyungang,3.4
2023,Wuxi,Zunyi,3.3
2023,Wuxi,Xishuangbanna,3.3
2023,Hangzhou,Ji'an,3.3
2023,Hangzhou,Jingzhou,3.3
2023,Anqing,Guiyang,3.3
2023,Jieyang,Wenzhou,3.3
2023,Nanjing,Xingyi,3.3
2023,Huai'an,Xi'an,3.3
2023,Shanghai,Wuzhou,3.3
2023,Lianyungang,Xining,3.3
2023,Dalian,Fuyang,3.2
2023,Lianyungang,Wenzhou,3.2
2023,Yancheng,Yinchuan,3.2
2023,Wenzhou,Xinyang,3.2
2023,Dalian,Taizhou,3.2
2023,Liupanshui,Nanjing,3.2
2023,Hanzhong,Nanjing,3.2
2023,Xining,Yangzhou,3.2
2023,Hangzhou,Xinyang,3.1
2023,Guilin,Wuxi,3.1
2023,Foshan,Huai'an,3.1
2023,Fuyang,Wenzhou,3.1
2023,Chenzhou,Ningbo,3.1
2023,Heze,Wenzhou,3.1
2023,Lijiang,Quzhou,3.0
2023,Yangzhou,Zhangjiajie,3.0
2023,Quzhou,Tianjin,3.0
2023,Jinan,Yiwu,2.9
2023,Ningbo,Zhanjiang,2.9
2023,Fuyang,Xiamen,2.9
2023,Hangzhou,Xinzhou,2.9
2023,Mianyang,Nantong,2.8
2023,Hangzhou,Yueyang,2.8
2023,Nanchang,Xuzhou,2.8
2023,Lianyungang,Shijiazhuang,2.8
2023,Huai'an,Nanchang,2.8
2023,Hulunbuir,Ningbo,2.7
2023,Jieyang,Nantong,2.7
2023,Jingzhou,Wuxi,2.7
2023,Dali,Wuxi,2.7
2023,Hangzhou,Zhangjiajie,2.7
2023,Tongren,Xuzhou,2.7
2023,Changzhou,Ganzhou,2.7
2023,Lanzhou,Lianyungang,2.7
2023,Dazhou,Hangzhou,2.7
2023,Anqing,Qingdao,2.7
2023,Hangzhou,Hengyang,2.6
2023,Hengyang,Nanjing,2.6
2023,Fuyang,Tianjin,2.6
2023,Chizhou,Xiamen,2.6
2023,Shanghai,Xinyang,2.6
2023,Hohhot,Lianyungang,2.6
2023,Nanjing,Turpan,2.6
2023,Shanghai,Turpan,2.6
2023,Foshan,Hangzhou,2.5
2023,Changsha,Zhoushan,2.5
2023,Ordos,Xuzhou,2.5
2023,Changsha,Fuyang,2.5
2023,Shihezi,Wuxi,2.5
2023,Huai'an,Xining,2.5
2023,Hohhot,Huai'an,2.4
2023,Anqing,Fuzhou,2.4
2023,Wenzhou,Zhanjiang,2.4
2023,Quzhou,Zhoushan,2.3
2023,Nantong,Yibin,2.3
2023,Ningbo,Shihezi,2.3
2023,Hefei,Shanghai,2.3
2023,Anqing,Chengdu,2.3
2023,Quzhou,Taiyuan,2.3
2023,Mudanjiang,Shanghai,2.2
2023,Hulunbuir,Wuxi,2.1
2023,Shanghai,Tongren,2.1
2023,Changzhou,Xishuangbanna,2.1
2023,Foshan,Hefei,2.0
2023,Chizhou,Jieyang,2.0
2023,Qiqihar,Shanghai,1.9
2023,Dazhou,Hefei,1.9
2023,Ezhou,Wenzhou,1.9
2023,Quzhou,Zhanjiang,1.9
2023,Guilin,Lianyungang,1.9
2023,Hanzhong,Nantong,1.9
2023,Wenzhou,Xishuangbanna,1.9
2023,Aba,Wenzhou,1.9
2023,Wenzhou,Xuzhou,1.9
2023,Fuyang,Zhuhai,1.8
2023,Quzhou,Shijiazhuang,1.8
2023,Nanjing,Zhongwei,1.8
2023,Nanjing,Nanyang,1.8
2023,Baoshan,Shanghai,1.8
2023,Bijie,Nanjing,1.8
2023,Nantong,Yantai,1.7
2023,Nanjing,Qingyang,1.7
2023,Meizhou,Shanghai,1.7
2023,Lianyungang,Nanchang,1.7
2023,Hefei,Lhasa,1.7
2023,Taiyuan,Xuzhou,1.7
2023,Quzhou,Sanya,1.7
2023,Chengdu,Chizhou,1.7
2023,Fuyang,Lanzhou,1.7
2023,Lijiang,Wenzhou,1.7
2023,Nanjing,Xichang,1.7
2023,Hangzhou,Lvliang,1.6
2023,Ankang,Ningbo,1.6
2023,Huizhou,Wenzhou,1.6
2023,Wuxi,Zhanjiang,1.6
2023,Ningbo,Yancheng,1.6
2023,Lianyungang,Wuhan,1.6
2023,Huai'an,Wuhan,1.6
2023,Fuyang,Jieyang,1.5
2023,Wuhan,Wuxi,1.5
2023,Changzhou,Zunyi,1.5
2023,Longnan,Nanjing,1.5
2023,Hangzhou,Jinzhou,1.5
2023,Xuzhou,Zhoushan,1.5
2023,Hangzhou,Jining,1.5
2023,Hangzhou,Qinhuangdao,1.4
2023,Nanjing,Shanghai,1.4
2023,Fuyang,Ordos,1.4
2023,Hefei,Yichang,1.4
2023,Fuyang,Yinchuan,1.4
2023,Lianyungang,Tianjin,1.3
2023,Shenyang,Taizhou,1.3
2023,Hangzhou,Shihezi,1.3
2023,Fuyang,Guiyang,1.3
2023,Changsha,Taizhou,1.3
2023,Ezhou,Ningbo,1.3
2023,Taizhou,Yueyang,1.3
2023,Ningbo,Shanghai,1.3
2023,Luoyang,Wenzhou,1.3
2023,Nanjing,Yanji,1.2
2023,Yangzhou,Yulin,1.2
2023,Huaihua,Nanjing,1.2
2023,Anqing,Wenzhou,1.2
2023,Baishan,Hangzhou,1.2
2023,Beihai,Ningbo,1.1
2023,Quzhou,Xiamen,1.1
2023,Ningbo,Shiyan,1.1
2023,Xuzhou,Zhangjiajie,1.1
2023,Huai'an,Quanzhou,1.1
2023,Nanjing,Shaoguan,1.1
2023,Ningbo,Yingkou,1.1
2023,Changzhou,Ordos,1.1
2023,Dazhou,Nanjing,1.1
2023,Huangshan,Jieyang,1.1
2023,Chenzhou,Wenzhou,1.1
2023,Hangzhou,Tonghua,1.0
2023,Xi'an,Zhoushan,1.0
2023,Weihai,Yancheng,1.0
2023,Huangshan,Zhoushan,1.0
2023,Nanyang,Wenzhou,1.0
2023,Luoyang,Ningbo,1.0
2023,Huangshan,Zhengzhou,1.0
2023,Jining,Shanghai,1.0
2023,Chizhou,Zhoushan,0.9
2023,Beijing,Huai'an,0.9
2023,Shanghai,Wenshan,0.9
2023,Hangzhou,Shaoguan,0.9
2023,Fuyang,Fuzhou,0.9
2023,Nanchang,Ningbo,0.9
2023,Guangyuan,Hefei,0.9
2023,Fuyang,Xi'an,0.9
2023,Fuyang,Urumqi,0.9
2023,Shijiazhuang,Yangzhou,0.9
2023,Hefei,Tangshan,0.9
2023,Beihai,Quzhou,0.8
2023,Shanghai,Yan'an,0.8
2023,Shanghai,Zhangye,0.8
2023,Jieyang,Taizhou,0.8
2023,Huai'an,Taiyuan,0.8
2023,Nanyang,Ningbo,0.8
2023,Jieyang,Wuxi,0.8
2023,Dandong,Yangzhou,0.7
2023,Wenzhou,Yangzhou,0.7
2023,Ezhou,Hangzhou,0.7
2023,Fuyang,Guilin,0.7
2023,Ji'an,Wenzhou,0.7
2023,Fuyang,Ningbo,0.7
2023,Fuyang,Hohhot,0.7
2023,Changchun,Fuyang,0.6
2023,Nantong,Zhengzhou,0.6
2023,Hangzhou,Jinan,0.6
2023,Fuyang,Huizhou,0.6
2023,Ningbo,Yueyang,0.6
2023,Changzhou,Guilin,0.5
2023,Huai'an,Wenzhou,0.5
2023,Fuyang,Quanzhou,0.5
2023,Wuxi,Xinyang,0.5
2023,Fuyang,Shenyang,0.5
2023,Huai'an,Zhuhai,0.5
2023,Ulanhot,Wuxi,0.5
2023,Nantong,Wuhan,0.5
2023,Hangzhou,Qiandongnan,0.5
2023,Quzhou,Xishuangbanna,0.4
2023,Fuyang,Zhanjiang,0.4
2023,Hefei,Songyuan,0.4
2023,Changzhou,Shihezi,0.4
2023,Ordos,Yancheng,0.4
2023,Changzhou,Turpan,0.4
2023,Anshan,Shanghai,0.4
2023,Quzhou,Zhuhai,0.4
2023,Hangzhou,Yanji,0.3
2023,Quanzhou,Yancheng,0.3
2023,Lanzhou,Nantong,0.3
2023,Jinan,Ningbo,0.3
2023,Changzhou,Lanzhou,0.3
2023,Wuxi,Yan'an,0.3
2023,Huangshan,Shijiazhuang,0.3
2023,Hohhot,Taizhou,0.3
2023,Huangshan,Zhuhai,0.3
2023,Huai'an,Shijiazhuang,0.3
2023,Ningbo,Tongren,0.3
2023,Wenzhou,Yueyang,0.2
2023,Hohhot,Huangshan,0.2
2023,Lianyungang,Ordos,0.2
2023,Hefei,Kashgar,0.2
2023,Bijie,Wenzhou,0.2
2023,Hefei,Zhengzhou,0.2
2023,Changde,Nanjing,0.2
2023,Xuzhou,Yibin,0.2
2023,Fuyang,Qingdao,0.2
2023,Nanchong,Ningbo,0.2
2023,Hefei,Xichang,0.2
2023,Wenzhou,Yulin,0.2
2023,Lianyungang,Ningbo,0.1
2023,Chengde,Shanghai,0.1
2023,Ningbo,Weifang,0.1
2023,Nanjing,Zhengzhou,0.1
2023,Nanchang,Wenzhou,0.1
2023,Nanjing,Yan'an,0.1
2023,Changzhou,Tongren,0.1
2023,Chongqing,Zhoushan,0.1
2023,Chizhou,Wenzhou,0.1
2023,Lhasa,Nanjing,0.1
2023,Fuzhou,Hangzhou,0.1
2023,Wenzhou,Xiamen,0.1
2023,Ordos,Wenzhou,0.1
2023,Nanchang,Nanjing,0.1
2023,Urumqi,Xuzhou,0.0
2023,Hefei,Nanchang,0.0
2023,Wenzhou,Xichang,0.0
2023,Wenzhou,Yancheng,0.0
2023,Wenzhou,Yinchuan,0.0
2023,Sanya,Yiwu,0.0
2023,Tianjin,Yancheng,0.0
2023,Kashgar,Shanghai,0.0
2023,Nanyang,Yangzhou,0.0
2023,Nanjing,Wenzhou,0.0
2023,Changsha,Hefei,0.0
2023,Hangzhou,Huai'an,0.0
2023,Jinan,Xuzhou,0.0
2023,Baotou,Quzhou,0.0
2023,Nanjing,Wuhan,0.0
2023,Lijiang,Ningbo,0.0
2023,Fuyang,Zhengzhou,0.0
2023,Jining,Wenzhou,0.0
2023,Hefei,Jinan,0.0
2023,Bazhong,Hangzhou,0.0
2023,Lianyungang,Shanghai,0.0
2023,Hohhot,Wenzhou,0.0
2023,Huai'an,Shanghai,0.0
2023,Nanjing,Yancheng,0.0
2023,Fuzhou,Yiwu,0.0
2023,Chengdu,Zhoushan,0.0
2023,Hefei,Jingdezhen,0.0
2023,Fuyang,Wuhan,0.0
2023,Fuzhou,Ningbo,0.0
2023,Huai'an,Jinan,0.0
2023,Fuzhou,Taizhou,0.0
