prov,year,ind,ls,w,we,ws,wg,al
广东省,2008,50,1,1,1,1,1,1
广东省,2009,50,0,0,1,1,0,1
广东省,2010,50,0,0,1,0,0,0
广东省,2011,50,0,0,0,0,1,1
广东省,2012,50,0,0,0,1,1,0
广东省,2013,50,0,0,0,0,1,0
广东省,2014,50,0,0,1,0,1,1
广东省,2015,50,0,0,1,0,0,1
广东省,2016,50,0,0,1,1,0,0
广东省,2017,50,0,0,1,0,0,0
广东省,2018,50,0,1,1,1,1,0
广东省,2021,50,1,1,1,1,1,1
广东省,2022,50,1,1,1,1,1,1
广东省,2008,66,0,0,0,0,1,0
广东省,2009,66,0,0,1,0,0,0
广东省,2010,66,0,0,0,0,0,0
广东省,2011,66,0,0,0,1,1,0
广东省,2012,66,0,0,1,1,0,0
广东省,2013,66,0,0,0,0,1,0
广东省,2014,66,0,0,0,1,0,0
广东省,2015,66,0,0,1,1,0,0
广东省,2016,66,0,0,1,1,0,0
广东省,2017,66,0,0,0,1,0,0
广东省,2018,66,0,0,1,1,0,0
广东省,2019,66,0,0,1,1,0,0
广东省,2020,66,0,0,1,1,0,0
广东省,2021,66,0,1,1,1,1,0
广东省,2022,66,0,0,1,0,0,0
广东省,2007,66,0,1,1,1,1,0
广东省,2008,66,0,0,1,1,0,0
广东省,2009,66,0,0,0,1,1,0
广东省,2010,66,0,0,0,1,1,0
广东省,2011,66,0,0,0,1,1,0
广东省,2012,66,0,0,0,1,0,0
广东省,2013,66,0,0,0,1,0,0
广东省,2014,66,0,0,1,1,0,0
广东省,2015,66,0,0,1,1,0,0
广东省,2016,66,0,0,1,1,0,0
广东省,2017,66,0,0,1,1,0,0
广东省,2018,66,0,0,0,1,1,0
广东省,2019,66,0,0,1,1,0,0
广东省,2020,66,0,0,0,0,0,1
广东省,2021,66,0,0,0,1,0,1
广东省,2022,66,0,0,0,1,1,1
广东省,2008,16,0,0,0,1,0,0
广东省,2009,16,0,0,0,1,0,0
广东省,2010,16,0,0,0,1,0,0
广东省,2011,16,0,0,0,1,1,0
广东省,2012,16,0,0,0,1,0,0
广东省,2013,16,0,1,1,1,1,0
广东省,2014,16,0,0,0,0,1,0
广东省,2015,16,0,0,0,0,1,0
广东省,2016,16,0,0,0,0,1,0
广东省,2022,66,0,0,1,1,0,1
广东省,2008,36,0,0,1,0,0,1
广东省,2009,36,0,0,0,0,0,1
广东省,2010,36,0,0,0,0,0,0
广东省,2011,36,0,0,0,0,0,0
广东省,2012,36,0,0,0,1,1,0
广东省,2013,36,0,0,0,1,1,1
广东省,2014,36,0,1,1,1,1,0
广东省,2015,36,0,0,1,0,1,1
广东省,2016,36,0,0,0,1,1,0
广东省,2017,36,0,0,0,1,0,0
广东省,2019,36,0,1,1,1,1,0
广东省,2020,36,0,0,0,1,0,1
广东省,2021,36,0,0,0,0,1,0
广东省,2022,66,0,0,0,1,1,1
广东省,2022,46,0,0,0,1,0,0
广东省,2018,4,0,0,0,0,0,1
广东省,2010,46,0,0,1,0,1,0
广东省,2011,46,0,0,0,0,1,0
广东省,2012,46,0,0,0,0,0,0
广东省,2013,46,0,0,0,1,1,0
广东省,2014,46,0,0,0,1,1,0
广东省,2015,46,0,0,0,1,0,0
广东省,2016,46,0,0,0,0,0,0
广东省,2017,46,0,0,0,0,0,0
广东省,2018,46,0,0,0,1,0,0
广东省,2019,46,0,0,0,1,1,0
广东省,2020,46,0,0,1,0,1,0
广东省,2021,46,0,0,1,1,0,0
广东省,2022,46,0,1,1,1,1,0
广东省,2007,70,0,0,0,1,0,0
广东省,2008,70,0,0,0,0,1,0
广东省,2009,70,0,0,0,1,1,0
广东省,2010,68,0,0,0,0,1,0
广东省,2011,68,0,0,0,0,1,0
广东省,2012,68,0,0,0,1,1,0
广东省,2013,68,0,0,0,1,1,0
广东省,2014,68,0,0,0,1,1,0
广东省,2015,68,0,0,0,1,1,1
广东省,2016,68,0,0,0,1,1,0
广东省,2017,68,0,0,0,1,1,0
广东省,2018,68,0,0,0,1,0,1
广东省,2019,68,0,0,1,1,0,0
广东省,2020,68,0,0,0,1,0,1
广东省,2021,68,0,0,1,1,0,0
广东省,2022,68,0,0,0,1,1,1
广东省,2008,32,0,0,1,0,1,0
广东省,2009,32,0,0,0,0,0,0
广东省,2010,32,0,0,1,0,0,0
广东省,2011,32,0,0,0,0,1,0
广东省,2012,32,0,0,1,1,0,0
广东省,2013,32,0,0,1,1,0,0
广东省,2014,32,0,0,1,1,0,0
广东省,2015,32,0,0,1,1,0,0
广东省,2016,32,0,0,0,0,0,0
广东省,2017,32,0,0,1,1,0,0
广东省,2018,32,0,0,0,1,0,0
广东省,2019,32,0,0,1,1,0,0
广东省,2020,32,0,0,0,1,0,0
广东省,2022,32,0,0,0,1,0,0
广东省,2007,58,1,1,1,1,1,1
广东省,2008,58,0,0,0,0,1,1
广东省,2009,58,0,0,0,0,0,1
广东省,2010,78,0,0,0,0,0,0
广东省,2011,78,0,0,0,0,1,0
广东省,2012,78,0,0,0,0,0,0
广东省,2013,78,0,0,0,0,0,0
广东省,2014,78,0,0,0,0,0,0
广东省,2015,78,0,0,0,0,0,1
广东省,2016,78,0,0,1,0,0,0
广东省,2017,78,0,0,1,0,0,0
广东省,2018,78,0,0,0,1,1,1
广东省,2019,78,0,0,0,1,0,0
广东省,2020,78,0,0,0,0,0,1
广东省,2021,78,0,0,0,1,0,1
广东省,2022,78,0,0,0,0,0,1
广东省,2022,66,1,1,1,1,1,1
广东省,2008,66,0,0,0,0,1,0
广东省,2009,66,0,0,1,0,0,0
广东省,2010,66,0,0,1,0,0,0
广东省,2011,66,0,0,0,1,1,0
广东省,2012,66,0,0,0,1,1,0
广东省,2013,66,0,0,0,0,1,0
广东省,2014,66,0,0,0,0,1,0
广东省,2016,66,0,0,0,1,1,0
广东省,2017,66,0,0,0,1,0,0
广东省,2018,66,0,0,0,1,0,0
广东省,2019,66,0,0,0,0,0,1
广东省,2021,66,0,0,1,1,0,1
广东省,2020,78,0,0,1,0,1,0
广东省,2021,15,1,1,1,1,1,1
广东省,2022,15,0,1,1,1,1,0
广东省,2021,78,0,1,1,1,1,0
广东省,2022,78,0,0,0,0,0,1
江苏省,2014,17,0,0,1,1,0,0
江苏省,2015,17,0,0,1,1,0,0
江苏省,2016,17,0,0,0,1,0,0
江苏省,2017,17,0,1,1,1,1,0
江苏省,2018,17,0,0,1,1,0,0
江苏省,2019,17,0,0,1,1,0,0
江苏省,2020,17,0,0,1,0,0,0
江苏省,2021,17,0,0,1,0,1,1
江苏省,2022,17,0,0,1,0,1,0
广东省,2008,49,0,0,0,0,0,0
广东省,2009,49,0,0,0,0,0,1
广东省,2010,49,0,0,1,0,0,0
广东省,2011,49,0,0,1,0,0,0
广东省,2012,49,0,0,0,1,0,0
广东省,2013,49,0,0,0,0,0,0
广东省,2014,49,0,0,0,0,0,0
广东省,2015,49,0,0,0,1,0,0
广东省,2016,49,0,0,1,1,0,0
广东省,2017,49,0,1,1,1,1,0
广东省,2018,49,0,0,1,1,0,0
广东省,2019,49,0,0,1,0,0,0
广东省,2020,49,0,0,1,1,0,0
广东省,2021,49,0,0,1,0,0,0
广东省,2022,49,0,0,1,0,0,0
广东省,2012,46,0,0,0,1,1,0
广东省,2013,46,0,0,0,0,1,0
广东省,2014,46,0,0,0,0,1,1
广东省,2015,46,0,0,0,0,1,0
广东省,2016,46,0,0,0,0,1,0
广东省,2017,46,0,0,0,0,0,0
广东省,2019,46,0,0,0,0,1,0
广东省,2020,46,0,0,0,0,1,0
广东省,2018,49,0,0,0,1,1,0
广东省,2019,49,0,0,0,1,1,0
广东省,2020,49,0,0,0,0,1,0
广东省,2021,49,0,0,0,0,0,0
广东省,2022,49,0,0,0,0,1,0
辽宁省,2009,29,0,0,1,0,1,0
辽宁省,2010,29,0,0,0,0,1,0
辽宁省,2011,29,0,1,1,1,1,0
辽宁省,2012,29,0,0,0,0,0,0
辽宁省,2021,29,0,1,1,1,1,0
广东省,2008,35,0,0,0,0,1,1
广东省,2009,35,0,0,1,0,1,1
广东省,2010,35,0,0,1,0,1,1
广东省,2011,35,0,1,1,1,1,0
广东省,2012,35,0,0,1,0,1,1
广东省,2013,35,0,0,0,0,1,1
广东省,2014,35,0,0,0,0,1,0
广东省,2015,35,0,0,0,0,1,1
广东省,2016,35,0,0,0,0,1,1
广东省,2017,35,0,0,0,0,1,0
广东省,2018,35,0,0,0,1,0,0
广东省,2019,35,0,0,1,1,0,0
广东省,2020,35,0,0,0,1,0,0
广东省,2021,35,0,0,0,1,0,0
广东省,2022,35,0,0,0,1,1,1
广东省,2008,78,0,0,0,0,0,0
广东省,2009,78,0,0,0,0,1,0
广东省,2010,78,0,0,0,0,0,0
广东省,2011,78,0,0,0,0,1,0
广东省,2012,14,0,0,1,0,1,0
广东省,2013,14,0,0,0,0,0,0
广东省,2014,14,0,0,0,1,1,0
广东省,2015,14,0,0,1,0,1,0
广东省,2016,14,0,0,0,0,1,0
广东省,2017,14,0,0,1,0,1,0
广东省,2018,14,0,1,1,1,1,0
广东省,2020,14,0,0,1,0,0,0
广东省,2021,14,0,0,1,0,0,0
广东省,2022,14,0,0,0,0,0,1
广东省,2008,46,0,0,0,1,0,0
广东省,2009,46,0,0,0,0,0,0
广东省,2010,46,0,0,0,0,0,0
广东省,2011,46,0,0,0,0,0,0
广东省,2012,46,0,0,0,1,0,0
广东省,2013,46,0,0,1,1,0,0
广东省,2018,46,0,1,1,1,1,0
广东省,2020,46,0,0,1,0,1,0
北京市,2012,12,0,1,1,1,1,0
北京市,2013,12,0,0,0,1,1,1
北京市,2014,12,0,0,0,1,1,0
北京市,2015,12,0,0,0,1,1,0
北京市,2016,12,0,1,1,1,1,0
北京市,2017,12,0,0,0,1,1,0
北京市,2018,12,0,0,0,1,1,0
北京市,2019,12,0,0,0,1,1,0
北京市,2020,12,0,0,0,1,1,0
北京市,2021,12,0,0,0,1,1,0
北京市,2022,12,0,0,1,1,0,1
广东省,2010,46,0,1,1,1,1,0
广东省,2011,46,0,1,1,1,1,0
广东省,2012,46,0,1,1,1,1,0
广东省,2013,46,0,0,1,0,1,0
广东省,2014,46,0,1,1,1,1,0
广东省,2015,46,0,1,1,1,1,0
广东省,2016,46,0,1,1,1,1,0
广东省,2017,46,0,1,1,1,1,0
广东省,2018,46,0,0,1,1,0,0
广东省,2019,46,0,0,1,1,0,0
广东省,2020,46,0,0,1,1,0,0
广东省,2021,46,0,0,0,1,0,1
广东省,2022,46,0,0,0,0,0,0
广东省,2007,14,0,1,1,1,1,0
广东省,2008,14,0,0,0,0,1,0
广东省,2010,14,0,0,1,1,0,0
广东省,2011,14,0,1,1,1,1,0
广东省,2012,63,0,0,0,1,1,0
广东省,2013,63,0,0,0,0,0,0
广东省,2014,63,0,0,0,0,0,0
广东省,2015,63,0,0,0,0,0,1
广东省,2016,63,0,0,0,0,0,0
广东省,2017,63,0,0,0,1,0,0
广东省,2019,66,0,0,0,1,1,1
广东省,2020,66,0,0,1,1,0,1
广东省,2021,66,1,1,1,1,1,1
广东省,2022,66,0,0,1,1,0,0
广东省,2008,34,1,1,1,1,1,1
广东省,2009,34,1,1,1,1,1,1
广东省,2010,34,0,1,1,1,1,0
广东省,2011,34,1,1,1,1,1,1
广东省,2012,69,1,1,1,1,1,1
广东省,2013,69,0,1,1,1,1,0
广东省,2014,69,0,1,1,1,1,0
广东省,2015,69,0,1,1,1,1,0
广东省,2016,69,0,1,1,1,1,0
广东省,2017,69,1,1,1,1,1,1
广东省,2018,69,0,1,1,1,1,0
广东省,2019,69,1,1,1,1,1,1
广东省,2020,69,0,0,0,1,1,0
广东省,2021,69,0,0,0,1,0,0
广东省,2022,69,0,0,0,1,0,1
广东省,2008,34,0,0,0,0,0,0
广东省,2009,34,0,0,1,0,0,0
广东省,2010,34,0,0,0,0,0,0
广东省,2011,34,0,0,0,1,1,0
广东省,2022,3,0,0,1,0,1,1
广东省,2015,12,0,0,0,0,0,0
广东省,2016,12,0,0,0,0,0,0
广东省,2017,12,0,0,0,0,0,0
广东省,2018,12,0,0,0,1,0,1
广东省,2019,12,0,0,0,0,0,1
广东省,2020,12,0,0,1,1,0,0
广东省,2022,12,0,0,0,0,0,1
广东省,2008,46,0,0,0,1,1,0
广东省,2009,46,0,0,1,1,0,0
广东省,2010,46,0,1,1,1,1,0
广东省,2011,46,0,1,1,1,1,0
广东省,2012,46,0,1,1,1,1,0
广东省,2013,46,0,1,1,1,1,0
广东省,2014,46,0,0,0,1,0,0
广东省,2015,46,0,0,1,1,0,0
广东省,2016,46,0,0,0,1,0,0
广东省,2017,46,0,0,1,1,0,0
广东省,2018,46,0,0,0,1,0,0
广东省,2019,46,0,0,0,1,0,0
广东省,2020,46,0,0,0,1,0,0
广东省,2021,46,0,0,0,1,0,1
广东省,2022,46,0,0,1,1,0,0
四川省,2022,32,0,0,0,0,1,0
浙江省,2013,64,0,0,0,0,0,0
浙江省,2014,64,0,0,1,0,1,0
浙江省,2015,64,0,0,0,0,0,0
浙江省,2017,64,0,0,1,0,0,0
浙江省,2019,64,0,0,0,0,0,0
浙江省,2020,64,0,0,1,1,0,0
浙江省,2021,64,0,0,1,1,0,0
浙江省,2022,64,0,0,1,0,0,1
湖南省,2008,70,0,0,0,0,0,0
湖南省,2009,70,0,0,0,1,0,0
湖南省,2010,70,0,0,0,1,1,0
湖南省,2011,70,0,0,0,1,0,0
湖南省,2012,70,0,0,0,1,0,0
湖南省,2013,70,0,0,1,0,0,1
湖南省,2014,70,0,0,0,1,0,0
湖南省,2015,70,0,0,0,1,0,0
湖南省,2016,70,0,0,1,0,0,1
湖南省,2017,70,0,0,0,0,0,0
湖南省,2018,70,0,0,0,1,1,1
湖南省,2019,70,0,0,0,1,0,0
湖南省,2020,70,0,0,0,1,0,0
湖南省,2021,70,0,0,0,1,1,1
湖南省,2022,70,0,0,0,0,1,0
新疆维吾尔自治区,2015,9,0,0,0,0,1,1
新疆维吾尔自治区,2016,9,0,0,0,1,1,0
新疆维吾尔自治区,2017,9,0,0,1,0,0,1
新疆维吾尔自治区,2018,9,0,0,1,0,0,0
新疆维吾尔自治区,2019,9,0,0,1,0,1,0
新疆维吾尔自治区,2020,9,0,1,1,1,1,0
新疆维吾尔自治区,2021,9,0,0,1,0,1,0
新疆维吾尔自治区,2022,9,0,0,0,1,1,0
江苏省,2008,75,1,1,1,1,1,1
江苏省,2009,75,0,0,0,1,1,1
江苏省,2010,16,0,0,0,0,0,0
江苏省,2011,16,0,0,0,1,1,0
江苏省,2012,32,0,0,0,1,1,0
广东省,2013,19,0,0,0,1,0,0
广东省,2021,19,0,0,1,0,0,0
山东省,2008,7,0,1,1,1,1,0
山东省,2009,7,0,0,1,1,0,0
山东省,2010,7,0,0,0,1,0,0
山东省,2011,7,0,0,0,1,0,0
山东省,2012,7,0,0,0,1,0,0
山东省,2013,7,0,0,0,1,0,0
山东省,2014,7,0,0,0,0,0,0
山东省,2015,7,0,0,0,1,0,0
山东省,2016,7,0,0,0,1,0,0
山东省,2017,7,0,0,1,1,0,0
山东省,2018,7,0,0,1,0,0,0
山东省,2019,7,0,0,1,0,1,0
山东省,2020,7,0,0,1,0,1,0
山东省,2021,7,0,1,1,1,1,0
河南省,2008,19,0,0,1,0,0,1
河南省,2009,19,0,0,0,1,1,1
河南省,2010,19,0,0,0,0,1,0
河南省,2011,19,0,0,1,0,1,0
河南省,2013,19,0,0,1,0,1,1
河南省,2014,19,0,0,1,0,1,0
河南省,2015,19,0,0,1,0,1,0
河南省,2016,19,0,0,1,0,1,1
河南省,2017,19,0,1,1,1,1,0
河南省,2018,19,1,1,1,1,1,1
河南省,2019,19,0,0,1,0,1,0
河南省,2020,19,0,0,1,0,1,1
河南省,2021,19,0,0,1,0,1,1
河北省,2008,36,0,0,1,0,1,0
河北省,2009,36,0,0,1,1,0,0
河北省,2010,36,0,0,1,0,0,1
河北省,2011,36,1,1,1,1,1,1
河北省,2012,36,0,0,1,0,1,0
河北省,2013,36,0,0,1,0,1,0
河北省,2014,36,0,1,1,1,1,0
河北省,2016,36,0,0,1,0,1,1
河北省,2017,36,0,0,1,0,1,1
河北省,2018,36,0,1,1,1,1,0
河北省,2019,36,1,1,1,1,1,1
河北省,2020,36,0,1,1,1,1,0
河北省,2021,36,0,1,1,1,1,0
河北省,2022,36,0,0,1,0,0,0
北京市,2008,66,0,0,0,0,0,0
北京市,2009,66,0,0,0,0,0,1
北京市,2010,66,0,0,0,0,0,1
北京市,2011,66,0,0,0,1,1,1
北京市,2012,66,0,0,0,0,1,0
北京市,2013,66,0,0,0,0,1,1
北京市,2014,66,0,0,0,0,0,0
北京市,2015,66,0,0,0,0,0,1
北京市,2016,66,0,0,0,1,0,0
北京市,2018,66,0,0,0,0,0,0
北京市,2019,66,0,0,1,0,1,0
北京市,2020,66,0,0,0,0,0,0
北京市,2021,66,0,1,1,1,1,0
北京市,2022,66,0,0,1,1,0,1
山东省,2010,37,0,0,0,0,0,1
山东省,2011,37,0,0,0,1,0,1
山东省,2012,45,0,0,0,0,0,1
山东省,2013,45,0,0,0,1,0,1
山东省,2014,45,0,0,0,0,0,1
山东省,2015,45,0,0,0,1,0,1
山东省,2016,26,0,0,0,0,1,0
山东省,2017,26,0,0,0,0,1,1
山东省,2018,26,0,0,0,1,1,1
山东省,2019,26,0,0,0,0,1,0
山东省,2021,26,0,0,0,0,1,0
山东省,2022,26,0,0,0,1,0,0
青海省,2022,45,0,1,1,1,1,0
河北省,2015,46,0,0,0,0,1,1
新疆维吾尔自治区,2017,43,0,0,1,0,1,0
新疆维吾尔自治区,2018,43,0,1,1,1,1,0
湖北省,2008,45,0,0,1,0,1,0
湖北省,2009,45,0,0,1,0,1,0
湖北省,2010,45,1,1,1,1,1,1
湖北省,2011,45,0,0,1,1,0,1
湖北省,2012,45,0,0,0,1,1,0
湖北省,2013,45,0,0,0,1,1,1
湖北省,2016,45,0,1,1,1,1,0
湖北省,2017,45,1,1,1,1,1,1
山东省,2008,58,0,0,0,1,0,0
山东省,2009,58,0,0,1,0,1,0
山东省,2010,58,0,0,0,0,0,0
山东省,2011,58,0,1,1,1,1,0
山东省,2012,58,0,0,0,1,0,1
山东省,2013,58,0,0,0,0,0,0
山东省,2014,58,0,0,0,0,0,1
山东省,2015,58,0,0,1,0,0,1
山东省,2016,58,0,0,0,0,0,0
山东省,2019,58,0,0,0,0,0,1
山东省,2020,58,0,0,0,1,0,1
山东省,2022,58,0,0,0,1,0,1
江苏省,2008,70,0,1,1,1,1,0
江苏省,2009,70,0,1,1,1,1,0
江苏省,2010,70,0,1,1,1,1,0
江苏省,2011,70,0,1,1,1,1,0
江苏省,2012,70,0,1,1,1,1,0
江苏省,2013,70,0,0,1,1,0,0
江苏省,2014,70,0,0,1,1,0,0
江苏省,2015,70,0,0,1,1,0,0
江苏省,2016,70,0,1,1,1,1,0
江苏省,2017,70,0,1,1,1,1,0
江苏省,2018,70,0,1,1,1,1,0
江苏省,2019,70,0,0,1,0,1,0
江苏省,2020,70,0,0,1,1,0,0
江苏省,2021,70,0,0,1,0,0,0
江苏省,2022,70,0,0,1,0,0,0
广东省,2007,34,0,0,1,0,0,0
山东省,2008,57,0,0,1,0,0,1
山东省,2009,57,0,0,1,0,0,1
山东省,2010,57,0,0,0,0,0,0
山东省,2015,12,0,0,0,1,0,0
山东省,2016,12,0,0,0,1,0,0
山东省,2017,12,0,0,0,1,0,0
山东省,2018,12,0,0,0,1,0,0
山东省,2019,12,0,0,0,1,0,0
山东省,2020,12,0,1,1,1,1,0
山东省,2021,12,0,0,0,0,1,0
山东省,2022,12,0,0,1,1,0,0
海南省,2008,16,1,1,1,1,1,1
海南省,2009,16,1,1,1,1,1,1
海南省,2010,16,0,0,1,0,1,0
海南省,2011,16,0,0,1,0,1,0
海南省,2014,42,0,0,1,0,1,0
海南省,2015,42,0,0,1,0,1,1
海南省,2016,42,0,0,1,0,1,1
海南省,2017,42,0,0,1,0,1,1
海南省,2018,42,0,0,1,0,1,1
广东省,2018,58,0,0,0,0,0,0
陕西省,2007,68,0,0,0,1,0,1
陕西省,2008,68,0,0,0,0,0,1
陕西省,2009,68,0,0,1,0,1,1
陕西省,2010,68,0,0,0,0,0,1
陕西省,2011,68,0,0,0,0,0,0
陕西省,2012,68,0,0,0,0,0,1
陕西省,2013,68,0,0,0,1,0,1
陕西省,2014,68,0,0,1,1,0,1
陕西省,2015,68,0,0,0,0,0,1
陕西省,2016,68,0,0,0,0,0,1
陕西省,2017,68,0,0,0,0,0,1
陕西省,2018,28,0,0,0,0,1,1
陕西省,2019,28,0,0,0,0,0,1
陕西省,2020,28,0,0,1,0,0,1
陕西省,2021,28,0,0,1,0,0,1
陕西省,2022,28,0,0,1,0,0,1
浙江省,2013,66,0,0,0,1,1,0
浙江省,2014,66,0,0,0,1,1,0
浙江省,2015,66,0,0,0,1,1,0
浙江省,2016,66,0,0,0,1,1,0
浙江省,2017,66,0,1,1,1,1,0
浙江省,2018,66,0,0,0,1,0,0
浙江省,2019,66,0,0,0,0,1,1
湖北省,2008,29,0,0,0,0,0,1
广东省,2021,14,0,0,1,0,1,0
广东省,2022,14,0,0,1,0,1,0
广西壮族自治区,2008,70,0,0,0,1,0,0
广西壮族自治区,2009,70,0,0,1,0,0,1
广西壮族自治区,2010,70,0,0,0,0,0,0
广西壮族自治区,2011,70,0,0,0,0,1,0
广西壮族自治区,2012,70,0,0,0,0,0,0
广西壮族自治区,2013,70,0,0,0,0,0,0
广西壮族自治区,2014,70,0,0,0,0,0,0
广西壮族自治区,2015,70,0,0,1,0,0,0
广西壮族自治区,2016,70,0,0,0,0,0,0
广西壮族自治区,2017,70,0,0,0,0,0,0
广西壮族自治区,2018,70,0,0,0,1,0,0
广西壮族自治区,2019,70,0,0,0,0,0,0
广西壮族自治区,2020,70,0,0,0,0,0,0
广西壮族自治区,2021,70,0,0,0,0,0,0
广西壮族自治区,2022,70,0,0,0,0,0,0
辽宁省,2013,27,0,1,1,1,1,0
辽宁省,2014,27,0,1,1,1,1,0
辽宁省,2015,27,1,1,1,1,1,1
辽宁省,2016,27,0,1,1,1,1,0
辽宁省,2017,27,0,1,1,1,1,0
辽宁省,2018,27,1,1,1,1,1,1
辽宁省,2019,27,1,1,1,1,1,1
辽宁省,2022,27,0,0,1,1,0,1
广东省,2008,32,0,0,1,1,0,0
广东省,2009,32,1,1,1,1,1,1
广东省,2010,32,0,0,1,1,0,0
福建省,2007,19,0,1,1,1,1,0
福建省,2009,19,0,0,1,0,1,1
福建省,2010,19,0,0,1,1,0,0
福建省,2011,46,0,1,1,1,1,0
福建省,2012,46,0,1,1,1,1,0
福建省,2013,46,0,0,1,1,0,0
福建省,2014,46,0,0,1,1,0,0
福建省,2015,46,0,0,1,1,0,0
福建省,2016,46,0,0,1,1,0,0
福建省,2017,46,0,0,1,0,1,0
福建省,2018,46,0,0,0,0,1,0
福建省,2019,46,0,0,1,0,1,0
福建省,2022,46,0,0,1,1,0,1
天津市,2021,66,0,0,0,0,1,0
天津市,2022,66,0,0,0,1,1,0
云南省,2008,58,0,0,0,0,1,0
云南省,2009,58,0,0,0,0,0,0
云南省,2010,58,0,0,0,1,1,0
云南省,2011,58,0,0,0,1,1,0
云南省,2012,58,0,0,1,0,1,0
云南省,2014,58,0,0,1,0,0,0
云南省,2015,58,0,0,1,0,0,0
云南省,2016,58,0,0,0,0,1,0
云南省,2017,58,0,0,1,0,0,0
云南省,2018,58,0,0,0,0,0,1
云南省,2019,58,0,0,1,0,0,0
云南省,2020,58,0,0,0,0,0,0
云南省,2021,58,0,0,0,1,0,0
云南省,2022,58,0,0,0,1,0,0
广东省,2008,32,0,0,0,1,1,0
广东省,2009,32,0,0,0,1,0,1
广东省,2010,32,0,0,0,1,0,1
广东省,2011,32,0,0,0,1,0,1
广东省,2012,32,0,0,0,1,0,1
广东省,2013,32,0,0,0,1,0,1
广东省,2014,32,0,0,0,1,0,1
广东省,2015,32,0,0,1,1,0,1
广东省,2016,32,0,0,0,1,0,1
广东省,2017,32,0,0,0,1,0,1
广东省,2018,32,0,0,1,1,0,1
广东省,2020,32,0,0,0,1,0,1
广东省,2021,32,0,0,0,1,0,1
广东省,2022,32,0,0,0,1,0,1
广东省,2008,19,0,0,1,1,0,1
广东省,2009,19,0,1,1,1,1,0
广东省,2010,19,0,0,1,1,0,0
广东省,2011,19,0,0,1,0,0,0
河南省,2018,76,0,0,0,1,1,1
河南省,2019,76,0,0,0,0,1,0
河南省,2020,76,0,0,0,0,1,0
河南省,2021,76,0,0,0,0,1,1
河南省,2022,76,0,1,1,1,1,0
吉林省,2021,45,0,0,1,1,0,0
吉林省,2022,45,0,0,1,1,0,0
吉林省,2022,17,0,1,1,1,1,0
福建省,2007,46,0,0,1,0,1,1
福建省,2009,46,0,0,1,0,1,0
福建省,2010,46,0,0,1,0,1,0
福建省,2011,46,0,1,1,1,1,0
福建省,2012,46,0,0,1,0,0,0
福建省,2013,46,0,1,1,1,1,0
福建省,2014,46,1,1,1,1,1,1
福建省,2015,46,0,0,1,0,1,1
福建省,2016,46,0,1,1,1,1,0
福建省,2017,46,0,0,1,0,1,1
福建省,2018,46,0,0,0,1,1,0
福建省,2019,46,0,0,0,0,1,0
福建省,2020,46,0,1,1,1,1,0
福建省,2021,46,0,0,1,1,0,1
福建省,2022,46,0,0,1,1,0,1
江西省,2010,7,0,1,1,1,1,0
江西省,2011,7,0,1,1,1,1,0
江西省,2012,7,0,0,1,0,1,0
江西省,2013,7,0,0,0,1,0,0
江西省,2014,7,0,0,0,1,1,0
江西省,2015,7,0,0,0,1,1,0
江西省,2016,7,0,0,0,1,0,0
江西省,2017,7,0,1,1,1,1,0
江西省,2018,7,0,0,0,1,1,0
江西省,2019,7,0,0,0,0,1,0
江西省,2021,7,0,0,0,1,0,0
江西省,2022,7,0,0,0,0,0,0
广东省,2020,39,1,1,1,1,1,1
广东省,2021,39,0,1,1,1,1,0
广东省,2022,39,0,0,0,1,1,0
宁夏回族自治区,2022,65,0,0,1,0,0,1
浙江省,2010,7,0,1,1,1,1,0
浙江省,2011,7,0,1,1,1,1,0
浙江省,2012,7,0,1,1,1,1,0
浙江省,2013,7,0,1,1,1,1,0
浙江省,2014,7,1,1,1,1,1,1
浙江省,2015,7,0,1,1,1,1,0
浙江省,2016,7,1,1,1,1,1,1
浙江省,2017,7,1,1,1,1,1,1
浙江省,2018,7,1,1,1,1,1,1
浙江省,2019,7,1,1,1,1,1,1
浙江省,2020,7,0,0,1,0,1,1
浙江省,2021,7,0,1,1,1,1,0
浙江省,2022,7,0,1,1,1,1,0
云南省,2021,66,0,0,0,0,1,0
陕西省,2007,9,1,1,1,1,1,1
陕西省,2008,9,0,0,0,0,1,1
陕西省,2009,9,0,0,1,0,1,1
陕西省,2010,9,0,0,1,0,0,0
陕西省,2011,9,0,1,1,1,1,0
陕西省,2012,54,0,0,0,1,1,1
陕西省,2013,54,0,0,0,1,1,0
陕西省,2014,54,0,0,0,1,0,0
陕西省,2015,54,0,0,0,0,0,0
陕西省,2016,54,0,0,0,1,0,1
陕西省,2018,54,0,0,0,1,0,1
陕西省,2020,54,0,0,0,0,0,0
陕西省,2022,54,0,0,0,1,1,1
重庆市,2011,45,1,1,1,1,1,1
重庆市,2022,45,0,0,1,0,1,0
四川省,2008,4,0,0,0,1,0,0
四川省,2009,4,0,0,0,1,0,1
四川省,2010,4,0,1,1,1,1,0
四川省,2011,4,0,0,0,1,1,0
四川省,2012,4,0,0,1,1,0,0
四川省,2013,4,0,0,0,1,0,0
四川省,2014,4,0,0,1,1,0,0
四川省,2015,4,0,0,1,1,0,0
四川省,2016,4,0,0,0,0,0,0
四川省,2017,4,0,0,1,0,1,0
四川省,2018,4,0,1,1,1,1,0
四川省,2019,4,0,1,1,1,1,0
四川省,2020,4,0,0,1,0,1,0
四川省,2021,4,0,0,1,1,0,0
四川省,2022,4,0,0,1,1,0,0
江苏省,2021,27,0,1,1,1,1,0
江苏省,2022,27,0,0,1,0,1,1
江苏省,2008,27,0,0,0,1,1,1
江苏省,2009,27,0,0,1,0,1,0
江苏省,2011,27,0,0,0,0,1,0
江苏省,2012,7,0,0,1,0,1,0
江苏省,2013,7,0,0,1,0,1,1
江苏省,2014,7,1,1,1,1,1,1
江苏省,2015,7,0,0,1,0,1,1
江苏省,2016,7,0,0,0,0,1,0
江苏省,2017,7,0,0,1,0,1,0
江苏省,2018,7,0,1,1,1,1,0
江苏省,2019,7,0,1,1,1,1,0
江苏省,2020,7,0,0,1,0,1,0
江苏省,2021,7,0,0,1,0,0,0
江苏省,2022,7,0,0,1,0,0,0
广西壮族自治区,2021,77,0,0,1,0,0,0
广西壮族自治区,2022,77,0,0,1,1,0,1
福建省,2010,24,0,0,0,1,0,1
福建省,2011,24,0,0,0,0,1,0
福建省,2012,24,0,0,0,0,1,1
福建省,2013,24,0,0,0,0,1,1
福建省,2014,24,0,0,0,0,0,0
福建省,2015,24,0,0,0,0,0,0
福建省,2016,24,0,1,1,1,1,0
福建省,2017,24,0,1,1,1,1,0
福建省,2018,24,0,1,1,1,1,0
福建省,2019,24,1,1,1,1,1,1
福建省,2020,24,0,1,1,1,1,0
福建省,2021,24,0,1,1,1,1,0
福建省,2022,24,0,0,1,0,0,0
安徽省,2012,4,0,1,1,1,1,0
安徽省,2013,4,0,0,1,0,1,0
安徽省,2014,4,0,0,1,0,1,0
安徽省,2015,4,1,1,1,1,1,1
安徽省,2016,4,0,0,0,1,0,1
安徽省,2017,4,0,0,0,0,0,1
安徽省,2018,4,0,0,0,1,0,1
安徽省,2019,4,0,0,1,0,1,1
安徽省,2020,4,0,0,1,0,0,1
安徽省,2021,4,0,0,1,0,0,1
安徽省,2022,4,0,0,1,1,0,0
辽宁省,2010,58,0,0,1,0,1,0
四川省,2010,63,1,1,1,1,1,1
四川省,2011,63,0,0,0,0,0,0
四川省,2012,76,0,0,0,1,1,0
四川省,2013,76,0,0,0,1,0,1
四川省,2014,76,0,0,0,0,0,1
四川省,2015,76,0,0,1,1,0,0
四川省,2016,76,0,0,1,0,0,0
四川省,2017,76,0,0,1,0,1,0
四川省,2018,76,0,1,1,1,1,0
四川省,2020,76,0,0,1,1,0,0
四川省,2021,76,0,0,1,1,0,0
浙江省,2014,40,0,0,0,1,0,1
浙江省,2015,60,0,0,0,1,1,1
浙江省,2016,60,0,0,1,1,0,0
浙江省,2017,60,0,1,1,1,1,0
浙江省,2018,60,0,0,1,1,0,0
浙江省,2019,60,0,0,1,1,0,0
浙江省,2020,60,0,0,1,1,0,0
河南省,2008,35,1,1,1,1,1,1
河南省,2009,35,0,0,1,1,0,1
河南省,2010,35,0,1,1,1,1,0
河南省,2011,35,0,1,1,1,1,0
河南省,2012,35,0,1,1,1,1,0
新疆维吾尔自治区,2017,9,0,1,1,1,1,0
新疆维吾尔自治区,2018,9,0,0,1,0,0,0
新疆维吾尔自治区,2019,9,0,0,1,0,0,0
新疆维吾尔自治区,2020,9,0,0,1,0,0,1
新疆维吾尔自治区,2021,9,0,0,0,0,0,0
吉林省,2008,58,1,1,1,1,1,1
吉林省,2009,58,0,0,0,0,1,1
吉林省,2010,58,0,0,1,0,1,0
吉林省,2011,58,0,0,0,0,0,0
吉林省,2012,58,0,0,1,1,0,0
吉林省,2013,58,1,1,1,1,1,1
吉林省,2014,58,0,0,0,1,0,1
吉林省,2015,58,0,0,0,1,1,0
吉林省,2016,58,1,1,1,1,1,1
吉林省,2017,58,0,0,0,1,1,0
吉林省,2018,58,0,0,0,1,1,0
吉林省,2019,58,0,0,0,0,1,0
吉林省,2020,58,0,0,0,0,0,0
吉林省,2021,58,0,0,1,0,1,1
吉林省,2022,58,0,0,1,0,1,0
重庆市,2008,47,0,0,0,1,1,1
重庆市,2009,47,0,0,0,1,0,1
重庆市,2010,47,0,0,0,1,0,0
重庆市,2011,47,0,0,0,1,1,0
重庆市,2012,7,0,0,0,1,0,0
重庆市,2014,7,0,0,0,0,0,0
重庆市,2017,7,0,0,0,1,0,0
重庆市,2022,7,0,0,0,0,0,0
湖北省,2009,45,0,0,1,1,0,1
湖北省,2010,45,0,0,1,0,1,1
湖北省,2011,45,0,0,1,0,1,0
湖北省,2012,45,0,0,1,0,1,1
湖北省,2013,45,0,0,1,0,1,1
湖北省,2014,45,0,0,1,0,1,1
湖北省,2015,45,0,0,1,0,1,1
湖北省,2016,41,0,0,1,0,1,1
湖北省,2017,41,0,0,1,0,1,1
湖北省,2018,41,0,0,1,0,1,1
湖北省,2019,41,1,1,1,1,1,1
湖北省,2020,41,0,0,0,0,0,1
湖北省,2021,41,0,0,0,0,1,1
湖北省,2022,41,0,0,0,0,1,1
四川省,2008,33,0,0,1,0,0,0
四川省,2009,33,0,0,1,0,1,0
四川省,2011,33,0,0,1,0,1,0
四川省,2012,21,0,0,1,0,0,1
四川省,2013,21,0,0,0,0,0,0
四川省,2014,21,0,0,0,0,0,1
四川省,2015,21,0,0,0,0,0,0
四川省,2016,21,0,0,0,0,0,1
四川省,2018,35,0,0,0,1,0,0
四川省,2019,35,1,1,1,1,1,1
四川省,2022,35,0,0,0,0,0,1
安徽省,2008,35,1,1,1,1,1,1
安徽省,2009,35,0,0,0,1,0,0
安徽省,2010,35,0,0,0,1,0,0
安徽省,2011,35,0,0,1,0,0,0
安徽省,2012,35,0,0,0,1,0,0
安徽省,2013,35,0,0,1,0,0,0
安徽省,2014,35,0,0,0,1,0,0
安徽省,2015,35,0,0,0,1,0,0
安徽省,2016,35,0,0,0,1,0,0
安徽省,2017,35,0,0,0,1,0,1
安徽省,2018,35,0,0,0,1,0,0
安徽省,2019,35,0,0,0,1,0,0
安徽省,2020,35,0,0,0,1,0,0
安徽省,2021,35,0,0,0,1,0,1
安徽省,2022,35,0,0,0,1,0,1
福建省,2007,16,0,0,0,0,1,0
福建省,2009,16,0,0,0,0,0,0
福建省,2010,16,0,0,0,1,1,1
福建省,2015,78,0,0,0,0,0,1
宁夏回族自治区,2007,45,0,1,1,1,1,0
宁夏回族自治区,2008,45,0,0,0,0,1,0
宁夏回族自治区,2009,45,0,1,1,1,1,0
宁夏回族自治区,2010,45,0,1,1,1,1,0
宁夏回族自治区,2011,45,0,0,1,1,0,0
宁夏回族自治区,2012,45,0,0,0,1,1,0
宁夏回族自治区,2013,45,0,0,0,1,1,0
宁夏回族自治区,2014,45,0,0,0,1,1,0
宁夏回族自治区,2015,45,0,0,0,1,1,1
宁夏回族自治区,2016,45,0,0,0,1,1,0
宁夏回族自治区,2017,45,0,0,0,1,1,0
宁夏回族自治区,2018,45,0,0,0,1,1,0
宁夏回族自治区,2019,45,0,0,0,1,1,0
宁夏回族自治区,2021,45,0,0,0,1,1,0
广东省,2007,19,0,0,0,0,0,0
广东省,2008,19,0,0,0,1,1,0
广东省,2010,19,0,0,1,0,1,0
广东省,2011,19,0,0,0,0,0,0
广东省,2014,19,0,0,0,0,0,0
广东省,2015,19,0,0,0,0,0,0
广东省,2018,19,0,0,0,0,0,0
广东省,2019,19,0,0,0,0,0,0
广东省,2020,19,0,0,0,1,0,0
广东省,2021,19,0,0,0,0,0,0
广东省,2022,19,0,0,0,1,0,1
天津市,2008,34,0,1,1,1,1,0
天津市,2009,34,0,0,0,1,1,1
天津市,2010,16,0,1,1,1,1,0
天津市,2011,16,0,1,1,1,1,0
天津市,2012,78,0,0,0,0,1,0
天津市,2013,78,0,1,1,1,1,0
天津市,2014,78,0,1,1,1,1,0
天津市,2015,78,0,1,1,1,1,0
天津市,2016,78,0,1,1,1,1,0
天津市,2017,78,0,1,1,1,1,0
天津市,2018,78,0,1,1,1,1,0
天津市,2019,78,0,0,1,0,1,1
天津市,2020,78,0,1,1,1,1,0
天津市,2021,78,0,0,1,0,1,0
天津市,2022,78,0,0,1,0,0,0
山东省,2008,36,0,0,0,1,1,1
山东省,2009,36,0,0,0,1,0,0
山东省,2010,21,0,1,1,1,1,0
山东省,2011,21,0,0,0,0,0,0
山东省,2012,21,0,0,0,1,1,0
山东省,2013,21,0,1,1,1,1,0
山东省,2014,21,0,1,1,1,1,0
山东省,2015,21,1,1,1,1,1,1
山东省,2016,21,0,1,1,1,1,0
山东省,2017,21,0,1,1,1,1,0
山东省,2019,21,0,1,1,1,1,0
山东省,2020,21,1,1,1,1,1,1
山东省,2021,21,0,0,1,1,0,0
山东省,2022,21,1,1,1,1,1,1
吉林省,2019,58,0,0,1,0,1,1
吉林省,2020,58,1,1,1,1,1,1
福建省,2007,24,0,1,1,1,1,0
福建省,2008,24,0,1,1,1,1,0
福建省,2011,24,0,0,1,1,0,1
福建省,2013,24,0,0,1,1,0,0
福建省,2014,24,0,1,1,1,1,0
福建省,2015,24,0,1,1,1,1,0
福建省,2016,25,0,1,1,1,1,0
福建省,2017,25,0,0,1,0,1,0
福建省,2018,25,0,0,1,0,1,0
福建省,2019,25,0,0,1,0,1,0
福建省,2022,25,0,0,0,0,0,1
甘肃省,2015,36,0,0,0,1,0,0
甘肃省,2016,36,0,0,0,1,0,0
甘肃省,2017,36,0,0,1,1,0,0
甘肃省,2018,36,0,1,1,1,1,0
甘肃省,2019,36,0,0,0,0,0,0
甘肃省,2020,36,0,0,0,0,0,0
甘肃省,2021,36,0,0,0,0,0,0
甘肃省,2022,36,0,0,0,0,0,1
山东省,2008,70,0,0,1,1,0,1
山东省,2009,70,0,0,0,1,1,0
山东省,2010,70,0,1,1,1,1,0
山东省,2011,70,0,0,1,0,0,0
山东省,2012,70,0,0,1,0,0,0
山东省,2013,70,0,0,0,0,0,0
山东省,2014,70,0,0,1,0,0,0
山东省,2015,70,0,0,0,0,0,0
山东省,2016,70,0,0,0,0,1,0
山东省,2017,70,0,0,1,0,1,0
山东省,2018,70,0,0,0,1,1,0
山东省,2019,70,0,0,0,0,1,0
山东省,2020,70,0,0,0,0,1,0
山东省,2021,70,0,0,0,0,0,0
山东省,2022,70,0,0,0,0,0,1
江苏省,2019,31,0,1,1,1,1,0
江苏省,2021,31,0,0,1,0,1,0
江苏省,2022,31,0,0,1,1,0,1
山东省,2022,39,0,0,1,1,0,1
内蒙古自治区,2022,45,0,0,0,1,0,0
广东省,2021,76,0,0,0,0,0,0
广东省,2022,76,0,0,0,0,0,0
吉林省,2008,9,0,0,1,0,1,0
吉林省,2009,9,0,0,1,1,0,1
吉林省,2010,9,1,1,1,1,1,1
吉林省,2011,9,0,0,1,0,1,1
吉林省,2012,9,0,0,1,1,0,0
吉林省,2013,9,0,0,1,1,0,1
吉林省,2014,9,1,1,1,1,1,1
吉林省,2015,9,0,1,1,1,1,0
吉林省,2016,9,0,0,1,0,1,1
吉林省,2017,9,0,0,1,0,1,0
吉林省,2018,9,0,0,0,1,1,0
吉林省,2019,9,0,0,0,1,1,0
吉林省,2020,9,0,0,1,0,0,1
吉林省,2021,9,0,0,0,0,0,1
吉林省,2022,9,0,0,0,1,1,1
重庆市,2022,51,0,1,1,1,1,0
广东省,2008,32,0,0,1,0,1,1
广东省,2009,32,0,0,1,0,0,0
广东省,2010,32,0,0,1,0,1,0
广东省,2011,32,0,0,1,0,1,0
广东省,2012,32,0,0,1,0,1,0
广东省,2013,32,0,0,1,0,1,0
广东省,2014,32,1,1,1,1,1,1
广东省,2015,32,0,0,1,0,1,0
广东省,2016,32,0,1,1,1,1,0
广东省,2017,32,0,1,1,1,1,0
广东省,2018,32,0,1,1,1,1,0
广东省,2019,32,1,1,1,1,1,1
广东省,2020,32,0,1,1,1,1,0
广东省,2021,32,0,0,1,0,1,0
广东省,2022,32,0,0,1,0,1,1
辽宁省,2022,29,0,1,1,1,1,0
福建省,2014,78,0,0,1,0,1,0
福建省,2015,78,0,1,1,1,1,0
福建省,2016,78,0,0,1,0,1,0
福建省,2017,78,0,1,1,1,1,0
福建省,2018,78,0,1,1,1,1,0
福建省,2019,78,0,1,1,1,1,0
福建省,2020,78,0,0,1,0,1,0
福建省,2021,78,0,1,1,1,1,0
广西壮族自治区,2019,11,0,0,0,1,0,0
广西壮族自治区,2020,11,0,1,1,1,1,0
广西壮族自治区,2022,11,0,0,0,0,0,0
湖北省,2008,45,0,0,0,0,0,1
湖北省,2009,45,0,0,0,0,1,1
湖北省,2010,45,0,0,0,0,1,1
湖北省,2016,45,0,0,0,0,1,0
湖北省,2019,33,0,0,0,0,0,1
湖北省,2020,33,0,0,0,1,1,1
湖北省,2021,33,0,0,1,0,1,0
湖北省,2022,33,1,1,1,1,1,1
河北省,2008,33,0,0,0,1,0,0
河北省,2009,33,0,0,1,1,0,1
河北省,2010,33,0,0,0,0,1,0
河北省,2011,33,0,0,0,0,1,0
河北省,2012,33,0,0,0,0,1,0
河北省,2013,33,0,0,0,0,1,0
河北省,2014,33,0,0,0,0,1,1
河北省,2015,33,0,0,0,0,1,0
河北省,2016,33,0,0,0,0,1,0
河北省,2017,33,0,0,1,0,1,0
河北省,2018,33,1,1,1,1,1,1
河北省,2019,33,0,0,1,0,1,0
河北省,2020,33,0,0,1,0,1,0
河北省,2021,33,0,0,1,0,1,1
河北省,2022,33,0,0,0,0,1,1
广东省,2015,9,0,0,1,0,1,1
广东省,2016,9,0,1,1,1,1,0
广东省,2017,9,0,0,1,0,0,0
广东省,2018,9,0,0,1,1,0,0
广东省,2019,9,0,1,1,1,1,0
广东省,2020,9,0,0,1,1,0,0
广东省,2021,9,0,1,1,1,1,0
广东省,2022,9,1,1,1,1,1,1
广东省,2008,33,0,0,0,0,1,1
广东省,2009,33,0,0,0,0,1,1
广东省,2010,33,0,0,0,0,1,1
广东省,2021,33,0,0,0,1,0,0
广东省,2022,33,0,0,1,1,0,0
吉林省,2010,66,0,0,0,1,1,0
吉林省,2011,66,0,1,1,1,1,0
吉林省,2012,66,0,1,1,1,1,0
吉林省,2013,66,0,1,1,1,1,0
吉林省,2014,66,0,1,1,1,1,0
吉林省,2015,66,1,1,1,1,1,1
吉林省,2016,66,1,1,1,1,1,1
吉林省,2017,66,1,1,1,1,1,1
吉林省,2018,66,1,1,1,1,1,1
吉林省,2019,66,0,1,1,1,1,0
吉林省,2020,66,1,1,1,1,1,1
吉林省,2021,66,0,1,1,1,1,0
吉林省,2022,66,0,0,1,0,1,0
河南省,2020,60,0,0,1,0,0,0
河南省,2021,60,0,0,0,0,1,0
河南省,2022,60,0,0,0,1,0,1
北京市,2008,46,0,0,0,0,0,0
北京市,2010,46,0,0,0,1,0,0
北京市,2011,46,0,0,0,0,0,1
北京市,2013,46,0,0,0,0,0,0
北京市,2014,46,0,0,0,0,0,0
北京市,2015,46,0,0,0,0,1,0
北京市,2016,46,0,0,0,0,0,0
北京市,2017,46,0,0,0,0,0,0
北京市,2018,46,0,0,0,0,0,1
北京市,2020,46,0,0,0,1,0,0
北京市,2021,46,0,0,1,0,1,0
山东省,2008,75,0,0,0,0,0,0
山东省,2009,75,0,0,1,0,0,1
山东省,2010,75,1,1,1,1,1,1
山东省,2011,75,0,0,0,0,1,1
山东省,2012,75,0,0,1,0,1,1
山东省,2013,75,0,0,0,1,0,0
山东省,2014,75,0,0,0,1,0,0
山东省,2015,75,0,0,0,1,0,0
山东省,2016,75,0,0,0,1,0,0
山东省,2017,75,0,0,0,1,0,0
山东省,2018,75,0,0,1,1,0,0
山东省,2019,75,0,0,1,1,0,0
山东省,2020,75,0,0,1,1,0,0
山东省,2021,75,0,1,1,1,1,0
山东省,2022,75,0,0,1,1,0,0
江苏省,2009,19,0,0,1,0,1,1
江苏省,2021,46,0,0,1,1,0,0
江苏省,2022,46,0,0,1,0,1,0
安徽省,2008,9,0,0,1,1,0,1
安徽省,2009,9,1,1,1,1,1,1
安徽省,2010,9,0,0,1,0,0,0
安徽省,2011,9,0,0,1,1,0,0
安徽省,2012,9,1,1,1,1,1,1
安徽省,2013,9,0,0,1,0,1,0
安徽省,2014,9,0,0,1,0,1,0
安徽省,2017,9,0,0,0,0,0,1
安徽省,2018,9,0,0,0,1,0,0
安徽省,2019,9,0,0,0,0,0,0
安徽省,2020,9,0,0,1,0,1,1
安徽省,2021,9,0,0,1,0,1,1
北京市,2008,4,0,0,1,0,1,1
北京市,2009,4,0,0,1,0,1,1
北京市,2010,4,0,0,0,0,1,0
北京市,2011,4,0,0,0,0,1,0
北京市,2012,4,0,0,0,0,1,0
北京市,2013,4,0,1,1,1,1,0
北京市,2014,4,0,0,0,1,1,0
北京市,2015,4,0,0,0,0,1,0
北京市,2016,4,0,1,1,1,1,0
北京市,2017,4,0,1,1,1,1,0
北京市,2018,4,0,0,1,0,1,0
北京市,2019,4,0,0,1,0,1,0
北京市,2020,4,0,1,1,1,1,0
北京市,2021,4,0,1,1,1,1,0
贵州省,2022,46,0,0,1,0,1,1
海南省,2014,5,0,0,1,0,0,0
海南省,2015,5,0,1,1,1,1,0
海南省,2016,5,0,0,0,1,1,0
海南省,2017,5,0,0,0,1,1,0
海南省,2018,5,0,0,1,1,0,0
海南省,2019,5,0,0,0,1,0,0
海南省,2020,5,1,1,1,1,1,1
海南省,2021,5,0,1,1,1,1,0
海南省,2022,5,1,1,1,1,1,1
江苏省,2016,47,0,0,0,1,1,0
江苏省,2017,47,0,0,0,1,1,1
广西壮族自治区,2022,9,0,0,0,1,1,1
福建省,2007,34,0,0,0,1,1,1
福建省,2009,34,0,0,0,1,0,0
福建省,2011,78,0,0,1,1,0,0
福建省,2014,68,0,0,1,0,0,0
福建省,2015,68,0,0,1,0,0,0
福建省,2016,68,0,0,1,0,0,0
福建省,2017,68,0,0,1,0,0,0
福建省,2018,68,0,0,1,0,1,0
福建省,2019,68,0,0,1,0,1,0
福建省,2020,68,0,0,1,0,1,0
福建省,2021,68,0,0,1,0,1,0
福建省,2022,68,0,0,1,0,0,0
山东省,2017,58,0,0,0,0,0,0
山东省,2018,58,0,0,0,0,0,0
山东省,2020,58,0,0,0,0,0,0
山东省,2021,58,0,0,0,0,0,0
北京市,2008,12,0,0,0,1,1,1
北京市,2009,12,0,0,0,1,1,0
北京市,2010,51,0,0,0,0,1,0
北京市,2011,51,0,0,0,1,1,0
北京市,2012,51,0,0,0,1,1,1
北京市,2013,51,0,0,0,1,1,0
北京市,2014,51,0,0,1,0,1,0
北京市,2015,51,0,1,1,1,1,0
北京市,2016,51,1,1,1,1,1,1
北京市,2017,51,1,1,1,1,1,1
北京市,2018,51,1,1,1,1,1,1
北京市,2019,51,1,1,1,1,1,1
北京市,2020,51,1,1,1,1,1,1
北京市,2021,51,0,0,0,1,1,1
北京市,2022,51,0,0,1,1,0,0
辽宁省,2021,33,0,0,1,0,1,1
辽宁省,2022,33,0,0,0,0,0,0
西藏自治区,2011,21,1,1,1,1,1,1
西藏自治区,2012,21,0,0,1,1,0,0
西藏自治区,2013,21,0,0,1,0,0,1
西藏自治区,2014,21,1,1,1,1,1,1
西藏自治区,2015,21,1,1,1,1,1,1
西藏自治区,2016,21,1,1,1,1,1,1
西藏自治区,2017,21,0,0,1,1,0,1
西藏自治区,2018,21,0,0,1,1,0,1
西藏自治区,2020,21,0,0,0,1,0,0
西藏自治区,2021,21,0,0,0,0,1,0
西藏自治区,2022,21,0,0,1,1,0,0
陕西省,2008,47,0,0,1,0,0,1
陕西省,2009,47,0,0,1,0,1,0
陕西省,2010,47,0,0,1,0,1,0
陕西省,2011,47,0,0,1,0,1,0
陕西省,2012,47,0,0,1,0,1,0
陕西省,2013,47,0,0,1,0,1,0
陕西省,2014,47,0,0,0,1,1,0
陕西省,2015,47,0,0,0,1,1,0
陕西省,2016,47,0,0,0,0,1,0
陕西省,2017,47,0,0,0,1,1,0
陕西省,2018,47,0,0,0,0,1,0
陕西省,2019,47,0,0,0,1,1,0
陕西省,2020,47,0,0,1,0,1,0
陕西省,2021,47,0,0,1,1,0,1
陕西省,2022,47,0,0,1,1,0,0
广东省,2010,9,0,1,1,1,1,0
广东省,2011,9,0,0,0,1,0,0
广东省,2012,9,0,0,1,1,0,0
广东省,2013,9,0,0,0,0,0,1
广东省,2014,9,0,0,1,0,0,0
广东省,2018,9,0,0,1,1,0,0
广东省,2019,9,0,0,1,1,0,0
广东省,2020,9,0,0,1,1,0,0
广东省,2021,9,0,0,1,1,0,1
广东省,2022,9,0,0,1,1,0,1
江苏省,2022,27,0,0,1,1,0,1
河北省,2008,49,0,0,1,0,0,0
河北省,2009,49,0,1,1,1,1,0
河北省,2010,49,0,0,0,1,1,0
河北省,2011,49,0,0,0,1,1,0
河北省,2012,49,0,0,1,0,1,1
河北省,2013,49,0,0,0,1,0,0
河北省,2014,49,0,1,1,1,1,0
河北省,2015,49,0,0,0,1,0,0
河北省,2016,49,0,0,0,1,0,0
河北省,2017,49,0,0,0,1,1,0
河北省,2018,49,0,0,0,1,0,0
河北省,2019,49,0,0,1,1,0,0
河北省,2020,49,0,1,1,1,1,0
河北省,2021,49,0,0,0,0,1,0
湖北省,2008,9,0,0,0,1,1,1
湖北省,2009,9,0,0,0,1,0,1
湖北省,2010,9,0,0,0,1,0,0
湖北省,2011,9,0,0,0,1,0,0
湖北省,2012,9,0,0,0,1,1,0
湖北省,2013,9,0,0,1,1,0,0
湖北省,2014,9,0,0,0,1,0,1
湖北省,2015,9,0,0,0,1,0,0
湖北省,2016,9,0,0,0,1,0,0
湖北省,2021,9,0,0,1,0,0,1
湖北省,2022,9,0,0,0,1,1,1
北京市,2010,36,0,1,1,1,1,0
北京市,2011,36,0,1,1,1,1,0
北京市,2018,36,0,1,1,1,1,0
北京市,2019,36,0,1,1,1,1,0
北京市,2020,36,0,1,1,1,1,0
北京市,2021,36,0,0,0,1,0,1
北京市,2022,36,0,0,0,1,1,0
青海省,2008,45,0,0,0,0,0,0
青海省,2009,45,0,0,0,1,0,1
青海省,2010,45,0,0,0,0,0,1
青海省,2011,45,0,0,0,0,0,1
青海省,2012,45,0,0,1,0,0,1
青海省,2013,45,0,0,1,0,1,0
青海省,2014,45,0,0,0,0,1,0
青海省,2015,45,0,0,1,0,1,1
青海省,2016,45,0,0,1,0,1,0
青海省,2017,45,0,0,1,0,1,0
青海省,2018,45,0,0,0,0,0,0
青海省,2019,45,0,0,0,0,1,0
青海省,2021,45,0,0,0,0,0,1
海南省,2008,39,0,0,0,0,0,0
海南省,2009,39,0,0,0,0,1,0
海南省,2010,39,0,0,0,0,0,0
海南省,2011,39,0,0,0,1,0,0
海南省,2012,60,0,0,0,1,1,0
海南省,2013,60,0,0,0,0,0,0
海南省,2014,60,0,0,1,0,0,0
海南省,2015,60,0,0,0,1,0,0
海南省,2016,60,0,0,0,0,0,0
海南省,2017,60,0,0,0,0,1,0
海南省,2018,60,0,0,1,0,1,0
海南省,2019,60,0,0,0,0,0,0
海南省,2020,60,0,0,0,0,0,0
海南省,2021,60,0,0,1,0,0,0
福建省,2007,12,1,1,1,1,1,1
福建省,2008,12,0,0,1,0,0,1
福建省,2009,12,0,0,1,0,0,0
福建省,2010,66,0,0,1,1,0,0
福建省,2011,66,0,0,1,1,0,0
福建省,2012,66,0,0,1,1,0,0
福建省,2013,66,0,0,1,1,0,0
福建省,2014,66,0,0,1,1,0,0
福建省,2015,66,0,0,1,1,0,0
福建省,2016,66,0,0,1,1,0,0
福建省,2017,66,0,0,1,1,0,0
福建省,2018,66,0,1,1,1,1,0
福建省,2019,66,0,0,1,0,1,0
福建省,2020,66,0,1,1,1,1,0
福建省,2021,66,0,0,0,1,0,0
福建省,2022,66,0,1,1,1,1,0
吉林省,2008,7,0,0,1,1,0,0
吉林省,2009,7,0,1,1,1,1,0
吉林省,2010,7,0,1,1,1,1,0
吉林省,2011,7,0,1,1,1,1,0
吉林省,2012,7,0,0,1,0,1,1
吉林省,2013,7,0,0,1,0,1,0
吉林省,2014,7,0,1,1,1,1,0
吉林省,2015,7,0,0,0,0,0,0
吉林省,2016,7,0,0,1,0,1,0
吉林省,2017,7,0,0,1,0,0,0
吉林省,2018,7,0,0,1,0,0,0
吉林省,2019,7,0,0,0,0,0,0
吉林省,2020,7,0,0,1,1,0,0
云南省,2008,35,0,0,1,0,0,1
云南省,2011,35,0,0,0,0,0,0
云南省,2012,35,0,0,0,0,0,0
云南省,2013,35,0,0,0,0,0,0
云南省,2018,35,0,0,1,0,0,1
云南省,2019,35,0,0,0,0,0,0
云南省,2020,35,0,0,0,1,0,0
云南省,2022,35,0,0,0,0,0,1
四川省,2022,46,0,0,1,0,0,1
宁夏回族自治区,2009,57,0,1,1,1,1,0
宁夏回族自治区,2010,57,0,1,1,1,1,0
宁夏回族自治区,2011,57,0,1,1,1,1,0
宁夏回族自治区,2014,57,0,1,1,1,1,0
宁夏回族自治区,2015,57,0,1,1,1,1,0
宁夏回族自治区,2016,57,0,1,1,1,1,0
宁夏回族自治区,2017,57,1,1,1,1,1,1
宁夏回族自治区,2018,57,1,1,1,1,1,1
宁夏回族自治区,2019,57,1,1,1,1,1,1
宁夏回族自治区,2020,57,1,1,1,1,1,1
宁夏回族自治区,2021,57,1,1,1,1,1,1
宁夏回族自治区,2022,57,1,1,1,1,1,1
湖南省,2008,29,1,1,1,1,1,1
湖南省,2009,29,0,0,0,1,0,0
湖南省,2010,29,0,0,1,1,0,0
湖南省,2011,29,0,0,1,0,0,0
湖南省,2012,29,0,1,1,1,1,0
湖南省,2015,29,0,0,1,0,1,0
湖南省,2016,29,0,0,1,0,1,0
湖南省,2017,29,0,1,1,1,1,0
湖南省,2018,29,1,1,1,1,1,1
湖南省,2019,29,0,0,1,0,1,0
湖南省,2020,29,1,1,1,1,1,1
湖南省,2021,29,0,1,1,1,1,0
湖南省,2022,29,0,1,1,1,1,0
山东省,2008,45,1,1,1,1,1,1
山东省,2009,45,0,0,0,0,0,0
山西省,2009,33,0,0,0,0,0,0
山西省,2010,33,0,0,0,0,1,0
山西省,2012,33,0,0,0,0,0,1
山西省,2013,33,0,0,0,0,1,1
山西省,2014,33,0,0,1,0,1,1
山西省,2015,33,0,0,0,0,1,0
山西省,2016,33,0,0,1,0,0,0
山西省,2017,33,0,0,1,0,1,0
山西省,2018,33,0,0,0,1,1,1
山西省,2019,33,0,0,0,0,1,0
山西省,2020,33,0,0,1,0,1,0
山西省,2021,33,0,0,1,0,1,0
山西省,2022,33,0,0,0,0,0,0
湖北省,2012,17,0,0,0,0,0,1
湖北省,2013,17,0,0,0,1,0,0
湖北省,2014,17,0,0,0,0,1,1
湖北省,2015,17,0,0,0,1,1,1
湖北省,2016,17,0,0,0,1,0,0
湖北省,2017,17,1,1,1,1,1,1
湖北省,2018,17,1,1,1,1,1,1
湖北省,2019,17,0,0,0,1,1,0
江西省,2010,68,0,1,1,1,1,0
江西省,2011,68,0,1,1,1,1,0
山西省,2008,35,0,0,0,1,0,0
山西省,2009,35,0,0,0,1,0,1
山西省,2013,35,0,0,1,0,1,0
山西省,2014,35,0,0,1,0,0,0
山西省,2015,35,1,1,1,1,1,1
广西壮族自治区,2022,16,0,1,1,1,1,0
四川省,2008,23,0,0,1,1,0,0
四川省,2009,23,0,0,1,1,0,0
四川省,2010,23,0,0,0,1,0,0
四川省,2011,23,0,0,1,1,0,0
四川省,2014,4,0,0,1,1,0,0
四川省,2016,4,0,0,0,1,0,0
四川省,2017,4,0,0,0,1,0,0
四川省,2018,4,0,0,0,1,0,0
四川省,2019,4,0,0,0,1,0,0
四川省,2020,4,0,0,0,1,1,0
四川省,2021,4,0,0,0,1,0,0
四川省,2022,4,0,0,1,1,0,0
北京市,2018,4,0,0,0,0,0,1
北京市,2019,4,0,0,0,1,0,1
北京市,2020,4,1,1,1,1,1,1
广东省,2009,36,1,1,1,1,1,1
广东省,2010,68,0,1,1,1,1,0
广东省,2011,68,0,1,1,1,1,0
广东省,2012,66,0,1,1,1,1,0
广东省,2013,14,0,0,1,0,1,1
广东省,2014,14,0,0,1,0,0,0
广东省,2015,14,0,0,0,0,1,1
广东省,2016,14,0,0,0,0,1,1
广东省,2017,14,0,0,0,0,1,0
广东省,2018,14,0,0,1,0,1,1
广东省,2019,14,0,0,0,1,1,0
广东省,2020,14,0,0,0,1,1,1
广东省,2021,14,0,0,0,1,1,1
广东省,2022,14,0,0,0,0,1,1
宁夏回族自治区,2022,32,0,0,0,1,1,0
山东省,2008,4,1,1,1,1,1,1
山东省,2009,4,1,1,1,1,1,1
山东省,2010,4,0,0,0,1,1,1
山东省,2011,4,0,0,1,1,0,1
山东省,2012,4,0,0,1,1,0,1
山东省,2013,4,0,0,1,1,0,1
山东省,2014,4,0,0,1,1,0,1
山东省,2015,4,0,0,1,1,0,1
山东省,2016,4,0,0,1,1,0,1
山东省,2017,4,0,0,0,1,0,1
山东省,2018,4,0,0,0,1,0,1
山东省,2019,4,0,0,0,1,0,1
山东省,2020,4,0,0,0,1,0,1
山东省,2021,4,0,0,0,1,0,0
山东省,2022,4,0,0,0,1,0,0
吉林省,2007,32,0,0,1,1,0,1
四川省,2008,1,0,0,0,0,1,0
四川省,2009,1,0,0,0,0,0,0
四川省,2010,1,0,0,0,0,1,0
四川省,2011,1,0,0,0,0,0,0
四川省,2012,1,0,0,0,0,0,1
四川省,2013,1,0,0,0,0,0,1
四川省,2014,1,0,0,0,1,1,0
四川省,2015,1,0,0,0,1,0,0
四川省,2016,1,0,0,0,1,0,0
四川省,2017,1,0,0,0,1,0,0
四川省,2018,1,0,0,0,0,0,0
四川省,2019,1,0,0,0,0,0,0
四川省,2022,1,0,0,0,1,1,0
新疆维吾尔自治区,2011,36,0,0,0,0,1,0
新疆维吾尔自治区,2012,36,0,0,0,1,0,1
新疆维吾尔自治区,2013,36,0,0,1,1,0,0
新疆维吾尔自治区,2022,36,0,0,1,1,0,0
云南省,2007,35,0,0,0,1,0,1
云南省,2008,35,0,0,1,0,0,1
云南省,2009,35,0,0,1,0,0,0
云南省,2010,35,0,0,1,1,0,0
云南省,2011,35,1,1,1,1,1,1
云南省,2012,35,0,0,1,0,1,1
云南省,2013,35,0,0,0,1,1,1
云南省,2014,35,0,0,1,1,0,1
云南省,2015,35,0,0,0,0,0,0
云南省,2016,35,0,0,0,0,0,0
云南省,2017,35,0,0,1,1,0,0
云南省,2018,35,0,0,0,1,0,1
云南省,2019,35,0,0,0,1,0,0
云南省,2022,35,0,0,1,1,0,0
山东省,2021,27,0,0,0,0,0,1
山东省,2022,27,0,0,0,0,1,1
辽宁省,2009,16,0,0,1,0,1,0
辽宁省,2010,16,0,0,0,0,1,0
辽宁省,2011,16,0,0,1,0,0,0
辽宁省,2012,16,0,1,1,1,1,0
辽宁省,2013,16,0,0,1,0,1,0
辽宁省,2014,16,0,0,0,1,1,0
辽宁省,2015,16,0,0,1,1,0,0
辽宁省,2016,16,0,1,1,1,1,0
辽宁省,2017,16,0,1,1,1,1,0
辽宁省,2018,45,1,1,1,1,1,1
辽宁省,2019,45,0,0,1,0,1,0
辽宁省,2020,45,0,1,1,1,1,0
辽宁省,2021,45,0,0,0,1,1,0
湖北省,2015,32,0,0,0,1,0,0
湖北省,2016,32,0,0,0,1,0,0
湖北省,2017,32,0,0,1,1,0,0
湖北省,2018,32,0,0,1,0,0,0
湖北省,2019,32,0,0,1,1,0,0
湖北省,2020,32,0,0,1,1,0,0
湖北省,2021,32,0,0,1,1,0,0
河南省,2011,36,0,0,1,0,0,0
河南省,2012,36,0,0,1,0,0,0
河南省,2013,36,0,0,1,0,0,1
河南省,2014,36,0,0,1,0,0,0
河南省,2015,36,0,0,1,0,0,1
安徽省,2022,37,0,0,1,1,0,0
重庆市,2021,64,0,0,0,1,1,1
重庆市,2022,64,0,0,0,1,1,1
河南省,2008,1,0,1,1,1,1,0
河南省,2009,1,0,1,1,1,1,0
河南省,2010,1,0,0,1,1,0,0
河南省,2011,1,0,0,1,1,0,0
河南省,2012,1,0,0,0,1,1,0
河南省,2013,1,0,0,0,1,0,1
河南省,2014,1,0,0,0,1,1,0
河南省,2015,1,0,0,0,1,1,0
河南省,2016,1,0,0,0,1,0,0
河南省,2017,1,0,0,1,0,0,0
河南省,2018,1,0,0,1,1,0,1
河南省,2019,1,0,0,0,1,0,1
河南省,2020,1,0,0,0,1,0,0
河南省,2021,1,0,0,0,1,1,0
河南省,2022,1,0,1,1,1,1,0
天津市,2008,63,0,0,1,1,0,1
天津市,2009,63,1,1,1,1,1,1
天津市,2010,66,0,1,1,1,1,0
辽宁省,2008,33,0,1,1,1,1,0
辽宁省,2009,33,0,0,1,1,0,1
辽宁省,2010,33,0,0,1,1,0,0
辽宁省,2011,33,0,0,0,0,0,0
辽宁省,2012,33,1,1,1,1,1,1
辽宁省,2013,33,0,0,0,1,1,0
辽宁省,2014,33,0,0,0,1,0,0
辽宁省,2015,33,0,0,0,1,0,0
辽宁省,2016,33,0,0,0,1,1,1
辽宁省,2017,33,0,0,0,1,0,1
辽宁省,2018,33,0,0,0,1,0,1
辽宁省,2019,33,0,0,1,1,0,1
辽宁省,2020,33,0,0,1,1,0,1
辽宁省,2021,33,0,0,1,1,0,1
辽宁省,2022,33,0,0,1,1,0,0
湖南省,2008,34,0,0,1,1,0,1
湖南省,2009,34,0,0,1,0,0,0
湖南省,2010,34,0,0,0,0,0,0
湖南省,2011,34,0,0,1,1,0,0
湖南省,2012,69,0,0,1,1,0,0
湖南省,2013,69,0,0,1,1,0,1
湖南省,2014,69,0,0,1,0,0,1
湖北省,2014,45,0,1,1,1,1,0
云南省,2015,27,0,0,1,0,0,0
云南省,2017,27,0,0,1,0,1,1
浙江省,2021,78,0,0,0,1,1,0
浙江省,2022,78,0,0,0,0,1,0
广西壮族自治区,2008,1,0,0,1,1,0,0
四川省,2008,45,0,0,1,0,0,0
四川省,2009,45,0,0,1,0,1,0
浙江省,2022,47,1,1,1,1,1,1
湖南省,2008,64,0,1,1,1,1,0
湖南省,2009,64,1,1,1,1,1,1
湖南省,2010,64,0,1,1,1,1,0
湖南省,2011,64,0,1,1,1,1,0
湖南省,2012,73,0,1,1,1,1,0
湖南省,2013,73,0,1,1,1,1,0
湖南省,2014,73,0,0,1,0,1,0
湖南省,2015,73,0,0,1,0,1,1
湖南省,2016,73,0,1,1,1,1,0
湖南省,2017,73,1,1,1,1,1,1
湖南省,2018,73,0,0,1,0,1,0
湖南省,2019,73,0,0,0,0,1,1
湖南省,2020,73,0,0,1,0,1,1
湖南省,2022,73,0,0,0,0,0,1
江苏省,2019,58,0,0,0,0,0,0
江苏省,2020,58,0,0,0,0,0,0
江苏省,2021,58,0,0,0,0,0,0
江苏省,2022,58,0,0,0,0,0,1
广东省,2018,19,0,0,1,1,0,0
河北省,2020,21,0,0,1,0,1,0
河北省,2021,21,0,0,1,0,1,1
浙江省,2017,70,0,0,1,0,1,0
浙江省,2018,70,0,0,0,0,1,0
浙江省,2019,70,0,0,0,0,0,0
浙江省,2020,70,0,0,0,1,0,0
浙江省,2021,70,0,0,0,0,0,0
浙江省,2022,70,0,0,0,0,0,1
天津市,2010,7,0,0,0,0,1,0
天津市,2011,7,0,0,0,0,1,0
天津市,2012,7,0,0,0,1,1,0
天津市,2013,7,0,0,0,1,1,0
天津市,2014,7,0,0,0,1,1,0
天津市,2015,7,0,0,0,1,1,0
天津市,2016,7,0,0,0,1,1,0
天津市,2017,7,0,0,0,1,1,0
天津市,2018,7,0,0,0,1,1,0
天津市,2019,7,1,1,1,1,1,1
天津市,2021,78,0,0,1,0,0,0
天津市,2022,78,0,0,1,0,1,0
吉林省,2022,12,0,0,1,0,0,0
安徽省,2008,23,0,0,0,0,1,1
安徽省,2009,23,0,0,0,0,1,1
安徽省,2015,45,0,0,1,0,1,0
湖南省,2008,33,0,0,1,0,0,1
湖南省,2009,33,0,0,0,1,0,1
湖南省,2010,33,0,0,0,1,0,1
湖南省,2011,33,0,0,0,1,0,1
湖南省,2020,33,0,0,0,1,0,0
湖南省,2021,33,0,0,0,1,0,0
湖南省,2022,33,0,0,0,0,1,1
河南省,2008,35,0,0,0,1,1,0
河南省,2009,35,0,0,0,1,1,1
河南省,2010,35,0,0,0,1,0,0
河南省,2011,35,0,0,0,1,0,0
河南省,2012,35,0,1,1,1,1,0
河南省,2013,35,0,0,1,1,0,0
河南省,2014,35,0,0,1,1,0,0
河南省,2015,35,0,0,0,1,1,0
河南省,2016,35,0,1,1,1,1,0
河南省,2017,35,0,0,0,1,1,0
河南省,2018,35,0,1,1,1,1,0
河南省,2019,35,0,0,0,1,1,0
河南省,2020,35,0,0,0,1,1,0
河南省,2021,35,0,0,0,1,1,0
河南省,2022,35,0,0,0,1,0,0
河北省,2008,13,0,0,0,1,1,1
河北省,2009,13,0,0,0,1,0,0
河北省,2010,13,0,0,0,0,0,0
河北省,2011,13,0,0,0,0,1,0
河北省,2012,13,0,0,1,1,0,0
河北省,2013,13,0,0,0,1,0,0
河北省,2014,13,0,0,0,0,1,0
河北省,2015,13,0,0,0,1,0,0
河北省,2021,13,0,0,0,0,0,0
北京市,2017,46,0,0,0,0,1,0
北京市,2018,46,0,0,0,1,1,0
北京市,2019,46,0,0,0,0,1,1
北京市,2020,46,0,0,0,1,1,1
北京市,2021,46,0,0,0,0,1,0
北京市,2022,46,0,0,0,0,0,1
云南省,2022,39,0,0,1,1,0,0
重庆市,2013,45,0,0,0,0,1,1
重庆市,2014,45,0,0,0,0,0,1
重庆市,2015,45,0,0,0,0,0,1
重庆市,2018,78,0,0,1,0,0,0
重庆市,2021,78,0,0,0,0,0,0
重庆市,2022,78,0,0,0,0,0,1
湖北省,2008,58,0,0,1,1,0,1
湖北省,2009,58,0,1,1,1,1,0
湖北省,2010,58,0,1,1,1,1,0
山东省,2022,7,0,0,1,1,0,1
北京市,2008,33,0,0,0,1,1,1
北京市,2009,33,0,0,0,0,1,1
北京市,2010,33,0,0,0,0,0,1
北京市,2019,33,0,0,1,0,0,0
北京市,2020,33,0,0,1,0,1,0
北京市,2021,33,0,0,1,0,0,1
北京市,2022,33,0,0,1,0,0,1
云南省,2008,35,0,0,1,1,0,1
云南省,2009,35,0,0,1,0,0,0
云南省,2010,35,0,0,0,0,1,0
云南省,2011,35,0,0,0,0,0,0
云南省,2012,35,0,0,0,0,1,0
云南省,2013,35,0,0,0,0,1,0
云南省,2014,35,0,0,1,0,1,0
云南省,2015,35,0,1,1,1,1,0
云南省,2016,35,0,0,1,1,0,0
云南省,2017,35,0,0,1,0,0,1
云南省,2019,35,0,0,0,0,0,0
云南省,2020,35,0,0,0,0,0,0
云南省,2022,35,0,1,1,1,1,0
宁夏回族自治区,2007,35,0,0,1,0,1,0
宁夏回族自治区,2008,35,0,0,1,1,0,1
宁夏回族自治区,2009,35,1,1,1,1,1,1
宁夏回族自治区,2010,35,0,0,1,1,0,0
宁夏回族自治区,2011,35,0,1,1,1,1,0
宁夏回族自治区,2012,35,0,0,0,0,0,0
宁夏回族自治区,2013,35,0,1,1,1,1,0
宁夏回族自治区,2014,35,0,1,1,1,1,0
宁夏回族自治区,2015,35,0,0,1,1,0,0
宁夏回族自治区,2016,35,0,0,1,1,0,0
宁夏回族自治区,2017,35,0,0,1,1,0,0
宁夏回族自治区,2019,35,0,0,1,1,0,0
宁夏回族自治区,2020,35,0,0,1,1,0,0
宁夏回族自治区,2021,35,0,0,1,1,0,0
宁夏回族自治区,2022,35,0,0,1,1,0,0
浙江省,2017,68,0,0,1,0,0,0
浙江省,2018,68,0,0,0,1,1,0
浙江省,2019,68,1,1,1,1,1,1
浙江省,2020,68,0,1,1,1,1,0
浙江省,2021,68,0,0,0,0,1,0
浙江省,2022,68,0,0,0,1,1,0
湖北省,2021,32,0,0,0,1,1,1
湖北省,2022,32,0,0,1,0,0,0
浙江省,2021,17,0,0,0,1,1,1
浙江省,2022,17,0,0,0,0,0,0
山西省,2008,13,0,0,1,0,1,1
山西省,2009,13,0,1,1,1,1,0
山西省,2010,13,0,0,1,0,0,0
山西省,2011,13,0,0,1,1,0,0
山西省,2012,29,0,0,1,1,0,1
山西省,2013,29,0,0,1,1,0,1
山西省,2014,29,0,0,0,1,1,0
山西省,2015,13,1,1,1,1,1,1
山西省,2016,13,0,0,1,0,0,1
山西省,2017,53,0,0,0,0,0,1
山西省,2018,53,0,0,0,0,0,1
山西省,2019,53,1,1,1,1,1,1
山西省,2020,53,0,0,0,0,1,1
山西省,2021,53,0,0,0,0,0,1
山西省,2022,53,0,0,1,1,0,0
北京市,2008,55,0,0,0,1,0,1
北京市,2009,55,0,0,0,0,0,0
北京市,2010,55,0,0,1,0,0,1
北京市,2011,49,0,1,1,1,1,0
北京市,2012,49,0,0,1,0,1,0
北京市,2013,49,0,0,1,0,1,1
北京市,2014,49,0,1,1,1,1,0
北京市,2015,49,0,0,1,0,1,0
北京市,2016,49,0,0,1,0,1,0
北京市,2017,49,0,0,1,0,0,0
北京市,2018,49,0,0,1,0,1,0
北京市,2019,49,0,0,1,0,1,0
北京市,2020,49,0,0,1,0,1,0
北京市,2021,49,0,0,1,0,1,0
北京市,2022,49,0,0,0,0,1,1
北京市,2011,46,0,0,0,0,0,0
北京市,2012,46,0,0,0,0,0,0
北京市,2013,46,0,0,0,0,0,1
北京市,2014,46,0,0,0,0,0,1
北京市,2015,46,0,0,0,0,0,0
北京市,2016,46,0,0,0,0,0,0
北京市,2017,46,0,0,0,0,0,0
北京市,2018,46,0,0,1,0,0,0
北京市,2019,46,0,0,1,0,0,0
北京市,2020,46,0,0,1,0,0,0
北京市,2021,46,0,0,1,0,0,1
新疆维吾尔自治区,2009,2,0,1,1,1,1,0
山东省,2014,46,0,0,0,0,0,0
山东省,2015,46,0,0,0,0,0,0
山东省,2016,46,0,0,0,0,0,0
山东省,2017,46,0,0,0,0,0,1
山东省,2018,46,0,0,0,0,0,0
山东省,2019,46,0,0,0,1,0,0
山东省,2020,46,0,0,1,0,0,0
山东省,2021,46,0,0,1,0,1,0
山东省,2022,46,0,0,1,0,1,1
甘肃省,2011,66,0,0,0,0,0,0
甘肃省,2013,66,0,0,0,1,1,0
甘肃省,2016,66,0,0,0,0,1,0
甘肃省,2017,66,0,0,0,1,1,1
山西省,2008,13,0,0,1,1,0,0
山西省,2009,13,0,0,1,0,1,0
山西省,2010,13,1,1,1,1,1,1
山西省,2011,13,0,1,1,1,1,0
山西省,2012,13,0,1,1,1,1,0
山西省,2013,13,0,1,1,1,1,0
山西省,2014,13,1,1,1,1,1,1
山西省,2015,13,1,1,1,1,1,1
山西省,2016,13,0,1,1,1,1,0
山西省,2017,13,0,1,1,1,1,0
山西省,2018,13,0,1,1,1,1,0
山西省,2019,13,0,1,1,1,1,0
山西省,2020,13,1,1,1,1,1,1
山西省,2021,13,1,1,1,1,1,1
山西省,2022,13,0,0,1,1,0,0
黑龙江省,2022,45,0,1,1,1,1,0
湖北省,2016,46,0,1,1,1,1,0
湖北省,2017,46,0,0,0,0,0,0
湖北省,2018,46,0,0,0,1,1,0
湖北省,2019,46,0,0,0,0,1,0
湖北省,2020,46,0,0,0,1,0,0
湖北省,2021,46,0,0,1,0,0,0
湖北省,2022,46,0,0,1,0,1,1
福建省,2007,32,0,0,0,0,1,1
福建省,2012,32,0,1,1,1,1,0
福建省,2013,32,0,1,1,1,1,0
福建省,2014,32,0,1,1,1,1,0
福建省,2015,32,0,1,1,1,1,0
福建省,2016,32,0,1,1,1,1,0
福建省,2017,32,1,1,1,1,1,1
福建省,2018,32,0,1,1,1,1,0
福建省,2019,32,0,0,0,1,0,0
福建省,2022,32,0,0,0,1,0,0
福建省,2007,39,0,1,1,1,1,0
福建省,2008,39,0,1,1,1,1,0
福建省,2009,39,0,1,1,1,1,0
福建省,2010,39,0,1,1,1,1,0
福建省,2011,39,0,1,1,1,1,0
福建省,2012,39,0,1,1,1,1,0
福建省,2013,39,1,1,1,1,1,1
福建省,2014,39,0,1,1,1,1,0
福建省,2015,39,1,1,1,1,1,1
福建省,2016,39,0,1,1,1,1,0
福建省,2017,39,0,1,1,1,1,0
福建省,2018,39,1,1,1,1,1,1
福建省,2019,39,0,1,1,1,1,0
福建省,2020,39,0,1,1,1,1,0
福建省,2021,39,0,1,1,1,1,0
福建省,2022,39,1,1,1,1,1,1
广东省,2009,58,0,0,0,1,1,1
广东省,2010,58,0,0,1,1,0,0
广东省,2011,58,0,0,1,1,0,0
广东省,2014,58,0,0,0,1,0,0
广东省,2015,58,0,0,0,1,1,0
广东省,2016,58,0,0,0,1,1,0
广东省,2017,58,0,0,0,1,1,0
广东省,2018,58,0,0,1,1,0,0
广东省,2020,58,0,0,0,1,0,0
广东省,2021,5,0,0,0,0,0,1
广东省,2022,5,0,0,0,0,0,0
湖南省,2022,19,0,0,1,1,0,1
甘肃省,2022,50,0,0,0,0,0,1
江苏省,2022,9,0,0,1,0,0,1
新疆维吾尔自治区,2022,32,0,0,0,0,0,1
湖北省,2022,12,0,1,1,1,1,0
北京市,2022,32,0,0,1,0,1,1
广东省,2022,36,0,0,1,0,1,0
广东省,2022,25,0,0,1,1,0,0
广东省,2019,77,0,0,0,1,0,1
广东省,2020,77,0,0,1,1,0,1
广东省,2021,77,0,0,1,0,0,0
天津市,2019,69,0,0,0,1,1,0
天津市,2020,69,0,0,1,0,1,0
天津市,2021,69,0,1,1,1,1,0
天津市,2022,69,0,0,1,1,0,0
广东省,2016,66,0,0,1,1,0,1
广东省,2017,66,0,0,1,0,0,0
广东省,2018,66,0,0,1,1,0,0
广东省,2019,66,0,0,1,1,0,0
广东省,2020,66,0,0,1,1,0,0
广东省,2021,66,0,0,1,1,0,0
浙江省,2008,45,0,0,1,1,0,0
浙江省,2009,45,0,0,1,1,0,1
浙江省,2010,45,0,0,1,1,0,1
浙江省,2011,58,0,0,1,1,0,0
浙江省,2012,58,0,0,1,1,0,0
浙江省,2013,58,0,0,1,1,0,0
浙江省,2014,58,0,0,1,1,0,0
浙江省,2015,58,0,0,1,1,0,0
浙江省,2016,58,0,0,1,1,0,0
浙江省,2017,58,0,0,0,1,0,0
浙江省,2018,58,0,0,1,1,0,0
浙江省,2019,58,0,0,1,1,0,0
浙江省,2020,58,0,0,1,1,0,0
浙江省,2021,58,0,0,0,0,1,0
浙江省,2022,58,0,0,0,0,1,0
浙江省,2008,55,0,0,1,0,1,0
浙江省,2009,55,0,0,1,0,1,0
浙江省,2010,55,0,1,1,1,1,0
浙江省,2011,55,0,0,0,0,0,0
浙江省,2012,74,0,0,1,0,0,1
浙江省,2013,74,0,0,1,0,0,0
浙江省,2014,74,0,0,1,0,1,0
浙江省,2015,74,0,0,1,0,0,0
浙江省,2016,74,0,0,1,0,1,0
浙江省,2017,74,0,0,1,0,1,0
浙江省,2018,74,0,0,1,0,1,0
浙江省,2019,74,0,0,1,0,0,0
浙江省,2020,74,0,0,1,0,0,0
浙江省,2021,74,0,0,1,0,1,0
浙江省,2022,74,0,0,0,0,0,0
浙江省,2011,70,0,0,1,0,1,1
浙江省,2012,70,0,0,1,0,1,1
浙江省,2013,70,0,0,1,0,1,0
浙江省,2014,70,0,0,1,0,1,0
浙江省,2016,70,0,0,1,0,1,0
浙江省,2017,70,0,0,1,0,1,0
浙江省,2018,70,0,0,1,0,1,0
浙江省,2020,70,0,0,1,0,1,0
浙江省,2021,70,0,0,1,0,1,0
浙江省,2022,70,0,0,1,0,1,1
河南省,2009,58,0,1,1,1,1,0
河南省,2010,58,0,1,1,1,1,0
河南省,2011,58,0,1,1,1,1,0
河南省,2012,58,0,1,1,1,1,0
河南省,2013,58,0,1,1,1,1,0
河南省,2014,58,0,1,1,1,1,0
河南省,2015,58,0,1,1,1,1,0
河南省,2016,58,1,1,1,1,1,1
河南省,2017,58,1,1,1,1,1,1
河南省,2018,58,1,1,1,1,1,1
河南省,2019,58,1,1,1,1,1,1
河南省,2020,58,1,1,1,1,1,1
河南省,2021,58,0,0,1,0,1,0
河南省,2022,58,0,0,1,0,1,1
广东省,2008,46,0,0,1,0,1,0
广东省,2009,46,0,0,1,0,0,0
广东省,2010,46,0,0,1,1,0,0
广东省,2011,70,0,0,1,1,0,0
广东省,2012,70,0,0,0,0,0,1
广东省,2013,70,0,0,1,1,0,1
广东省,2014,70,0,0,1,0,0,0
广东省,2016,70,0,0,0,1,0,1
广东省,2017,70,0,0,0,0,0,1
广东省,2018,70,0,0,0,1,0,1
浙江省,2020,14,0,1,1,1,1,0
浙江省,2021,14,0,1,1,1,1,0
浙江省,2022,14,1,1,1,1,1,1
浙江省,2020,57,0,0,1,0,1,0
浙江省,2021,57,0,0,0,1,1,0
浙江省,2022,57,0,1,1,1,1,0
安徽省,2008,37,0,0,0,0,0,0
安徽省,2016,37,0,0,1,0,0,0
浙江省,2008,45,0,1,1,1,1,0
浙江省,2022,58,0,1,1,1,1,0
上海市,2009,58,0,0,0,1,1,0
上海市,2010,58,0,1,1,1,1,0
贵州省,2008,46,0,0,1,0,0,1
广东省,2016,14,0,1,1,1,1,0
广东省,2017,14,1,1,1,1,1,1
广东省,2018,14,0,1,1,1,1,0
广东省,2019,14,0,0,1,1,0,0
上海市,2010,19,0,0,0,0,1,0
福建省,2007,74,0,0,0,0,1,0
福建省,2008,74,0,0,0,0,0,1
福建省,2009,74,0,1,1,1,1,0
福建省,2010,74,0,1,1,1,1,0
福建省,2011,74,0,0,0,1,1,0
福建省,2012,74,0,1,1,1,1,0
福建省,2013,74,0,1,1,1,1,0
福建省,2014,74,0,1,1,1,1,0
福建省,2016,74,0,0,1,1,0,0
福建省,2018,74,0,1,1,1,1,0
福建省,2019,74,0,1,1,1,1,0
福建省,2020,74,0,1,1,1,1,0
福建省,2021,74,0,1,1,1,1,0
福建省,2022,74,1,1,1,1,1,1
广东省,2014,58,0,0,1,0,1,0
广东省,2015,58,0,1,1,1,1,0
广东省,2016,58,0,0,1,0,1,0
广东省,2017,58,0,0,1,0,1,0
广东省,2018,58,0,0,1,0,1,0
广东省,2019,58,0,0,1,0,1,0
广东省,2020,58,0,0,1,0,1,0
广东省,2021,58,0,1,1,1,1,0
广东省,2022,58,1,1,1,1,1,1
浙江省,2021,49,1,1,1,1,1,1
云南省,2008,14,0,0,1,1,0,1
云南省,2010,14,0,1,1,1,1,0
云南省,2011,14,0,1,1,1,1,0
云南省,2012,63,1,1,1,1,1,1
云南省,2013,63,0,1,1,1,1,0
云南省,2014,63,0,1,1,1,1,0
云南省,2015,63,0,1,1,1,1,0
云南省,2016,63,0,1,1,1,1,0
云南省,2017,63,0,0,1,0,1,0
云南省,2018,63,0,1,1,1,1,0
云南省,2019,63,0,1,1,1,1,0
云南省,2021,63,0,0,1,1,0,0
云南省,2022,63,1,1,1,1,1,1
广东省,2008,49,0,0,0,1,1,0
广东省,2009,49,0,1,1,1,1,0
广东省,2011,19,0,1,1,1,1,0
广东省,2013,19,0,0,0,1,1,1
广东省,2015,19,1,1,1,1,1,1
广东省,2016,19,0,1,1,1,1,0
广东省,2017,19,0,0,0,1,1,0
广东省,2018,19,0,0,0,1,1,0
广东省,2019,19,0,0,0,0,1,1
广东省,2021,19,0,0,0,0,0,1
广东省,2022,19,0,0,0,1,1,1
北京市,2012,58,0,1,1,1,1,0
北京市,2013,58,0,1,1,1,1,0
北京市,2014,58,0,1,1,1,1,0
北京市,2015,58,0,1,1,1,1,0
北京市,2016,58,0,1,1,1,1,0
北京市,2017,58,1,1,1,1,1,1
北京市,2018,58,0,1,1,1,1,0
北京市,2019,58,0,1,1,1,1,0
北京市,2020,58,0,1,1,1,1,0
北京市,2021,58,1,1,1,1,1,1
北京市,2022,58,0,1,1,1,1,0
贵州省,2010,32,1,1,1,1,1,1
贵州省,2011,32,0,0,0,1,1,1
贵州省,2012,32,1,1,1,1,1,1
贵州省,2013,32,0,0,1,1,0,1
贵州省,2014,32,0,0,1,1,0,1
贵州省,2015,32,0,0,1,1,0,1
贵州省,2016,32,1,1,1,1,1,1
贵州省,2017,32,0,1,1,1,1,0
贵州省,2018,32,0,1,1,1,1,0
贵州省,2019,32,1,1,1,1,1,1
贵州省,2020,32,1,1,1,1,1,1
贵州省,2021,32,1,1,1,1,1,1
山东省,2012,2,0,1,1,1,1,0
山东省,2013,2,0,1,1,1,1,0
山东省,2014,2,0,1,1,1,1,0
山东省,2015,2,1,1,1,1,1,1
山东省,2016,2,1,1,1,1,1,1
山东省,2017,2,1,1,1,1,1,1
山东省,2018,2,1,1,1,1,1,1
山东省,2020,2,0,1,1,1,1,0
山东省,2021,2,0,1,1,1,1,0
安徽省,2009,75,0,0,0,0,0,0
安徽省,2010,75,0,0,0,0,0,0
安徽省,2011,75,0,0,0,0,0,0
安徽省,2012,75,0,0,0,1,0,0
安徽省,2013,75,0,0,1,0,0,0
安徽省,2015,75,0,0,1,0,0,1
安徽省,2016,75,0,1,1,1,1,0
安徽省,2017,75,0,1,1,1,1,0
安徽省,2018,75,0,0,0,0,1,1
安徽省,2019,75,0,0,0,0,1,1
安徽省,2020,75,0,0,0,0,1,1
安徽省,2021,75,0,0,0,0,0,0
安徽省,2022,75,0,0,0,0,0,0
江苏省,2015,28,0,0,0,0,0,0
江苏省,2016,28,0,1,1,1,1,0
江苏省,2019,28,0,0,0,1,1,0
江苏省,2020,28,0,0,0,1,1,0
江苏省,2021,28,0,0,0,1,1,0
江苏省,2022,28,0,0,0,1,0,1
广东省,2008,46,0,0,0,1,1,0
河南省,2012,27,0,1,1,1,1,0
河南省,2013,27,0,0,1,1,0,1
河南省,2014,27,1,1,1,1,1,1
河南省,2015,27,1,1,1,1,1,1
河南省,2016,27,1,1,1,1,1,1
河南省,2017,27,1,1,1,1,1,1
河南省,2018,27,1,1,1,1,1,1
河南省,2019,27,0,1,1,1,1,0
河南省,2021,27,0,1,1,1,1,0
河南省,2022,27,0,0,0,1,1,0
浙江省,2007,7,0,0,1,0,1,0
浙江省,2008,7,0,0,0,0,1,0
浙江省,2022,7,0,0,1,1,0,1
河北省,2021,46,0,0,0,0,0,0
河北省,2022,46,0,0,0,0,1,0
浙江省,2021,27,0,0,1,0,1,0
浙江省,2022,27,0,0,1,0,1,0
北京市,2012,12,0,0,0,0,1,1
北京市,2013,12,1,1,1,1,1,1
北京市,2014,12,0,0,1,0,1,0
北京市,2015,12,0,0,1,0,1,0
北京市,2016,12,0,0,1,0,1,1
北京市,2017,12,0,1,1,1,1,0
北京市,2018,12,0,1,1,1,1,0
北京市,2019,12,0,1,1,1,1,0
北京市,2020,12,0,1,1,1,1,0
北京市,2021,12,1,1,1,1,1,1
云南省,2016,23,0,1,1,1,1,0
云南省,2017,23,0,0,0,0,1,0
云南省,2018,23,0,0,1,0,1,0
云南省,2019,23,0,0,1,0,0,0
云南省,2022,23,0,1,1,1,1,0
广东省,2008,45,0,0,0,1,0,0
广东省,2011,45,0,0,0,1,0,0
广东省,2012,45,0,0,0,0,1,0
广东省,2013,45,0,0,0,0,1,0
广东省,2014,45,0,0,0,0,0,0
广东省,2015,45,0,0,0,0,1,0
广东省,2016,45,0,0,0,0,1,0
广东省,2017,45,0,0,0,0,1,0
广东省,2018,45,0,0,0,0,1,0
广东省,2019,45,0,0,0,0,0,0
广东省,2020,45,0,0,0,0,1,0
广东省,2021,45,0,0,0,0,1,0
浙江省,2008,46,1,1,1,1,1,1
浙江省,2009,46,1,1,1,1,1,1
浙江省,2010,46,0,0,0,1,1,0
浙江省,2011,46,0,0,1,0,1,1
浙江省,2012,19,0,0,0,0,1,0
浙江省,2013,19,0,1,1,1,1,0
浙江省,2014,19,1,1,1,1,1,1
浙江省,2015,19,0,0,1,0,1,0
浙江省,2016,19,0,0,1,0,1,0
浙江省,2017,19,0,0,1,0,0,1
浙江省,2018,19,0,0,1,0,0,0
浙江省,2019,19,0,0,1,1,0,0
浙江省,2020,19,0,0,1,1,0,0
浙江省,2021,19,0,0,0,0,1,0
云南省,2022,63,0,0,0,1,1,0
广东省,2022,12,0,0,0,1,0,1
浙江省,2022,12,0,1,1,1,1,0
浙江省,2008,8,0,1,1,1,1,0
浙江省,2009,8,1,1,1,1,1,1
浙江省,2010,8,0,1,1,1,1,0
浙江省,2011,8,0,1,1,1,1,0
浙江省,2012,12,0,1,1,1,1,0
浙江省,2013,12,0,1,1,1,1,0
浙江省,2014,12,0,1,1,1,1,0
浙江省,2015,12,0,1,1,1,1,0
浙江省,2016,12,0,1,1,1,1,0
浙江省,2017,12,0,1,1,1,1,0
浙江省,2018,12,0,1,1,1,1,0
浙江省,2019,12,0,1,1,1,1,0
浙江省,2020,12,0,1,1,1,1,0
浙江省,2021,12,0,1,1,1,1,0
广东省,2008,39,0,0,1,0,0,1
广东省,2010,39,0,0,0,1,0,0
广东省,2011,39,0,0,0,0,0,0
广东省,2012,39,0,0,0,0,0,0
广东省,2013,39,0,0,0,0,0,0
广东省,2014,39,0,0,0,1,0,0
广东省,2015,39,0,0,0,0,0,0
广东省,2016,39,0,0,0,0,0,0
广东省,2017,39,0,0,1,1,0,0
广东省,2018,39,0,0,0,1,0,1
广东省,2019,39,0,0,0,1,0,1
广东省,2020,39,0,0,0,1,0,0
浙江省,2010,11,0,0,0,0,0,1
浙江省,2011,11,0,0,1,0,1,0
浙江省,2012,11,0,0,1,0,0,0
浙江省,2013,11,0,0,0,0,0,0
浙江省,2014,11,0,0,0,0,0,1
浙江省,2015,11,0,0,1,0,0,1
浙江省,2016,11,0,0,0,1,0,1
浙江省,2017,11,0,0,1,0,0,0
浙江省,2018,11,0,0,0,0,0,0
浙江省,2019,11,0,0,1,0,0,0
浙江省,2020,11,0,0,0,0,0,0
浙江省,2021,11,0,0,1,0,0,0
浙江省,2022,11,0,0,0,0,0,0
北京市,2014,39,0,0,1,0,1,1
北京市,2015,39,0,0,1,1,0,0
北京市,2016,39,0,0,0,1,0,0
北京市,2018,39,0,0,0,0,0,0
北京市,2019,39,0,0,0,0,0,0
北京市,2020,39,0,0,0,0,0,0
北京市,2021,39,0,0,1,1,0,0
北京市,2022,39,0,0,1,1,0,0
浙江省,2017,57,0,0,1,1,0,0
浙江省,2018,57,0,0,1,1,0,0
浙江省,2019,57,0,0,1,1,0,0
浙江省,2020,57,0,0,1,1,0,0
浙江省,2022,57,0,0,1,1,0,0
辽宁省,2010,22,1,1,1,1,1,1
辽宁省,2011,22,0,0,0,0,0,0
辽宁省,2012,22,0,0,0,0,0,0
辽宁省,2013,22,0,0,0,0,0,1
辽宁省,2014,22,0,0,0,0,0,0
辽宁省,2016,22,0,0,0,0,0,0
山东省,2011,42,0,0,0,1,1,0
山东省,2012,70,0,1,1,1,1,0
山东省,2013,70,0,0,0,0,1,0
山东省,2014,70,0,0,0,1,1,0
山东省,2015,70,0,0,0,1,1,0
山东省,2016,70,0,0,0,0,1,0
山东省,2017,70,0,0,0,0,1,0
山东省,2018,70,0,0,1,0,1,0
山东省,2019,70,0,0,1,0,1,0
山东省,2020,70,0,0,1,0,1,0
山东省,2021,70,0,0,1,0,1,1
山东省,2022,70,0,0,1,0,0,1
江苏省,2018,19,0,0,1,0,0,0
江苏省,2019,19,0,1,1,1,1,0
安徽省,2020,19,0,0,1,1,0,0
安徽省,2021,19,0,0,1,1,0,0
安徽省,2022,19,0,0,1,0,0,0
广东省,2007,46,1,1,1,1,1,1
山东省,2008,57,0,0,0,1,1,1
山东省,2009,57,0,0,0,1,1,0
山东省,2011,57,0,0,0,0,1,0
山东省,2012,57,0,0,0,0,1,0
山东省,2013,57,0,0,1,0,1,0
山东省,2014,57,0,0,0,0,1,1
山东省,2015,57,0,0,0,0,0,0
山东省,2016,57,0,0,1,0,1,1
山东省,2017,57,0,0,1,0,1,0
山东省,2018,57,0,1,1,1,1,0
山东省,2019,57,0,0,0,1,1,0
山东省,2020,57,0,1,1,1,1,0
山东省,2021,57,0,0,1,0,1,0
山东省,2022,57,0,1,1,1,1,0
江苏省,2012,46,0,0,0,1,0,1
江苏省,2013,46,0,0,0,1,1,0
江苏省,2014,46,0,0,0,1,1,0
江苏省,2015,46,0,0,0,1,0,1
江苏省,2016,46,0,0,0,1,1,0
江苏省,2017,46,0,0,0,1,1,0
江苏省,2018,46,0,0,0,1,0,0
江苏省,2019,46,0,0,0,1,0,0
江苏省,2020,46,0,0,0,1,0,0
江苏省,2021,46,0,0,0,1,0,0
江苏省,2022,46,0,0,0,1,0,1
江苏省,2008,36,0,0,0,1,1,1
江苏省,2009,36,1,1,1,1,1,1
江苏省,2010,36,1,1,1,1,1,1
江苏省,2011,36,1,1,1,1,1,1
江苏省,2012,36,0,0,1,1,0,1
江苏省,2013,36,0,1,1,1,1,0
江苏省,2014,36,0,1,1,1,1,0
江苏省,2015,36,0,0,1,0,1,0
江苏省,2017,36,0,0,1,1,0,1
江苏省,2008,6,1,1,1,1,1,1
江苏省,2011,6,0,0,0,0,1,0
江苏省,2012,6,0,0,0,0,0,1
江苏省,2013,6,0,0,0,0,0,0
江苏省,2014,6,0,0,0,1,0,0
江苏省,2015,6,0,0,0,0,0,0
江苏省,2016,6,0,0,0,1,1,0
江苏省,2017,6,0,1,1,1,1,0
江苏省,2018,6,0,0,1,0,1,1
江苏省,2019,6,0,0,0,0,1,0
江苏省,2020,6,0,0,0,1,1,1
江苏省,2021,6,0,0,1,0,1,0
江苏省,2022,6,0,0,1,0,1,0
浙江省,2011,35,0,0,0,1,1,1
浙江省,2012,35,0,1,1,1,1,0
浙江省,2013,35,0,1,1,1,1,0
浙江省,2014,35,0,1,1,1,1,0
浙江省,2015,35,0,0,1,0,1,0
广东省,2008,49,0,1,1,1,1,0
广东省,2009,49,0,0,0,0,0,0
广东省,2011,49,0,0,0,0,0,0
广东省,2012,49,0,0,0,1,0,0
广东省,2013,49,0,0,0,0,0,0
广东省,2014,49,0,0,0,1,0,0
广东省,2015,49,0,0,0,0,0,1
广东省,2016,49,0,0,0,0,0,0
广东省,2017,49,0,0,0,1,0,0
广东省,2018,49,0,0,0,0,0,0
广东省,2019,49,0,0,0,0,0,0
广东省,2020,49,0,0,0,0,0,1
广东省,2021,49,0,0,0,0,0,0
广东省,2022,49,0,0,0,0,0,0
福建省,2007,73,1,1,1,1,1,1
福建省,2008,73,0,0,0,1,0,0
福建省,2009,73,0,0,0,0,1,0
福建省,2010,73,0,1,1,1,1,0
福建省,2011,73,0,1,1,1,1,0
福建省,2012,39,0,0,0,1,1,1
福建省,2013,39,1,1,1,1,1,1
福建省,2014,39,1,1,1,1,1,1
福建省,2016,39,1,1,1,1,1,1
福建省,2017,39,1,1,1,1,1,1
福建省,2018,39,1,1,1,1,1,1
福建省,2019,39,1,1,1,1,1,1
福建省,2020,39,1,1,1,1,1,1
福建省,2021,39,0,1,1,1,1,0
福建省,2022,39,1,1,1,1,1,1
湖南省,2007,70,0,0,1,0,1,1
湖南省,2009,70,0,0,1,0,1,0
湖南省,2022,70,0,0,0,1,0,1
福建省,2007,55,0,0,0,1,0,1
福建省,2008,55,0,0,0,1,1,0
福建省,2009,55,0,0,0,1,0,0
福建省,2010,55,0,0,0,1,1,0
福建省,2011,55,0,0,0,1,1,0
福建省,2013,55,0,0,0,0,1,0
福建省,2014,55,0,1,1,1,1,0
福建省,2015,55,0,1,1,1,1,0
福建省,2016,55,0,1,1,1,1,0
福建省,2018,55,0,1,1,1,1,0
福建省,2019,55,0,0,1,1,0,0
福建省,2021,55,0,1,1,1,1,0
福建省,2022,55,0,0,1,0,1,0
福建省,2007,36,0,1,1,1,1,0
福建省,2010,36,0,0,0,1,1,0
福建省,2011,36,0,1,1,1,1,0
福建省,2013,36,1,1,1,1,1,1
福建省,2014,36,0,0,0,1,1,0
福建省,2015,36,0,1,1,1,1,0
福建省,2016,58,0,1,1,1,1,0
福建省,2017,58,0,0,1,0,0,0
福建省,2018,58,0,1,1,1,1,0
浙江省,2011,48,0,0,0,0,0,0
浙江省,2012,48,0,0,1,1,0,0
浙江省,2014,48,0,0,1,1,0,1
浙江省,2015,48,0,0,0,1,0,1
浙江省,2017,48,0,0,0,1,0,1
广东省,2010,46,0,1,1,1,1,0
广东省,2011,46,0,1,1,1,1,0
广东省,2012,46,0,1,1,1,1,0
广东省,2013,46,0,1,1,1,1,0
广东省,2014,46,0,1,1,1,1,0
广东省,2015,46,0,1,1,1,1,0
福建省,2007,33,0,1,1,1,1,0
福建省,2008,33,1,1,1,1,1,1
福建省,2009,33,0,1,1,1,1,0
福建省,2010,33,0,1,1,1,1,0
福建省,2011,33,0,0,1,0,1,0
福建省,2012,33,0,1,1,1,1,0
福建省,2013,33,0,0,1,0,1,0
福建省,2014,33,0,0,1,0,1,0
福建省,2015,33,0,0,1,0,0,0
福建省,2016,33,0,1,1,1,1,0
福建省,2017,33,0,0,0,1,0,0
福建省,2018,33,0,0,0,1,0,0
福建省,2019,33,0,0,1,1,0,0
福建省,2020,33,0,1,1,1,1,0
福建省,2021,33,0,1,1,1,1,0
福建省,2022,33,0,0,1,1,0,0
浙江省,2018,59,0,0,0,0,0,0
浙江省,2020,59,0,0,0,1,1,1
浙江省,2021,59,1,1,1,1,1,1
广东省,2009,46,0,1,1,1,1,0
广东省,2010,46,0,0,0,1,1,0
广东省,2011,46,0,0,1,0,1,0
广东省,2012,40,0,0,0,0,1,0
广东省,2013,40,0,0,0,0,0,0
广东省,2014,40,0,0,0,0,0,0
广东省,2015,40,0,0,1,0,0,0
广东省,2016,40,0,0,1,0,1,0
广东省,2017,40,0,0,1,0,0,0
浙江省,2008,27,0,0,1,0,0,0
浙江省,2009,27,0,0,1,1,0,0
浙江省,2010,27,0,0,1,0,0,1
浙江省,2011,27,0,0,1,1,0,0
浙江省,2012,27,0,0,1,1,0,0
浙江省,2014,27,0,0,1,1,0,1
江苏省,2022,14,0,0,0,0,1,1
内蒙古自治区,2009,13,1,1,1,1,1,1
内蒙古自治区,2010,13,1,1,1,1,1,1
内蒙古自治区,2011,13,0,1,1,1,1,0
内蒙古自治区,2012,13,0,0,1,0,1,0
内蒙古自治区,2013,13,0,0,1,0,1,1
内蒙古自治区,2022,13,0,0,0,1,0,0
天津市,2016,19,0,0,1,0,1,0
天津市,2017,19,0,0,1,0,1,0
天津市,2018,19,0,0,1,0,1,0
天津市,2019,19,0,0,1,0,1,0
天津市,2020,19,0,0,1,0,1,0
天津市,2021,19,0,0,1,0,1,0
天津市,2022,19,0,0,1,1,0,0
浙江省,2008,66,0,0,0,1,1,1
浙江省,2009,66,0,1,1,1,1,0
浙江省,2010,66,0,0,1,0,1,0
广东省,2021,19,0,0,1,0,0,1
广东省,2022,19,0,0,1,0,1,1
安徽省,2018,12,0,0,1,0,1,0
安徽省,2022,12,0,1,1,1,1,0
浙江省,2008,50,0,0,0,0,0,1
浙江省,2009,50,0,0,0,0,1,0
浙江省,2010,50,0,0,0,0,0,1
浙江省,2012,50,0,0,0,0,1,0
浙江省,2013,50,0,0,0,0,1,0
浙江省,2014,50,0,0,0,0,1,0
浙江省,2015,50,0,0,0,0,1,0
浙江省,2016,50,0,0,0,1,1,0
浙江省,2017,50,0,0,0,1,0,0
浙江省,2018,50,0,0,1,0,1,0
浙江省,2019,50,0,1,1,1,1,0
浙江省,2020,50,0,0,1,0,0,0
浙江省,2021,50,0,0,0,0,0,1
浙江省,2022,50,0,0,0,0,0,1
浙江省,2012,75,0,0,0,0,0,0
浙江省,2013,75,0,0,0,0,0,0
浙江省,2014,75,0,0,1,0,1,0
浙江省,2016,75,0,0,1,0,1,0
浙江省,2017,75,0,0,1,0,1,0
浙江省,2018,75,0,0,1,0,1,0
浙江省,2019,75,0,0,0,0,1,0
浙江省,2020,75,0,0,1,0,1,0
浙江省,2021,75,0,0,1,0,1,1
浙江省,2022,75,0,0,1,0,1,0
甘肃省,2016,45,1,1,1,1,1,1
甘肃省,2017,45,0,1,1,1,1,0
甘肃省,2018,45,0,1,1,1,1,0
甘肃省,2019,45,0,0,1,1,0,0
甘肃省,2020,45,0,0,1,0,0,0
甘肃省,2021,45,0,0,1,1,0,0
河北省,2011,66,0,0,0,0,0,0
河北省,2012,66,0,0,0,0,0,0
河北省,2013,66,0,0,0,0,0,1
河北省,2015,66,0,0,0,0,0,0
河北省,2016,66,0,0,0,1,0,0
河北省,2017,66,0,0,0,0,0,0
河北省,2018,66,0,0,0,1,0,0
河北省,2019,66,0,0,1,1,0,1
河北省,2020,66,0,0,0,0,0,1
河北省,2021,66,0,0,0,0,0,0
河北省,2022,66,0,0,0,0,0,1
广东省,2008,70,0,0,1,0,1,0
北京市,2008,39,1,1,1,1,1,1
北京市,2009,39,0,1,1,1,1,0
北京市,2010,39,0,0,1,0,1,1
北京市,2011,39,0,0,1,0,1,1
北京市,2012,39,0,0,1,0,1,1
北京市,2013,39,0,0,1,0,1,0
北京市,2014,39,0,0,1,0,1,1
北京市,2015,39,0,0,1,0,1,0
北京市,2016,39,0,0,1,0,1,0
北京市,2017,39,1,1,1,1,1,1
北京市,2018,39,1,1,1,1,1,1
北京市,2019,39,1,1,1,1,1,1
北京市,2020,39,0,0,1,0,1,1
北京市,2021,39,0,0,1,0,1,0
北京市,2022,39,0,0,0,0,0,1
浙江省,2007,74,0,0,1,1,0,0
浙江省,2008,74,0,1,1,1,1,0
浙江省,2010,74,1,1,1,1,1,1
浙江省,2011,74,0,0,0,0,1,0
浙江省,2012,74,0,1,1,1,1,0
浙江省,2013,74,0,0,0,1,1,0
浙江省,2018,74,0,0,0,0,0,0
浙江省,2020,74,0,0,0,0,0,0
浙江省,2021,74,0,0,1,1,0,0
浙江省,2022,74,0,0,1,1,0,0
湖南省,2008,51,1,1,1,1,1,1
湖南省,2009,51,1,1,1,1,1,1
湖南省,2010,51,0,0,1,1,0,0
湖南省,2011,51,0,0,0,1,1,1
湖南省,2012,51,0,0,0,1,1,1
湖南省,2013,51,0,1,1,1,1,0
湖南省,2014,51,0,0,1,0,0,0
湖南省,2015,51,0,1,1,1,1,0
湖南省,2016,51,0,0,0,1,1,0
湖南省,2017,51,0,0,0,1,1,0
湖南省,2018,51,0,1,1,1,1,0
湖南省,2019,51,0,0,1,0,1,0
广东省,2007,46,0,0,0,0,0,1
广东省,2008,46,0,0,0,0,0,0
广东省,2011,46,0,0,0,0,0,0
广东省,2012,46,0,0,0,0,1,0
广东省,2013,46,0,0,0,1,0,0
广东省,2014,46,0,0,0,1,0,0
广东省,2015,46,0,0,0,1,0,0
广东省,2016,46,0,0,0,1,0,0
广东省,2018,46,0,0,0,0,0,0
广东省,2019,46,0,0,0,0,0,0
广东省,2020,46,0,0,1,0,0,0
广东省,2021,46,0,0,1,1,0,0
广东省,2022,46,0,0,1,1,0,1
上海市,2010,36,0,0,0,1,0,0
上海市,2011,36,0,0,0,0,0,0
上海市,2012,36,0,0,0,0,0,0
上海市,2014,36,0,0,0,0,0,1
上海市,2015,36,0,0,0,0,0,0
上海市,2016,36,0,0,0,0,0,0
上海市,2017,36,0,0,0,0,0,1
上海市,2018,36,0,0,0,0,0,0
上海市,2019,36,0,0,0,0,0,1
上海市,2022,36,0,0,0,0,0,0
江苏省,2009,45,0,0,0,1,1,0
江苏省,2011,45,0,1,1,1,1,0
江苏省,2012,45,1,1,1,1,1,1
江苏省,2013,45,0,0,1,1,0,0
江苏省,2014,45,0,0,0,1,1,0
江苏省,2015,45,0,0,1,0,1,0
江苏省,2016,45,0,0,1,1,0,0
江苏省,2017,45,0,1,1,1,1,0
江苏省,2018,45,0,1,1,1,1,0
江苏省,2019,45,0,1,1,1,1,0
江苏省,2020,45,0,1,1,1,1,0
江苏省,2022,45,0,0,1,0,1,0
广西壮族自治区,2020,58,0,0,1,0,0,0
广西壮族自治区,2022,58,1,1,1,1,1,1
广东省,2008,45,0,0,0,1,1,1
广东省,2013,45,0,0,1,0,1,0
广东省,2014,45,0,0,1,0,1,0
广东省,2015,45,0,0,0,0,1,0
广东省,2016,45,0,0,0,0,1,0
广东省,2017,45,0,0,0,0,1,1
广东省,2018,45,0,0,0,0,1,1
广东省,2019,45,0,0,0,0,1,0
广东省,2020,45,0,0,0,0,1,0
广东省,2021,45,0,0,0,0,1,0
广东省,2022,45,0,0,0,0,1,0
浙江省,2022,28,0,0,1,0,0,1
福建省,2007,55,0,0,1,0,1,1
福建省,2012,25,0,0,0,0,1,1
福建省,2013,25,0,0,0,0,1,1
福建省,2014,25,0,0,0,0,1,1
福建省,2015,42,0,0,1,1,0,0
福建省,2018,42,0,0,0,1,0,0
福建省,2019,42,0,0,0,0,0,0
福建省,2020,42,1,1,1,1,1,1
广西壮族自治区,2009,40,0,1,1,1,1,0
广西壮族自治区,2011,40,0,1,1,1,1,0
江西省,2016,19,0,0,1,1,0,1
江西省,2017,19,0,0,1,1,0,1
江西省,2019,19,0,0,1,1,0,0
江西省,2020,19,0,0,1,1,0,0
江西省,2021,19,0,0,1,1,0,0
上海市,2015,62,0,0,0,1,0,0
上海市,2016,62,0,0,1,0,0,1
上海市,2017,62,0,0,1,0,0,1
上海市,2018,62,0,0,0,0,1,0
上海市,2019,62,0,0,1,0,0,0
上海市,2020,62,0,0,0,0,0,0
上海市,2021,62,0,0,0,0,0,0
河南省,2009,46,0,0,0,1,0,0
河南省,2010,46,0,0,1,1,0,0
河南省,2011,46,0,0,1,1,0,0
河南省,2012,46,0,1,1,1,1,0
河南省,2013,46,0,0,1,0,1,0
河南省,2015,46,0,0,1,0,0,0
河南省,2016,46,0,0,1,0,1,0
河南省,2017,46,0,0,0,1,1,0
河南省,2018,46,0,0,0,0,0,0
河南省,2019,46,0,0,0,0,1,0
河南省,2021,46,0,0,0,0,0,0
广东省,2008,19,1,1,1,1,1,1
广东省,2011,19,0,0,1,1,0,0
广东省,2012,19,0,0,1,1,0,0
广东省,2022,46,0,1,1,1,1,0
上海市,2020,19,0,0,0,0,1,0
上海市,2021,19,0,0,0,0,0,0
上海市,2022,19,0,0,0,0,0,1
北京市,2007,10,0,1,1,1,1,0
广东省,2022,68,0,0,1,0,1,0
河南省,2012,46,0,0,1,1,0,0
河南省,2013,46,0,0,1,1,0,0
河南省,2014,46,0,0,1,0,1,0
河南省,2015,46,0,1,1,1,1,0
河南省,2016,46,0,1,1,1,1,0
河南省,2018,46,0,0,1,0,1,0
河南省,2019,46,0,1,1,1,1,0
河南省,2020,46,0,0,1,0,0,0
河南省,2021,46,0,0,1,1,0,0
四川省,2021,7,0,0,0,0,1,1
四川省,2022,7,0,0,0,0,1,1
新疆维吾尔自治区,2008,19,0,0,0,0,0,0
新疆维吾尔自治区,2009,19,0,0,0,1,0,0
新疆维吾尔自治区,2011,19,0,0,0,1,0,0
新疆维吾尔自治区,2012,27,0,0,0,1,0,1
新疆维吾尔自治区,2014,27,0,0,0,1,1,0
新疆维吾尔自治区,2015,27,0,0,0,1,1,0
新疆维吾尔自治区,2018,27,0,0,1,1,0,0
新疆维吾尔自治区,2020,27,0,1,1,1,1,0
新疆维吾尔自治区,2021,27,0,1,1,1,1,0
新疆维吾尔自治区,2022,27,0,0,1,0,1,0
浙江省,2009,35,0,0,0,0,1,0
浙江省,2010,35,0,0,0,0,1,0
浙江省,2011,35,0,0,0,1,1,0
浙江省,2012,35,0,0,0,1,1,1
浙江省,2013,35,0,0,0,1,0,1
浙江省,2014,35,0,0,0,0,1,1
浙江省,2016,35,0,0,0,0,1,0
浙江省,2018,35,0,0,0,0,1,0
浙江省,2019,35,0,0,0,0,1,1
浙江省,2020,35,0,0,1,0,1,0
浙江省,2021,35,0,0,1,0,1,1
辽宁省,2021,70,0,0,1,0,0,1
辽宁省,2022,70,0,0,1,0,0,0
浙江省,2019,11,0,0,1,0,1,0
浙江省,2021,11,0,0,1,0,0,0
广东省,2016,19,0,0,1,0,1,0
广东省,2017,19,0,0,1,0,1,0
广东省,2018,19,0,1,1,1,1,0
广东省,2019,19,0,1,1,1,1,0
广东省,2020,39,0,1,1,1,1,0
广东省,2021,39,0,1,1,1,1,0
广东省,2022,39,0,0,1,1,0,0
河南省,2008,23,1,1,1,1,1,1
河南省,2009,23,0,1,1,1,1,0
河南省,2010,23,0,0,1,0,1,0
河南省,2011,23,0,1,1,1,1,0
河南省,2012,23,0,1,1,1,1,0
河南省,2013,23,0,1,1,1,1,0
河南省,2014,23,1,1,1,1,1,1
河南省,2015,23,0,1,1,1,1,0
福建省,2007,46,0,0,0,1,0,1
福建省,2008,46,0,0,1,0,0,1
福建省,2010,46,0,0,0,0,1,1
福建省,2011,46,0,0,0,0,1,0
福建省,2012,46,0,0,0,0,0,0
福建省,2013,46,0,0,0,0,1,0
福建省,2014,46,0,0,0,0,1,0
福建省,2015,46,0,0,0,0,1,0
福建省,2016,46,0,0,0,0,1,0
福建省,2017,46,0,0,1,0,1,1
福建省,2018,46,0,0,1,0,1,0
福建省,2019,46,1,1,1,1,1,1
福建省,2020,46,0,1,1,1,1,0
福建省,2021,46,0,1,1,1,1,0
浙江省,2008,37,1,1,1,1,1,1
浙江省,2012,37,1,1,1,1,1,1
浙江省,2013,37,0,1,1,1,1,0
浙江省,2014,37,1,1,1,1,1,1
河南省,2021,36,0,0,1,0,1,0
安徽省,2021,45,0,0,0,1,0,0
福建省,2008,61,1,1,1,1,1,1
福建省,2009,61,1,1,1,1,1,1
福建省,2010,61,0,1,1,1,1,0
福建省,2011,61,0,0,1,1,0,1
福建省,2012,61,1,1,1,1,1,1
福建省,2013,61,0,0,0,1,1,1
福建省,2014,61,1,1,1,1,1,1
福建省,2015,61,0,1,1,1,1,0
福建省,2016,61,0,1,1,1,1,0
福建省,2017,61,0,0,1,1,0,0
福建省,2018,61,0,0,1,0,0,0
福建省,2020,61,0,0,1,0,0,0
福建省,2021,61,0,0,1,0,1,0
福建省,2022,61,1,1,1,1,1,1
安徽省,2008,39,0,0,0,0,1,1
安徽省,2009,39,0,0,1,0,1,1
安徽省,2011,39,0,0,0,1,0,1
安徽省,2012,39,0,0,0,1,0,0
安徽省,2013,39,0,0,0,1,0,0
安徽省,2014,39,0,0,1,1,0,0
安徽省,2015,39,0,1,1,1,1,0
安徽省,2016,39,0,0,1,1,0,0
安徽省,2017,39,0,0,1,1,0,0
安徽省,2018,39,0,0,1,1,0,0
安徽省,2019,39,0,0,1,1,0,0
安徽省,2020,39,0,0,0,1,0,1
安徽省,2021,39,0,0,0,1,1,0
安徽省,2022,39,0,0,0,1,1,0
广东省,2008,36,0,0,1,1,0,1
广东省,2009,36,0,0,1,0,1,1
广东省,2010,36,0,0,1,0,1,1
广东省,2011,36,0,0,1,0,0,1
广东省,2012,36,0,0,1,1,0,1
广东省,2013,36,0,0,1,0,0,1
广东省,2014,36,0,0,1,0,0,1
广东省,2015,36,0,0,1,0,1,1
广东省,2016,36,0,0,1,1,0,1
广东省,2017,36,0,0,1,1,0,1
广东省,2018,36,0,0,1,1,0,1
广东省,2019,36,0,0,1,1,0,1
广东省,2020,36,0,0,1,1,0,1
广东省,2021,36,0,0,1,1,0,0
广东省,2022,36,0,0,1,1,0,1
山东省,2008,5,1,1,1,1,1,1
浙江省,2008,46,1,1,1,1,1,1
浙江省,2012,46,0,0,0,0,1,0
浙江省,2013,46,0,0,0,0,1,1
浙江省,2014,46,0,0,0,0,1,1
浙江省,2015,46,0,0,1,0,1,1
浙江省,2016,46,0,0,0,0,1,1
浙江省,2017,46,0,0,0,0,0,0
浙江省,2018,46,0,0,0,0,0,0
浙江省,2019,46,0,0,0,0,0,0
浙江省,2020,46,0,0,0,0,0,0
浙江省,2021,46,0,0,0,0,0,0
浙江省,2022,46,0,0,0,0,0,0
山东省,2008,35,0,0,0,0,1,1
广东省,2021,73,0,1,1,1,1,0
广东省,2022,73,0,1,1,1,1,0
四川省,2021,35,0,0,1,1,0,0
山东省,2011,46,0,0,1,1,0,0
山东省,2012,46,0,0,1,1,0,1
山东省,2013,46,0,0,1,1,0,0
山东省,2014,46,0,0,1,1,0,0
山东省,2015,46,0,0,1,1,0,0
山东省,2016,46,0,0,1,1,0,1
山东省,2018,46,0,0,1,1,0,0
山东省,2019,46,0,0,1,1,0,1
山东省,2020,46,0,0,1,1,0,1
山东省,2021,46,0,0,0,1,0,1
山东省,2022,46,0,0,1,1,0,1
广东省,2021,37,0,0,0,0,1,1
广东省,2022,37,1,1,1,1,1,1
浙江省,2008,66,0,0,0,0,0,1
浙江省,2009,66,0,0,0,0,1,0
浙江省,2010,66,1,1,1,1,1,1
浙江省,2011,66,0,1,1,1,1,0
浙江省,2012,66,0,0,1,1,0,1
浙江省,2013,66,1,1,1,1,1,1
浙江省,2014,66,1,1,1,1,1,1
浙江省,2016,66,0,0,1,0,1,1
浙江省,2017,66,0,0,1,0,1,0
浙江省,2018,66,0,0,1,0,1,0
浙江省,2019,66,0,0,1,0,1,0
浙江省,2020,66,0,0,0,0,1,0
浙江省,2021,66,0,0,0,0,1,0
浙江省,2022,66,0,0,0,0,1,1
四川省,2008,45,1,1,1,1,1,1
四川省,2010,45,0,0,0,1,0,0
四川省,2012,45,0,0,0,0,1,0
四川省,2013,45,0,0,0,0,1,0
四川省,2014,45,0,0,0,1,1,0
四川省,2015,45,0,0,0,0,1,0
四川省,2016,45,0,0,1,1,0,0
四川省,2017,45,0,0,1,1,0,0
四川省,2018,45,0,0,1,1,0,0
四川省,2019,45,0,0,1,1,0,0
四川省,2020,45,0,0,1,1,0,0
四川省,2021,45,0,0,1,1,0,0
广东省,2008,19,0,0,0,1,1,1
广东省,2009,19,0,0,1,1,0,0
广东省,2011,19,0,0,1,1,0,0
广东省,2012,19,0,0,1,1,0,1
广东省,2013,19,0,0,1,0,0,0
广东省,2014,19,0,0,1,0,0,0
广东省,2015,19,0,0,1,0,0,1
广东省,2016,19,0,0,1,0,0,0
广东省,2017,19,0,1,1,1,1,0
广东省,2018,19,0,1,1,1,1,0
广东省,2019,19,0,0,1,0,1,0
广东省,2020,19,0,0,1,0,1,0
广东省,2021,19,0,0,1,0,1,0
广东省,2022,19,0,0,1,0,1,0
浙江省,2011,45,0,1,1,1,1,0
浙江省,2012,45,0,0,1,0,1,0
浙江省,2013,45,0,0,1,0,0,0
浙江省,2014,45,0,0,1,0,0,0
浙江省,2016,45,0,0,1,0,0,0
浙江省,2017,45,0,0,1,0,0,0
浙江省,2018,45,0,0,1,0,0,0
浙江省,2019,45,0,0,1,0,0,0
浙江省,2020,45,0,0,1,0,0,0
浙江省,2021,45,0,0,0,0,0,0
浙江省,2022,45,0,0,1,1,0,0
上海市,2016,58,0,0,1,0,1,0
上海市,2017,58,0,0,1,0,1,1
上海市,2018,58,0,0,1,0,1,1
上海市,2019,58,0,0,1,0,1,1
上海市,2020,58,0,0,1,0,1,1
上海市,2021,58,1,1,1,1,1,1
上海市,2022,58,0,0,1,0,1,0
四川省,2008,39,0,0,0,1,0,1
四川省,2009,39,0,0,0,1,0,0
江苏省,2008,78,0,1,1,1,1,0
江苏省,2009,78,0,0,1,1,0,0
江苏省,2010,78,0,1,1,1,1,0
陕西省,2021,26,0,0,0,1,0,0
上海市,2008,68,0,1,1,1,1,0
上海市,2009,68,0,1,1,1,1,0
上海市,2011,68,0,0,0,0,1,0
上海市,2012,74,0,0,0,0,1,0
上海市,2013,74,0,0,0,0,1,0
上海市,2015,74,0,0,0,0,1,0
上海市,2016,74,0,0,0,0,0,1
上海市,2017,74,0,0,0,0,0,0
上海市,2022,74,0,0,0,0,0,0
北京市,2012,36,0,0,0,1,0,0
北京市,2013,36,0,0,0,1,0,0
北京市,2014,36,0,0,0,1,0,0
北京市,2015,36,0,0,0,1,0,0
北京市,2016,36,0,0,0,1,0,0
北京市,2018,36,0,0,0,1,0,0
北京市,2019,36,0,0,0,1,0,1
四川省,2008,70,1,1,1,1,1,1
浙江省,2015,39,0,0,0,0,1,1
浙江省,2016,39,0,0,0,0,1,0
湖北省,2011,46,0,0,1,0,1,0
湖北省,2012,46,0,0,1,0,1,0
湖北省,2013,46,0,0,1,0,1,0
湖北省,2014,46,0,0,1,0,1,0
湖北省,2015,46,0,0,0,0,1,0
湖北省,2016,46,0,0,0,0,1,0
湖北省,2017,46,0,0,0,0,1,0
湖北省,2018,46,0,0,0,0,1,0
湖北省,2019,46,0,0,0,1,1,1
湖北省,2020,46,0,0,1,0,0,1
湖北省,2022,46,0,0,0,1,0,0
广东省,2022,66,0,0,1,0,1,1
山东省,2011,23,0,0,0,0,1,0
山东省,2012,1,0,0,0,0,1,0
山东省,2013,1,0,0,0,0,1,0
山东省,2014,1,0,0,0,0,1,0
山东省,2015,1,0,0,0,0,1,0
山东省,2016,1,0,0,0,0,1,0
山东省,2017,1,0,0,0,0,1,1
山东省,2018,1,0,0,0,0,1,0
山东省,2019,1,0,0,0,0,1,0
山东省,2020,1,0,0,0,0,1,1
西藏自治区,2009,58,0,0,1,1,0,0
西藏自治区,2010,58,0,0,0,0,0,0
西藏自治区,2011,58,0,0,1,1,0,0
西藏自治区,2012,58,0,0,0,0,0,0
西藏自治区,2013,58,0,0,1,0,0,1
西藏自治区,2014,58,0,0,1,0,0,0
西藏自治区,2015,58,0,0,1,0,0,0
西藏自治区,2016,58,0,0,1,0,0,0
西藏自治区,2017,58,0,0,1,1,0,0
西藏自治区,2018,58,0,0,1,1,0,0
西藏自治区,2019,58,0,0,0,0,0,0
西藏自治区,2020,58,0,0,0,1,0,0
西藏自治区,2021,58,0,0,0,0,0,1
西藏自治区,2022,58,0,0,1,0,0,0
广东省,2014,48,0,0,0,1,1,0
广东省,2015,48,0,0,1,1,0,1
广东省,2016,48,0,0,1,1,0,0
广东省,2017,48,0,0,1,0,1,0
广东省,2018,48,0,0,0,0,0,0
广东省,2020,48,0,1,1,1,1,0
广东省,2021,48,1,1,1,1,1,1
广东省,2022,48,0,0,0,0,0,1
江苏省,2022,75,0,1,1,1,1,0
河南省,2012,46,0,1,1,1,1,0
河南省,2013,46,0,0,0,1,1,0
河南省,2014,46,0,0,0,0,1,0
河南省,2015,46,0,0,1,0,1,0
河南省,2016,46,0,0,1,0,1,0
河南省,2017,46,0,0,1,0,1,0
福建省,2009,5,1,1,1,1,1,1
福建省,2011,5,0,0,1,0,0,0
福建省,2012,5,0,0,1,1,0,1
福建省,2013,5,0,0,1,1,0,0
福建省,2014,5,0,0,1,0,1,1
福建省,2015,5,0,0,1,0,1,0
福建省,2016,5,0,1,1,1,1,0
福建省,2017,5,0,1,1,1,1,0
福建省,2018,5,0,0,1,0,1,1
福建省,2019,5,0,0,1,0,1,1
福建省,2020,5,0,0,1,0,1,1
福建省,2021,5,1,1,1,1,1,1
福建省,2022,5,0,1,1,1,1,0
福建省,2009,19,1,1,1,1,1,1
福建省,2011,19,1,1,1,1,1,1
福建省,2012,19,0,0,1,0,1,1
福建省,2013,19,1,1,1,1,1,1
福建省,2014,19,0,0,1,1,0,1
福建省,2015,19,0,1,1,1,1,0
福建省,2016,19,1,1,1,1,1,1
福建省,2017,19,0,1,1,1,1,0
福建省,2018,19,0,1,1,1,1,0
福建省,2019,19,0,0,1,0,1,0
福建省,2020,19,0,1,1,1,1,0
福建省,2021,19,0,1,1,1,1,0
福建省,2022,19,0,0,1,1,0,1
江苏省,2011,4,0,1,1,1,1,0
江苏省,2012,4,0,0,0,0,1,0
江苏省,2013,4,1,1,1,1,1,1
江苏省,2014,4,0,0,0,1,1,0
江苏省,2015,4,1,1,1,1,1,1
江苏省,2016,4,1,1,1,1,1,1
江苏省,2017,4,1,1,1,1,1,1
江苏省,2018,4,0,0,0,0,1,1
江苏省,2019,4,0,0,0,1,1,1
江苏省,2020,4,0,0,0,1,1,1
江苏省,2021,4,0,0,0,1,1,0
江苏省,2022,4,0,1,1,1,1,0
广东省,2021,1,0,0,0,1,0,0
江苏省,2019,42,0,0,1,1,0,0
江苏省,2020,42,0,0,1,0,0,0
广东省,2020,58,0,0,1,1,0,1
广东省,2021,58,0,0,1,1,0,1
广东省,2022,58,0,0,1,1,0,1
安徽省,2009,39,0,0,1,1,0,1
安徽省,2011,39,0,1,1,1,1,0
安徽省,2012,39,1,1,1,1,1,1
安徽省,2013,39,0,0,1,1,0,0
安徽省,2014,39,0,0,1,1,0,1
安徽省,2015,39,0,1,1,1,1,0
安徽省,2016,39,0,1,1,1,1,0
安徽省,2017,39,1,1,1,1,1,1
安徽省,2018,39,0,1,1,1,1,0
安徽省,2019,39,0,0,0,1,1,0
安徽省,2020,39,0,0,0,0,1,0
安徽省,2021,39,0,1,1,1,1,0
安徽省,2022,39,0,1,1,1,1,0
浙江省,2021,58,0,0,0,0,1,1
浙江省,2022,58,0,0,0,0,1,0
广东省,2011,51,0,0,0,0,1,0
广东省,2012,30,1,1,1,1,1,1
广东省,2013,30,1,1,1,1,1,1
广东省,2014,30,1,1,1,1,1,1
广东省,2018,30,0,1,1,1,1,0
广东省,2020,30,0,0,0,0,0,0
广东省,2022,30,0,0,1,1,0,0
浙江省,2013,14,0,1,1,1,1,0
浙江省,2014,14,0,1,1,1,1,0
浙江省,2015,14,0,1,1,1,1,0
广东省,2012,48,0,0,0,0,1,0
广东省,2013,48,0,0,1,0,1,0
广东省,2014,48,0,0,1,0,1,1
广东省,2015,48,0,0,1,0,1,0
广东省,2016,48,0,0,1,0,1,0
北京市,2022,19,1,1,1,1,1,1
安徽省,2016,49,0,0,0,1,1,0
广东省,2018,59,0,0,0,0,1,0
广东省,2019,59,0,0,0,1,1,0
山东省,2013,70,0,0,0,0,1,1
山东省,2014,70,0,0,0,0,0,0
山东省,2015,70,0,0,1,0,0,0
山东省,2016,70,0,0,1,0,0,1
山东省,2017,70,0,0,0,0,0,1
山东省,2018,70,0,0,1,0,1,1
山东省,2019,70,0,0,1,0,1,1
山东省,2020,70,0,0,1,0,1,0
山东省,2021,70,0,0,1,0,1,0
山东省,2022,70,0,0,1,0,1,1
江苏省,2011,47,0,0,1,1,0,0
江苏省,2013,27,0,1,1,1,1,0
江苏省,2021,27,0,1,1,1,1,0
江苏省,2022,27,0,1,1,1,1,0
北京市,2011,39,0,1,1,1,1,0
北京市,2012,39,0,0,0,0,0,0
北京市,2013,39,0,0,0,0,1,0
北京市,2014,39,0,0,0,0,0,0
北京市,2015,39,0,0,1,1,0,0
北京市,2016,39,0,0,1,1,0,0
北京市,2017,39,0,0,1,1,0,0
北京市,2018,39,0,0,0,1,0,1
北京市,2019,39,0,0,0,1,0,0
北京市,2022,39,0,1,1,1,1,0
北京市,2018,70,0,0,1,1,0,1
北京市,2019,70,0,0,1,1,0,0
北京市,2020,70,0,1,1,1,1,0
北京市,2021,70,0,0,1,1,0,0
北京市,2022,70,0,0,1,0,1,1
浙江省,2011,37,0,0,0,0,1,0
浙江省,2012,37,0,0,1,0,1,0
浙江省,2013,37,0,0,0,0,0,0
浙江省,2014,37,0,0,1,0,0,0
浙江省,2015,37,0,0,1,0,1,0
浙江省,2016,37,0,1,1,1,1,0
浙江省,2017,37,0,1,1,1,1,0
浙江省,2018,37,0,0,1,1,0,1
浙江省,2019,37,0,0,1,0,0,1
浙江省,2020,37,0,0,1,1,0,0
浙江省,2021,37,1,1,1,1,1,1
浙江省,2022,37,0,1,1,1,1,0
北京市,2022,39,0,0,0,0,0,0
浙江省,2014,6,0,0,1,0,0,0
浙江省,2020,6,0,0,0,0,0,0
浙江省,2022,6,0,0,0,0,0,0
江苏省,2020,46,0,0,0,1,1,0
江苏省,2022,46,0,0,1,1,0,1
北京市,2014,1,0,0,1,0,0,1
北京市,2015,1,0,0,1,1,0,1
北京市,2016,1,0,0,1,0,0,1
北京市,2017,1,0,0,1,0,1,1
北京市,2019,1,0,0,1,0,0,1
北京市,2020,1,0,0,0,1,0,0
北京市,2021,1,0,0,1,1,0,0
四川省,2022,45,0,1,1,1,1,0
广东省,2013,4,0,0,0,0,1,1
浙江省,2021,46,0,0,0,0,0,0
浙江省,2022,46,0,0,0,1,1,0
江苏省,2013,75,0,0,1,0,1,0
江苏省,2014,75,0,0,1,0,1,0
江苏省,2015,75,0,0,1,0,1,0
江苏省,2016,75,0,0,1,0,1,0
江苏省,2017,75,0,1,1,1,1,0
江苏省,2018,75,0,1,1,1,1,0
江苏省,2019,75,0,1,1,1,1,0
江苏省,2020,75,0,1,1,1,1,0
江苏省,2022,75,0,0,0,0,0,0
福建省,2010,46,0,0,0,1,1,0
福建省,2011,46,0,0,0,1,1,0
福建省,2012,46,0,1,1,1,1,0
福建省,2013,46,0,1,1,1,1,0
福建省,2014,46,0,1,1,1,1,0
福建省,2015,46,0,1,1,1,1,0
福建省,2016,46,0,1,1,1,1,0
福建省,2017,46,0,1,1,1,1,0
福建省,2018,46,1,1,1,1,1,1
福建省,2019,46,1,1,1,1,1,1
福建省,2020,46,1,1,1,1,1,1
福建省,2021,46,0,1,1,1,1,0
福建省,2022,46,0,1,1,1,1,0
北京市,2013,39,0,0,0,0,0,0
北京市,2014,39,0,0,0,0,0,0
北京市,2015,39,0,0,0,0,0,1
北京市,2016,39,0,0,1,1,0,0
北京市,2017,39,0,0,1,1,0,1
北京市,2018,39,0,0,0,1,0,0
北京市,2019,39,0,0,0,0,0,0
北京市,2021,39,0,0,0,0,0,0
北京市,2022,39,0,0,0,0,0,1
河南省,2017,45,0,1,1,1,1,0
河南省,2018,45,0,0,0,1,1,0
河南省,2019,45,0,0,0,1,1,0
河南省,2020,45,0,0,1,1,0,0
河南省,2021,45,0,0,1,1,0,0
北京市,2019,39,0,0,1,1,0,0
北京市,2020,39,0,0,1,1,0,0
湖北省,2020,46,0,0,0,0,1,1
湖北省,2021,46,0,0,0,0,1,0
湖北省,2022,46,0,0,0,0,1,0
浙江省,2012,46,0,0,1,0,1,0
浙江省,2013,46,0,0,1,0,1,1
浙江省,2015,46,0,0,1,0,1,1
浙江省,2016,46,0,0,0,0,0,0
浙江省,2017,46,0,0,0,1,0,0
浙江省,2018,46,0,0,0,0,0,1
浙江省,2019,46,0,0,0,0,1,1
浙江省,2020,46,0,0,0,0,1,0
浙江省,2021,46,0,0,0,1,1,0
浙江省,2022,46,0,1,1,1,1,0
广东省,2011,68,0,0,0,1,1,0
广东省,2012,68,0,0,0,0,1,0
广东省,2013,68,0,0,0,0,1,0
广东省,2014,68,0,0,0,1,1,0
广东省,2015,68,0,0,0,1,1,0
广东省,2016,68,0,0,0,1,1,0
广东省,2017,68,0,0,0,1,1,0
广东省,2018,68,0,0,0,1,1,0
广东省,2019,68,0,0,0,1,0,0
广东省,2020,68,0,0,0,0,0,1
广东省,2021,68,0,0,0,1,0,0
广东省,2022,68,0,0,0,0,0,1
广东省,2021,39,0,0,0,0,0,0
广东省,2022,39,0,0,0,0,0,0
四川省,2012,58,0,0,1,0,1,0
四川省,2013,58,0,0,1,0,1,0
四川省,2014,58,0,0,1,0,1,0
四川省,2015,58,0,0,1,0,1,0
四川省,2016,58,0,0,1,1,0,0
四川省,2017,58,0,0,0,1,0,0
四川省,2018,58,0,0,1,1,0,0
四川省,2019,58,0,0,1,1,0,0
四川省,2021,58,0,0,0,0,0,0
河南省,2012,70,0,0,1,0,1,1
河南省,2013,70,0,1,1,1,1,0
河南省,2014,70,0,1,1,1,1,0
河南省,2015,70,0,0,1,1,0,0
河南省,2019,54,0,0,0,1,1,1
河南省,2020,54,0,0,0,1,0,0
河南省,2021,54,0,0,0,1,1,0
河南省,2022,54,0,0,0,1,1,1
广东省,2011,6,0,0,0,0,0,0
广东省,2012,12,0,0,0,0,1,1
广东省,2013,12,0,0,0,0,1,0
广东省,2014,12,0,0,0,0,1,0
广东省,2015,12,0,0,0,0,0,1
广东省,2017,12,0,0,0,0,1,1
广东省,2018,12,0,0,0,0,1,1
河南省,2019,12,0,0,0,1,1,0
河南省,2020,12,0,0,0,0,0,0
河南省,2021,12,0,0,0,1,1,0
广东省,2022,46,0,0,0,1,0,0
江苏省,2011,27,0,0,1,1,0,0
江苏省,2012,27,0,1,1,1,1,0
江苏省,2013,27,0,1,1,1,1,0
江苏省,2014,27,0,1,1,1,1,0
江苏省,2015,27,0,1,1,1,1,0
江苏省,2016,27,0,1,1,1,1,0
江苏省,2017,27,0,1,1,1,1,0
江苏省,2018,27,0,1,1,1,1,0
江苏省,2019,27,0,1,1,1,1,0
江苏省,2020,27,0,1,1,1,1,0
江苏省,2021,27,0,1,1,1,1,0
江苏省,2022,27,0,0,1,0,1,1
广东省,2017,46,0,1,1,1,1,0
广东省,2018,46,0,0,1,0,1,1
广东省,2019,46,0,0,1,0,1,0
广东省,2020,46,0,0,0,0,1,0
上海市,2013,7,0,0,1,0,1,1
上海市,2014,7,0,0,1,0,1,1
上海市,2018,7,0,0,0,0,1,0
上海市,2020,7,1,1,1,1,1,1
上海市,2021,7,0,0,1,1,0,0
上海市,2022,7,0,0,1,1,0,1
广东省,2013,46,0,0,0,1,0,0
广东省,2015,46,0,0,0,0,0,0
广东省,2016,46,0,0,0,0,0,0
广东省,2017,46,0,0,0,1,0,0
广东省,2018,46,0,0,1,1,0,0
广东省,2019,46,0,0,1,1,0,0
广东省,2020,46,0,0,1,1,0,0
广东省,2021,46,0,0,1,0,0,0
广东省,2022,46,0,0,1,0,0,0
山东省,2021,5,0,1,1,1,1,0
山东省,2022,5,1,1,1,1,1,1
河北省,2020,19,0,0,0,0,0,0
河北省,2021,19,0,0,0,0,0,0
河北省,2022,19,0,0,1,0,0,0
江西省,2017,35,0,0,0,1,1,0
江西省,2018,35,0,0,1,1,0,0
江西省,2020,35,0,0,1,0,1,0
北京市,2012,78,0,0,1,0,1,0
北京市,2013,78,0,0,1,0,1,0
北京市,2014,78,0,0,0,0,1,0
北京市,2015,78,0,0,0,0,1,1
北京市,2016,78,0,0,0,0,1,1
北京市,2017,78,0,0,0,0,1,0
北京市,2018,78,0,0,0,0,1,1
北京市,2019,78,0,0,0,0,1,0
北京市,2020,78,0,0,0,0,1,0
北京市,2021,78,0,0,0,0,1,0
北京市,2022,78,0,0,0,0,1,1
广东省,2014,46,0,1,1,1,1,0
广东省,2016,46,0,1,1,1,1,0
广东省,2017,46,0,1,1,1,1,0
广东省,2018,46,1,1,1,1,1,1
广东省,2019,46,1,1,1,1,1,1
广东省,2020,46,0,0,1,0,1,1
广东省,2021,46,0,0,1,0,1,1
四川省,2016,35,0,0,1,1,0,0
四川省,2017,35,0,0,1,1,0,0
四川省,2018,35,0,1,1,1,1,0
四川省,2019,35,0,0,1,0,1,0
四川省,2020,35,0,0,0,1,1,0
四川省,2021,35,1,1,1,1,1,1
四川省,2022,35,0,0,1,0,1,0
浙江省,2017,59,1,1,1,1,1,1
浙江省,2018,59,0,0,1,1,0,1
浙江省,2019,59,0,0,1,1,0,1
浙江省,2021,59,0,0,0,0,0,0
浙江省,2022,59,0,0,0,0,0,0
山东省,2011,45,0,0,0,0,0,1
山东省,2012,45,0,0,0,0,0,0
山东省,2013,45,0,0,0,0,0,0
山东省,2014,45,0,0,0,0,0,0
山东省,2015,45,0,0,0,0,0,0
山东省,2016,45,0,0,0,0,0,0
山东省,2017,45,0,0,0,0,0,0
山东省,2018,45,0,0,0,1,0,0
福建省,2010,39,0,1,1,1,1,0
福建省,2011,39,0,1,1,1,1,0
福建省,2012,39,0,1,1,1,1,0
福建省,2013,39,0,0,1,0,1,0
福建省,2014,39,0,1,1,1,1,0
福建省,2015,39,0,0,1,0,1,0
福建省,2016,39,0,0,1,0,1,0
福建省,2017,39,0,0,1,0,1,0
福建省,2018,39,1,1,1,1,1,1
福建省,2019,39,0,0,1,1,0,1
福建省,2020,39,0,0,1,1,0,0
福建省,2021,39,0,0,1,1,0,0
福建省,2022,39,0,0,1,1,0,0
广东省,2014,46,1,1,1,1,1,1
广东省,2015,46,1,1,1,1,1,1
广东省,2016,46,1,1,1,1,1,1
广东省,2017,46,0,1,1,1,1,0
广东省,2018,46,0,1,1,1,1,0
广东省,2020,46,0,0,1,0,1,0
浙江省,2019,32,0,1,1,1,1,0
浙江省,2020,32,0,0,1,0,1,0
浙江省,2022,32,0,1,1,1,1,0
江苏省,2022,46,1,1,1,1,1,1
上海市,2021,74,0,0,0,0,0,0
上海市,2022,74,0,0,0,0,0,0
浙江省,2021,7,0,0,1,0,1,0
浙江省,2022,7,0,0,1,0,1,1
浙江省,2018,11,0,0,1,1,0,1
浙江省,2019,11,0,0,0,0,0,0
浙江省,2021,11,0,0,0,1,1,0
浙江省,2022,11,0,1,1,1,1,0
四川省,2022,45,0,0,1,0,1,0
山东省,2012,19,0,0,0,1,0,1
山东省,2013,19,0,0,0,1,0,0
山东省,2014,19,0,0,0,1,0,0
山东省,2015,19,0,0,0,1,0,1
山东省,2016,19,0,0,0,0,0,0
山东省,2017,19,0,0,0,1,0,0
山东省,2018,19,0,0,0,0,0,1
山东省,2019,19,0,0,0,1,0,1
山东省,2020,19,0,0,1,0,0,1
山东省,2021,19,0,0,0,0,0,1
山东省,2022,19,0,0,0,0,0,1
山西省,2012,9,0,0,1,0,1,1
山西省,2013,9,0,0,1,0,1,1
山西省,2014,9,0,0,0,0,1,0
山西省,2015,9,0,0,1,0,1,0
山西省,2016,9,0,0,1,0,0,0
山西省,2017,9,0,0,1,0,1,1
山西省,2018,9,0,0,0,0,1,1
山西省,2019,9,0,0,0,0,1,1
山西省,2020,9,0,0,0,0,0,1
山西省,2021,9,0,0,0,1,0,1
山西省,2022,9,0,0,0,1,1,1
湖南省,2017,5,0,0,0,0,0,1
湖南省,2018,78,0,0,1,1,0,0
湖南省,2020,78,0,0,1,1,0,1
湖南省,2021,78,0,1,1,1,1,0
湖南省,2022,78,1,1,1,1,1,1
浙江省,2012,19,0,0,0,0,1,1
浙江省,2013,19,0,0,0,0,1,0
浙江省,2014,19,0,0,0,0,1,1
浙江省,2015,19,0,0,0,1,1,0
浙江省,2016,19,0,0,0,0,0,1
浙江省,2017,19,0,0,0,0,0,1
浙江省,2018,19,0,0,0,0,0,0
浙江省,2019,19,0,0,0,0,0,1
广东省,2018,57,0,0,0,0,0,0
广东省,2020,57,0,0,0,0,0,0
福建省,2010,44,1,1,1,1,1,1
福建省,2011,44,0,0,0,0,1,1
福建省,2012,44,1,1,1,1,1,1
福建省,2013,44,1,1,1,1,1,1
福建省,2015,44,0,0,0,0,1,1
福建省,2016,42,0,0,1,0,1,0
福建省,2017,42,0,0,1,0,1,0
福建省,2018,42,0,0,1,0,1,0
福建省,2019,42,0,0,1,0,0,0
福建省,2020,42,0,1,1,1,1,0
福建省,2021,42,0,1,1,1,1,0
湖南省,2016,27,0,0,0,1,1,0
湖南省,2017,27,0,0,0,1,0,1
湖南省,2018,27,0,0,1,1,0,0
湖南省,2019,27,0,0,1,0,0,0
湖南省,2020,27,0,0,0,0,1,1
湖南省,2021,27,0,0,0,0,0,0
新疆维吾尔自治区,2020,28,0,0,1,1,0,0
新疆维吾尔自治区,2021,28,0,0,1,0,0,0
新疆维吾尔自治区,2022,28,0,0,1,0,0,0
上海市,2012,19,0,0,1,0,1,0
上海市,2013,19,0,0,1,0,1,1
上海市,2014,19,0,0,1,0,1,1
上海市,2015,19,0,0,1,0,1,0
上海市,2016,19,0,0,1,0,1,1
上海市,2017,19,0,0,1,0,1,1
上海市,2018,19,0,0,1,0,1,1
上海市,2019,19,0,0,1,0,1,0
上海市,2020,19,0,0,1,0,1,0
上海市,2021,19,0,0,1,0,1,1
上海市,2022,19,0,0,1,0,1,1
福建省,2010,70,0,1,1,1,1,0
福建省,2011,70,0,1,1,1,1,0
福建省,2012,27,0,0,0,0,1,0
福建省,2014,27,0,0,0,1,1,0
江苏省,2022,19,0,0,0,1,1,0
河南省,2011,70,1,1,1,1,1,1
河南省,2012,70,0,1,1,1,1,0
河南省,2013,70,0,1,1,1,1,0
河南省,2014,70,0,0,1,0,1,0
河南省,2015,70,0,0,1,0,1,0
河南省,2016,70,1,1,1,1,1,1
河南省,2017,70,1,1,1,1,1,1
河南省,2018,70,1,1,1,1,1,1
河南省,2019,70,0,1,1,1,1,0
河南省,2021,7,0,0,0,0,0,0
河南省,2022,7,0,0,0,0,0,0
广东省,2012,19,0,1,1,1,1,0
广东省,2013,19,0,0,0,0,0,0
广东省,2014,19,0,1,1,1,1,0
广东省,2015,19,0,0,1,0,1,0
广东省,2016,19,0,0,1,1,0,0
广东省,2017,19,0,0,0,0,1,0
广东省,2018,19,0,0,1,0,1,0
广东省,2019,19,0,1,1,1,1,0
广东省,2020,19,0,0,1,1,0,0
广东省,2021,19,0,0,0,0,0,0
广东省,2022,19,0,0,0,0,0,1
广东省,2012,39,0,1,1,1,1,0
广东省,2013,39,0,1,1,1,1,0
广东省,2014,39,0,1,1,1,1,0
广东省,2015,39,0,0,1,1,0,0
广东省,2016,39,0,1,1,1,1,0
广东省,2017,39,0,0,1,1,0,0
广东省,2018,39,0,1,1,1,1,0
广东省,2020,39,0,0,1,0,1,0
广东省,2021,39,0,1,1,1,1,0
广东省,2022,39,0,0,0,1,0,0
山东省,2013,49,0,1,1,1,1,0
广东省,2012,1,0,0,1,0,0,0
广东省,2013,1,0,0,1,0,1,0
广东省,2014,1,0,0,1,0,0,0
广东省,2015,1,0,0,1,0,0,0
广东省,2016,1,0,0,1,1,0,0
广东省,2017,1,0,0,0,0,0,0
广东省,2018,1,0,0,0,1,0,1
广东省,2019,1,0,0,0,0,1,0
广东省,2020,1,0,0,1,0,1,0
广东省,2021,1,0,0,0,1,1,0
广东省,2022,1,0,0,1,0,1,0
湖南省,2021,17,0,0,0,1,1,0
湖南省,2022,17,0,0,0,1,1,0
安徽省,2016,42,0,0,0,1,1,0
安徽省,2018,42,0,0,0,0,0,0
安徽省,2019,42,0,1,1,1,1,0
安徽省,2020,42,0,1,1,1,1,0
安徽省,2021,42,0,1,1,1,1,0
安徽省,2022,42,1,1,1,1,1,1
安徽省,2020,68,0,0,0,0,1,0
安徽省,2021,68,0,0,1,0,0,0
安徽省,2022,68,0,0,1,1,0,0
安徽省,2011,1,0,1,1,1,1,0
安徽省,2012,1,0,1,1,1,1,0
安徽省,2013,1,0,0,0,1,1,0
安徽省,2014,1,0,0,1,0,1,0
安徽省,2015,1,0,0,1,0,1,0
安徽省,2016,1,0,1,1,1,1,0
安徽省,2018,1,0,1,1,1,1,0
安徽省,2019,1,0,1,1,1,1,0
安徽省,2020,1,0,1,1,1,1,0
安徽省,2021,1,0,0,1,0,1,0
重庆市,2016,42,0,0,1,0,1,1
重庆市,2017,42,0,1,1,1,1,0
重庆市,2019,42,1,1,1,1,1,1
重庆市,2021,42,1,1,1,1,1,1
重庆市,2022,42,1,1,1,1,1,1
河南省,2011,19,0,0,0,0,1,0
河南省,2012,19,0,0,0,0,1,1
河南省,2013,19,0,0,0,0,1,1
河南省,2014,19,0,0,1,1,0,1
浙江省,2012,74,0,0,0,0,0,0
浙江省,2022,74,0,0,0,0,1,1
上海市,2011,57,0,1,1,1,1,0
上海市,2018,57,0,0,0,0,0,0
上海市,2019,57,0,0,0,0,0,0
上海市,2020,57,0,0,0,1,0,0
上海市,2021,57,0,0,0,0,0,0
上海市,2022,57,0,1,1,1,1,0
浙江省,2013,23,0,0,1,1,0,0
浙江省,2014,23,1,1,1,1,1,1
广东省,2017,25,0,1,1,1,1,0
广东省,2018,25,0,0,1,0,0,0
广东省,2019,25,0,0,1,1,0,0
广东省,2022,25,0,1,1,1,1,0
北京市,2022,17,0,0,1,0,1,0
福建省,2012,35,0,0,0,1,1,0
福建省,2013,35,0,0,0,0,1,0
福建省,2016,35,0,0,1,0,1,1
福建省,2017,35,0,0,0,0,1,0
福建省,2018,35,0,1,1,1,1,0
福建省,2019,35,0,0,1,0,1,0
福建省,2020,35,1,1,1,1,1,1
福建省,2021,35,0,0,1,0,1,0
福建省,2022,35,0,0,1,0,1,0
河南省,2011,1,0,0,0,0,1,1
河南省,2012,1,0,0,0,0,1,0
河南省,2013,1,0,0,1,1,0,0
河南省,2014,1,0,0,0,0,0,0
河南省,2015,1,0,0,0,0,0,0
河南省,2016,1,0,0,0,0,0,0
河南省,2019,1,0,0,0,1,1,0
河南省,2020,1,0,0,0,0,1,0
河南省,2022,1,0,0,1,0,1,0
广东省,2019,46,0,0,0,0,0,0
广东省,2020,46,0,0,0,0,1,0
广东省,2021,46,0,0,0,0,1,0
广东省,2022,46,0,0,0,0,1,0
广东省,2011,45,0,0,1,0,1,1
广东省,2013,45,0,0,0,1,0,0
广东省,2014,45,0,0,1,1,0,0
山东省,2012,78,0,0,0,0,1,0
广东省,2013,7,0,0,1,0,1,0
广东省,2014,7,0,0,1,0,0,0
广东省,2015,7,0,0,1,0,0,0
广东省,2016,7,0,0,1,1,0,0
广东省,2018,7,0,1,1,1,1,0
广东省,2019,7,0,0,1,1,0,0
广东省,2022,7,0,0,0,1,0,0
山东省,2012,70,1,1,1,1,1,1
山东省,2013,70,0,0,0,1,1,0
山东省,2014,70,0,0,0,1,1,0
山东省,2015,70,0,0,0,1,1,0
山东省,2017,70,0,0,0,1,1,0
山东省,2018,70,0,0,0,1,1,0
山东省,2019,70,0,0,0,1,1,1
山东省,2020,70,0,0,0,0,1,0
安徽省,2017,45,0,0,1,1,0,0
安徽省,2018,45,0,0,1,1,0,1
安徽省,2019,45,1,1,1,1,1,1
安徽省,2020,23,0,1,1,1,1,0
安徽省,2021,23,0,1,1,1,1,0
安徽省,2022,23,0,1,1,1,1,0
广东省,2020,46,0,0,0,0,0,1
广东省,2022,46,0,0,1,0,1,0
河南省,2012,45,0,0,0,1,0,0
河南省,2013,45,0,1,1,1,1,0
河南省,2014,45,0,0,0,1,0,0
河南省,2015,45,0,0,1,1,0,0
河南省,2016,45,0,0,1,1,0,0
河南省,2017,45,0,0,1,0,0,0
河南省,2018,45,0,0,1,0,0,0
河南省,2019,45,0,0,1,1,0,0
河南省,2020,45,0,0,1,0,0,0
河南省,2021,45,0,0,1,0,0,0
河南省,2022,45,0,0,1,0,0,0
浙江省,2021,39,0,0,0,1,0,1
浙江省,2022,39,0,0,1,1,0,1
河北省,2022,58,0,0,0,1,1,0
上海市,2020,42,0,0,0,1,0,0
上海市,2021,42,0,0,0,1,0,0
上海市,2022,42,0,0,0,1,1,1
安徽省,2019,18,0,1,1,1,1,0
安徽省,2020,18,0,0,1,1,0,0
江苏省,2020,32,0,0,0,1,1,0
江苏省,2021,32,0,0,0,1,0,0
江苏省,2016,19,0,0,0,1,1,0
北京市,2021,74,0,0,0,1,1,0
北京市,2022,74,0,0,1,1,0,0
浙江省,2020,42,0,0,0,1,0,1
浙江省,2021,42,0,0,1,0,0,0
浙江省,2022,42,0,0,1,1,0,1
江苏省,2012,46,0,0,1,0,1,0
江苏省,2013,46,0,0,1,0,1,0
江苏省,2014,46,0,0,1,0,1,0
江苏省,2015,46,0,0,1,0,1,0
江苏省,2016,46,0,0,1,0,1,0
江苏省,2017,46,0,0,1,0,1,0
江苏省,2018,46,0,0,1,0,1,0
江苏省,2019,46,0,0,1,0,1,0
江苏省,2020,46,0,0,1,0,1,0
江苏省,2021,46,0,0,1,0,1,0
江苏省,2022,46,0,0,1,0,1,0
福建省,2011,27,1,1,1,1,1,1
福建省,2012,27,0,0,1,0,1,1
福建省,2014,27,0,0,1,0,1,0
福建省,2015,27,0,0,1,0,1,0
福建省,2016,27,0,1,1,1,1,0
福建省,2017,27,0,0,1,0,0,0
福建省,2018,27,0,0,1,1,0,0
福建省,2020,27,0,0,0,1,0,0
福建省,2021,27,0,0,1,0,0,0
福建省,2022,27,0,0,1,0,0,1
浙江省,2011,37,0,1,1,1,1,0
浙江省,2012,37,0,0,0,1,1,0
浙江省,2013,37,0,0,1,1,0,0
浙江省,2014,37,0,0,0,1,0,0
浙江省,2015,37,0,0,0,1,0,0
浙江省,2016,37,0,0,1,1,0,0
浙江省,2017,37,0,0,0,1,1,0
浙江省,2018,37,0,0,0,1,1,0
浙江省,2019,37,0,0,0,1,0,0
浙江省,2020,37,0,0,1,0,0,0
浙江省,2021,37,0,0,0,0,0,0
浙江省,2022,37,0,0,0,0,0,0
青海省,2019,4,0,0,0,0,0,0
青海省,2020,4,0,0,0,0,0,1
青海省,2021,4,0,0,0,0,1,1
青海省,2022,4,0,0,0,0,0,0
浙江省,2021,45,0,0,1,1,0,1
北京市,2020,40,1,1,1,1,1,1
北京市,2021,40,1,1,1,1,1,1
北京市,2022,40,0,0,1,1,0,1
广东省,2012,12,0,0,0,0,1,1
陕西省,2013,9,0,0,0,0,1,1
陕西省,2014,9,0,1,1,1,1,0
陕西省,2015,9,1,1,1,1,1,1
陕西省,2016,9,0,0,1,0,1,0
陕西省,2017,9,0,0,0,1,0,1
陕西省,2018,9,0,0,0,1,1,1
陕西省,2020,9,0,0,0,0,1,0
福建省,2012,44,0,0,0,0,1,0
福建省,2013,44,0,0,0,0,1,0
福建省,2014,44,0,0,0,0,0,0
福建省,2015,44,0,1,1,1,1,0
福建省,2016,44,0,0,0,0,0,0
福建省,2017,44,0,0,0,0,0,0
福建省,2019,44,0,0,0,0,0,0
福建省,2020,44,0,0,0,0,0,0
福建省,2021,44,0,0,0,0,0,0
福建省,2022,44,0,0,0,0,0,0
广东省,2022,48,0,1,1,1,1,0
福建省,2022,24,0,0,0,1,1,1
广东省,2022,20,0,1,1,1,1,0
海南省,2018,58,0,0,1,0,1,0
海南省,2019,58,0,1,1,1,1,0
海南省,2020,58,0,1,1,1,1,0
海南省,2021,58,0,0,1,0,1,0
海南省,2022,58,0,0,1,0,1,0
福建省,2012,1,0,0,1,1,0,0
福建省,2014,1,0,0,1,1,0,0
福建省,2015,1,0,1,1,1,1,0
福建省,2016,1,0,1,1,1,1,0
福建省,2017,1,0,1,1,1,1,0
福建省,2018,1,0,1,1,1,1,0
福建省,2019,1,0,1,1,1,1,0
福建省,2020,1,0,1,1,1,1,0
福建省,2021,1,0,0,1,0,1,0
福建省,2022,1,0,1,1,1,1,0
广东省,2017,45,0,1,1,1,1,0
广东省,2018,45,0,0,1,0,1,0
广东省,2021,45,0,0,1,1,0,0
河南省,2014,5,0,0,0,1,1,0
河南省,2018,5,0,0,0,1,0,0
河南省,2019,5,0,1,1,1,1,0
河南省,2021,5,0,1,1,1,1,0
广东省,2021,17,0,1,1,1,1,0
广东省,2022,17,0,0,0,0,1,0
广东省,2022,23,0,0,0,1,1,0
江苏省,2017,45,0,0,0,0,0,0
江苏省,2018,45,0,0,1,0,0,0
江苏省,2019,45,0,0,0,0,0,0
江苏省,2020,45,0,0,0,1,0,0
江苏省,2021,45,0,0,0,1,0,0
江苏省,2022,45,0,0,0,1,0,0
广东省,2014,9,0,0,1,0,1,1
广东省,2015,9,0,0,0,1,0,0
广东省,2016,9,1,1,1,1,1,1
广东省,2017,9,1,1,1,1,1,1
广东省,2018,9,0,0,0,1,0,1
广东省,2019,9,0,0,0,1,1,1
广东省,2020,9,0,0,0,1,1,0
广东省,2021,9,0,0,0,0,1,0
广东省,2022,9,0,0,0,1,1,1
北京市,2016,64,0,0,1,0,0,1
北京市,2017,64,0,0,1,1,0,0
北京市,2018,64,0,0,0,1,1,1
北京市,2019,64,0,1,1,1,1,0
安徽省,2022,49,0,0,0,0,1,1
北京市,2022,58,0,0,0,0,0,0
浙江省,2022,33,0,0,1,1,0,0
安徽省,2015,49,1,1,1,1,1,1
北京市,2015,39,0,0,0,1,1,0
四川省,2018,58,0,0,0,1,0,0
四川省,2020,58,0,0,0,1,0,0
四川省,2021,58,0,0,1,1,0,0
四川省,2022,58,0,0,1,1,0,0
湖北省,2022,45,0,0,0,0,0,0
广东省,2015,70,0,1,1,1,1,0
广东省,2016,70,0,0,1,0,1,0
广东省,2018,70,0,0,1,0,0,1
广东省,2019,70,0,0,1,0,1,0
广东省,2016,9,0,0,1,0,1,0
广东省,2017,9,0,1,1,1,1,0
广东省,2018,9,0,0,1,0,1,0
广东省,2019,9,0,0,1,1,0,0
广东省,2020,9,0,0,1,0,1,0
广东省,2021,9,0,0,1,0,1,0
广东省,2022,9,0,1,1,1,1,0
浙江省,2022,19,0,0,0,1,1,0
江苏省,2021,50,0,0,0,1,0,0
云南省,2020,37,0,0,0,0,0,0
云南省,2021,37,0,0,0,1,0,0
云南省,2022,37,0,0,0,1,0,0
广东省,2017,46,0,0,0,0,0,0
广东省,2018,46,0,0,0,0,0,1
天津市,2021,58,0,0,1,0,1,0
广东省,2017,35,0,0,1,1,0,1
广东省,2019,35,0,0,1,1,0,0
广东省,2020,35,0,0,1,1,0,0
广东省,2021,35,0,0,0,1,0,0
广东省,2022,35,0,0,1,0,0,1
广东省,2020,57,0,0,0,0,0,0
广东省,2022,57,0,1,1,1,1,0
山东省,2021,37,0,0,1,0,1,1
山东省,2022,37,0,0,1,0,1,1
江苏省,2021,50,0,0,0,0,1,1
江苏省,2022,50,0,0,0,0,1,1
广东省,2019,46,0,0,0,1,1,0
广东省,2020,46,0,0,0,1,0,0
广东省,2021,46,0,0,0,1,1,0
广东省,2022,46,0,0,0,0,1,1
湖南省,2020,23,0,0,1,0,1,0
湖南省,2021,23,0,0,0,1,0,0
湖南省,2022,23,0,0,0,1,0,0
广东省,2020,19,0,0,0,0,0,0
广东省,2021,19,0,0,0,1,0,0
广东省,2022,19,0,0,0,0,0,1
福建省,2018,58,0,0,1,0,1,0
福建省,2019,58,0,0,1,0,1,1
福建省,2020,58,0,0,1,0,1,1
福建省,2021,58,0,0,1,0,1,0
福建省,2022,58,0,0,1,0,1,0
广东省,2018,46,0,1,1,1,1,0
广东省,2020,46,0,1,1,1,1,0
广东省,2021,46,1,1,1,1,1,1
广东省,2022,46,0,1,1,1,1,0
广东省,2019,39,0,0,0,1,1,1
广东省,2021,39,0,0,0,1,1,1
广东省,2021,45,0,0,0,1,1,0
广东省,2021,26,0,0,1,0,1,0
广东省,2022,39,0,1,1,1,1,0
广东省,2019,36,0,0,0,0,1,0
广东省,2021,36,0,0,0,1,0,0
广东省,2022,36,0,0,1,1,0,1
四川省,2019,9,0,0,0,1,1,1
四川省,2020,9,0,0,0,1,1,0
四川省,2021,9,0,0,0,1,1,1
四川省,2022,9,0,0,0,1,1,1
广西壮族自治区,2022,39,0,0,0,1,0,0
广东省,2019,72,0,0,1,1,0,1
浙江省,2021,70,0,0,0,0,1,0
河南省,2018,50,0,0,0,0,0,1
河南省,2020,50,0,0,1,0,1,1
河南省,2021,50,0,0,1,0,1,1
河南省,2022,50,0,0,1,0,0,1
浙江省,2018,46,0,0,1,0,1,1
浙江省,2019,46,0,0,1,0,1,1
浙江省,2020,46,0,0,1,0,1,0
浙江省,2022,46,0,0,0,1,0,1
广东省,2019,46,0,0,0,1,0,0
广东省,2020,46,0,0,0,1,1,0
广东省,2021,46,0,1,1,1,1,0
广东省,2022,46,0,0,1,0,1,1
广东省,2019,9,0,0,1,0,1,0
广东省,2020,9,0,1,1,1,1,0
广东省,2021,9,0,0,1,0,1,1
西藏自治区,2021,9,0,1,1,1,1,0
西藏自治区,2022,9,0,0,0,1,1,1
四川省,2020,23,0,0,0,1,0,0
四川省,2022,23,0,1,1,1,1,0
山东省,2019,50,0,0,0,0,0,1
山东省,2020,50,0,0,1,1,0,0
山东省,2021,50,0,1,1,1,1,0
山东省,2022,50,0,0,0,0,0,0
山东省,2019,50,0,0,0,0,1,0
山东省,2021,50,0,0,0,0,0,1
山东省,2022,50,0,0,0,0,0,0
江苏省,2020,50,0,0,0,1,1,1
江苏省,2022,50,0,0,0,0,0,1
广东省,2022,62,0,1,1,1,1,0
重庆市,2022,66,0,0,0,1,0,1
广东省,2019,46,0,0,0,1,1,1
广东省,2020,46,0,0,0,1,1,0
广东省,2021,46,0,0,0,1,1,0
广东省,2022,46,0,0,0,1,1,0
广东省,2021,63,0,0,0,0,1,0
广东省,2022,63,0,0,1,1,0,0
广东省,2020,70,1,1,1,1,1,1
广东省,2022,70,1,1,1,1,1,1
湖南省,2022,45,0,1,1,1,1,0
广东省,2020,39,0,0,0,0,1,1
广东省,2021,39,0,0,0,0,1,0
广东省,2022,39,0,0,0,0,1,0
重庆市,2022,57,0,0,0,0,0,1
广东省,2020,36,0,0,0,1,0,1
广东省,2021,36,0,0,0,1,0,0
广东省,2022,62,0,0,1,0,0,0
福建省,2022,74,0,0,0,0,1,0
河北省,2022,46,0,1,1,1,1,0
江苏省,2021,18,0,0,1,0,0,0
江苏省,2022,18,0,0,0,1,0,1
广东省,2022,38,0,0,0,0,1,0
广东省,2022,46,0,0,0,0,0,0
北京市,2015,39,0,0,0,0,0,0
北京市,2016,39,0,0,0,0,0,0
北京市,2017,39,0,0,0,0,0,0
北京市,2018,39,0,0,0,0,0,0
北京市,2019,39,0,0,0,0,1,0
北京市,2020,39,0,0,0,0,0,0
北京市,2021,39,0,0,0,0,0,0
北京市,2022,39,0,0,0,0,0,1
北京市,2009,70,0,0,1,0,0,1
北京市,2010,70,0,0,0,0,0,1
北京市,2011,70,0,0,0,0,1,1
北京市,2012,70,0,0,0,0,0,0
北京市,2013,70,0,0,0,0,0,0
北京市,2018,70,0,0,0,0,0,1
北京市,2019,70,0,0,0,0,0,1
北京市,2021,70,0,0,0,0,0,1
广东省,2011,70,1,1,1,1,1,1
广东省,2012,27,1,1,1,1,1,1
广东省,2013,27,1,1,1,1,1,1
广东省,2014,27,1,1,1,1,1,1
广东省,2015,27,1,1,1,1,1,1
广东省,2016,27,1,1,1,1,1,1
广东省,2017,27,0,1,1,1,1,0
北京市,2009,48,0,1,1,1,1,0
重庆市,2009,58,1,1,1,1,1,1
河南省,2012,40,0,0,1,1,0,0
河南省,2013,40,0,0,1,0,1,0
河南省,2014,40,0,1,1,1,1,0
河南省,2015,40,0,1,1,1,1,0
河南省,2016,40,0,1,1,1,1,0
河南省,2017,40,0,1,1,1,1,0
河南省,2018,40,0,1,1,1,1,0
河南省,2019,40,0,1,1,1,1,0
河南省,2020,40,0,1,1,1,1,0
河南省,2021,40,0,1,1,1,1,0
河南省,2022,40,0,1,1,1,1,0
北京市,2022,47,1,1,1,1,1,1
广东省,2021,19,0,1,1,1,1,0
广东省,2022,19,0,1,1,1,1,0
湖南省,2009,28,1,1,1,1,1,1
湖南省,2011,28,0,1,1,1,1,0
湖南省,2012,28,0,1,1,1,1,0
湖南省,2013,28,0,1,1,1,1,0
湖南省,2014,28,0,0,0,1,0,1
湖南省,2015,28,0,1,1,1,1,0
湖南省,2016,28,0,0,0,1,0,1
湖南省,2018,28,0,1,1,1,1,0
湖南省,2019,28,0,0,0,1,0,0
湖南省,2020,28,0,0,0,1,1,0
湖南省,2021,28,0,0,0,1,1,0
湖南省,2022,28,0,0,0,1,1,0
北京市,2009,58,0,0,1,0,0,0
北京市,2011,58,0,1,1,1,1,0
北京市,2012,58,0,0,1,0,1,0
北京市,2013,58,0,0,1,0,1,0
北京市,2014,58,0,0,1,0,1,1
北京市,2015,58,0,0,1,0,1,0
北京市,2016,58,0,0,1,0,1,0
北京市,2017,58,1,1,1,1,1,1
北京市,2018,58,0,0,1,0,1,0
北京市,2019,58,1,1,1,1,1,1
北京市,2020,58,0,1,1,1,1,0
北京市,2022,58,0,1,1,1,1,0
上海市,2014,39,0,0,0,0,1,0
上海市,2015,39,0,0,1,0,1,0
上海市,2016,39,0,0,1,0,1,1
上海市,2017,39,0,0,0,0,1,0
上海市,2018,39,0,0,1,0,1,0
上海市,2019,39,0,0,1,0,1,0
上海市,2020,39,0,0,1,0,0,0
上海市,2021,39,0,0,1,0,0,1
上海市,2022,39,0,0,0,0,1,1
四川省,2011,45,0,0,0,0,1,0
四川省,2012,45,0,0,0,0,1,0
四川省,2013,45,0,0,0,0,0,1
四川省,2014,45,0,0,0,0,0,1
四川省,2015,45,0,0,0,0,0,0
四川省,2016,45,0,0,0,0,0,0
四川省,2017,45,0,0,0,0,0,0
四川省,2018,45,0,0,1,0,1,0
四川省,2019,45,0,0,1,0,1,0
四川省,2020,45,0,1,1,1,1,0
四川省,2021,45,0,0,1,0,1,1
四川省,2022,45,0,0,1,0,1,0
甘肃省,2019,37,0,0,0,0,0,0
四川省,2009,68,0,0,1,0,1,0
四川省,2013,68,0,0,0,0,1,0
四川省,2017,68,0,0,0,0,1,0
辽宁省,2014,27,0,0,1,0,0,0
辽宁省,2015,27,0,0,1,0,0,0
辽宁省,2016,27,0,0,1,0,1,0
辽宁省,2017,27,0,0,1,0,1,0
辽宁省,2018,27,0,1,1,1,1,0
辽宁省,2019,27,0,0,1,0,1,0
辽宁省,2020,27,0,0,1,0,1,1
辽宁省,2021,27,0,0,1,0,1,1
辽宁省,2022,27,0,0,1,0,1,0
浙江省,2014,64,0,0,0,1,0,0
浙江省,2015,64,0,0,0,1,0,0
浙江省,2016,64,0,0,0,1,0,0
浙江省,2017,64,0,0,0,1,0,0
浙江省,2018,64,0,0,1,1,0,0
浙江省,2019,64,0,0,1,1,0,0
浙江省,2020,64,0,0,1,1,0,0
浙江省,2021,64,0,0,1,1,0,0
浙江省,2022,64,0,0,0,1,0,1
江苏省,2022,42,0,0,0,0,0,0
浙江省,2009,39,0,0,0,0,0,1
浙江省,2019,39,0,1,1,1,1,0
浙江省,2020,54,0,1,1,1,1,0
浙江省,2021,54,0,1,1,1,1,0
浙江省,2022,54,1,1,1,1,1,1
北京市,2011,35,0,0,0,0,1,0
北京市,2012,35,0,0,0,0,1,0
北京市,2013,35,1,1,1,1,1,1
北京市,2014,35,0,0,1,0,1,0
北京市,2015,35,0,0,1,0,1,0
北京市,2016,35,0,0,0,0,1,0
北京市,2017,35,0,0,1,0,1,1
北京市,2018,35,0,0,1,0,1,0
北京市,2019,35,0,0,1,0,1,1
北京市,2020,35,0,0,1,0,1,1
北京市,2021,35,0,0,0,0,1,1
北京市,2022,35,0,0,1,0,1,1
广东省,2019,45,0,1,1,1,1,0
广东省,2020,45,0,1,1,1,1,0
广东省,2021,45,1,1,1,1,1,1
广东省,2022,45,0,1,1,1,1,0
上海市,2014,58,0,0,0,0,1,0
上海市,2015,58,0,0,1,0,1,0
上海市,2016,58,0,0,1,0,1,0
上海市,2017,58,0,0,1,0,1,0
上海市,2018,58,0,1,1,1,1,0
上海市,2019,58,0,0,1,0,1,0
上海市,2020,58,0,1,1,1,1,0
上海市,2021,58,0,0,1,0,1,0
上海市,2022,58,0,0,1,0,1,0
广东省,2015,48,0,0,0,0,1,1
广东省,2016,48,0,0,0,1,1,1
广东省,2017,42,0,1,1,1,1,0
广东省,2018,42,0,1,1,1,1,0
广东省,2019,42,0,1,1,1,1,0
广东省,2020,42,0,1,1,1,1,0
广东省,2021,42,0,0,1,0,1,1
广东省,2022,42,0,0,1,0,1,1
广东省,2011,39,0,0,0,0,1,0
广东省,2012,39,0,0,0,0,0,0
广东省,2013,39,0,0,0,0,0,0
广东省,2014,39,0,0,0,0,0,0
广东省,2015,39,0,0,1,0,0,1
广东省,2016,39,0,0,1,0,1,0
广东省,2017,39,0,0,0,0,1,0
广东省,2018,39,0,0,0,0,1,0
广东省,2021,39,0,0,0,0,1,1
广东省,2022,39,0,0,0,0,1,1
北京市,2011,39,0,0,0,1,0,0
北京市,2012,14,0,0,0,1,0,0
北京市,2013,14,0,0,1,1,0,0
北京市,2014,14,0,0,0,1,0,0
北京市,2015,14,0,0,0,1,0,0
北京市,2016,14,0,0,0,1,0,0
北京市,2017,14,0,0,0,1,0,0
北京市,2018,14,0,0,0,1,0,0
北京市,2019,14,0,0,0,0,0,0
北京市,2020,14,0,0,0,1,0,0
北京市,2021,14,0,0,0,1,0,0
北京市,2022,14,0,0,0,0,0,1
上海市,2015,42,0,0,0,1,1,1
上海市,2016,42,0,0,1,1,0,0
上海市,2017,42,0,0,0,1,0,0
上海市,2018,42,0,0,1,1,0,0
上海市,2019,9,0,0,1,1,0,1
上海市,2020,9,0,0,1,0,0,1
上海市,2021,9,0,0,1,1,0,1
上海市,2022,9,0,0,0,1,0,1
福建省,2010,19,0,1,1,1,1,0
福建省,2011,19,0,0,0,1,1,0
福建省,2012,19,0,0,1,0,1,1
福建省,2014,19,0,0,1,1,0,1
福建省,2015,19,0,0,1,0,0,1
福建省,2016,19,0,1,1,1,1,0
福建省,2018,19,0,1,1,1,1,0
福建省,2019,19,0,1,1,1,1,0
福建省,2021,19,1,1,1,1,1,1
福建省,2022,19,0,0,1,0,0,1
上海市,2010,45,0,1,1,1,1,0
上海市,2011,45,0,1,1,1,1,0
上海市,2012,45,0,0,1,0,1,1
上海市,2013,45,0,0,1,0,1,0
上海市,2014,45,0,0,1,0,1,0
上海市,2015,45,0,0,1,0,1,0
上海市,2016,45,0,0,1,0,1,0
北京市,2012,17,0,1,1,1,1,0
北京市,2013,17,0,0,1,0,1,1
北京市,2014,17,0,1,1,1,1,0
北京市,2015,17,0,0,1,0,1,0
北京市,2016,17,0,0,1,0,1,1
北京市,2017,17,0,0,0,1,1,0
北京市,2018,17,0,0,0,1,0,1
北京市,2019,17,0,0,1,1,0,1
北京市,2017,45,0,0,1,0,0,0
北京市,2019,45,0,0,1,0,0,0
北京市,2020,45,0,0,1,0,0,0
北京市,2021,45,0,0,1,0,0,1
北京市,2022,45,0,0,1,0,1,0
广东省,2011,46,0,0,0,0,0,0
广东省,2012,46,0,0,0,0,1,1
广东省,2013,46,0,0,0,0,1,0
广东省,2014,46,0,0,0,0,1,0
广东省,2015,46,0,0,0,0,1,0
广东省,2016,46,0,0,1,0,1,0
广东省,2017,46,0,0,1,0,1,0
广东省,2018,46,0,0,1,0,1,0
广东省,2019,46,0,0,1,0,1,0
河南省,2011,36,0,0,0,1,1,1
河南省,2012,36,0,0,0,1,1,1
河南省,2013,36,0,0,0,1,1,0
河南省,2015,36,0,0,0,1,1,0
河南省,2016,36,0,0,0,0,0,0
河南省,2017,36,0,0,0,0,0,0
河南省,2018,36,0,0,1,0,0,0
河南省,2019,36,0,0,1,1,0,0
河南省,2020,36,0,0,0,0,0,0
河南省,2021,36,0,0,0,0,0,0
河南省,2022,36,0,0,0,0,0,0
辽宁省,2013,45,0,0,0,0,1,0
辽宁省,2014,45,0,0,0,0,0,1
辽宁省,2015,45,0,0,0,0,0,0
辽宁省,2016,45,0,0,0,0,1,1
辽宁省,2017,45,0,0,0,0,1,0
辽宁省,2018,45,0,0,0,0,1,0
辽宁省,2019,45,0,0,0,0,0,1
辽宁省,2020,45,0,0,0,0,1,0
辽宁省,2021,45,0,0,0,0,0,0
辽宁省,2022,45,0,0,1,1,0,0
海南省,2015,58,0,0,0,1,1,0
江西省,2012,70,0,0,1,0,1,0
江西省,2017,70,0,0,1,1,0,0
江西省,2018,70,0,0,0,1,1,0
陕西省,2019,17,0,1,1,1,1,0
陕西省,2020,17,0,0,0,1,1,0
山东省,2010,58,0,0,0,0,1,0
山东省,2011,58,0,0,0,0,1,0
山东省,2012,58,0,0,1,1,0,0
山东省,2013,58,0,0,1,0,0,1
山东省,2014,58,0,0,1,0,1,0
山东省,2015,58,0,0,1,1,0,0
山东省,2016,58,0,0,1,1,0,0
山东省,2017,58,1,1,1,1,1,1
山东省,2022,45,0,0,0,1,1,0
重庆市,2011,58,0,0,1,0,1,0
重庆市,2018,58,0,0,1,0,1,0
重庆市,2020,58,0,0,1,1,0,0
重庆市,2021,58,0,0,1,1,0,0
重庆市,2022,58,0,1,1,1,1,0
广东省,2011,19,0,0,0,0,1,0
广东省,2012,19,0,0,0,1,1,0
广东省,2013,19,0,1,1,1,1,0
广东省,2014,19,0,1,1,1,1,0
广东省,2015,19,0,1,1,1,1,0
广东省,2016,19,0,0,0,1,1,0
广东省,2017,19,1,1,1,1,1,1
广东省,2018,19,0,0,0,1,1,1
广东省,2019,19,0,0,0,0,0,0
广东省,2020,19,0,0,0,1,1,1
福建省,2010,45,1,1,1,1,1,1
福建省,2011,45,0,1,1,1,1,0
福建省,2012,45,0,1,1,1,1,0
福建省,2013,45,0,1,1,1,1,0
福建省,2014,45,0,1,1,1,1,0
福建省,2015,45,0,1,1,1,1,0
福建省,2016,45,1,1,1,1,1,1
福建省,2017,45,0,1,1,1,1,0
福建省,2018,45,0,1,1,1,1,0
福建省,2019,45,0,1,1,1,1,0
福建省,2020,45,0,1,1,1,1,0
福建省,2021,45,1,1,1,1,1,1
福建省,2022,45,0,0,1,0,1,0
浙江省,2021,64,0,0,1,0,0,0
浙江省,2022,64,0,0,0,0,1,1
广东省,2017,46,0,1,1,1,1,0
广东省,2018,46,0,0,1,0,1,1
广东省,2019,46,0,0,0,1,1,1
广东省,2020,46,0,0,0,1,1,1
广东省,2021,46,0,0,1,0,1,1
广东省,2022,46,0,0,1,0,1,1
云南省,2019,58,0,0,0,0,0,1
云南省,2020,58,0,0,1,0,0,1
云南省,2021,58,0,0,0,0,1,0
云南省,2022,58,1,1,1,1,1,1
广东省,2019,28,0,0,1,0,1,0
山东省,2020,28,0,0,1,0,1,1
山东省,2021,28,0,0,1,0,1,0
浙江省,2022,31,0,0,0,0,0,1
上海市,2015,39,1,1,1,1,1,1
上海市,2016,39,0,0,0,1,1,1
江苏省,2021,17,0,0,1,0,0,1
江苏省,2022,17,0,0,0,0,1,1
福建省,2011,45,0,0,0,1,1,0
福建省,2012,45,0,1,1,1,1,0
福建省,2013,45,0,1,1,1,1,0
福建省,2014,45,0,1,1,1,1,0
福建省,2015,45,0,1,1,1,1,0
福建省,2016,45,0,1,1,1,1,0
福建省,2017,45,0,1,1,1,1,0
福建省,2018,45,0,1,1,1,1,0
福建省,2019,45,0,1,1,1,1,0
福建省,2020,45,0,1,1,1,1,0
福建省,2021,45,0,1,1,1,1,0
福建省,2022,45,0,1,1,1,1,0
河南省,2012,36,0,0,1,0,1,0
河南省,2013,36,0,0,0,0,1,1
河南省,2014,36,0,0,1,0,1,0
河南省,2015,36,0,0,1,0,1,0
河南省,2016,36,0,0,1,0,1,0
河南省,2017,36,0,0,0,0,1,0
河南省,2018,36,0,0,0,0,1,1
河南省,2019,36,0,0,0,0,1,1
河南省,2020,36,0,0,0,0,1,0
河南省,2022,36,0,0,0,1,1,1
浙江省,2011,58,0,0,0,0,1,0
浙江省,2012,58,0,0,0,1,1,0
浙江省,2013,58,0,0,0,1,1,0
浙江省,2014,58,0,0,0,1,0,1
浙江省,2015,58,0,0,0,1,0,0
浙江省,2016,58,0,0,0,1,1,0
浙江省,2017,58,0,0,1,1,0,0
浙江省,2018,58,0,0,0,1,0,1
浙江省,2019,58,0,0,0,1,0,0
浙江省,2022,58,0,0,0,1,0,0
广东省,2013,12,0,0,1,0,1,0
广东省,2014,12,0,0,1,0,1,1
广东省,2015,12,0,0,1,0,1,0
广东省,2016,12,0,0,1,0,1,0
广东省,2017,12,0,1,1,1,1,0
广东省,2018,17,0,1,1,1,1,0
广东省,2019,17,0,0,1,0,1,0
广东省,2020,17,0,0,1,1,0,0
广东省,2021,17,0,0,1,1,0,1
广东省,2022,17,0,0,1,0,0,1
福建省,2011,37,0,0,0,1,1,0
福建省,2012,37,0,0,1,0,1,0
福建省,2013,37,0,0,1,0,1,1
福建省,2014,37,0,0,1,0,1,0
福建省,2015,37,0,0,1,0,1,0
山东省,2021,36,0,0,1,0,1,0
山东省,2022,36,0,0,0,0,1,0
上海市,2018,37,0,0,1,0,1,1
上海市,2019,37,0,0,1,0,1,1
上海市,2020,37,0,0,1,0,1,1
上海市,2021,37,0,0,1,0,1,1
上海市,2022,37,0,0,1,1,0,0
浙江省,2022,36,0,0,0,0,1,0
上海市,2017,45,0,0,0,0,1,0
上海市,2018,45,0,0,0,1,1,0
上海市,2019,45,0,0,0,0,1,0
上海市,2020,45,0,0,0,0,1,0
上海市,2021,45,0,0,0,0,1,0
上海市,2022,45,0,0,0,0,0,0
河南省,2014,39,0,1,1,1,1,0
河南省,2015,39,0,1,1,1,1,0
河南省,2016,39,0,1,1,1,1,0
河南省,2017,39,0,1,1,1,1,0
河南省,2018,39,0,1,1,1,1,0
河南省,2019,39,0,1,1,1,1,0
北京市,2015,64,0,0,1,0,1,0
北京市,2016,64,0,0,0,0,1,1
北京市,2017,64,0,0,1,0,1,1
上海市,2016,39,0,0,1,0,0,0
上海市,2017,39,0,0,1,0,0,1
上海市,2018,39,0,0,1,0,1,1
上海市,2019,39,0,0,0,0,1,0
上海市,2020,39,0,0,0,0,1,0
上海市,2021,39,0,0,1,0,1,1
上海市,2022,39,0,0,0,0,0,1
河南省,2012,40,0,0,0,0,1,0
河南省,2013,40,0,0,0,1,1,0
河南省,2014,40,0,0,0,0,0,1
河南省,2015,40,0,0,0,0,1,0
河南省,2016,40,0,0,1,1,0,0
河南省,2017,40,0,0,0,0,0,0
河南省,2018,40,0,0,0,1,0,0
河南省,2019,40,0,0,1,1,0,0
河南省,2020,40,0,0,1,1,0,0
河南省,2021,40,0,1,1,1,1,0
河南省,2022,40,0,0,0,0,1,1
上海市,2014,12,0,0,0,0,1,1
上海市,2015,12,0,0,0,0,1,0
上海市,2016,12,0,0,0,0,1,1
上海市,2017,12,0,0,0,0,1,1
上海市,2018,17,0,0,0,0,1,0
上海市,2019,17,0,0,0,0,1,0
上海市,2020,17,0,0,0,0,1,1
广东省,2022,70,0,0,0,1,1,0
北京市,2016,39,0,0,0,0,0,0
北京市,2017,39,0,0,0,1,0,0
北京市,2018,39,0,0,0,0,0,0
北京市,2019,39,0,0,1,0,0,0
北京市,2020,39,0,0,0,0,0,0
北京市,2021,39,0,0,1,0,0,0
北京市,2022,39,0,0,0,0,1,1
辽宁省,2022,39,0,0,0,0,0,0
江西省,2021,58,0,0,1,1,0,0
江西省,2022,58,0,0,0,1,0,1
北京市,2015,46,0,0,0,1,0,1
北京市,2016,46,0,0,0,1,0,0
北京市,2017,46,0,0,0,1,0,0
北京市,2018,46,0,0,0,1,0,0
北京市,2020,46,0,0,0,1,1,0
北京市,2022,46,0,1,1,1,1,0
湖南省,2020,70,0,0,0,1,1,0
湖南省,2021,70,0,0,0,1,0,0
湖南省,2022,70,0,0,0,0,0,0
福建省,2012,39,0,0,0,1,1,1
福建省,2013,39,0,0,0,0,1,1
福建省,2014,39,0,0,0,0,1,1
福建省,2015,39,0,0,0,0,1,0
福建省,2016,39,0,0,0,0,1,0
福建省,2017,39,0,0,0,0,1,0
福建省,2018,39,0,1,1,1,1,0
福建省,2019,39,0,0,1,0,1,1
福建省,2020,39,0,1,1,1,1,0
福建省,2021,39,0,1,1,1,1,0
福建省,2022,39,1,1,1,1,1,1
山东省,2021,46,0,0,0,1,1,1
山东省,2022,46,0,0,0,1,1,1
北京市,2015,39,0,0,0,0,1,0
北京市,2016,42,0,0,0,1,1,0
北京市,2017,42,0,0,0,0,1,0
北京市,2018,42,0,1,1,1,1,0
北京市,2019,42,1,1,1,1,1,1
北京市,2020,42,1,1,1,1,1,1
北京市,2021,42,0,0,0,0,1,1
北京市,2022,42,0,0,0,1,1,1
浙江省,2021,70,0,0,0,1,1,0
上海市,2021,46,0,0,0,0,1,1
上海市,2022,46,0,0,0,0,1,1
浙江省,2015,40,0,0,0,1,0,1
浙江省,2016,40,0,0,0,0,0,1
浙江省,2018,39,0,0,1,1,0,1
浙江省,2017,46,1,1,1,1,1,1
浙江省,2018,46,0,0,1,0,1,0
浙江省,2019,46,0,0,1,1,0,1
浙江省,2020,46,0,0,1,1,0,0
浙江省,2021,46,1,1,1,1,1,1
浙江省,2022,46,1,1,1,1,1,1
浙江省,2022,58,0,1,1,1,1,0
重庆市,2021,58,0,0,1,0,1,0
重庆市,2022,58,0,0,0,1,1,0
北京市,2017,60,0,0,0,1,0,0
北京市,2018,60,0,0,0,0,0,1
北京市,2019,60,0,0,0,1,1,1
北京市,2020,60,0,1,1,1,1,0
北京市,2021,60,0,0,0,0,1,1
北京市,2022,60,0,0,0,0,0,1
河北省,2020,40,0,0,0,0,0,0
河北省,2021,40,0,0,0,0,0,0
河北省,2022,40,0,0,1,0,0,0
北京市,2019,39,0,0,0,0,0,0
北京市,2020,39,0,0,0,0,0,0
北京市,2021,39,0,0,1,0,0,0
北京市,2022,39,0,0,0,0,1,0
湖北省,2016,45,0,0,0,1,0,0
湖北省,2017,45,0,0,1,0,0,1
湖北省,2018,45,1,1,1,1,1,1
湖北省,2019,45,0,0,0,0,1,0
湖北省,2020,45,0,0,0,1,0,1
湖北省,2021,45,0,0,0,0,0,1
湖北省,2022,45,0,0,1,0,0,0
广东省,2022,46,0,0,1,0,0,0
上海市,2017,45,0,0,0,0,1,0
上海市,2018,45,0,0,0,0,1,1
上海市,2019,45,0,0,0,0,1,0
上海市,2020,45,0,0,1,0,1,1
上海市,2021,45,0,0,0,0,1,1
上海市,2022,45,0,0,0,0,1,0
广东省,2017,46,0,0,1,0,1,0
广东省,2019,46,0,0,1,0,0,1
广东省,2020,46,0,0,1,1,0,0
广东省,2021,46,0,0,1,1,0,1
广东省,2022,46,0,0,1,1,0,1
湖南省,2019,31,0,0,0,1,0,1
湖南省,2020,31,0,0,0,0,0,1
湖南省,2021,31,0,0,0,1,0,1
湖南省,2022,31,0,0,0,1,0,1
广东省,2019,70,0,0,0,1,1,0
广东省,2020,70,0,0,0,1,1,0
广东省,2021,70,0,0,0,1,1,1
广东省,2022,70,0,0,0,1,1,1
北京市,2015,42,0,0,0,0,1,0
北京市,2016,42,0,0,0,0,1,1
北京市,2017,42,0,0,0,0,0,0
北京市,2018,42,0,0,1,0,0,0
北京市,2019,42,0,0,0,0,1,0
北京市,2020,42,0,0,1,0,1,1
北京市,2021,42,0,0,1,0,1,1
北京市,2022,42,0,0,0,0,1,1
浙江省,2021,64,0,0,1,0,1,0
浙江省,2022,64,0,0,1,0,1,0
湖南省,2018,46,0,0,0,1,0,0
湖南省,2019,46,0,0,1,1,0,1
湖南省,2020,46,0,0,0,1,0,1
湖南省,2021,46,1,1,1,1,1,1
湖南省,2022,46,1,1,1,1,1,1
江苏省,2020,70,0,1,1,1,1,0
江苏省,2022,70,1,1,1,1,1,1
安徽省,2019,58,0,0,0,1,0,0
广东省,2019,39,0,0,0,0,0,0
广东省,2020,39,0,0,0,1,0,0
广东省,2021,39,0,1,1,1,1,0
广东省,2022,39,0,0,1,0,1,0
浙江省,2022,42,0,0,0,1,0,1
山西省,2015,70,0,0,1,0,1,1
广东省,2015,5,0,0,0,0,0,1
广东省,2019,5,0,0,0,0,0,1
广东省,2020,5,0,0,0,1,0,1
广东省,2021,5,0,0,0,1,0,0
广东省,2022,5,0,0,0,0,0,0
广东省,2020,27,0,0,0,0,1,1
广东省,2021,27,0,0,0,0,1,0
广东省,2022,27,0,0,0,0,1,0
广东省,2021,46,0,0,1,1,0,0
广东省,2022,46,0,0,1,1,0,1
广东省,2019,46,0,0,1,0,1,0
广东省,2020,46,0,1,1,1,1,0
广东省,2021,46,0,0,1,0,1,0
广东省,2022,46,0,0,1,0,1,1
山东省,2022,19,0,1,1,1,1,0
辽宁省,2021,58,0,0,0,1,0,0
辽宁省,2022,58,0,1,1,1,1,0
安徽省,2021,75,0,0,0,1,1,0
浙江省,2022,37,0,1,1,1,1,0
天津市,2022,45,0,0,0,0,0,0
广东省,2018,58,1,1,1,1,1,1
广东省,2019,58,1,1,1,1,1,1
广东省,2020,58,1,1,1,1,1,1
广东省,2021,58,0,1,1,1,1,0
广东省,2022,58,0,0,0,0,0,0
北京市,2017,39,0,0,0,0,0,0
北京市,2018,39,0,0,1,0,0,1
北京市,2019,39,0,0,1,0,0,0
北京市,2020,39,0,0,1,0,0,0
北京市,2021,39,0,0,1,0,0,1
北京市,2022,39,0,0,0,0,0,1
江苏省,2021,45,0,1,1,1,1,0
江苏省,2022,45,0,1,1,1,1,0
广东省,2021,25,1,1,1,1,1,1
广东省,2022,25,0,0,0,0,1,1
广东省,2021,19,0,1,1,1,1,0
广东省,2022,19,1,1,1,1,1,1
浙江省,2022,19,0,0,1,0,1,1
福建省,2021,46,0,0,0,1,0,1
海南省,2022,58,0,0,1,1,0,0
福建省,2017,40,0,1,1,1,1,0
福建省,2018,40,0,1,1,1,1,0
福建省,2019,40,0,0,0,1,1,0
福建省,2020,40,0,0,0,1,1,0
福建省,2021,40,1,1,1,1,1,1
福建省,2022,40,0,0,1,0,1,0
广东省,2018,62,0,1,1,1,1,0
广东省,2019,62,0,1,1,1,1,0
广东省,2020,62,0,1,1,1,1,0
广东省,2021,62,0,1,1,1,1,0
广东省,2020,39,0,0,0,1,1,0
广东省,2021,39,0,0,0,1,1,0
广东省,2022,39,0,0,0,0,0,1
安徽省,2020,17,0,0,0,1,1,1
安徽省,2021,17,0,0,0,1,1,0
安徽省,2022,17,0,1,1,1,1,0
山东省,2019,11,0,0,0,1,1,0
山东省,2020,11,0,0,0,1,1,1
山东省,2021,11,0,0,0,0,1,0
江苏省,2017,70,0,1,1,1,1,0
江苏省,2018,70,1,1,1,1,1,1
广东省,2022,46,0,0,1,1,0,0
江苏省,2020,36,0,0,0,0,0,0
江苏省,2021,36,0,0,0,0,0,0
江苏省,2022,36,0,0,0,0,0,1
浙江省,2020,25,0,0,0,1,0,0
浙江省,2021,25,0,0,1,1,0,0
广东省,2018,36,0,0,0,1,0,1
广东省,2019,36,0,0,0,1,0,1
广东省,2020,36,0,0,0,0,0,1
江西省,2019,46,0,0,1,0,1,0
江西省,2020,36,0,0,0,0,1,1
广东省,2020,25,0,0,0,1,1,0
广东省,2021,25,0,0,1,0,1,0
福建省,2018,19,0,0,1,1,0,0
福建省,2019,19,0,0,1,0,0,0
福建省,2020,19,0,0,1,0,0,0
北京市,2020,67,0,0,0,0,0,0
广东省,2018,70,0,0,0,0,0,1
广东省,2019,70,1,1,1,1,1,1
广东省,2020,70,1,1,1,1,1,1
广东省,2021,70,0,0,1,0,0,1
江苏省,2020,5,0,0,0,0,1,0
江苏省,2021,5,0,0,1,0,1,1
江苏省,2022,5,0,0,1,0,1,1
广东省,2022,19,0,0,1,0,0,0
江苏省,2020,46,0,0,0,1,1,1
江苏省,2021,46,0,0,0,1,1,0
广东省,2022,45,0,0,1,0,1,0
山东省,2020,74,0,0,0,0,1,1
山东省,2021,74,0,0,1,0,1,1
山东省,2022,74,0,0,1,0,0,0
山东省,2022,45,0,1,1,1,1,0
浙江省,2021,37,0,1,1,1,1,0
浙江省,2022,37,0,0,1,0,1,0
广东省,2021,17,0,0,1,1,0,1
广东省,2022,17,0,0,1,1,0,0
四川省,2020,70,0,0,1,0,0,0
广东省,2022,37,0,0,1,0,1,0
湖北省,2020,58,0,0,1,1,0,0
湖北省,2021,58,0,0,1,1,0,0
广东省,2020,75,0,0,0,0,1,0
广东省,2020,19,0,0,1,0,1,1
广东省,2020,36,1,1,1,1,1,1
广东省,2021,36,0,1,1,1,1,0
广东省,2022,36,1,1,1,1,1,1
浙江省,2020,19,0,0,1,0,1,1
浙江省,2021,19,0,0,1,1,0,0
浙江省,2022,19,0,0,0,1,1,1
北京市,2020,70,0,0,0,0,0,0
北京市,2022,70,0,0,1,0,1,0
浙江省,2021,40,0,0,1,0,1,1
浙江省,2022,40,0,0,1,0,0,0
上海市,2020,23,1,1,1,1,1,1
上海市,2021,23,0,0,1,0,1,1
上海市,2022,23,0,0,1,0,1,0
贵州省,2021,19,0,0,0,1,1,0
贵州省,2022,19,1,1,1,1,1,1
浙江省,2022,30,0,0,1,1,0,0
云南省,2021,45,1,1,1,1,1,1
云南省,2022,45,0,0,1,1,0,1
湖北省,2022,58,0,0,1,1,0,0
宁夏回族自治区,2021,5,0,0,0,0,0,0
宁夏回族自治区,2022,5,0,0,1,0,1,0
河北省,2022,37,0,0,1,1,0,0
四川省,2022,42,0,0,0,0,0,1
上海市,2020,1,0,0,1,1,0,1
辽宁省,2022,7,0,0,0,0,1,1
山东省,2021,70,1,1,1,1,1,1
山东省,2022,70,0,1,1,1,1,0
上海市,2022,60,0,0,0,0,0,1
广东省,2021,7,0,0,1,0,1,1
广东省,2022,7,0,0,1,0,0,0
江苏省,2022,68,0,0,1,0,1,1
广东省,2021,58,1,1,1,1,1,1
广东省,2022,58,0,0,1,0,1,0
湖北省,2022,46,0,0,1,0,1,1
江西省,2022,46,0,0,0,0,1,1
山东省,2021,36,1,1,1,1,1,1
山东省,2022,36,0,0,1,0,1,0
广东省,2022,39,0,0,0,0,0,1
四川省,2022,45,0,0,1,1,0,1
广东省,2022,78,0,0,1,1,0,0
广东省,2022,46,1,1,1,1,1,1
浙江省,2022,27,0,0,1,0,1,1
上海市,2012,50,0,0,0,1,0,0
上海市,2013,50,0,0,0,1,0,1
上海市,2015,50,0,0,1,1,0,1
上海市,2017,50,0,0,1,0,1,0
上海市,2018,50,0,0,1,1,0,1
上海市,2019,50,0,0,0,0,0,0
上海市,2020,50,0,0,0,0,0,1
上海市,2021,50,0,0,1,0,0,0
上海市,2022,50,0,0,0,1,0,0
广东省,2010,34,0,0,1,1,0,1
广东省,2011,34,0,0,1,0,0,1
广东省,2012,3,1,1,1,1,1,1
广东省,2013,3,0,0,1,1,0,1
广东省,2014,3,1,1,1,1,1,1
广东省,2015,3,0,1,1,1,1,0
广东省,2016,3,0,0,0,1,1,1
广东省,2017,3,0,0,0,1,0,1
广东省,2018,3,0,0,0,0,0,1
广东省,2019,3,0,0,0,1,1,1
广东省,2020,3,0,0,0,0,1,0
广东省,2021,3,0,0,1,0,1,0
湖北省,2010,7,0,0,0,0,0,0
湖北省,2011,7,0,0,0,0,0,0
湖北省,2012,7,0,0,0,0,0,0
湖北省,2013,7,0,0,0,0,0,0
湖北省,2014,7,0,0,0,1,0,0
湖北省,2015,7,0,0,0,0,0,0
湖北省,2016,7,0,0,0,0,0,0
湖北省,2018,7,0,0,0,0,1,0
湖北省,2019,7,0,0,0,1,1,0
湖北省,2020,7,0,0,0,1,1,0
湖北省,2021,7,0,0,0,0,0,0
湖北省,2022,7,0,0,0,0,0,0
北京市,2018,76,0,0,1,0,0,1
北京市,2019,76,0,0,0,0,0,1
北京市,2020,76,0,0,0,1,0,1
北京市,2021,76,1,1,1,1,1,1
北京市,2022,76,1,1,1,1,1,1
内蒙古自治区,2018,33,0,0,0,0,1,1
内蒙古自治区,2019,33,0,0,0,1,0,1
内蒙古自治区,2020,33,0,0,0,0,0,1
内蒙古自治区,2021,33,0,0,0,0,0,1
内蒙古自治区,2022,33,0,0,0,0,0,0
北京市,2010,32,0,0,0,0,0,0
北京市,2011,32,0,0,0,0,0,0
北京市,2012,32,0,0,0,0,0,0
北京市,2013,32,0,0,0,0,0,0
北京市,2014,32,0,0,1,0,0,0
北京市,2015,32,0,0,0,0,0,0
北京市,2016,32,0,0,1,0,0,0
北京市,2017,32,0,0,0,0,0,0
北京市,2018,32,0,0,0,0,0,0
北京市,2019,32,0,0,0,1,0,0
北京市,2020,32,0,0,0,1,0,0
北京市,2021,32,0,0,1,1,0,0
北京市,2022,32,0,0,1,1,0,0
安徽省,2010,34,0,0,0,1,1,1
安徽省,2011,34,0,0,0,1,1,0
安徽省,2012,69,0,0,0,0,0,0
安徽省,2013,69,0,0,0,0,0,1
安徽省,2014,69,0,0,1,1,0,0
安徽省,2015,69,0,0,0,1,0,1
安徽省,2016,69,0,0,1,1,0,1
安徽省,2017,69,0,1,1,1,1,0
安徽省,2018,69,0,0,0,1,1,0
北京市,2010,50,1,1,1,1,1,1
北京市,2011,50,0,0,1,1,0,1
北京市,2012,50,0,0,1,0,0,1
北京市,2013,50,0,0,1,0,1,1
北京市,2015,50,1,1,1,1,1,1
北京市,2016,50,0,0,1,0,0,1
北京市,2017,50,0,0,0,0,0,1
北京市,2018,50,0,0,0,0,0,1
北京市,2019,50,0,0,1,0,1,1
北京市,2020,50,0,1,1,1,1,0
北京市,2021,50,0,1,1,1,1,0
北京市,2022,50,0,1,1,1,1,0
北京市,2010,50,0,0,0,1,1,0
北京市,2011,50,0,0,0,1,1,1
北京市,2012,50,0,0,0,1,0,0
北京市,2013,50,0,0,0,1,0,0
北京市,2014,50,0,0,0,1,0,0
北京市,2015,50,0,1,1,1,1,0
北京市,2016,50,0,0,1,1,0,0
北京市,2017,50,0,0,1,1,0,0
北京市,2018,50,0,0,0,0,0,1
北京市,2019,50,0,0,0,1,0,0
北京市,2020,50,0,1,1,1,1,0
北京市,2021,50,0,0,0,1,1,0
北京市,2022,50,0,0,0,1,0,0
山东省,2010,34,0,1,1,1,1,0
山东省,2011,34,0,0,0,0,1,0
山东省,2012,77,0,0,0,1,1,0
山东省,2013,77,0,0,1,1,0,1
山东省,2014,77,0,0,1,0,0,0
山东省,2015,77,0,0,1,0,0,0
山东省,2016,77,0,0,1,0,0,1
山东省,2017,77,0,0,0,0,0,0
山东省,2018,77,0,0,0,1,0,0
山东省,2019,77,0,0,0,0,0,1
山东省,2020,77,0,0,0,1,1,1
山东省,2021,77,0,0,0,1,1,0
上海市,2011,34,0,0,1,1,0,0
上海市,2010,33,0,0,1,0,0,0
上海市,2011,33,0,0,1,0,1,0
上海市,2012,33,0,0,1,0,0,0
上海市,2013,33,0,0,1,0,0,0
上海市,2018,33,0,0,1,0,0,1
河南省,2009,34,0,0,0,0,1,0
河南省,2010,34,0,0,1,0,1,1
河南省,2011,34,0,0,1,0,0,0
河南省,2012,69,0,0,1,0,0,1
河南省,2013,69,0,0,1,0,1,0
河南省,2014,69,0,0,1,0,1,0
河南省,2015,69,0,0,1,0,1,0
河南省,2016,69,0,1,1,1,1,0
河南省,2017,69,0,0,1,0,0,0
河南省,2018,69,0,0,1,0,0,0
河南省,2019,69,0,0,1,0,0,0
河南省,2020,69,0,0,1,0,0,1
河南省,2021,69,0,0,0,0,0,1
河南省,2022,69,0,0,0,0,0,0
上海市,2013,32,0,0,0,0,0,1
上海市,2014,32,0,0,0,0,0,0
上海市,2015,32,0,0,0,0,0,0
上海市,2018,32,0,0,1,0,0,0
山东省,2010,33,0,1,1,1,1,0
山东省,2011,33,0,0,1,1,0,0
山东省,2012,33,0,0,0,0,0,1
山东省,2013,33,0,0,1,1,0,0
山东省,2014,33,0,0,1,1,0,0
山东省,2015,33,0,0,0,0,0,1
山东省,2016,33,0,0,0,1,0,0
山东省,2017,33,0,0,0,1,0,1
山东省,2018,33,0,0,0,0,0,0
山东省,2019,33,0,0,0,1,0,1
山东省,2020,33,0,0,0,1,0,0
山东省,2021,33,0,0,0,1,1,1
山东省,2022,33,0,0,1,0,1,1
浙江省,2021,32,0,0,0,0,1,1
浙江省,2022,32,0,0,1,0,1,1
云南省,2017,32,0,0,1,1,0,0
云南省,2018,32,0,0,0,1,0,0
云南省,2019,32,0,0,0,0,0,0
云南省,2020,32,0,0,0,0,0,0
云南省,2021,32,0,0,0,1,1,0
上海市,2009,77,0,1,1,1,1,0
上海市,2010,77,0,0,0,1,1,1
上海市,2011,77,0,0,0,0,1,0
上海市,2012,77,0,0,0,0,1,0
上海市,2013,77,0,0,1,0,1,0
上海市,2014,77,0,0,1,1,0,0
上海市,2015,77,0,0,0,1,0,0
上海市,2016,77,0,0,0,1,0,1
上海市,2017,77,0,0,0,0,0,1
上海市,2018,77,0,0,0,1,0,0
上海市,2019,77,0,0,1,1,0,1
上海市,2020,77,0,0,1,0,1,1
上海市,2021,77,0,0,1,1,0,0
山东省,2009,32,0,0,0,0,1,0
山东省,2010,32,0,1,1,1,1,0
山东省,2011,32,0,1,1,1,1,0
山东省,2012,32,0,0,1,0,1,0
山东省,2013,32,0,0,1,0,1,1
山东省,2014,32,0,0,1,0,1,0
山东省,2015,32,0,0,1,0,1,1
山东省,2017,32,0,0,0,0,0,1
山东省,2018,32,0,0,1,0,0,1
山东省,2019,32,0,0,1,0,0,0
山东省,2020,32,0,0,1,0,1,1
山东省,2022,32,0,0,1,0,0,1
北京市,2009,53,0,0,0,1,0,1
北京市,2010,53,0,1,1,1,1,0
北京市,2011,53,0,0,1,0,0,0
北京市,2012,53,0,0,0,0,0,0
北京市,2013,53,0,0,0,0,0,0
广东省,2009,3,0,0,0,0,1,0
广东省,2010,3,0,0,1,1,0,0
广东省,2012,3,0,0,0,1,0,0
广东省,2015,3,0,0,1,1,0,1
广东省,2018,3,0,0,0,1,0,0
广东省,2019,3,0,0,0,0,0,0
广东省,2020,3,0,0,1,1,0,0
广东省,2021,3,0,0,0,0,0,0
广东省,2022,3,0,0,0,0,0,0
广东省,2009,9,0,0,0,0,1,0
广东省,2010,9,0,0,0,0,0,1
广东省,2011,9,0,0,0,0,0,0
广东省,2012,9,0,0,0,1,0,0
广东省,2013,9,0,0,0,0,0,0
广东省,2014,9,0,0,0,1,0,0
广东省,2015,9,0,0,1,0,0,0
广东省,2016,9,0,0,1,0,0,1
广东省,2017,9,0,0,1,0,0,0
广东省,2018,9,0,0,0,0,0,1
广东省,2019,9,0,0,1,0,0,0
广东省,2020,9,0,0,1,0,0,1
广东省,2021,9,0,0,1,0,1,0
广东省,2022,9,0,0,1,0,1,1
湖南省,2010,70,0,0,1,0,0,0
湖南省,2011,70,0,0,0,1,0,1
湖南省,2012,70,0,0,0,0,0,0
北京市,2013,70,0,0,0,0,1,0
北京市,2014,70,0,0,0,0,0,0
北京市,2015,70,0,0,0,0,0,0
北京市,2016,70,0,0,0,0,1,0
北京市,2017,70,0,0,0,0,0,0
北京市,2018,70,0,0,0,1,0,0
北京市,2019,70,0,0,0,1,0,0
北京市,2020,70,0,0,0,1,0,0
北京市,2021,70,0,0,0,1,1,0
北京市,2022,70,0,1,1,1,1,0
福建省,2007,69,0,1,1,1,1,0
福建省,2010,69,0,0,0,0,0,1
福建省,2011,69,0,0,1,0,1,1
福建省,2013,69,0,0,0,1,1,1
福建省,2014,69,0,0,0,0,1,0
福建省,2015,69,0,0,0,0,1,1
福建省,2016,69,0,0,0,0,1,1
福建省,2017,69,0,0,0,0,1,0
福建省,2018,69,0,0,0,0,1,1
福建省,2019,69,0,0,1,0,1,1
福建省,2020,69,0,0,0,1,1,1
福建省,2021,69,0,0,1,0,1,1
福建省,2022,69,0,0,1,0,1,1
湖北省,2021,69,0,0,1,1,0,0
湖北省,2022,69,0,0,0,1,0,0
广东省,2010,50,1,1,1,1,1,1
广东省,2014,50,0,1,1,1,1,0
广东省,2015,50,0,0,1,1,0,0
广东省,2016,50,0,0,1,1,0,0
广东省,2017,50,0,0,1,1,0,0
广东省,2018,50,0,0,1,1,0,1
广东省,2019,50,0,0,1,0,0,1
北京市,2010,39,0,0,0,0,0,1
北京市,2011,39,0,0,0,0,0,1
北京市,2012,73,0,0,0,0,0,1
北京市,2013,73,0,0,0,0,0,1
北京市,2014,73,0,0,0,0,0,1
北京市,2015,73,0,0,0,0,0,0
北京市,2016,73,0,0,0,0,0,0
北京市,2018,73,0,0,0,0,0,1
北京市,2019,73,0,0,0,0,0,0
广东省,2011,66,0,1,1,1,1,0
广东省,2018,66,0,0,0,1,0,0
广东省,2019,66,0,0,0,1,1,1
广东省,2020,66,0,1,1,1,1,0
广东省,2021,66,0,1,1,1,1,0
广东省,2022,66,0,1,1,1,1,0
上海市,2010,73,0,0,0,0,0,0
上海市,2011,73,0,0,0,0,0,0
上海市,2012,73,0,0,0,0,0,0
上海市,2013,73,0,0,0,0,0,0
上海市,2014,73,0,0,0,1,0,0
上海市,2015,73,0,0,0,1,0,0
上海市,2016,73,0,0,0,0,0,0
北京市,2017,73,0,0,0,0,0,0
北京市,2018,73,0,0,0,1,0,0
北京市,2020,73,0,1,1,1,1,0
浙江省,2010,16,0,0,1,1,0,1
浙江省,2011,16,0,0,1,1,0,1
浙江省,2012,78,0,0,1,1,0,0
浙江省,2013,78,0,0,1,1,0,0
浙江省,2014,78,0,0,1,1,0,0
浙江省,2015,78,0,0,1,1,0,0
浙江省,2016,78,0,0,1,1,0,1
浙江省,2017,78,0,0,1,1,0,0
浙江省,2018,78,0,0,1,0,0,0
浙江省,2019,78,0,0,1,1,0,1
浙江省,2020,78,0,0,1,0,0,1
浙江省,2021,78,0,0,1,1,0,0
浙江省,2022,78,0,0,1,1,0,0
浙江省,2012,66,0,0,0,1,1,1
浙江省,2013,66,0,0,0,0,1,1
浙江省,2014,66,0,0,1,0,1,0
浙江省,2015,66,0,0,0,0,1,0
浙江省,2016,66,0,0,0,0,1,0
浙江省,2017,66,0,0,0,0,1,0
浙江省,2018,66,0,0,0,0,1,1
浙江省,2019,66,0,0,0,0,1,1
浙江省,2020,64,0,0,0,0,1,1
浙江省,2021,64,0,0,0,0,1,0
浙江省,2022,64,0,0,0,0,1,0
江西省,2017,66,0,1,1,1,1,0
江西省,2018,54,0,0,1,1,0,1
江西省,2019,54,0,0,1,0,0,0
江西省,2020,54,0,1,1,1,1,0
江西省,2021,54,0,0,1,0,1,0
江西省,2022,54,0,1,1,1,1,0
北京市,2010,70,0,0,0,1,0,1
北京市,2011,70,0,0,0,0,1,1
北京市,2012,70,0,0,0,1,1,0
北京市,2013,70,0,0,0,1,0,1
北京市,2014,70,0,0,0,1,0,1
北京市,2015,70,0,0,0,0,0,1
北京市,2016,70,0,0,0,1,1,0
北京市,2017,70,0,0,0,1,0,0
北京市,2018,70,0,0,0,1,1,0
北京市,2019,70,0,0,0,1,1,1
北京市,2020,70,0,0,0,1,1,1
北京市,2021,70,0,0,0,1,1,0
北京市,2022,70,0,0,0,1,0,1
北京市,2011,68,0,0,0,0,0,0
北京市,2012,78,0,0,0,1,1,0
北京市,2013,58,0,0,0,1,1,1
北京市,2014,58,0,0,0,1,1,1
北京市,2015,58,0,0,0,1,1,1
北京市,2016,58,0,0,0,0,0,1
北京市,2017,58,0,0,0,1,0,1
北京市,2018,58,0,0,0,0,0,0
北京市,2019,58,0,0,0,0,0,1
北京市,2020,58,0,0,0,0,1,0
北京市,2021,78,0,0,0,0,0,0
北京市,2010,68,0,0,0,1,1,1
北京市,2011,68,1,1,1,1,1,1
北京市,2012,78,0,1,1,1,1,0
北京市,2013,78,0,0,1,0,0,0
北京市,2014,78,0,0,1,1,0,0
北京市,2015,78,0,0,1,1,0,0
北京市,2016,78,0,0,1,1,0,1
北京市,2017,78,0,0,1,1,0,0
北京市,2018,78,0,0,1,0,0,0
北京市,2019,78,0,0,1,0,0,0
北京市,2020,78,0,0,1,1,0,0
北京市,2021,78,0,0,1,1,0,1
北京市,2022,78,0,0,1,0,1,0
浙江省,2010,4,0,0,1,1,0,0
浙江省,2011,4,0,0,1,0,1,0
浙江省,2012,4,0,0,0,1,1,0
浙江省,2013,4,0,0,0,1,0,0
浙江省,2014,4,0,0,0,0,1,0
浙江省,2015,4,0,0,0,1,1,0
浙江省,2016,4,0,0,0,0,0,0
浙江省,2017,4,0,0,0,1,0,0
浙江省,2018,4,0,0,1,0,0,0
浙江省,2019,4,0,0,1,1,0,0
浙江省,2020,4,0,0,1,1,0,0
浙江省,2021,4,0,0,1,1,0,0
浙江省,2022,4,0,0,1,0,0,0
山东省,2010,46,0,0,1,0,0,1
山东省,2011,46,0,0,0,0,0,1
山东省,2012,46,0,0,0,0,0,0
山东省,2013,46,0,0,1,0,0,0
山东省,2014,46,0,0,0,0,0,0
山东省,2015,46,0,0,0,0,0,1
山东省,2016,46,0,0,1,0,0,1
山东省,2017,46,0,0,0,0,0,1
山东省,2018,46,0,0,0,0,1,0
山东省,2019,46,0,0,0,1,0,0
上海市,2018,9,0,0,0,0,1,1
上海市,2019,9,0,0,0,1,0,1
上海市,2020,9,0,0,0,1,1,1
上海市,2021,9,0,0,0,1,0,0
北京市,2010,58,0,0,1,1,0,0
北京市,2011,58,0,0,0,1,0,0
北京市,2012,58,0,0,0,1,1,0
北京市,2013,58,0,1,1,1,1,0
北京市,2014,58,0,0,0,1,0,0
北京市,2015,58,0,0,0,1,0,1
北京市,2016,58,0,0,0,1,0,0
北京市,2017,58,0,0,0,1,0,0
北京市,2018,58,0,0,0,1,0,1
北京市,2019,58,0,0,0,1,0,1
北京市,2020,58,0,0,0,1,0,0
安徽省,2010,11,1,1,1,1,1,1
安徽省,2011,11,0,0,0,1,1,0
安徽省,2012,11,0,0,1,0,1,0
安徽省,2013,11,0,0,1,0,1,0
安徽省,2014,11,0,1,1,1,1,0
安徽省,2015,11,0,1,1,1,1,0
安徽省,2016,11,0,1,1,1,1,0
安徽省,2017,11,0,0,0,1,1,0
安徽省,2018,11,0,1,1,1,1,0
安徽省,2019,11,0,1,1,1,1,0
安徽省,2020,11,0,0,1,1,0,1
安徽省,2021,11,0,0,0,1,0,0
安徽省,2022,11,0,0,0,1,0,0
江苏省,2010,66,0,0,1,1,0,1
江苏省,2011,66,0,0,0,0,0,1
江苏省,2012,66,0,0,0,0,1,0
江苏省,2013,66,0,0,0,0,0,1
江苏省,2014,66,0,0,0,0,0,1
江苏省,2018,66,0,0,1,0,0,1
江苏省,2019,66,0,0,0,1,0,0
江苏省,2020,66,0,0,1,0,0,1
江苏省,2021,66,0,0,1,1,0,1
河南省,2011,7,0,0,1,0,0,0
河南省,2012,7,0,0,0,1,0,0
河南省,2013,7,0,0,0,0,0,0
河南省,2014,7,0,0,0,0,0,0
河南省,2015,7,0,0,0,0,0,1
河南省,2016,7,0,0,1,0,1,0
河南省,2017,7,0,0,0,0,1,0
河南省,2018,7,0,0,1,0,0,0
河南省,2022,7,0,0,1,0,0,0
福建省,2010,19,0,0,0,0,0,0
福建省,2011,19,0,0,0,0,0,0
福建省,2012,66,0,0,1,1,0,0
福建省,2013,66,0,0,1,1,0,0
福建省,2014,66,0,0,1,1,0,0
福建省,2015,66,0,0,1,1,0,0
福建省,2016,66,0,0,1,1,0,0
福建省,2017,66,0,0,1,1,0,0
福建省,2018,66,0,0,1,1,0,0
福建省,2019,66,0,0,1,1,0,0
福建省,2020,66,0,0,1,1,0,0
福建省,2021,66,0,0,1,0,0,0
福建省,2022,66,0,0,1,0,0,0
江西省,2010,55,0,0,0,0,0,0
江西省,2011,55,0,0,1,0,0,1
江西省,2012,40,0,0,1,1,0,0
江西省,2013,40,0,0,1,1,0,0
江西省,2014,40,0,0,1,0,1,1
江西省,2015,40,0,0,1,1,0,1
江西省,2016,40,0,0,0,1,0,1
江西省,2017,40,0,0,0,1,0,1
江西省,2018,40,0,0,0,0,0,1
江西省,2019,40,0,0,0,0,0,1
江西省,2020,40,0,0,0,0,0,1
江西省,2021,40,0,0,0,0,0,1
江西省,2022,40,0,0,0,0,0,1
上海市,2021,12,0,0,0,1,1,0
上海市,2022,23,1,1,1,1,1,1
新疆维吾尔自治区,2021,45,0,0,1,1,0,0
湖北省,2020,58,0,0,0,0,1,0
湖北省,2021,58,0,0,0,1,0,0
湖北省,2022,58,0,0,0,0,0,0
上海市,2021,7,0,1,1,1,1,0
上海市,2022,7,0,1,1,1,1,0
北京市,2010,58,0,0,1,0,0,1
北京市,2011,58,0,0,1,0,0,1
北京市,2012,58,0,0,1,0,0,0
北京市,2013,58,0,0,1,0,0,1
北京市,2014,58,0,0,1,0,0,0
北京市,2015,58,0,0,1,0,0,0
北京市,2016,58,0,0,0,0,0,1
北京市,2017,58,0,0,1,0,0,0
北京市,2018,58,0,0,0,0,0,1
北京市,2019,58,0,0,1,0,0,1
北京市,2020,58,0,0,1,0,1,0
北京市,2021,58,0,0,1,0,1,0
新疆维吾尔自治区,2009,19,0,0,0,0,0,0
新疆维吾尔自治区,2010,19,0,0,0,1,0,0
新疆维吾尔自治区,2011,19,0,0,1,1,0,1
新疆维吾尔自治区,2012,19,0,0,1,1,0,0
新疆维吾尔自治区,2013,19,0,0,1,1,0,0
新疆维吾尔自治区,2014,19,0,0,1,1,0,0
新疆维吾尔自治区,2015,19,0,0,1,1,0,0
新疆维吾尔自治区,2016,19,0,0,1,1,0,0
新疆维吾尔自治区,2017,19,0,0,0,1,0,0
新疆维吾尔自治区,2018,19,0,0,0,0,0,0
新疆维吾尔自治区,2019,19,0,0,1,1,0,0
新疆维吾尔自治区,2020,19,0,0,0,1,0,0
新疆维吾尔自治区,2022,19,0,1,1,1,1,0
上海市,2013,66,0,0,1,1,0,1
上海市,2014,66,0,0,1,1,0,0
上海市,2015,66,0,0,0,1,0,0
上海市,2016,66,0,0,0,0,0,0
上海市,2017,66,0,0,0,1,0,0
上海市,2018,66,0,0,0,1,0,0
上海市,2019,66,0,0,0,1,0,1
上海市,2020,66,0,0,0,1,1,0
黑龙江省,2021,9,0,0,0,1,1,0
黑龙江省,2022,9,0,0,0,1,1,1
云南省,2009,45,0,0,0,0,0,0
云南省,2010,45,0,0,0,0,0,0
云南省,2011,45,0,0,1,0,0,0
云南省,2012,45,0,0,0,0,0,0
云南省,2013,45,0,0,0,0,1,0
云南省,2014,45,0,0,1,0,0,0
云南省,2015,45,0,0,0,0,0,0
云南省,2016,45,0,0,1,1,0,1
云南省,2018,45,0,0,0,0,0,1
云南省,2021,45,0,0,0,1,0,0
广东省,2010,32,0,0,1,0,1,1
广东省,2011,32,0,0,1,0,1,1
广东省,2012,32,0,1,1,1,1,0
广东省,2013,32,0,0,1,0,0,1
广东省,2018,32,0,0,1,1,0,1
北京市,2009,42,0,1,1,1,1,0
北京市,2010,42,0,1,1,1,1,0
北京市,2011,42,0,0,1,1,0,1
北京市,2012,46,0,0,1,0,0,0
北京市,2013,46,0,0,1,1,0,0
北京市,2014,46,0,0,1,0,0,0
北京市,2015,46,0,0,1,0,0,0
北京市,2016,46,0,0,1,0,0,0
北京市,2017,46,0,0,1,0,0,0
北京市,2018,46,0,0,1,0,0,0
北京市,2019,46,0,0,1,0,0,0
北京市,2020,46,0,0,1,1,0,0
北京市,2021,46,0,0,1,1,0,0
福建省,2010,57,0,0,1,1,0,0
福建省,2011,57,0,0,1,1,0,0
福建省,2012,57,0,0,1,0,1,0
福建省,2013,57,0,1,1,1,1,0
福建省,2014,57,0,0,1,1,0,0
福建省,2015,57,0,0,1,1,0,0
福建省,2016,57,0,0,1,1,0,0
福建省,2017,57,0,1,1,1,1,0
福建省,2018,57,0,1,1,1,1,0
福建省,2019,57,0,0,1,1,0,0
福建省,2020,57,0,0,1,0,1,0
福建省,2021,57,0,1,1,1,1,0
福建省,2022,57,0,1,1,1,1,0
上海市,2009,7,0,0,0,0,1,0
上海市,2010,7,0,0,0,0,0,0
上海市,2011,7,0,0,0,0,0,0
上海市,2012,7,0,0,0,0,0,0
上海市,2013,7,0,0,0,0,0,0
上海市,2014,7,0,0,0,0,0,1
上海市,2015,7,0,0,0,0,0,0
上海市,2016,7,0,0,0,0,0,1
上海市,2017,7,0,0,0,1,0,0
上海市,2018,7,0,0,0,1,0,0
上海市,2019,7,0,0,0,0,0,0
上海市,2020,7,0,0,0,1,0,0
上海市,2022,7,0,0,0,0,0,0
四川省,2010,9,0,0,0,1,1,1
四川省,2011,9,0,0,0,0,0,1
四川省,2012,9,0,0,1,0,0,1
四川省,2013,9,1,1,1,1,1,1
四川省,2014,9,1,1,1,1,1,1
四川省,2015,9,1,1,1,1,1,1
四川省,2016,9,0,0,1,0,1,1
四川省,2017,9,0,0,0,1,0,1
四川省,2018,9,1,1,1,1,1,1
四川省,2019,9,0,0,0,0,1,0
四川省,2020,9,0,0,0,0,1,0
四川省,2021,9,0,0,1,0,1,0
四川省,2022,9,0,0,0,1,1,1
吉林省,2010,55,0,0,1,0,0,1
吉林省,2011,55,0,0,1,0,1,1
吉林省,2012,19,0,1,1,1,1,0
吉林省,2013,19,0,1,1,1,1,0
吉林省,2015,35,0,1,1,1,1,0
吉林省,2016,35,1,1,1,1,1,1
吉林省,2017,35,1,1,1,1,1,1
吉林省,2018,35,0,1,1,1,1,0
吉林省,2019,35,0,0,0,1,1,0
吉林省,2020,35,0,0,0,1,1,0
吉林省,2021,35,0,0,1,0,1,0
吉林省,2022,35,0,0,1,0,1,0
内蒙古自治区,2010,35,0,0,1,0,0,0
内蒙古自治区,2011,35,0,0,1,0,0,1
内蒙古自治区,2012,35,0,0,0,0,0,1
内蒙古自治区,2013,35,0,0,0,0,0,0
内蒙古自治区,2014,35,0,0,0,0,0,0
内蒙古自治区,2015,35,0,0,0,1,0,1
内蒙古自治区,2016,35,0,0,0,0,1,0
内蒙古自治区,2017,35,0,0,0,0,0,0
内蒙古自治区,2018,35,0,0,0,1,1,0
浙江省,2011,68,0,1,1,1,1,0
浙江省,2012,78,0,0,0,0,0,1
浙江省,2013,78,0,0,0,0,1,1
浙江省,2014,78,0,0,0,0,1,1
浙江省,2015,78,0,0,1,0,1,0
浙江省,2016,14,0,0,1,0,1,0
浙江省,2017,14,0,0,1,0,1,1
浙江省,2018,14,0,0,1,0,1,1
浙江省,2019,14,0,0,1,0,1,1
浙江省,2020,14,0,0,1,0,1,1
浙江省,2021,14,0,0,1,0,1,1
上海市,2010,3,0,0,0,0,1,0
上海市,2013,3,0,0,0,0,1,0
上海市,2015,3,0,0,0,0,1,0
上海市,2016,3,0,1,1,1,1,0
上海市,2017,3,0,1,1,1,1,0
上海市,2018,3,0,0,1,0,1,0
上海市,2020,3,0,1,1,1,1,0
上海市,2021,3,0,0,1,1,0,0
上海市,2022,3,0,1,1,1,1,0
重庆市,2010,32,0,0,0,1,1,1
重庆市,2011,32,0,0,1,0,1,1
重庆市,2012,32,0,0,1,0,0,1
重庆市,2013,32,1,1,1,1,1,1
重庆市,2014,32,1,1,1,1,1,1
重庆市,2015,32,0,0,1,0,1,1
重庆市,2016,32,1,1,1,1,1,1
重庆市,2017,32,0,0,0,0,1,1
重庆市,2018,32,0,0,0,1,1,1
重庆市,2019,32,0,0,0,0,1,0
重庆市,2020,32,0,0,0,1,1,0
重庆市,2021,32,0,0,0,0,1,1
重庆市,2022,32,0,0,0,0,1,0
北京市,2011,46,0,0,1,0,0,1
北京市,2012,46,0,0,0,0,0,1
北京市,2013,46,0,0,1,0,0,0
北京市,2014,46,0,0,1,0,0,1
北京市,2015,46,0,1,1,1,1,0
北京市,2016,46,0,0,0,0,0,1
北京市,2017,46,0,0,0,0,0,1
北京市,2018,46,0,0,1,0,0,1
北京市,2019,46,0,0,0,1,0,1
北京市,2020,46,0,0,0,0,0,1
北京市,2021,46,0,0,1,0,1,0
北京市,2022,46,0,0,0,1,0,1
浙江省,2019,54,0,0,0,0,1,1
浙江省,2020,54,0,0,0,0,1,1
山西省,2010,13,0,0,0,1,1,0
山西省,2011,13,0,0,0,1,1,1
山西省,2012,13,0,1,1,1,1,0
山西省,2013,13,0,0,0,1,1,0
山西省,2014,13,0,0,1,0,1,1
山西省,2015,13,0,0,1,0,1,1
山西省,2016,13,0,0,1,0,1,0
山西省,2017,13,0,0,1,0,1,0
山西省,2018,13,0,0,1,0,1,0
山西省,2019,13,1,1,1,1,1,1
山西省,2020,13,0,0,1,0,1,1
山西省,2021,13,0,0,1,0,1,1
山西省,2022,13,0,0,0,1,0,0
辽宁省,2011,65,0,0,1,0,1,0
辽宁省,2012,65,0,0,1,0,0,1
辽宁省,2013,65,0,0,1,0,0,1
辽宁省,2014,65,0,0,0,1,1,1
辽宁省,2015,65,0,0,0,1,0,1
辽宁省,2016,65,0,0,0,1,1,1
辽宁省,2017,65,0,0,0,1,1,1
辽宁省,2018,65,0,0,0,1,1,1
辽宁省,2019,65,0,0,0,1,1,1
辽宁省,2020,65,0,0,0,1,1,1
辽宁省,2021,65,0,0,0,1,1,1
辽宁省,2022,65,0,0,0,1,1,1
重庆市,2022,58,0,0,1,0,1,0
北京市,2010,14,0,0,0,0,1,1
北京市,2011,14,0,0,0,0,0,1
北京市,2012,14,0,0,0,1,0,1
北京市,2013,14,0,0,0,1,0,1
北京市,2014,14,0,0,1,0,0,1
北京市,2015,14,0,0,1,1,0,0
北京市,2016,14,0,0,1,1,0,1
北京市,2017,14,0,0,0,1,0,1
北京市,2018,14,0,0,0,1,0,0
北京市,2019,14,0,0,0,1,0,1
北京市,2020,14,0,0,0,1,0,0
北京市,2021,14,0,0,0,1,0,0
北京市,2022,14,0,0,0,1,0,0
湖北省,2010,45,0,0,0,0,0,1
湖北省,2011,45,0,0,0,0,1,0
湖北省,2012,45,0,0,0,1,0,0
湖北省,2013,45,0,0,0,0,1,1
湖北省,2014,45,0,0,0,1,1,0
湖北省,2015,45,0,0,0,1,1,0
湖北省,2016,45,0,0,0,1,1,0
湖北省,2017,45,0,0,0,1,1,0
湖北省,2018,45,0,0,0,0,0,0
湖北省,2019,45,0,0,0,0,0,0
湖北省,2020,45,0,0,0,0,0,0
上海市,2021,47,0,0,0,0,0,0
上海市,2022,47,0,0,0,0,0,0
上海市,2010,7,0,0,1,0,1,0
上海市,2011,7,0,0,0,0,0,0
上海市,2012,46,0,1,1,1,1,0
上海市,2013,46,0,0,0,1,1,1
上海市,2014,46,0,1,1,1,1,0
上海市,2015,46,0,0,0,1,1,0
上海市,2016,46,0,0,0,0,0,1
上海市,2017,46,0,0,0,0,0,0
上海市,2018,46,0,0,0,0,0,1
上海市,2019,46,0,0,0,0,0,1
上海市,2020,46,0,0,0,0,0,0
上海市,2021,46,0,0,0,0,1,0
上海市,2022,46,0,0,0,0,1,0
福建省,2011,68,1,1,1,1,1,1
福建省,2012,78,0,0,0,1,1,0
福建省,2013,78,0,0,0,1,1,0
福建省,2014,78,0,0,0,1,1,0
福建省,2015,78,0,0,0,1,1,0
福建省,2016,78,0,0,0,1,0,0
福建省,2017,78,0,0,0,1,1,0
福建省,2018,78,0,0,0,1,0,0
福建省,2019,78,0,0,0,1,0,0
福建省,2020,78,0,0,1,1,0,1
河北省,2017,9,0,0,1,1,0,0
北京市,2018,9,0,0,1,1,0,0
北京市,2019,9,0,0,1,1,0,0
北京市,2020,9,0,0,1,1,0,0
北京市,2021,9,0,0,1,0,0,0
北京市,2022,9,0,0,0,0,1,0
天津市,2011,56,1,1,1,1,1,1
天津市,2012,66,0,0,0,0,1,1
天津市,2013,66,0,0,0,1,1,0
天津市,2014,66,0,0,0,1,1,0
天津市,2015,66,0,0,0,1,0,0
天津市,2016,66,0,0,0,1,0,0
天津市,2017,66,0,0,0,1,0,0
天津市,2018,66,0,0,0,1,1,0
天津市,2019,66,0,1,1,1,1,0
天津市,2020,66,0,0,0,1,1,1
天津市,2021,71,0,1,1,1,1,0
天津市,2022,71,0,0,0,0,1,0
浙江省,2011,45,0,0,0,0,0,0
浙江省,2012,45,0,0,1,0,0,0
浙江省,2013,45,0,0,1,0,0,0
浙江省,2014,45,0,0,1,0,0,0
浙江省,2015,45,0,0,1,0,0,0
浙江省,2016,45,0,0,1,0,0,0
浙江省,2017,45,0,0,1,0,0,0
浙江省,2018,45,0,0,1,0,0,0
浙江省,2019,45,0,0,1,1,0,0
浙江省,2020,45,0,0,0,0,0,0
北京市,2010,58,0,0,0,1,0,0
北京市,2011,58,1,1,1,1,1,1
北京市,2012,58,0,0,0,1,0,0
北京市,2013,58,0,0,0,0,0,0
北京市,2014,58,0,0,0,1,0,0
北京市,2015,58,0,0,0,0,0,1
北京市,2016,58,0,0,0,0,0,0
北京市,2017,58,0,0,0,0,1,0
北京市,2018,58,0,0,0,0,1,0
北京市,2019,58,0,0,0,0,1,0
北京市,2020,58,0,0,0,0,1,0
福建省,2007,57,1,1,1,1,1,1
福建省,2010,57,0,0,0,0,1,1
福建省,2011,57,0,0,0,0,1,1
福建省,2012,57,0,0,1,1,0,0
福建省,2013,57,0,0,0,0,0,1
福建省,2015,57,0,0,0,0,1,1
福建省,2016,32,0,0,0,0,1,0
福建省,2017,32,0,0,0,1,1,1
福建省,2018,32,0,0,1,0,1,1
福建省,2019,32,1,1,1,1,1,1
福建省,2020,32,0,0,1,0,0,1
福建省,2021,32,0,0,1,0,0,1
福建省,2022,32,0,1,1,1,1,0
北京市,2010,7,0,0,1,1,0,0
北京市,2011,7,0,0,1,1,0,1
北京市,2012,7,0,0,1,1,0,0
北京市,2013,7,0,0,1,1,0,0
北京市,2014,7,0,0,1,1,0,0
北京市,2015,7,0,0,1,1,0,0
北京市,2016,7,0,0,1,1,0,0
北京市,2017,7,0,0,0,1,0,0
北京市,2018,7,0,0,0,1,0,0
北京市,2019,7,0,0,0,1,0,0
北京市,2020,7,0,0,0,1,0,0
北京市,2021,7,0,0,0,1,0,0
北京市,2022,7,0,0,1,1,0,0
湖北省,2022,76,0,0,0,1,1,0
山西省,2021,70,0,0,0,1,0,0
山西省,2022,70,0,0,0,0,0,1
上海市,2010,8,0,0,0,0,0,0
上海市,2011,8,0,0,0,0,0,0
上海市,2012,12,0,0,1,1,0,0
上海市,2013,12,0,0,1,0,0,0
上海市,2014,12,0,0,0,0,0,1
上海市,2015,12,0,0,0,0,0,0
上海市,2016,12,0,0,1,0,1,0
上海市,2017,12,0,0,1,0,1,0
上海市,2018,12,0,0,1,0,1,0
上海市,2019,12,0,0,1,0,1,0
上海市,2022,12,0,0,1,0,0,0
上海市,2010,46,0,0,0,0,0,0
上海市,2011,46,0,0,0,0,0,0
上海市,2012,46,0,0,0,0,0,0
上海市,2013,46,0,0,0,0,0,0
上海市,2014,46,0,0,0,0,0,0
上海市,2018,46,0,0,0,0,1,1
上海市,2019,46,0,0,0,1,1,1
上海市,2020,46,0,0,0,0,0,1
上海市,2021,46,0,0,0,0,0,1
浙江省,2009,36,0,0,0,0,1,0
浙江省,2011,66,1,1,1,1,1,1
浙江省,2012,66,0,0,1,0,1,1
浙江省,2013,66,0,0,1,0,1,1
浙江省,2014,66,0,0,0,0,1,0
浙江省,2015,66,0,0,1,0,1,0
浙江省,2016,66,0,0,1,0,1,1
浙江省,2017,66,0,0,0,0,1,0
浙江省,2018,66,0,1,1,1,1,0
浙江省,2019,66,0,0,0,1,1,1
浙江省,2020,66,0,0,0,0,1,1
浙江省,2021,66,0,0,0,0,1,1
浙江省,2022,66,0,0,0,0,1,0
北京市,2010,36,0,0,0,0,0,0
北京市,2011,36,0,0,0,1,0,0
北京市,2012,36,0,0,1,1,0,0
北京市,2013,36,0,0,1,1,0,0
浙江省,2014,36,0,0,0,1,0,0
浙江省,2015,36,0,0,0,0,0,0
浙江省,2016,36,0,0,1,0,0,0
浙江省,2017,36,0,0,0,0,0,1
浙江省,2018,36,0,0,1,0,0,0
浙江省,2019,36,0,0,0,0,0,0
浙江省,2021,36,0,0,0,1,0,0
浙江省,2022,36,0,0,0,0,0,0
浙江省,2010,74,0,0,0,0,0,0
浙江省,2011,74,0,0,0,1,0,0
浙江省,2012,74,0,0,0,1,0,1
浙江省,2013,74,0,0,1,0,1,1
浙江省,2014,74,0,0,0,0,1,1
浙江省,2015,66,0,0,0,1,1,0
浙江省,2016,66,0,0,0,1,1,0
浙江省,2017,66,0,0,0,0,1,0
浙江省,2018,66,0,0,0,0,1,0
浙江省,2019,74,0,0,0,0,1,1
浙江省,2020,74,0,0,0,1,0,0
浙江省,2021,74,0,0,1,1,0,0
浙江省,2022,74,0,0,1,0,0,0
山东省,2021,78,0,1,1,1,1,0
广东省,2010,46,0,0,1,0,0,0
广东省,2011,46,0,0,1,0,0,1
广东省,2012,46,0,0,1,1,0,0
广东省,2013,46,0,0,1,0,0,0
广东省,2014,46,0,0,1,1,0,0
广东省,2015,46,0,0,1,1,0,0
广东省,2016,46,0,0,1,0,0,0
广东省,2017,46,0,0,1,0,0,0
广东省,2018,46,0,0,1,0,1,0
广东省,2019,46,0,0,1,0,0,0
广东省,2020,46,0,0,1,0,0,0
广东省,2021,46,0,0,1,0,0,0
广东省,2022,46,0,0,1,0,0,0
湖北省,2018,70,0,0,1,0,0,0
湖北省,2019,70,0,0,1,1,0,0
湖北省,2020,70,0,0,1,1,0,0
湖北省,2021,70,0,0,1,0,1,0
广东省,2018,66,0,0,0,1,1,0
广东省,2019,66,0,0,0,0,1,0
广东省,2020,66,0,0,0,1,1,0
广东省,2021,66,0,0,0,1,0,0
黑龙江省,2011,76,0,0,0,0,0,1
黑龙江省,2012,76,0,0,0,0,0,0
黑龙江省,2013,76,0,0,1,0,0,1
黑龙江省,2014,76,0,0,1,1,0,1
黑龙江省,2015,76,0,0,0,0,0,1
黑龙江省,2016,76,0,0,0,1,1,1
黑龙江省,2018,76,0,0,0,1,0,1
山东省,2010,13,0,0,0,0,0,0
山东省,2011,13,0,0,1,0,0,0
山东省,2012,13,0,0,0,0,1,1
山东省,2013,13,0,0,1,0,1,1
山东省,2014,13,1,1,1,1,1,1
山东省,2015,13,1,1,1,1,1,1
山东省,2016,13,0,0,0,0,1,0
山东省,2017,13,0,0,0,0,1,0
山东省,2018,13,0,0,0,0,1,1
山东省,2019,13,0,0,1,0,1,1
山东省,2020,13,0,0,0,0,0,1
上海市,2011,16,1,1,1,1,1,1
上海市,2012,66,1,1,1,1,1,1
上海市,2013,21,0,0,0,1,1,1
北京市,2011,58,0,0,0,1,0,0
北京市,2012,58,0,0,0,0,0,0
北京市,2013,58,0,0,0,1,1,0
北京市,2014,58,0,0,1,1,0,0
北京市,2015,58,0,0,1,0,0,0
北京市,2016,58,0,0,1,0,0,0
北京市,2017,58,0,0,1,0,0,0
北京市,2018,58,0,0,1,0,1,0
北京市,2019,58,0,0,0,0,1,1
北京市,2020,58,0,0,0,0,0,0
北京市,2022,58,0,0,0,0,1,0
上海市,2011,58,0,0,1,0,0,0
上海市,2012,58,0,0,0,0,0,0
上海市,2015,58,0,0,1,1,0,0
上海市,2016,58,0,0,0,1,0,0
上海市,2017,58,0,0,0,1,0,0
上海市,2018,58,0,0,0,1,0,1
上海市,2019,58,0,0,0,0,0,1
上海市,2020,58,0,0,0,0,0,1
上海市,2021,58,0,0,0,0,0,1
上海市,2022,58,0,0,0,0,0,0
新疆维吾尔自治区,2011,4,0,0,0,0,0,0
新疆维吾尔自治区,2012,4,0,0,0,0,0,0
新疆维吾尔自治区,2013,4,0,0,0,0,0,0
新疆维吾尔自治区,2015,4,0,0,0,0,0,0
新疆维吾尔自治区,2018,4,0,0,0,0,0,1
新疆维吾尔自治区,2019,4,0,0,0,1,0,0
新疆维吾尔自治区,2020,4,0,0,0,1,0,0
新疆维吾尔自治区,2021,4,0,0,0,0,0,0
新疆维吾尔自治区,2022,4,0,0,1,0,0,0
北京市,2012,46,0,0,0,0,0,1
北京市,2013,46,0,0,0,0,0,0
北京市,2014,46,0,0,0,0,0,0
北京市,2015,46,0,0,0,1,0,1
北京市,2016,46,0,0,0,1,0,0
北京市,2017,46,0,0,0,1,0,0
北京市,2018,46,0,0,0,1,0,0
北京市,2019,46,0,0,0,1,0,0
北京市,2020,46,0,0,1,1,0,0
北京市,2021,46,0,0,0,1,0,0
北京市,2022,46,0,1,1,1,1,0
江苏省,2017,16,0,0,0,0,1,0
江苏省,2018,16,0,0,0,0,1,0
江苏省,2019,16,0,1,1,1,1,0
江苏省,2020,16,0,1,1,1,1,0
江苏省,2021,58,0,0,1,0,1,0
江苏省,2022,58,0,0,1,0,1,0
福建省,2012,78,0,0,1,0,0,1
福建省,2015,78,0,0,1,0,1,0
福建省,2016,78,0,1,1,1,1,0
福建省,2017,78,0,0,1,0,1,1
福建省,2018,78,1,1,1,1,1,1
福建省,2019,78,0,1,1,1,1,0
福建省,2020,46,1,1,1,1,1,1
福建省,2021,46,0,1,1,1,1,0
福建省,2022,46,1,1,1,1,1,1
北京市,2011,46,0,0,1,1,0,1
北京市,2012,46,0,0,1,0,0,0
北京市,2013,46,0,0,1,0,0,1
北京市,2014,35,0,0,1,0,1,1
北京市,2015,35,0,1,1,1,1,0
北京市,2016,35,1,1,1,1,1,1
北京市,2017,35,0,0,1,0,1,0
北京市,2018,35,0,0,0,0,1,1
北京市,2019,35,0,0,0,1,1,0
北京市,2020,35,0,0,0,0,1,1
北京市,2021,35,0,0,0,0,1,1
北京市,2022,35,0,0,0,0,1,1
浙江省,2011,66,1,1,1,1,1,1
浙江省,2012,66,1,1,1,1,1,1
浙江省,2013,66,0,1,1,1,1,0
浙江省,2020,66,0,1,1,1,1,0
浙江省,2021,66,0,0,1,1,0,0
浙江省,2022,66,0,0,0,1,1,1
上海市,2011,55,0,0,0,1,0,0
上海市,2012,37,0,0,1,1,0,1
上海市,2014,37,0,0,0,0,1,0
上海市,2015,37,0,0,1,0,1,0
上海市,2016,37,0,0,0,0,1,0
上海市,2017,37,0,0,0,0,0,1
上海市,2018,37,0,0,0,0,0,0
上海市,2019,37,0,0,1,0,0,0
上海市,2020,37,0,0,0,0,0,0
上海市,2021,37,0,0,1,0,0,0
上海市,2022,37,0,0,1,0,0,0
江苏省,2021,7,0,0,1,0,0,1
江苏省,2022,7,0,0,1,0,0,0
浙江省,2022,58,0,0,0,1,0,0
安徽省,2011,27,1,1,1,1,1,1
安徽省,2013,27,1,1,1,1,1,1
安徽省,2014,27,0,0,1,0,0,1
安徽省,2015,27,0,0,1,0,1,1
安徽省,2016,27,0,0,1,0,1,1
安徽省,2017,27,1,1,1,1,1,1
安徽省,2018,27,0,0,0,0,0,1
安徽省,2019,27,0,0,0,1,1,1
安徽省,2022,27,0,1,1,1,1,0
山东省,2009,35,0,0,0,0,1,0
山东省,2011,35,0,0,0,0,1,1
山东省,2012,35,0,0,1,0,0,0
山东省,2013,35,0,0,1,1,0,1
山东省,2014,35,0,0,0,1,0,1
山东省,2015,35,0,0,1,0,0,1
山东省,2016,35,0,0,0,0,1,1
山东省,2017,35,0,0,1,0,1,1
山东省,2018,35,0,0,1,0,1,1
山东省,2019,35,0,0,1,0,1,1
山东省,2020,35,0,0,1,0,1,0
山东省,2021,35,0,0,1,0,1,1
海南省,2016,3,0,0,1,1,0,0
海南省,2017,3,0,0,0,0,0,1
海南省,2019,3,0,0,1,1,0,0
海南省,2020,3,0,0,0,1,1,0
海南省,2022,3,0,0,0,1,0,0
山东省,2011,66,0,0,0,0,0,1
山东省,2012,66,0,0,1,0,0,0
山东省,2013,66,0,1,1,1,1,0
山东省,2014,66,0,0,1,0,1,0
山东省,2015,66,0,1,1,1,1,0
山东省,2016,66,0,1,1,1,1,0
山东省,2017,66,0,0,1,0,1,1
山东省,2018,66,0,0,1,0,0,0
山东省,2019,66,0,0,1,0,0,0
山东省,2020,66,0,0,1,0,1,0
山东省,2021,66,0,0,1,0,1,0
山东省,2022,66,0,0,1,0,1,0
浙江省,2017,45,0,0,1,1,0,1
浙江省,2018,45,0,0,1,1,0,1
贵州省,2011,45,0,1,1,1,1,0
贵州省,2012,45,0,1,1,1,1,0
贵州省,2013,45,1,1,1,1,1,1
贵州省,2014,45,1,1,1,1,1,1
贵州省,2016,45,1,1,1,1,1,1
贵州省,2017,58,1,1,1,1,1,1
贵州省,2018,58,0,1,1,1,1,0
贵州省,2019,58,0,1,1,1,1,0
贵州省,2020,58,0,1,1,1,1,0
贵州省,2021,58,0,1,1,1,1,0
贵州省,2022,58,0,1,1,1,1,0
山东省,2016,60,0,0,0,0,1,1
山东省,2017,60,0,0,0,1,0,1
山东省,2018,60,0,0,0,1,0,1
山东省,2019,60,0,0,1,1,0,1
山东省,2020,60,0,0,0,1,0,1
山东省,2022,60,0,0,0,1,0,1
辽宁省,2018,59,0,1,1,1,1,0
辽宁省,2019,59,0,0,1,0,0,1
辽宁省,2020,59,0,0,1,0,0,0
辽宁省,2021,59,0,0,1,0,0,0
辽宁省,2022,59,0,0,0,0,1,0
浙江省,2021,57,0,1,1,1,1,0
浙江省,2022,57,0,0,0,0,0,0
青海省,2011,27,0,0,0,0,1,1
青海省,2012,27,0,0,0,0,1,0
青海省,2014,27,0,0,0,0,1,1
青海省,2015,27,0,0,0,0,1,1
青海省,2017,27,0,0,0,0,1,0
青海省,2018,27,0,0,0,0,1,1
青海省,2019,27,0,0,0,0,1,1
青海省,2022,27,0,0,0,0,1,1
北京市,2011,66,0,0,0,1,0,0
北京市,2012,66,0,0,0,1,0,0
北京市,2013,66,0,0,0,1,0,1
北京市,2014,66,0,0,0,1,0,0
陕西省,2021,12,0,0,1,1,0,1
陕西省,2022,12,0,0,1,1,0,1
广西壮族自治区,2022,45,0,0,0,1,0,1
新疆维吾尔自治区,2011,1,0,0,0,1,0,1
新疆维吾尔自治区,2012,1,1,1,1,1,1,1
新疆维吾尔自治区,2013,1,0,0,1,1,0,1
新疆维吾尔自治区,2014,1,0,0,0,1,0,0
新疆维吾尔自治区,2015,1,0,0,0,0,0,0
新疆维吾尔自治区,2016,1,0,0,0,0,1,0
新疆维吾尔自治区,2017,1,0,0,0,1,0,0
新疆维吾尔自治区,2018,1,0,0,0,0,1,0
新疆维吾尔自治区,2019,1,0,0,1,1,0,0
新疆维吾尔自治区,2020,1,0,0,1,0,0,0
新疆维吾尔自治区,2021,1,0,0,0,0,0,0
新疆维吾尔自治区,2022,1,0,0,0,1,0,0
广西壮族自治区,2011,58,0,0,0,1,1,1
广西壮族自治区,2012,58,0,0,0,1,1,0
广西壮族自治区,2013,58,0,0,0,1,1,1
广西壮族自治区,2014,58,0,0,0,0,1,1
广西壮族自治区,2015,58,0,0,0,0,1,1
广西壮族自治区,2016,58,0,0,0,0,1,0
广西壮族自治区,2017,58,0,0,1,0,1,1
广西壮族自治区,2018,58,0,0,0,1,1,1
安徽省,2011,35,0,0,1,0,1,1
安徽省,2012,35,0,0,1,0,1,1
安徽省,2014,35,0,0,0,0,1,1
安徽省,2015,35,0,0,0,1,1,0
安徽省,2016,35,0,0,1,0,1,0
安徽省,2017,35,0,0,1,0,1,1
新疆维吾尔自治区,2011,66,0,1,1,1,1,0
新疆维吾尔自治区,2012,16,0,0,0,0,0,0
新疆维吾尔自治区,2013,16,0,0,0,1,0,0
新疆维吾尔自治区,2014,53,0,1,1,1,1,0
新疆维吾尔自治区,2015,53,1,1,1,1,1,1
新疆维吾尔自治区,2016,53,0,1,1,1,1,0
新疆维吾尔自治区,2017,53,0,1,1,1,1,0
新疆维吾尔自治区,2018,53,0,1,1,1,1,0
新疆维吾尔自治区,2020,53,0,0,1,1,0,0
新疆维吾尔自治区,2022,53,0,0,1,1,0,0
湖南省,2022,22,0,0,1,1,0,0
海南省,2014,51,0,0,0,1,1,0
海南省,2015,51,0,0,0,1,1,0
海南省,2016,51,0,0,0,1,1,1
海南省,2017,51,0,0,0,1,1,0
海南省,2018,51,0,0,0,1,1,1
浙江省,2011,19,0,0,1,0,1,1
浙江省,2012,19,0,1,1,1,1,0
浙江省,2013,19,0,0,0,1,1,0
浙江省,2014,19,0,0,0,0,1,0
浙江省,2015,19,0,0,0,0,1,0
浙江省,2016,19,1,1,1,1,1,1
浙江省,2017,19,1,1,1,1,1,1
浙江省,2018,19,0,0,0,1,1,1
浙江省,2019,19,0,0,0,1,1,1
浙江省,2020,19,1,1,1,1,1,1
浙江省,2022,19,0,0,0,1,0,1
内蒙古自治区,2012,70,0,0,1,0,0,0
内蒙古自治区,2013,70,0,0,1,0,1,0
内蒙古自治区,2014,70,0,0,1,0,1,0
内蒙古自治区,2015,70,0,0,1,0,1,0
内蒙古自治区,2016,70,0,0,1,0,1,0
内蒙古自治区,2017,70,0,0,1,0,1,0
内蒙古自治区,2019,70,0,1,1,1,1,0
内蒙古自治区,2020,70,0,0,1,0,1,0
内蒙古自治区,2021,70,0,0,1,0,1,0
北京市,2011,66,0,0,0,0,0,0
北京市,2012,66,0,0,0,0,0,0
北京市,2013,66,0,0,0,0,0,0
北京市,2014,66,0,0,1,0,0,0
北京市,2015,66,0,0,0,0,0,0
北京市,2016,66,0,0,0,0,0,0
北京市,2017,66,0,0,0,0,0,1
北京市,2018,66,0,0,1,0,1,0
北京市,2019,66,0,0,1,0,0,0
北京市,2020,66,0,0,1,0,0,1
北京市,2021,66,0,0,1,0,0,1
北京市,2022,66,0,0,0,0,0,1
浙江省,2012,58,0,0,1,0,0,0
浙江省,2013,58,0,0,0,0,0,0
浙江省,2014,58,0,0,0,0,0,0
浙江省,2015,58,0,0,0,0,0,0
浙江省,2017,58,0,0,0,0,0,0
浙江省,2018,58,0,0,0,0,0,0
浙江省,2019,58,0,0,0,1,0,0
浙江省,2020,58,0,0,0,0,0,0
浙江省,2022,58,0,0,1,1,0,0
江西省,2011,69,0,0,1,1,0,0
江西省,2012,69,0,0,1,0,0,1
江西省,2013,69,0,0,1,0,0,0
江西省,2014,69,0,0,0,0,0,1
江西省,2015,69,0,0,0,0,0,1
江西省,2016,69,0,0,0,0,0,0
江西省,2017,69,0,0,0,0,0,0
江西省,2018,69,0,0,0,0,0,0
江西省,2019,69,0,0,0,0,0,1
江西省,2020,69,0,0,0,0,1,1
江西省,2021,69,0,0,0,1,0,1
江西省,2022,69,0,0,0,1,0,1
北京市,2011,46,0,0,0,1,1,0
北京市,2012,46,0,0,0,1,1,0
北京市,2013,46,0,0,0,1,0,0
北京市,2014,46,0,0,0,1,0,0
北京市,2015,46,0,0,0,1,0,0
北京市,2016,46,0,0,0,0,0,0
北京市,2017,46,0,0,1,1,0,0
北京市,2018,46,0,0,0,1,0,0
北京市,2019,46,0,0,0,0,0,0
北京市,2020,46,0,0,0,0,0,0
北京市,2021,46,0,0,0,0,0,1
浙江省,2015,45,0,0,1,1,0,0
浙江省,2017,45,0,0,1,0,0,0
浙江省,2018,45,0,1,1,1,1,0
浙江省,2019,45,0,0,0,0,0,0
浙江省,2020,45,0,0,0,1,0,0
浙江省,2021,45,0,0,1,0,0,0
内蒙古自治区,2015,45,0,1,1,1,1,0
内蒙古自治区,2016,45,0,0,0,1,0,1
内蒙古自治区,2017,45,0,0,1,1,0,1
内蒙古自治区,2018,45,0,0,0,0,1,0
内蒙古自治区,2019,45,0,1,1,1,1,0
内蒙古自治区,2020,45,0,0,1,0,1,0
内蒙古自治区,2021,45,0,0,0,0,0,0
内蒙古自治区,2022,45,0,0,0,0,0,0
上海市,2022,78,0,0,0,0,1,0
江苏省,2011,33,0,0,0,1,1,0
江苏省,2013,33,0,0,0,0,0,0
江苏省,2015,33,0,0,0,0,0,0
江苏省,2016,33,0,0,0,1,0,1
江苏省,2017,33,0,0,0,0,0,1
江苏省,2018,33,0,0,0,0,0,1
江苏省,2019,33,0,0,0,1,0,0
江苏省,2020,33,0,0,0,0,1,0
浙江省,2018,76,0,0,0,0,1,1
浙江省,2019,76,1,1,1,1,1,1
浙江省,2020,76,0,0,1,0,1,1
浙江省,2021,76,0,0,1,0,0,0
上海市,2013,12,0,0,0,0,0,1
上海市,2014,12,0,0,1,1,0,0
上海市,2015,12,0,0,1,1,0,1
上海市,2016,12,0,0,1,0,0,1
上海市,2017,12,0,0,1,1,0,0
上海市,2019,12,0,0,0,0,0,1
上海市,2020,12,0,0,1,0,1,0
上海市,2021,12,0,0,1,0,1,0
上海市,2022,12,0,1,1,1,1,0
河南省,2021,58,0,1,1,1,1,0
河南省,2022,58,0,1,1,1,1,0
北京市,2011,46,0,0,0,0,0,1
北京市,2012,46,0,0,0,0,0,1
北京市,2013,46,0,0,0,0,0,0
北京市,2014,46,0,0,0,0,0,0
北京市,2015,46,0,0,0,0,0,1
北京市,2017,46,0,0,0,0,0,0
北京市,2018,46,0,0,0,0,0,0
北京市,2019,46,0,0,0,0,0,0
北京市,2020,46,0,0,0,0,0,1
北京市,2021,46,0,0,0,0,0,0
北京市,2022,46,0,0,0,0,0,0
湖北省,2016,36,0,1,1,1,1,0
湖北省,2017,36,0,1,1,1,1,0
湖北省,2019,68,1,1,1,1,1,1
湖北省,2020,68,0,0,1,0,1,1
湖北省,2021,36,1,1,1,1,1,1
湖北省,2022,36,0,1,1,1,1,0
辽宁省,2016,68,0,0,0,0,1,1
辽宁省,2017,68,0,0,0,1,1,1
辽宁省,2018,68,0,0,0,1,1,0
辽宁省,2019,68,0,0,0,1,1,0
辽宁省,2020,68,0,0,0,1,1,0
辽宁省,2022,68,0,0,0,1,1,0
湖北省,2011,1,0,1,1,1,1,0
湖北省,2012,23,0,0,1,0,1,0
湖北省,2013,23,0,0,1,0,1,0
湖北省,2014,23,0,1,1,1,1,0
湖北省,2015,23,0,0,1,0,1,0
湖北省,2016,23,0,0,1,0,0,0
湖北省,2017,23,0,1,1,1,1,0
湖北省,2018,23,0,0,0,0,1,0
湖北省,2019,23,0,0,0,0,1,0
湖北省,2020,23,0,0,1,0,1,0
湖北省,2021,23,0,0,1,0,1,0
湖北省,2022,23,0,0,1,0,0,1
甘肃省,2012,33,1,1,1,1,1,1
甘肃省,2013,33,1,1,1,1,1,1
甘肃省,2014,33,1,1,1,1,1,1
甘肃省,2015,33,0,1,1,1,1,0
甘肃省,2016,33,0,1,1,1,1,0
甘肃省,2017,33,0,1,1,1,1,0
甘肃省,2018,33,0,0,1,0,1,0
甘肃省,2019,33,0,0,0,0,1,0
甘肃省,2020,33,0,0,1,0,0,0
甘肃省,2021,33,0,0,1,0,0,1
甘肃省,2022,33,0,0,0,0,0,0
山东省,2011,57,0,0,0,1,0,0
山东省,2012,57,0,0,0,1,0,0
山东省,2013,57,0,0,0,1,0,1
山东省,2014,57,0,0,0,1,0,1
山东省,2015,57,0,0,0,1,0,0
山东省,2016,57,0,0,0,1,0,0
山东省,2017,57,0,0,0,1,0,0
山东省,2018,57,0,0,0,0,1,0
山东省,2019,57,0,0,0,1,0,0
山东省,2020,57,0,0,0,1,1,0
山东省,2021,57,0,0,0,1,0,0
山东省,2022,57,0,0,0,1,0,0
山东省,2011,45,0,0,0,0,0,0
山东省,2012,45,0,0,0,0,0,1
山东省,2013,45,0,0,0,1,0,0
山东省,2014,45,0,0,0,0,0,0
山东省,2015,45,0,0,1,0,0,0
山东省,2016,45,0,0,0,0,0,0
山东省,2017,45,0,0,0,0,0,0
山东省,2018,45,0,0,1,0,0,1
山东省,2019,45,0,0,1,0,1,0
山东省,2020,45,0,0,1,0,1,0
广西壮族自治区,2011,32,0,0,0,0,1,1
广西壮族自治区,2012,32,0,0,1,1,0,0
广西壮族自治区,2013,32,0,0,0,1,0,1
广西壮族自治区,2014,32,0,0,0,1,1,0
广西壮族自治区,2015,32,1,1,1,1,1,1
广西壮族自治区,2016,32,1,1,1,1,1,1
广西壮族自治区,2017,32,0,1,1,1,1,0
广西壮族自治区,2018,32,0,1,1,1,1,0
广西壮族自治区,2019,32,1,1,1,1,1,1
广西壮族自治区,2020,32,0,1,1,1,1,0
广西壮族自治区,2021,32,0,1,1,1,1,0
河南省,2020,19,0,0,0,0,0,0
河南省,2021,19,0,0,0,1,0,0
上海市,2015,45,0,0,1,1,0,0
上海市,2016,45,0,0,0,0,0,0
上海市,2017,45,0,0,0,0,0,0
上海市,2018,45,0,0,0,0,0,0
上海市,2019,45,0,0,0,0,0,0
上海市,2020,45,0,0,1,0,1,1
天津市,2011,66,0,0,0,0,0,0
天津市,2012,66,0,0,0,0,0,0
天津市,2013,66,0,0,1,0,1,1
天津市,2014,66,0,0,0,1,1,1
天津市,2015,66,0,0,1,0,1,1
天津市,2016,66,0,0,1,0,1,0
天津市,2017,66,0,0,1,0,1,1
广东省,2011,76,1,1,1,1,1,1
广东省,2012,76,0,1,1,1,1,0
广东省,2013,76,0,1,1,1,1,0
广东省,2014,76,0,0,0,1,1,1
广东省,2015,76,0,1,1,1,1,0
广东省,2017,76,0,0,1,1,0,0
广东省,2018,76,0,0,1,0,1,1
广东省,2019,17,0,0,0,0,0,0
广东省,2020,17,0,0,0,0,0,0
广东省,2021,17,0,0,0,0,0,0
广东省,2011,66,0,0,1,0,1,1
广东省,2012,66,0,0,1,0,0,1
广东省,2013,66,0,0,1,0,0,1
广东省,2014,66,0,0,1,0,0,1
广东省,2015,66,0,0,1,0,1,1
广东省,2016,66,0,0,0,0,0,1
广东省,2017,66,0,0,0,0,0,0
广东省,2018,66,0,0,0,1,0,0
广东省,2019,66,0,0,0,1,0,0
广东省,2020,66,0,0,1,0,0,0
广东省,2021,66,0,0,0,0,1,0
广东省,2022,66,0,0,0,1,1,1
江苏省,2021,68,1,1,1,1,1,1
江苏省,2022,68,0,0,1,1,0,1
天津市,2011,58,0,0,0,0,1,0
天津市,2012,58,0,0,0,0,1,1
天津市,2013,58,0,0,0,0,1,1
天津市,2014,58,0,0,0,0,1,1
天津市,2015,58,0,0,0,0,1,1
天津市,2016,58,0,0,0,1,1,1
天津市,2017,58,0,0,0,1,1,1
天津市,2018,58,0,0,1,0,1,1
天津市,2019,58,0,0,0,0,1,1
天津市,2020,58,0,0,0,0,1,1
天津市,2021,58,0,0,0,0,1,1
天津市,2022,58,0,0,1,0,1,1
浙江省,2009,46,0,0,0,0,1,0
浙江省,2011,46,0,1,1,1,1,0
广东省,2011,58,0,1,1,1,1,0
广东省,2012,58,0,0,0,1,0,0
广东省,2013,58,0,0,0,1,0,0
广东省,2014,58,0,0,1,1,0,1
广东省,2015,58,0,0,0,1,0,1
广东省,2016,58,0,0,0,1,0,1
广东省,2017,58,0,0,0,0,0,1
广东省,2018,58,0,0,1,1,0,1
广东省,2019,58,0,0,0,1,0,0
广东省,2020,58,0,0,1,1,0,0
广东省,2021,58,0,1,1,1,1,0
广东省,2022,58,0,0,0,1,1,0
天津市,2014,78,0,0,0,0,0,0
天津市,2016,78,0,0,0,0,1,1
天津市,2017,78,0,0,0,0,0,1
天津市,2018,78,0,0,0,0,1,1
天津市,2019,78,0,0,0,0,0,0
天津市,2020,78,0,0,0,0,0,0
天津市,2021,78,0,0,0,0,0,0
天津市,2022,78,0,0,0,1,0,0
新疆维吾尔自治区,2011,68,0,0,1,1,0,1
新疆维吾尔自治区,2012,25,0,0,1,1,0,1
新疆维吾尔自治区,2013,25,0,0,1,1,0,0
新疆维吾尔自治区,2014,25,0,0,1,1,0,0
新疆维吾尔自治区,2015,68,0,0,1,1,0,1
新疆维吾尔自治区,2016,68,0,0,1,1,0,0
新疆维吾尔自治区,2017,68,0,0,0,1,0,0
新疆维吾尔自治区,2018,68,0,0,0,0,0,1
新疆维吾尔自治区,2019,68,0,0,1,0,0,0
江西省,2020,68,0,0,1,1,0,0
江西省,2021,68,0,0,1,1,0,0
江西省,2022,68,0,0,0,1,0,0
新疆维吾尔自治区,2021,20,1,1,1,1,1,1
河北省,2016,66,0,0,1,1,0,0
河北省,2017,66,0,0,1,0,0,0
河北省,2018,66,0,0,1,0,0,0
河北省,2019,66,0,0,1,1,0,0
河北省,2020,66,0,0,1,1,0,0
河北省,2021,66,0,0,1,1,0,0
河北省,2022,66,0,0,0,0,0,0
陕西省,2019,70,0,0,1,0,1,0
陕西省,2020,70,0,0,1,0,1,0
陕西省,2021,70,0,0,0,0,0,0
陕西省,2022,70,0,0,0,0,0,0
辽宁省,2022,11,0,0,1,1,0,0
山东省,2011,34,0,0,0,0,0,1
山东省,2012,69,0,0,0,0,1,1
山东省,2013,69,0,0,0,0,1,1
山东省,2014,69,0,0,0,0,0,0
山东省,2015,69,0,0,0,0,0,1
山东省,2016,69,0,0,0,0,0,0
山东省,2017,69,0,0,0,0,0,0
山东省,2018,69,0,0,0,0,0,1
山东省,2019,69,0,0,1,0,0,0
山东省,2020,69,0,0,1,1,0,0
山西省,2011,58,0,0,1,0,0,1
山西省,2013,58,0,0,1,1,0,0
山西省,2014,58,0,0,1,1,0,0
山西省,2015,58,0,0,0,1,0,0
山西省,2016,58,0,0,1,1,0,0
山西省,2017,58,0,0,1,0,0,0
山西省,2018,58,0,0,0,1,0,0
山西省,2019,58,0,0,0,1,0,0
山西省,2020,58,0,0,0,1,0,0
山西省,2021,58,0,0,0,0,0,1
山西省,2022,58,0,0,0,0,0,0
浙江省,2011,45,0,0,1,1,0,1
浙江省,2012,45,0,0,0,1,0,0
浙江省,2013,45,0,0,1,1,0,1
浙江省,2014,45,0,0,0,1,1,0
浙江省,2015,45,0,0,0,1,1,1
浙江省,2016,45,0,0,0,1,1,0
浙江省,2017,45,0,0,0,0,1,0
浙江省,2018,45,0,0,0,1,1,1
浙江省,2019,45,0,0,0,0,1,0
浙江省,2020,45,0,0,0,1,1,1
浙江省,2021,45,0,0,0,0,1,0
浙江省,2022,45,0,0,0,0,1,0
黑龙江省,2012,57,0,0,0,1,0,1
黑龙江省,2013,57,0,0,0,0,0,0
黑龙江省,2014,57,0,0,1,0,1,0
黑龙江省,2015,57,0,0,1,0,0,0
黑龙江省,2016,57,0,0,0,0,0,1
黑龙江省,2017,57,0,0,0,0,0,1
黑龙江省,2018,57,0,0,0,1,0,1
黑龙江省,2019,57,0,0,0,0,0,1
黑龙江省,2020,57,0,0,0,1,0,1
江西省,2011,35,0,0,0,0,0,0
江西省,2012,35,0,0,0,1,0,1
江西省,2013,35,0,0,0,0,0,0
江西省,2014,35,0,0,0,0,0,1
江西省,2015,35,0,0,0,0,0,1
江西省,2016,35,0,0,0,0,0,1
江西省,2017,35,0,0,0,0,0,1
江西省,2018,35,0,0,0,0,0,0
江西省,2019,35,0,0,1,0,0,0
江西省,2020,35,0,0,1,0,0,0
贵州省,2011,45,0,0,0,0,1,0
贵州省,2012,45,0,0,1,0,1,0
贵州省,2013,45,0,0,0,1,1,0
贵州省,2014,45,0,1,1,1,1,0
贵州省,2015,45,0,0,0,1,0,0
贵州省,2016,45,0,0,0,1,0,0
贵州省,2017,45,0,0,0,0,0,0
贵州省,2018,45,0,0,0,1,0,0
贵州省,2019,45,0,0,0,1,0,0
贵州省,2020,45,0,0,0,1,0,0
贵州省,2021,45,0,0,0,0,0,0
贵州省,2022,45,0,0,0,0,0,0
重庆市,2011,9,0,0,1,0,1,1
重庆市,2012,9,0,0,1,1,0,0
重庆市,2013,9,0,0,1,1,0,0
重庆市,2014,9,0,0,1,1,0,1
重庆市,2015,9,0,0,1,1,0,1
重庆市,2016,9,0,0,0,0,0,1
重庆市,2017,9,0,0,1,1,0,0
重庆市,2018,9,0,0,0,0,1,0
重庆市,2019,9,0,0,0,1,0,1
重庆市,2020,9,0,0,0,1,1,1
重庆市,2021,9,0,0,0,0,0,0
重庆市,2022,9,0,0,0,1,1,0
黑龙江省,2011,2,0,0,1,1,0,1
黑龙江省,2012,2,0,0,1,0,0,1
黑龙江省,2013,2,0,0,1,0,0,0
黑龙江省,2014,2,0,0,1,0,1,1
黑龙江省,2015,2,0,0,1,1,0,1
黑龙江省,2016,2,0,0,1,0,0,0
黑龙江省,2017,2,0,0,1,1,0,1
黑龙江省,2018,2,0,0,0,0,0,1
黑龙江省,2019,2,0,0,1,1,0,0
黑龙江省,2020,2,0,0,1,1,0,1
黑龙江省,2022,2,0,0,1,0,0,0
江西省,2012,47,1,1,1,1,1,1
北京市,2013,47,0,0,1,1,0,0
北京市,2014,47,0,0,1,1,0,0
北京市,2015,47,0,0,1,1,0,1
北京市,2016,47,0,0,1,1,0,1
北京市,2017,47,0,0,1,1,0,0
北京市,2018,47,0,0,1,1,0,0
北京市,2019,47,0,0,1,1,0,1
北京市,2020,47,0,0,1,1,0,0
北京市,2021,47,0,0,1,1,0,1
北京市,2022,47,0,0,0,1,1,0
江西省,2015,60,0,0,1,0,1,0
江西省,2016,60,0,0,1,0,0,0
江西省,2017,60,0,0,1,0,1,1
江西省,2018,60,0,0,1,0,1,1
江西省,2019,60,0,0,1,0,1,0
江西省,2020,60,0,0,1,0,0,0
江西省,2021,60,0,0,1,0,1,0
江西省,2022,60,0,0,0,0,1,0
北京市,2011,66,0,0,0,0,0,0
北京市,2012,66,0,0,0,1,1,0
北京市,2013,66,0,0,0,1,1,0
北京市,2014,66,0,0,0,1,0,0
北京市,2015,66,0,0,0,0,0,0
北京市,2016,66,0,0,0,0,0,1
北京市,2017,66,0,0,0,0,0,1
北京市,2018,66,0,0,1,0,0,1
北京市,2019,66,0,0,0,0,0,0
北京市,2020,66,0,0,0,0,0,1
北京市,2021,66,0,0,0,0,0,0
北京市,2022,66,0,0,0,0,0,1
江苏省,2011,34,0,0,0,1,1,1
江苏省,2012,69,0,1,1,1,1,0
江苏省,2013,69,0,1,1,1,1,0
江苏省,2014,69,0,1,1,1,1,0
江苏省,2015,69,0,0,1,0,1,0
江苏省,2016,69,0,0,1,0,1,1
江苏省,2017,69,0,0,0,0,1,1
江苏省,2018,69,0,0,0,1,1,1
江苏省,2019,69,0,0,1,0,0,1
江苏省,2020,69,0,0,1,0,0,1
江苏省,2021,69,0,1,1,1,1,0
江苏省,2022,69,1,1,1,1,1,1
四川省,2021,45,0,0,1,0,1,0
广东省,2018,58,0,0,1,1,0,0
广东省,2019,58,0,0,0,0,0,0
广东省,2020,58,0,0,1,0,1,0
广东省,2021,58,0,0,0,1,1,0
广东省,2022,58,0,0,0,0,1,0
广东省,2009,66,0,0,0,0,1,0
广东省,2011,66,0,0,0,0,0,1
广东省,2012,66,0,0,0,1,0,1
广东省,2013,66,0,0,0,1,0,0
广东省,2014,66,0,0,0,1,0,0
广东省,2015,66,0,0,0,0,0,0
广东省,2016,66,0,0,0,0,0,0
广东省,2017,66,0,0,0,0,0,1
广东省,2018,66,0,0,0,0,0,0
广东省,2019,66,0,0,0,0,0,0
广东省,2020,66,0,0,0,1,0,0
北京市,2014,68,0,0,0,1,1,1
北京市,2015,68,1,1,1,1,1,1
北京市,2016,68,0,0,0,1,1,1
北京市,2017,68,0,0,0,1,1,1
北京市,2018,68,0,0,1,1,0,1
北京市,2019,68,0,0,1,1,0,1
北京市,2020,68,0,0,1,1,0,0
北京市,2021,68,0,0,1,1,0,0
北京市,2022,68,0,0,1,1,0,0
福建省,2011,70,0,0,1,0,0,0
福建省,2012,70,1,1,1,1,1,1
福建省,2013,70,0,0,1,1,0,1
福建省,2014,70,0,1,1,1,1,0
福建省,2015,70,0,1,1,1,1,0
福建省,2016,70,0,1,1,1,1,0
福建省,2017,70,1,1,1,1,1,1
福建省,2018,70,0,0,1,1,0,0
福建省,2019,70,0,0,1,0,0,0
福建省,2021,70,0,0,1,0,0,0
江苏省,2011,45,0,1,1,1,1,0
江苏省,2012,45,0,1,1,1,1,0
江苏省,2013,45,0,0,1,1,0,0
江苏省,2014,45,0,0,0,1,1,0
江苏省,2015,45,0,1,1,1,1,0
江苏省,2016,45,0,1,1,1,1,0
江苏省,2017,45,0,0,1,0,0,0
江苏省,2018,45,0,0,1,0,0,0
江苏省,2019,45,0,1,1,1,1,0
江苏省,2020,45,0,1,1,1,1,0
江苏省,2021,45,0,1,1,1,1,0
江苏省,2022,45,0,1,1,1,1,0
湖南省,2016,33,0,0,0,0,1,1
湖南省,2017,54,0,0,0,0,1,0
湖南省,2018,54,0,0,0,0,1,0
湖南省,2019,54,0,0,0,1,1,0
湖南省,2020,54,0,0,0,1,0,1
湖南省,2021,54,0,0,0,1,0,1
四川省,2022,47,1,1,1,1,1,1
山西省,2011,42,0,0,1,0,0,0
江苏省,2018,74,0,0,0,1,0,0
江苏省,2019,74,0,0,1,1,0,0
江苏省,2020,74,0,0,0,1,1,0
江苏省,2021,74,0,0,0,1,1,0
辽宁省,2022,33,0,0,1,0,1,0
北京市,2014,46,0,0,0,0,0,0
北京市,2015,46,0,0,0,0,0,0
北京市,2016,46,0,0,0,0,0,0
北京市,2017,46,0,0,0,0,0,0
北京市,2018,46,0,0,0,0,0,0
北京市,2019,46,0,1,1,1,1,0
北京市,2020,46,0,1,1,1,1,0
北京市,2021,46,0,1,1,1,1,0
江苏省,2012,39,0,0,1,1,0,0
江苏省,2013,39,0,0,0,1,0,0
江苏省,2014,39,0,0,0,1,0,0
江苏省,2015,39,0,0,0,1,0,0
江苏省,2016,39,0,0,0,1,0,0
江苏省,2017,39,0,0,0,1,0,0
江苏省,2018,39,0,0,0,0,0,0
江苏省,2019,39,0,0,1,1,0,0
江苏省,2020,39,1,1,1,1,1,1
河北省,2011,45,0,0,0,1,0,0
河北省,2012,45,0,0,1,1,0,1
河北省,2013,45,0,0,0,0,0,0
河北省,2014,45,0,0,1,0,0,0
河北省,2015,45,0,0,1,1,0,0
河北省,2016,45,0,0,1,0,0,0
河北省,2017,45,0,0,1,0,1,0
河北省,2018,45,0,0,0,0,1,0
河北省,2019,45,0,0,1,0,0,0
河北省,2020,45,0,0,0,1,1,0
河北省,2021,45,0,0,0,1,0,0
河北省,2022,45,0,0,1,1,0,0
浙江省,2011,16,0,0,0,0,0,0
浙江省,2012,14,0,0,1,0,1,0
浙江省,2013,14,0,0,0,0,1,0
浙江省,2014,14,0,0,0,0,1,0
浙江省,2018,14,0,0,0,0,0,0
湖南省,2022,27,0,0,0,1,1,0
安徽省,2011,7,0,0,1,0,0,0
安徽省,2012,7,0,0,1,0,0,0
安徽省,2013,7,0,0,1,1,0,0
安徽省,2014,7,0,0,1,0,0,0
安徽省,2015,7,0,0,1,1,0,0
安徽省,2016,7,0,0,1,0,0,0
安徽省,2017,7,0,0,1,0,0,0
安徽省,2018,7,0,0,1,0,0,0
安徽省,2019,7,0,0,1,0,0,0
安徽省,2020,7,0,0,1,0,0,0
安徽省,2021,7,0,0,1,0,0,0
安徽省,2022,7,0,0,1,0,0,0
新疆维吾尔自治区,2022,23,0,0,0,0,1,0
上海市,2014,58,0,0,0,1,1,0
上海市,2015,58,0,0,0,1,1,0
上海市,2016,58,0,0,0,1,1,0
上海市,2017,58,0,0,0,1,1,0
上海市,2018,58,0,0,0,1,1,0
上海市,2019,58,0,0,0,1,1,0
上海市,2022,58,0,0,0,1,1,0
云南省,2011,58,0,0,0,1,1,1
云南省,2012,58,0,0,0,1,1,1
云南省,2013,58,1,1,1,1,1,1
云南省,2014,58,1,1,1,1,1,1
云南省,2015,58,1,1,1,1,1,1
云南省,2016,58,1,1,1,1,1,1
云南省,2017,58,0,1,1,1,1,0
云南省,2018,58,0,0,1,0,0,0
云南省,2019,58,0,0,1,1,0,1
云南省,2020,58,0,1,1,1,1,0
云南省,2021,58,0,0,0,1,1,0
云南省,2022,58,0,0,1,0,0,0
广西壮族自治区,2011,45,0,0,0,1,0,1
广西壮族自治区,2012,45,0,0,0,1,0,0
广西壮族自治区,2013,45,0,0,0,1,0,0
广西壮族自治区,2014,45,0,0,0,1,1,0
广西壮族自治区,2015,45,0,0,0,1,1,0
广西壮族自治区,2022,45,0,0,0,1,1,1
广东省,2011,77,0,0,0,1,0,1
广东省,2012,77,0,0,0,0,0,0
广东省,2013,77,0,0,0,0,0,1
广东省,2014,77,0,0,1,0,1,0
广东省,2015,77,0,1,1,1,1,0
广东省,2016,77,0,0,0,1,1,0
广东省,2017,77,0,0,1,0,1,0
广东省,2018,77,0,0,1,0,1,0
广东省,2019,77,0,0,0,0,1,0
广东省,2020,77,0,0,0,1,1,0
广东省,2021,77,1,1,1,1,1,1
广东省,2022,77,0,1,1,1,1,0
北京市,2014,23,0,0,0,1,0,0
北京市,2015,23,0,0,0,1,0,1
北京市,2016,23,0,0,1,1,0,1
北京市,2017,23,0,0,0,1,0,0
北京市,2018,23,0,0,1,1,0,1
北京市,2019,23,0,0,0,1,0,1
北京市,2020,23,0,0,0,1,0,1
北京市,2021,23,0,0,0,1,0,0
北京市,2022,23,0,0,1,1,0,0
广东省,2015,57,0,0,0,1,1,1
广东省,2016,57,0,0,0,1,1,0
广东省,2017,57,0,0,0,1,1,1
广东省,2018,57,0,0,0,1,1,0
广东省,2019,57,0,0,0,1,1,1
北京市,2011,70,0,0,0,1,0,1
北京市,2012,46,0,0,0,1,0,1
北京市,2013,46,0,0,1,1,0,0
北京市,2014,46,0,0,1,1,0,0
北京市,2015,46,0,0,1,1,0,1
北京市,2016,46,0,0,1,1,0,0
北京市,2017,46,1,1,1,1,1,1
北京市,2018,46,0,0,1,1,0,1
北京市,2019,46,0,0,1,1,0,0
北京市,2020,46,0,0,0,0,0,1
北京市,2021,46,1,1,1,1,1,1
北京市,2022,46,0,0,0,0,1,1
福建省,2011,58,0,0,0,0,0,0
福建省,2012,58,0,0,1,1,0,0
福建省,2013,58,0,0,0,0,0,1
福建省,2014,58,0,0,0,0,1,0
福建省,2015,58,0,0,1,0,1,0
福建省,2016,58,0,0,1,0,0,1
福建省,2017,58,0,0,0,0,0,1
福建省,2018,58,0,0,0,0,0,0
福建省,2019,58,0,0,1,1,0,0
福建省,2020,58,0,0,0,1,1,0
福建省,2021,58,0,0,1,1,0,0
河南省,2011,44,0,0,1,1,0,0
河南省,2012,44,0,0,1,1,0,1
河南省,2013,44,0,0,1,1,0,0
河南省,2014,44,0,1,1,1,1,0
河南省,2015,44,0,0,1,1,0,1
河南省,2016,44,0,1,1,1,1,0
河南省,2017,44,1,1,1,1,1,1
河南省,2018,44,1,1,1,1,1,1
河南省,2019,44,1,1,1,1,1,1
河南省,2020,44,1,1,1,1,1,1
河南省,2021,44,0,1,1,1,1,0
河南省,2022,44,0,1,1,1,1,0
重庆市,2011,32,0,0,1,1,0,1
重庆市,2012,32,0,0,1,1,0,1
重庆市,2013,32,0,0,0,0,0,1
重庆市,2014,32,0,0,0,0,1,1
重庆市,2015,32,0,0,0,1,0,1
重庆市,2016,32,0,0,1,1,0,1
重庆市,2017,32,0,0,0,0,0,0
重庆市,2018,32,0,0,0,0,0,1
重庆市,2019,32,0,0,0,0,0,1
重庆市,2020,32,0,0,0,0,0,1
陕西省,2010,35,0,0,0,0,1,0
陕西省,2011,35,0,0,1,1,0,0
陕西省,2012,35,0,0,1,1,0,0
陕西省,2013,35,0,1,1,1,1,0
陕西省,2014,35,0,1,1,1,1,0
陕西省,2015,35,0,1,1,1,1,0
陕西省,2016,35,0,0,1,0,0,0
陕西省,2017,35,0,1,1,1,1,0
陕西省,2018,35,0,0,1,0,1,0
陕西省,2019,35,0,1,1,1,1,0
陕西省,2020,35,0,0,1,0,1,0
陕西省,2021,35,0,0,1,1,0,0
陕西省,2022,35,0,1,1,1,1,0
湖南省,2011,37,0,0,1,0,0,1
湖南省,2012,37,0,0,0,0,0,1
湖南省,2013,37,0,0,0,1,1,1
湖南省,2014,37,0,0,0,1,0,0
湖南省,2015,37,0,0,0,1,0,0
湖南省,2016,37,0,0,0,1,1,0
湖南省,2017,37,0,0,0,1,1,1
湖南省,2018,37,0,0,0,1,1,0
湖南省,2019,37,0,0,0,1,1,0
湖南省,2020,37,0,0,0,1,1,0
湖南省,2021,37,0,0,0,1,1,0
湖南省,2022,37,0,0,0,1,1,0
云南省,2014,35,0,0,0,1,1,0
云南省,2015,35,0,0,0,1,0,0
云南省,2016,35,0,0,0,1,0,1
云南省,2017,35,0,0,0,1,0,0
云南省,2018,35,0,0,0,1,0,0
云南省,2019,35,0,0,0,1,0,1
云南省,2020,35,0,0,0,0,0,0
云南省,2021,35,0,0,1,0,0,1
云南省,2022,35,0,0,1,1,0,1
浙江省,2011,46,0,0,0,1,0,1
浙江省,2012,46,0,0,1,1,0,1
浙江省,2013,46,0,0,0,1,0,0
浙江省,2014,46,0,0,1,1,0,1
浙江省,2015,46,0,0,0,1,0,0
浙江省,2016,46,0,0,0,1,0,1
浙江省,2017,46,0,0,0,1,1,0
浙江省,2018,46,0,0,0,1,1,0
浙江省,2019,46,0,0,0,0,1,0
浙江省,2020,46,0,0,0,1,1,1
浙江省,2021,46,0,0,0,0,0,0
浙江省,2022,46,0,0,0,1,0,0
江西省,2020,76,0,0,1,0,1,0
北京市,2014,12,0,0,1,1,0,1
北京市,2015,12,0,0,1,1,0,1
北京市,2016,12,0,0,1,1,0,0
北京市,2017,12,0,0,1,1,0,0
北京市,2018,12,0,0,1,1,0,1
北京市,2019,12,0,0,1,0,0,0
北京市,2020,12,0,0,1,0,0,0
山东省,2011,22,1,1,1,1,1,1
山东省,2012,22,0,1,1,1,1,0
山东省,2013,22,0,1,1,1,1,0
山东省,2014,22,1,1,1,1,1,1
山东省,2015,22,0,1,1,1,1,0
山东省,2016,22,0,1,1,1,1,0
山东省,2017,22,1,1,1,1,1,1
山东省,2018,22,1,1,1,1,1,1
山东省,2019,22,1,1,1,1,1,1
山东省,2020,22,0,1,1,1,1,0
山东省,2021,22,1,1,1,1,1,1
山东省,2022,22,0,0,1,0,1,1
天津市,2011,27,0,0,0,1,1,1
天津市,2012,19,0,0,0,0,0,1
天津市,2013,19,0,0,1,0,0,1
天津市,2014,19,0,0,0,0,0,1
天津市,2015,19,0,0,0,1,1,0
天津市,2016,19,0,0,0,0,1,0
天津市,2017,19,0,0,0,0,1,1
天津市,2018,19,0,0,0,0,1,0
天津市,2019,19,0,0,0,0,1,0
天津市,2020,19,0,0,0,0,1,1
天津市,2022,19,0,0,0,0,1,0
河南省,2011,37,0,0,1,0,0,0
河南省,2012,37,0,0,0,1,0,1
河南省,2013,37,0,0,0,0,0,1
河南省,2014,37,0,0,1,0,0,0
河南省,2015,37,0,0,0,0,0,0
河南省,2016,37,0,0,0,0,0,0
河南省,2017,37,0,0,1,0,0,0
河南省,2018,37,0,0,1,0,0,0
河南省,2019,37,0,0,0,1,1,0
河南省,2020,37,0,0,1,1,0,0
河南省,2021,37,0,0,0,1,0,0
江苏省,2022,17,0,1,1,1,1,0
河北省,2022,7,0,0,1,1,0,0
江苏省,2021,19,0,0,1,0,1,1
河北省,2019,47,0,0,0,0,0,1
河北省,2020,47,0,0,0,0,0,0
河北省,2021,47,0,0,0,0,1,0
福建省,2011,75,0,0,1,1,0,1
福建省,2014,32,0,1,1,1,1,0
福建省,2015,32,0,1,1,1,1,0
福建省,2016,32,0,0,1,0,1,1
福建省,2017,32,0,0,1,0,1,1
福建省,2018,32,1,1,1,1,1,1
福建省,2019,32,0,0,1,0,1,1
福建省,2020,32,1,1,1,1,1,1
福建省,2021,32,0,1,1,1,1,0
福建省,2022,32,0,0,1,1,0,0
江苏省,2011,45,0,0,0,1,1,1
江苏省,2012,45,0,0,0,1,1,1
江苏省,2013,45,1,1,1,1,1,1
江苏省,2014,45,0,1,1,1,1,0
江苏省,2015,45,0,0,0,1,1,0
江苏省,2016,45,0,0,0,1,1,0
江苏省,2017,45,0,0,0,1,1,1
江苏省,2018,45,0,0,0,1,1,1
江苏省,2019,45,0,0,0,1,1,0
江苏省,2020,45,0,0,0,0,1,0
江苏省,2021,45,0,0,0,0,1,0
江苏省,2011,46,0,0,1,1,0,0
江苏省,2012,19,0,0,0,0,1,1
江苏省,2013,19,0,0,0,0,1,1
天津市,2011,58,0,0,0,0,1,0
天津市,2012,58,0,0,1,0,1,0
天津市,2013,58,0,0,0,0,1,0
天津市,2014,58,0,0,0,0,1,0
天津市,2015,58,0,0,1,0,1,0
天津市,2016,58,0,0,1,0,1,0
天津市,2017,58,0,0,1,0,1,0
天津市,2018,58,0,0,1,0,1,0
天津市,2019,58,0,1,1,1,1,0
天津市,2020,58,0,0,0,0,1,0
天津市,2021,58,0,0,0,0,1,0
天津市,2022,58,0,0,0,0,1,0
北京市,2015,51,0,0,0,1,0,1
北京市,2016,51,0,0,1,0,0,0
北京市,2017,51,0,0,0,1,0,0
北京市,2018,51,0,0,1,0,0,0
北京市,2019,51,0,0,0,1,0,0
北京市,2020,51,0,0,0,0,0,0
北京市,2021,51,0,0,0,0,0,0
北京市,2022,51,0,0,0,1,1,0
上海市,2017,35,0,0,0,0,0,1
上海市,2018,35,0,0,0,0,0,1
上海市,2020,35,0,0,0,1,0,0
上海市,2021,35,0,0,0,1,0,0
上海市,2022,35,0,0,1,0,0,0
福建省,2011,75,0,0,0,1,0,1
福建省,2015,75,0,0,0,1,0,0
福建省,2016,75,0,0,0,1,0,0
福建省,2017,75,0,0,1,1,0,0
福建省,2018,75,0,0,0,1,0,0
福建省,2019,75,0,0,0,1,0,0
福建省,2021,75,0,0,0,1,0,0
福建省,2022,75,0,0,0,1,0,0
山西省,2011,47,0,0,1,0,1,0
山西省,2012,47,1,1,1,1,1,1
山西省,2013,47,0,1,1,1,1,0
山西省,2014,47,0,1,1,1,1,0
山西省,2015,47,0,0,1,0,1,1
山西省,2016,47,0,0,1,0,1,0
山西省,2017,47,0,0,1,0,1,0
山西省,2018,47,0,1,1,1,1,0
山西省,2019,47,0,0,0,1,1,0
山西省,2020,47,0,0,0,0,1,0
山西省,2021,47,0,0,0,0,1,0
安徽省,2011,6,1,1,1,1,1,1
安徽省,2012,6,1,1,1,1,1,1
安徽省,2013,6,0,1,1,1,1,0
安徽省,2014,6,0,0,0,0,1,1
安徽省,2015,6,1,1,1,1,1,1
安徽省,2016,6,0,0,1,0,0,1
安徽省,2017,6,0,0,0,0,0,1
安徽省,2018,6,0,0,0,1,0,1
安徽省,2019,6,1,1,1,1,1,1
安徽省,2020,49,0,0,0,0,0,1
安徽省,2021,49,0,0,0,1,0,1
安徽省,2022,49,0,0,0,0,0,1
云南省,2011,51,0,0,1,1,0,0
云南省,2012,51,0,1,1,1,1,0
云南省,2013,51,0,0,0,1,0,0
云南省,2014,51,0,0,0,1,0,0
云南省,2015,51,0,0,1,0,1,0
云南省,2016,51,0,0,0,0,0,0
云南省,2017,51,0,0,0,0,1,0
云南省,2018,51,0,0,0,0,0,0
云南省,2019,51,0,0,0,0,1,0
湖北省,2010,46,0,0,0,0,0,0
湖北省,2012,46,0,0,0,0,0,1
湖北省,2013,46,0,0,0,0,0,1
湖北省,2018,46,0,0,1,0,0,1
广东省,2011,70,0,0,0,1,0,1
广东省,2012,70,0,0,0,1,1,0
广东省,2013,70,0,0,0,1,1,0
广东省,2014,70,0,0,0,1,1,0
广东省,2015,70,0,0,0,1,0,1
广东省,2016,70,0,0,0,1,1,1
广东省,2017,70,0,0,0,0,1,1
广东省,2018,70,0,0,0,1,0,0
广东省,2019,70,0,0,0,0,1,1
广东省,2020,70,0,0,0,1,0,0
上海市,2011,68,0,0,1,1,0,1
上海市,2012,78,0,0,1,1,0,1
上海市,2013,45,0,0,1,1,0,1
上海市,2014,45,0,0,1,0,0,1
上海市,2015,45,0,0,1,1,0,1
上海市,2016,45,0,0,1,1,0,1
上海市,2017,45,0,0,1,1,0,1
上海市,2018,45,0,0,1,0,0,0
江苏省,2012,7,0,0,0,0,1,0
江苏省,2013,7,0,0,0,1,1,0
江苏省,2014,7,0,0,0,1,0,0
江苏省,2015,7,0,0,0,1,0,0
江苏省,2016,7,0,0,0,0,0,0
江苏省,2017,7,0,0,0,0,1,0
江苏省,2018,7,0,0,0,0,0,1
江苏省,2019,7,0,0,0,1,1,0
江苏省,2020,7,0,0,0,1,0,1
江苏省,2021,7,0,0,0,1,0,1
江苏省,2022,7,0,0,0,1,0,0
安徽省,2011,12,1,1,1,1,1,1
安徽省,2012,12,1,1,1,1,1,1
安徽省,2013,12,1,1,1,1,1,1
安徽省,2014,12,1,1,1,1,1,1
安徽省,2015,12,1,1,1,1,1,1
安徽省,2016,12,0,0,0,1,1,0
安徽省,2017,12,0,0,0,1,1,0
安徽省,2018,12,0,0,0,1,1,0
安徽省,2019,12,0,1,1,1,1,0
安徽省,2020,12,0,0,0,1,1,0
安徽省,2021,12,0,0,0,0,1,0
安徽省,2022,12,0,0,0,0,1,0
上海市,2011,66,0,0,1,0,1,1
上海市,2012,66,0,0,1,0,1,1
上海市,2013,66,0,0,1,0,1,0
上海市,2014,66,0,0,1,0,1,0
上海市,2015,66,0,0,1,0,1,0
上海市,2016,66,0,0,1,0,1,1
上海市,2017,66,0,0,1,0,1,0
上海市,2018,66,0,0,1,0,1,1
上海市,2019,66,0,0,1,0,1,0
上海市,2020,66,0,1,1,1,1,0
上海市,2021,66,0,0,1,0,1,1
上海市,2022,66,0,0,1,0,1,1
四川省,2011,32,0,0,0,1,0,0
四川省,2012,32,0,0,0,0,0,0
四川省,2013,32,0,0,0,1,1,0
四川省,2014,32,0,0,0,0,1,1
四川省,2015,32,0,0,0,0,0,0
四川省,2016,32,0,0,0,0,1,0
四川省,2017,32,0,0,0,0,1,0
四川省,2018,32,0,0,0,0,1,1
四川省,2019,32,0,0,1,0,1,1
四川省,2020,32,0,0,1,0,1,0
四川省,2021,32,0,0,1,0,1,1
江西省,2011,33,0,0,0,0,0,1
江西省,2012,33,0,1,1,1,1,0
江西省,2013,33,0,0,0,1,0,1
江西省,2015,33,0,0,1,0,1,1
江西省,2016,33,0,0,1,0,0,1
江西省,2017,33,0,0,1,0,1,1
江西省,2018,33,0,0,1,0,1,1
江西省,2019,33,0,0,1,0,1,1
江西省,2020,33,0,0,1,0,1,1
江西省,2021,33,0,0,0,1,1,1
江西省,2022,33,0,0,0,0,1,1
上海市,2011,13,0,0,1,1,0,0
上海市,2012,13,0,0,1,0,1,1
上海市,2013,13,0,0,1,1,0,1
上海市,2014,13,0,0,0,1,0,0
上海市,2015,13,0,0,1,1,0,0
上海市,2016,13,0,0,0,1,0,0
上海市,2017,13,0,0,0,1,0,1
上海市,2018,13,0,0,0,1,0,1
上海市,2019,13,0,0,0,0,0,1
上海市,2020,13,0,0,0,1,0,1
上海市,2021,13,0,0,0,1,0,0
上海市,2022,13,0,0,0,1,0,0
江苏省,2011,16,0,0,0,0,0,0
江苏省,2012,66,0,0,1,0,1,0
江苏省,2013,66,0,0,0,0,1,1
江苏省,2014,66,0,0,0,0,1,1
江苏省,2015,66,0,0,1,0,0,1
江苏省,2016,66,0,0,0,0,0,1
江苏省,2017,66,0,0,1,0,0,1
江苏省,2018,66,0,0,1,0,1,0
江苏省,2019,66,0,0,1,0,1,0
江苏省,2020,66,0,0,1,0,1,0
江苏省,2021,66,0,0,1,0,1,0
江苏省,2022,66,0,0,0,0,1,0
北京市,2011,78,0,0,1,1,0,1
北京市,2012,78,0,0,0,1,0,1
北京市,2013,78,0,0,1,1,0,1
北京市,2014,78,0,0,1,1,0,1
北京市,2015,78,0,0,1,1,0,1
北京市,2016,78,0,0,0,1,0,0
北京市,2017,78,0,0,1,1,0,1
北京市,2018,78,0,0,1,1,0,0
北京市,2019,78,0,0,1,1,0,0
北京市,2020,78,0,0,0,1,0,1
北京市,2021,78,0,0,1,1,0,0
北京市,2022,78,0,0,0,1,1,1
海南省,2016,68,0,0,1,1,0,0
海南省,2017,66,0,0,1,1,0,0
海南省,2018,66,0,1,1,1,1,0
海南省,2019,66,0,0,1,0,0,0
海南省,2020,66,0,0,1,0,1,0
甘肃省,2022,36,0,0,1,0,1,1
上海市,2011,19,1,1,1,1,1,1
上海市,2012,19,0,0,1,1,0,1
上海市,2021,54,0,0,1,0,0,0
上海市,2022,54,0,0,0,0,1,0
贵州省,2013,7,0,0,1,0,1,1
贵州省,2014,7,0,0,1,0,1,1
贵州省,2015,7,0,0,1,0,1,0
贵州省,2016,7,0,0,1,0,1,0
贵州省,2018,7,0,0,1,0,1,1
贵州省,2019,7,0,0,0,1,0,0
贵州省,2020,7,0,0,0,0,1,1
贵州省,2021,7,0,0,0,0,1,0
贵州省,2022,7,0,0,0,1,0,0
广东省,2011,46,0,0,0,0,1,1
广东省,2012,46,0,0,1,0,1,0
广东省,2013,46,0,0,0,1,0,0
广东省,2014,46,0,0,0,1,0,0
广东省,2015,46,0,0,0,0,0,0
广东省,2016,46,0,0,0,1,0,0
广东省,2017,46,0,0,0,1,0,0
广东省,2018,46,0,0,0,1,0,0
广东省,2019,46,0,0,0,1,0,0
广东省,2020,46,0,0,0,1,0,0
广东省,2021,46,0,0,0,0,1,0
浙江省,2011,70,0,0,1,1,0,1
浙江省,2013,70,0,0,1,0,0,0
浙江省,2014,70,0,0,1,0,0,0
浙江省,2015,70,0,0,1,0,0,0
浙江省,2016,70,0,0,1,0,0,0
浙江省,2017,70,0,0,1,1,0,0
浙江省,2018,70,0,0,1,0,1,0
浙江省,2020,70,0,0,1,0,1,0
浙江省,2021,70,0,0,1,1,0,0
四川省,2011,12,0,0,1,0,1,1
四川省,2012,12,0,0,0,0,0,1
四川省,2013,12,0,0,0,0,0,1
四川省,2014,12,0,0,1,0,0,1
四川省,2015,12,0,0,0,1,1,1
四川省,2016,12,0,0,0,0,1,1
北京市,2018,70,0,0,0,0,1,0
北京市,2019,70,0,0,0,0,0,0
北京市,2020,70,0,0,1,0,0,0
北京市,2021,70,0,0,0,0,0,0
北京市,2022,70,0,0,0,0,1,0
河南省,2011,35,0,0,1,0,0,1
河南省,2012,35,0,0,1,0,0,1
河南省,2013,35,0,0,1,1,0,0
河南省,2014,35,0,0,1,0,0,0
河南省,2015,35,0,0,1,0,0,0
河南省,2016,35,0,0,1,0,0,0
河南省,2017,35,0,0,0,0,0,0
河南省,2018,35,0,0,1,0,0,0
河南省,2019,35,0,0,1,1,0,1
河南省,2020,35,0,0,1,1,0,1
河南省,2021,35,0,0,1,1,0,0
河南省,2022,35,0,0,1,1,0,0
天津市,2010,58,0,0,0,0,1,0
天津市,2011,58,0,0,0,0,0,0
天津市,2012,58,0,0,1,0,1,0
天津市,2013,58,0,0,1,0,0,0
天津市,2014,58,0,0,1,0,1,0
天津市,2015,58,0,0,0,0,1,1
天津市,2016,58,0,0,0,0,1,1
天津市,2017,58,0,0,0,0,1,0
天津市,2018,58,0,0,0,0,1,0
天津市,2019,58,0,0,1,0,1,0
天津市,2020,58,0,0,1,0,1,0
山西省,2012,78,1,1,1,1,1,1
山西省,2013,78,0,1,1,1,1,0
山西省,2014,78,0,1,1,1,1,0
山西省,2015,78,0,1,1,1,1,0
山西省,2022,78,0,0,0,1,0,0
山东省,2015,51,0,0,0,0,0,0
山东省,2016,51,0,0,0,0,1,0
山东省,2019,51,0,0,0,1,0,0
山东省,2020,51,0,0,1,0,1,0
山东省,2021,51,0,0,1,1,0,0
山东省,2022,51,0,0,0,1,1,0
广东省,2011,34,0,0,0,1,1,0
广东省,2012,69,0,1,1,1,1,0
广东省,2013,69,0,0,0,1,0,0
广东省,2014,69,0,0,0,1,0,0
广东省,2015,69,0,0,1,1,0,0
广东省,2016,69,0,0,1,1,0,0
广东省,2017,69,0,0,1,1,0,0
广东省,2018,69,0,0,1,1,0,1
广东省,2019,69,0,1,1,1,1,0
福建省,2011,35,0,0,0,1,0,1
福建省,2012,35,0,0,1,1,0,1
福建省,2013,35,0,0,0,1,0,1
福建省,2014,35,0,0,0,1,0,0
福建省,2015,35,0,0,0,0,0,0
福建省,2016,35,0,0,0,1,0,1
福建省,2017,35,0,0,0,0,0,0
福建省,2018,35,0,0,0,1,0,1
福建省,2019,35,0,0,0,0,0,1
福建省,2020,35,0,0,0,0,0,1
河北省,2011,19,0,0,1,0,0,1
河北省,2012,19,0,0,1,0,0,0
河北省,2013,19,0,0,1,1,0,0
河北省,2014,19,0,0,1,1,0,0
河北省,2015,19,0,0,0,1,0,0
河北省,2016,19,0,0,0,1,0,0
河北省,2017,19,0,0,0,1,0,0
河北省,2018,19,0,0,0,0,0,1
河北省,2019,19,0,0,0,1,0,0
河北省,2020,19,0,0,0,0,1,0
河北省,2021,19,0,0,0,0,0,0
河北省,2022,19,0,0,0,0,0,0
安徽省,2011,60,0,1,1,1,1,0
安徽省,2012,60,0,0,1,0,0,0
安徽省,2013,60,0,0,1,0,0,0
安徽省,2014,60,0,0,1,0,0,0
安徽省,2015,60,0,0,1,0,0,0
安徽省,2016,60,0,0,1,0,0,0
安徽省,2017,60,0,0,1,0,0,0
安徽省,2018,60,0,0,1,0,0,0
安徽省,2019,60,0,0,0,0,0,0
安徽省,2020,60,0,0,0,1,0,0
安徽省,2021,60,0,0,0,1,0,0
安徽省,2022,60,0,0,1,1,0,0
广西壮族自治区,2019,39,0,0,0,0,0,0
广西壮族自治区,2020,39,0,0,0,0,0,0
广西壮族自治区,2022,42,0,0,0,0,0,0
江苏省,2011,58,0,0,1,0,1,1
江苏省,2018,58,0,0,0,0,1,0
江苏省,2019,58,0,0,1,0,1,1
江苏省,2020,58,0,0,1,0,1,0
江苏省,2021,58,0,0,1,0,1,0
江苏省,2022,58,0,0,1,0,0,1
河北省,2021,4,0,0,1,0,1,0
河北省,2022,4,0,1,1,1,1,0
北京市,2011,70,0,0,1,0,0,0
北京市,2012,70,0,0,1,1,0,0
北京市,2013,70,0,0,1,0,0,0
北京市,2014,70,0,0,1,0,0,0
北京市,2015,70,0,0,1,0,0,0
北京市,2016,70,0,0,1,0,0,0
北京市,2017,70,0,0,1,0,0,0
北京市,2018,70,0,0,1,0,0,1
北京市,2019,70,0,0,1,0,0,1
北京市,2020,70,0,0,1,0,0,0
北京市,2021,70,0,0,1,1,0,1
江西省,2011,69,0,0,0,1,1,0
江西省,2012,69,0,0,0,1,1,0
江西省,2013,69,0,0,0,1,1,0
江西省,2014,69,0,0,0,1,1,0
江西省,2015,69,0,0,0,1,1,0
江西省,2016,69,0,0,0,1,1,0
江西省,2017,69,0,0,0,1,1,0
江西省,2018,69,0,0,0,1,1,0
江西省,2019,69,0,0,0,1,1,0
江西省,2020,69,0,1,1,1,1,0
江西省,2021,69,0,1,1,1,1,0
江西省,2022,69,0,0,0,1,1,0
江苏省,2016,46,0,0,0,0,0,0
江苏省,2017,46,0,0,0,1,0,0
江苏省,2018,46,0,0,0,1,0,1
江苏省,2019,46,0,0,0,1,0,1
江苏省,2020,46,0,0,0,1,0,1
江苏省,2021,46,0,0,1,1,0,0
江苏省,2022,46,1,1,1,1,1,1
重庆市,2022,66,0,0,0,1,0,0
湖北省,2017,58,0,0,0,0,1,1
湖北省,2018,58,0,0,0,1,1,0
湖北省,2019,58,0,0,0,1,0,0
湖北省,2020,58,0,0,0,1,0,1
湖北省,2021,58,0,0,0,1,0,0
湖北省,2022,58,0,0,1,0,0,0
安徽省,2019,57,0,0,1,0,1,1
安徽省,2020,57,0,1,1,1,1,0
河南省,2011,33,0,0,1,1,0,1
河南省,2012,33,0,0,1,1,0,1
河南省,2013,33,0,0,1,1,0,1
河南省,2014,33,0,0,1,1,0,0
河南省,2015,33,0,0,1,1,0,1
河南省,2016,33,0,0,1,0,0,0
河南省,2017,33,0,0,1,0,0,0
河南省,2018,33,0,0,1,0,0,0
河南省,2019,33,0,0,1,0,1,1
河南省,2020,33,0,0,0,1,1,0
河南省,2021,33,0,0,0,0,1,1
河南省,2022,33,0,0,0,1,1,0
浙江省,2018,39,0,0,0,1,0,1
浙江省,2020,39,0,0,1,1,0,0
浙江省,2021,39,0,0,1,1,0,0
浙江省,2022,39,0,1,1,1,1,0
浙江省,2019,58,0,0,0,0,1,0
浙江省,2020,58,0,0,0,0,1,1
福建省,2011,4,0,0,0,1,0,0
福建省,2012,4,0,0,0,1,0,0
福建省,2014,4,0,0,1,1,0,1
福建省,2015,4,0,0,1,1,0,0
福建省,2016,4,0,0,1,1,0,0
福建省,2017,4,0,0,0,1,0,0
福建省,2018,4,0,0,1,1,0,1
福建省,2019,4,0,1,1,1,1,0
福建省,2020,4,0,0,1,1,0,0
福建省,2021,4,0,0,1,1,0,1
福建省,2022,4,0,0,1,1,0,0
浙江省,2018,31,0,1,1,1,1,0
浙江省,2019,31,0,0,1,0,1,0
浙江省,2020,31,0,1,1,1,1,0
浙江省,2022,31,0,0,0,0,1,1
北京市,2011,32,0,0,1,0,1,1
北京市,2012,32,0,0,1,0,1,0
北京市,2013,32,0,1,1,1,1,0
北京市,2014,32,0,0,1,0,1,0
北京市,2015,32,1,1,1,1,1,1
北京市,2016,32,1,1,1,1,1,1
北京市,2017,32,1,1,1,1,1,1
北京市,2019,32,0,0,0,0,0,0
北京市,2020,32,0,0,0,1,0,1
北京市,2021,32,0,0,0,0,0,0
北京市,2022,32,0,0,1,1,0,0
浙江省,2011,19,0,0,1,0,1,1
浙江省,2012,19,0,0,1,0,0,0
浙江省,2013,19,0,0,1,0,0,0
浙江省,2014,19,0,0,0,0,0,1
浙江省,2015,19,0,0,0,1,0,1
浙江省,2016,19,0,0,0,1,0,0
浙江省,2017,19,0,0,0,0,0,1
浙江省,2018,19,0,0,0,1,0,1
浙江省,2019,19,0,0,0,1,0,1
浙江省,2020,19,0,0,1,1,0,0
浙江省,2021,19,0,0,0,1,0,1
浙江省,2022,19,0,0,0,0,0,0
新疆维吾尔自治区,2022,33,0,0,0,0,0,0
北京市,2011,70,0,0,0,1,0,0
北京市,2012,70,0,0,0,0,0,1
北京市,2013,70,0,0,0,1,0,0
北京市,2014,70,0,0,0,0,1,0
北京市,2015,70,0,0,0,0,0,0
北京市,2016,70,0,0,0,1,0,0
北京市,2017,70,0,0,0,1,0,0
北京市,2018,70,0,0,0,0,0,0
北京市,2019,70,1,1,1,1,1,1
北京市,2020,70,0,0,0,0,0,0
北京市,2021,70,0,0,1,1,0,0
北京市,2022,70,0,0,1,1,0,0
天津市,2011,20,0,1,1,1,1,0
天津市,2012,53,0,0,0,1,0,0
天津市,2013,53,0,0,0,1,1,1
天津市,2014,20,0,1,1,1,1,0
天津市,2015,20,0,0,1,0,1,0
天津市,2016,20,0,0,0,0,1,0
天津市,2017,20,1,1,1,1,1,1
天津市,2018,20,0,0,1,0,1,0
天津市,2019,20,0,1,1,1,1,0
天津市,2020,20,0,1,1,1,1,0
天津市,2021,20,0,0,0,0,0,0
安徽省,2011,36,0,0,1,0,0,0
安徽省,2014,36,0,0,0,1,0,1
安徽省,2015,36,0,0,1,1,0,1
安徽省,2016,36,0,0,0,0,0,0
安徽省,2017,36,0,0,0,0,0,0
安徽省,2018,36,0,0,0,0,0,0
安徽省,2019,36,0,0,0,0,0,1
安徽省,2020,36,0,0,0,0,0,0
安徽省,2021,36,0,0,0,0,0,1
北京市,2011,39,0,0,0,0,0,1
北京市,2012,39,0,0,0,0,0,1
北京市,2013,39,0,0,0,0,0,1
北京市,2014,39,0,0,0,0,0,0
北京市,2015,39,0,0,0,0,0,0
北京市,2016,39,0,0,1,0,0,0
北京市,2017,39,0,0,1,0,0,0
北京市,2018,39,0,0,1,0,0,1
北京市,2019,39,0,0,1,1,0,1
北京市,2020,39,0,0,1,1,0,1
江西省,2018,19,0,0,0,1,0,1
江西省,2019,19,0,0,0,1,1,0
江西省,2020,19,0,0,0,1,0,0
江西省,2021,19,0,0,0,1,0,1
江西省,2022,19,0,0,0,1,0,0
福建省,2011,27,0,0,1,0,0,1
福建省,2012,27,0,0,1,1,0,0
福建省,2013,27,0,0,1,1,0,0
福建省,2014,27,0,0,1,0,0,1
福建省,2015,27,0,0,1,1,0,1
福建省,2016,27,0,0,1,1,0,1
福建省,2017,27,0,0,0,1,0,1
福建省,2018,27,0,0,1,0,0,0
福建省,2019,27,0,0,0,0,0,0
福建省,2020,27,0,0,1,0,0,0
福建省,2021,27,0,0,0,1,0,0
福建省,2022,27,0,0,1,1,0,0
河南省,2011,35,0,0,0,1,0,1
河南省,2012,35,0,0,0,0,0,1
河南省,2013,35,0,0,0,0,1,1
河南省,2014,35,0,0,0,0,0,1
河南省,2015,35,0,0,1,0,1,1
河南省,2016,35,0,0,1,0,1,1
河南省,2017,35,0,0,1,0,1,0
河南省,2018,35,0,0,1,0,1,0
河南省,2022,35,0,0,1,0,1,0
浙江省,2011,45,0,0,1,0,0,1
浙江省,2012,45,0,0,1,0,0,0
浙江省,2013,45,0,0,1,0,0,0
浙江省,2014,45,0,0,1,0,0,0
浙江省,2015,45,0,0,1,0,0,0
浙江省,2016,45,0,0,1,0,0,0
浙江省,2017,45,0,0,1,0,0,0
浙江省,2018,45,0,0,1,0,0,0
浙江省,2019,45,0,0,1,0,0,0
浙江省,2020,45,0,0,0,0,0,0
浙江省,2021,45,0,0,0,0,0,0
浙江省,2022,45,0,0,0,1,1,0
上海市,2011,1,0,0,0,0,0,0
上海市,2012,23,0,0,0,0,0,0
上海市,2013,23,0,0,0,1,0,0
上海市,2014,23,0,0,0,0,0,0
上海市,2015,23,0,0,0,0,0,0
上海市,2019,23,0,0,0,1,0,0
上海市,2020,23,0,0,1,1,0,0
上海市,2021,23,0,0,1,1,0,0
上海市,2022,23,0,0,1,1,0,0
黑龙江省,2018,2,0,0,1,1,0,0
山东省,2010,4,0,0,1,0,0,1
山东省,2011,4,0,0,1,0,0,1
山东省,2012,4,0,0,1,0,0,1
山东省,2013,4,0,0,1,0,0,1
山东省,2018,4,0,0,0,0,0,1
上海市,2011,46,0,0,0,0,1,1
上海市,2012,46,0,0,1,0,1,1
上海市,2013,46,0,0,1,0,1,1
上海市,2014,46,0,0,1,0,1,1
上海市,2015,46,1,1,1,1,1,1
上海市,2016,46,1,1,1,1,1,1
上海市,2017,46,0,0,1,0,0,0
上海市,2018,46,0,0,0,1,0,1
上海市,2019,46,0,0,0,1,0,0
上海市,2020,46,0,0,1,1,0,0
上海市,2015,66,0,0,0,1,1,0
上海市,2016,66,0,1,1,1,1,0
上海市,2017,66,0,0,0,1,1,0
上海市,2018,66,0,0,0,0,1,0
上海市,2019,66,0,0,0,0,1,1
上海市,2020,66,0,0,0,0,0,1
上海市,2021,66,0,0,0,0,1,1
上海市,2022,66,0,0,0,0,1,1
上海市,2011,63,0,1,1,1,1,0
上海市,2012,69,0,0,0,1,1,1
上海市,2013,69,0,0,0,1,1,1
上海市,2014,69,0,0,0,1,1,0
上海市,2015,69,0,0,0,1,1,0
上海市,2016,69,0,1,1,1,1,0
上海市,2017,69,0,1,1,1,1,0
上海市,2018,69,0,1,1,1,1,0
上海市,2019,69,1,1,1,1,1,1
上海市,2020,69,1,1,1,1,1,1
上海市,2021,69,0,0,0,0,1,1
上海市,2022,69,0,0,0,0,1,1
上海市,2011,4,0,0,0,1,0,0
上海市,2012,4,0,0,0,0,0,0
上海市,2014,4,0,0,0,0,0,0
上海市,2015,4,0,0,1,0,0,0
上海市,2016,4,0,0,1,0,0,0
上海市,2017,4,0,0,0,0,0,0
上海市,2018,4,0,0,0,0,1,0
上海市,2019,4,0,0,1,0,0,0
上海市,2020,4,0,0,0,0,0,0
上海市,2021,4,0,0,0,0,0,0
上海市,2022,4,0,0,1,0,0,0
上海市,2012,45,0,0,0,0,0,1
上海市,2013,45,0,0,0,0,0,1
上海市,2014,45,0,0,0,0,0,1
上海市,2015,45,0,0,0,0,0,0
上海市,2016,45,0,0,1,0,0,0
上海市,2017,45,0,0,0,0,0,0
上海市,2018,45,0,0,0,0,0,1
上海市,2019,45,0,0,0,0,0,0
上海市,2020,45,0,0,0,0,0,0
上海市,2021,45,0,0,0,0,0,1
上海市,2022,45,0,0,0,0,0,0
上海市,2011,19,0,0,0,1,0,0
上海市,2012,27,0,0,0,0,0,0
上海市,2013,27,0,0,0,0,0,0
上海市,2014,27,0,0,0,0,0,0
上海市,2015,27,0,0,0,0,0,0
上海市,2016,27,0,0,0,1,0,0
上海市,2017,27,0,0,0,0,0,0
上海市,2018,27,0,0,0,0,0,1
上海市,2019,27,0,0,0,1,0,1
上海市,2021,27,0,0,0,0,0,0
上海市,2011,66,0,0,1,0,1,1
上海市,2012,16,0,0,1,0,1,1
上海市,2013,16,0,0,1,0,1,0
上海市,2014,16,0,0,1,1,0,1
上海市,2015,16,0,0,0,0,0,1
上海市,2021,9,0,0,0,1,1,1
上海市,2022,9,0,0,0,0,1,1
上海市,2019,66,0,0,0,1,1,0
上海市,2020,66,0,0,0,1,1,0
上海市,2021,66,0,0,0,1,0,1
上海市,2022,66,0,0,0,1,0,0
上海市,2012,37,0,0,0,0,0,0
上海市,2013,37,0,0,0,0,0,0
上海市,2014,37,0,0,0,0,0,0
上海市,2015,45,0,0,0,0,0,0
上海市,2016,45,0,0,1,0,0,0
上海市,2017,45,0,0,0,1,0,0
上海市,2018,45,0,0,0,0,0,0
上海市,2019,45,0,0,0,0,0,1
上海市,2020,45,0,0,0,0,0,1
上海市,2021,45,0,0,0,0,0,0
上海市,2022,45,0,0,0,0,0,0
上海市,2013,68,0,0,0,1,0,0
上海市,2014,68,0,0,0,0,0,0
上海市,2015,68,0,0,0,1,0,0
上海市,2016,68,0,0,0,1,0,0
上海市,2017,68,0,0,1,1,0,0
上海市,2020,68,0,0,0,0,0,0
上海市,2021,68,0,0,0,0,0,0
上海市,2022,68,0,0,0,0,0,1
上海市,2016,62,0,0,0,1,1,1
上海市,2017,62,0,0,0,0,0,1
上海市,2019,62,0,0,0,0,0,1
上海市,2020,62,0,0,0,0,0,1
上海市,2021,62,0,0,0,0,0,0
浙江省,2013,60,0,0,0,1,1,0
浙江省,2014,60,0,0,0,1,1,0
浙江省,2015,60,0,0,0,1,0,0
浙江省,2016,60,0,0,0,1,1,0
浙江省,2017,60,0,0,0,0,1,0
浙江省,2018,42,0,0,0,1,1,1
浙江省,2019,42,0,0,0,1,1,1
浙江省,2020,42,0,0,0,0,1,1
浙江省,2021,42,0,0,1,0,1,0
浙江省,2022,42,0,0,0,0,1,0
上海市,2011,63,0,0,0,1,1,1
上海市,2012,26,1,1,1,1,1,1
上海市,2016,26,0,1,1,1,1,0
上海市,2020,26,0,0,1,0,1,0
上海市,2022,26,0,0,1,0,1,1
上海市,2017,73,0,1,1,1,1,0
上海市,2018,73,0,1,1,1,1,0
上海市,2019,73,0,0,1,1,0,0
上海市,2011,66,0,0,0,1,0,1
上海市,2012,66,0,0,0,0,0,1
上海市,2013,66,0,0,1,1,0,0
上海市,2014,66,0,0,1,1,0,1
上海市,2020,66,0,0,0,0,0,1
上海市,2011,32,0,0,0,1,1,0
上海市,2012,26,0,0,1,0,1,1
上海市,2013,26,0,0,0,0,1,0
上海市,2014,26,1,1,1,1,1,1
上海市,2015,26,0,1,1,1,1,0
上海市,2016,26,0,0,1,1,0,0
上海市,2017,26,0,0,1,1,0,0
上海市,2018,26,0,0,1,0,1,0
上海市,2019,26,0,0,1,0,1,0
上海市,2020,32,0,0,1,0,0,1
上海市,2021,32,0,0,1,0,0,0
上海市,2022,32,0,0,1,0,0,0
上海市,2011,16,0,0,0,0,0,0
上海市,2012,54,0,0,1,0,0,0
上海市,2013,54,0,0,1,1,0,1
上海市,2014,54,0,0,1,1,0,1
上海市,2015,54,0,0,1,0,0,0
上海市,2016,54,0,0,1,0,0,0
上海市,2017,54,0,0,1,0,0,0
上海市,2018,54,0,0,1,0,0,0
上海市,2019,54,0,0,1,0,0,1
上海市,2020,54,0,0,1,1,0,1
上海市,2021,54,0,0,1,1,0,0
上海市,2022,54,0,0,0,0,0,1
四川省,2010,32,0,0,0,0,1,0
四川省,2011,32,0,0,1,1,0,1
四川省,2012,32,1,1,1,1,1,1
四川省,2013,32,0,0,0,1,0,0
四川省,2014,32,0,0,1,0,0,0
四川省,2015,32,0,0,1,0,0,0
四川省,2016,32,0,0,0,0,1,0
四川省,2017,32,0,0,0,0,1,0
四川省,2018,32,0,0,0,0,1,0
四川省,2019,32,0,0,0,0,1,0
四川省,2020,32,0,0,0,0,0,0
四川省,2021,32,0,0,0,0,1,0
天津市,2015,67,0,1,1,1,1,0
天津市,2016,67,0,1,1,1,1,0
天津市,2017,67,1,1,1,1,1,1
上海市,2015,78,0,0,0,1,0,0
上海市,2018,78,0,0,0,1,0,0
上海市,2019,78,0,0,1,1,0,1
上海市,2020,78,0,0,0,1,0,1
上海市,2021,78,0,0,0,1,1,1
上海市,2022,78,0,0,0,1,0,0
上海市,2011,16,0,0,0,0,0,0
上海市,2012,66,0,0,0,0,0,0
上海市,2013,66,0,0,0,0,0,1
上海市,2014,66,0,0,0,0,0,1
上海市,2015,66,0,0,0,0,1,1
上海市,2016,66,0,0,0,1,1,1
上海市,2017,66,0,0,0,0,1,1
上海市,2018,66,0,0,0,0,1,0
上海市,2019,66,0,0,0,0,1,1
上海市,2020,66,0,0,0,0,1,0
上海市,2021,66,0,0,1,1,0,0
上海市,2022,66,0,0,1,0,0,0
上海市,2021,69,0,0,0,0,0,1
上海市,2022,69,0,0,1,0,0,1
上海市,2011,16,0,0,1,1,0,1
上海市,2012,68,0,1,1,1,1,0
上海市,2013,68,0,0,1,0,1,1
上海市,2014,68,0,0,1,0,0,0
上海市,2015,68,0,0,1,0,1,1
上海市,2016,68,0,0,1,0,1,0
上海市,2017,68,0,0,1,1,0,0
上海市,2018,68,0,0,1,0,1,0
上海市,2019,68,0,0,1,0,0,0
辽宁省,2020,68,0,0,1,0,1,0
辽宁省,2021,68,0,1,1,1,1,0
辽宁省,2022,68,0,0,1,1,0,0
上海市,2011,68,0,0,0,0,0,0
上海市,2012,68,0,0,0,0,0,1
上海市,2013,68,0,0,1,0,0,0
上海市,2014,68,0,0,0,0,0,1
上海市,2015,68,0,0,0,0,0,1
上海市,2016,68,0,0,0,0,1,0
上海市,2017,68,0,0,0,0,1,1
上海市,2018,68,0,0,0,0,1,1
上海市,2019,68,0,0,0,0,1,1
北京市,2011,66,0,0,0,0,1,0
北京市,2012,66,0,0,1,0,1,1
北京市,2013,66,0,0,0,0,1,0
北京市,2014,66,0,0,1,0,1,0
北京市,2015,66,0,1,1,1,1,0
北京市,2016,66,0,0,1,0,1,1
北京市,2017,66,1,1,1,1,1,1
北京市,2019,66,0,0,1,0,1,0
北京市,2020,66,0,0,1,0,1,1
北京市,2011,66,0,0,1,0,1,1
北京市,2012,66,0,1,1,1,1,0
北京市,2013,66,0,0,1,1,0,0
北京市,2014,66,0,1,1,1,1,0
北京市,2015,66,0,1,1,1,1,0
北京市,2016,66,1,1,1,1,1,1
北京市,2017,66,1,1,1,1,1,1
北京市,2018,66,0,0,1,0,1,1
北京市,2019,66,1,1,1,1,1,1
北京市,2020,66,0,0,1,0,1,1
北京市,2021,66,0,0,1,0,1,0
北京市,2022,66,0,0,0,0,0,0
福建省,2011,36,0,0,0,0,0,0
福建省,2012,36,0,0,0,0,0,0
福建省,2013,36,0,0,0,0,0,0
福建省,2014,36,0,0,0,0,0,0
福建省,2015,36,0,0,0,0,0,0
福建省,2016,36,0,0,0,1,1,0
福建省,2017,36,0,0,0,1,1,0
福建省,2018,36,0,0,0,0,1,0
福建省,2019,36,0,1,1,1,1,0
福建省,2020,36,0,1,1,1,1,0
福建省,2021,36,0,0,0,0,1,0
福建省,2022,36,0,0,0,0,1,0
上海市,2019,18,0,0,0,0,0,1
上海市,2021,18,0,0,0,1,1,1
上海市,2022,18,0,0,0,1,0,0
上海市,2016,69,0,0,0,0,1,1
上海市,2017,69,0,0,1,0,1,1
上海市,2018,69,0,1,1,1,1,0
上海市,2019,69,0,0,0,1,1,1
上海市,2020,69,0,0,0,1,0,0
上海市,2022,69,0,0,0,1,0,0
上海市,2014,66,0,0,1,1,0,1
上海市,2015,66,0,0,0,0,0,0
上海市,2018,66,0,0,1,1,0,0
上海市,2019,66,0,0,0,1,0,1
上海市,2020,66,0,0,1,0,1,0
上海市,2021,66,0,0,0,1,0,0
四川省,2011,32,0,0,0,1,1,0
四川省,2012,32,0,0,0,0,1,1
四川省,2013,32,0,0,1,0,1,0
四川省,2014,32,0,0,0,0,1,0
四川省,2015,32,0,1,1,1,1,0
四川省,2016,32,0,0,1,0,1,0
四川省,2017,32,0,0,1,0,1,1
四川省,2018,32,0,1,1,1,1,0
四川省,2019,32,0,1,1,1,1,0
四川省,2020,32,0,1,1,1,1,0
四川省,2021,32,0,1,1,1,1,0
四川省,2022,32,0,1,1,1,1,0
江苏省,2022,68,0,0,0,0,1,0
广东省,2015,66,1,1,1,1,1,1
广东省,2016,66,0,0,1,0,0,1
广东省,2017,66,0,0,0,1,0,1
广东省,2018,66,0,0,1,0,0,1
广东省,2019,66,0,0,0,1,0,1
广东省,2021,66,0,0,0,0,0,0
广东省,2022,66,0,0,1,0,1,0
广东省,2011,47,0,0,0,0,1,0
广东省,2012,47,0,0,1,1,0,0
广东省,2016,47,0,0,1,0,0,1
广东省,2019,47,0,0,1,0,1,1
广东省,2020,47,0,0,1,1,0,1
广东省,2021,47,1,1,1,1,1,1
上海市,2011,29,0,0,0,1,1,0
上海市,2012,29,0,1,1,1,1,0
上海市,2014,29,0,0,1,1,0,1
上海市,2015,29,0,0,1,1,0,1
上海市,2016,29,0,0,0,0,0,1
上海市,2017,29,0,0,0,0,0,0
上海市,2018,29,0,0,0,0,0,1
上海市,2020,29,0,0,0,0,0,0
上海市,2021,29,0,0,0,0,0,0
山东省,2011,19,0,0,0,0,0,1
山东省,2012,19,0,0,0,0,0,0
山东省,2013,19,0,0,0,0,0,0
山东省,2014,19,0,0,0,0,0,0
山东省,2018,19,0,0,0,1,0,0
福建省,2007,68,0,0,1,0,1,1
福建省,2011,68,0,0,0,0,0,1
福建省,2012,68,1,1,1,1,1,1
福建省,2013,68,1,1,1,1,1,1
福建省,2014,68,0,1,1,1,1,0
福建省,2015,68,1,1,1,1,1,1
福建省,2016,68,0,1,1,1,1,0
福建省,2017,68,0,0,0,0,1,0
福建省,2018,68,0,1,1,1,1,0
福建省,2019,68,0,0,0,0,1,1
福建省,2020,68,0,0,0,0,1,0
福建省,2021,68,0,0,0,0,1,0
浙江省,2021,7,0,0,0,0,1,1
浙江省,2022,7,0,0,1,0,1,0
四川省,2011,4,0,0,1,0,1,0
四川省,2012,4,0,0,1,0,1,0
四川省,2013,4,0,0,1,0,1,0
四川省,2014,4,0,0,1,0,1,0
四川省,2015,4,0,0,1,0,1,0
四川省,2016,4,0,0,1,0,1,0
四川省,2017,4,0,0,1,0,1,0
四川省,2018,4,0,0,1,0,1,0
四川省,2019,4,0,0,1,0,1,1
四川省,2020,4,0,0,1,0,1,1
四川省,2021,4,0,0,1,0,1,1
湖北省,2020,46,0,0,0,0,1,1
湖北省,2021,46,0,0,0,1,1,1
湖北省,2022,46,0,0,0,1,1,1
浙江省,2010,68,0,0,1,0,0,0
浙江省,2011,68,1,1,1,1,1,1
浙江省,2013,68,0,1,1,1,1,0
浙江省,2014,68,0,1,1,1,1,0
浙江省,2022,78,0,0,0,1,0,0
黑龙江省,2013,54,0,0,0,0,0,0
黑龙江省,2014,54,0,0,0,0,1,1
黑龙江省,2015,54,0,0,0,1,1,1
黑龙江省,2016,54,0,0,0,0,1,0
黑龙江省,2017,54,0,0,0,1,0,0
黑龙江省,2018,54,0,0,0,1,1,0
黑龙江省,2019,54,0,0,0,1,0,1
黑龙江省,2020,54,1,1,1,1,1,1
上海市,2015,66,0,0,0,1,1,0
上海市,2016,66,0,0,0,1,1,0
上海市,2017,66,0,0,0,0,1,0
上海市,2018,66,0,0,0,0,1,0
上海市,2021,66,0,0,0,0,1,0
江苏省,2018,78,0,0,0,1,0,1
江苏省,2019,78,0,0,1,1,0,0
天津市,2011,72,0,0,1,0,0,0
天津市,2012,77,0,0,0,0,0,0
天津市,2013,77,0,0,0,0,0,1
天津市,2014,77,0,0,0,0,0,0
天津市,2015,77,0,0,0,0,0,0
天津市,2016,77,0,0,0,0,0,0
天津市,2017,77,0,0,0,0,0,1
天津市,2018,77,0,0,0,0,0,0
天津市,2019,77,0,0,0,0,0,0
天津市,2020,77,0,0,1,0,0,0
天津市,2021,77,0,1,1,1,1,0
辽宁省,2011,39,0,1,1,1,1,0
辽宁省,2012,39,0,0,1,1,0,0
辽宁省,2013,39,0,0,1,1,0,0
辽宁省,2014,39,0,0,0,0,0,0
辽宁省,2015,39,0,0,0,0,0,0
辽宁省,2016,39,0,0,0,0,0,0
辽宁省,2017,39,0,0,0,0,1,0
辽宁省,2019,39,0,0,0,0,1,1
辽宁省,2020,39,0,0,0,0,1,0
辽宁省,2022,39,0,0,0,0,1,0
云南省,2011,45,0,0,0,0,0,0
云南省,2012,29,0,0,0,0,0,0
云南省,2013,29,0,0,0,0,1,0
云南省,2014,29,0,0,0,0,0,1
云南省,2015,29,0,0,0,1,1,0
云南省,2021,29,0,0,0,0,1,1
云南省,2022,29,0,0,0,0,1,1
黑龙江省,2013,32,0,0,0,0,1,0
黑龙江省,2014,32,0,0,0,0,1,0
黑龙江省,2015,32,0,0,0,0,1,0
黑龙江省,2016,32,0,0,0,1,0,0
黑龙江省,2017,32,0,0,0,0,1,0
黑龙江省,2018,32,0,0,0,0,1,1
山东省,2022,45,0,1,1,1,1,0
北京市,2019,7,0,0,1,0,0,0
江苏省,2011,66,0,0,1,0,0,1
江苏省,2012,66,0,0,0,0,0,1
江苏省,2013,66,0,0,1,0,0,1
江苏省,2015,66,0,0,1,0,1,1
江苏省,2018,66,0,0,1,0,0,0
江苏省,2019,66,0,0,0,0,0,0
江苏省,2020,66,0,0,0,0,0,0
江苏省,2021,66,0,0,1,0,1,0
江苏省,2022,66,0,0,1,0,1,0
新疆维吾尔自治区,2011,1,0,0,1,0,1,0
新疆维吾尔自治区,2012,1,0,0,1,1,0,1
新疆维吾尔自治区,2013,1,0,0,1,0,1,1
新疆维吾尔自治区,2014,1,1,1,1,1,1,1
新疆维吾尔自治区,2015,1,0,1,1,1,1,0
新疆维吾尔自治区,2016,1,0,0,1,0,1,0
新疆维吾尔自治区,2017,1,0,1,1,1,1,0
新疆维吾尔自治区,2018,1,0,0,1,0,1,0
新疆维吾尔自治区,2019,1,0,1,1,1,1,0
新疆维吾尔自治区,2020,1,0,0,1,0,1,0
辽宁省,2011,68,0,0,0,0,1,1
辽宁省,2012,78,0,0,1,0,1,0
辽宁省,2013,78,0,0,0,1,0,0
辽宁省,2014,78,0,0,1,1,0,0
辽宁省,2015,78,0,0,0,0,0,0
辽宁省,2016,78,0,0,0,0,0,0
辽宁省,2017,78,0,0,1,0,1,0
辽宁省,2018,78,0,0,1,0,1,0
辽宁省,2019,78,0,0,1,0,1,0
辽宁省,2020,78,0,0,1,0,1,0
辽宁省,2021,78,0,0,1,0,1,0
辽宁省,2022,78,0,0,1,0,0,0
上海市,2011,7,0,0,0,0,1,1
上海市,2012,7,0,0,0,0,1,1
上海市,2013,7,0,0,0,0,0,0
上海市,2014,7,0,0,0,0,1,1
上海市,2015,7,0,0,1,0,1,1
上海市,2016,7,0,0,0,0,1,0
上海市,2017,7,0,0,0,0,1,1
上海市,2018,7,0,0,0,0,1,1
上海市,2019,7,0,0,0,0,1,1
上海市,2020,7,0,0,0,0,0,1
上海市,2021,7,0,0,0,0,0,0
上海市,2022,7,0,0,0,0,0,0
湖北省,2010,66,0,0,0,0,1,0
湖北省,2011,66,0,0,0,0,0,1
湖北省,2012,66,0,0,0,0,0,0
湖北省,2013,66,0,0,0,0,0,0
北京市,2014,66,0,0,0,0,0,0
北京市,2015,66,0,0,0,1,0,1
北京市,2016,66,0,0,0,1,0,1
北京市,2017,66,0,0,0,1,0,1
北京市,2018,66,0,0,0,1,1,1
北京市,2019,66,0,0,0,0,0,1
北京市,2020,66,0,0,0,0,0,1
北京市,2021,66,0,0,0,0,0,1
北京市,2022,66,0,0,0,0,0,1
湖北省,2020,46,0,0,0,0,1,0
上海市,2011,66,0,0,1,1,0,1
上海市,2012,66,0,0,1,1,0,0
上海市,2013,66,0,0,1,1,0,0
上海市,2014,66,0,0,1,1,0,0
上海市,2015,66,0,0,1,1,0,1
上海市,2016,66,0,0,0,1,0,1
上海市,2017,66,0,0,1,1,0,0
上海市,2018,66,0,0,1,1,0,1
上海市,2019,66,0,0,1,1,0,0
上海市,2020,66,0,0,0,0,0,0
上海市,2021,66,0,0,0,1,0,0
上海市,2022,66,0,0,0,1,0,0
西藏自治区,2012,63,0,0,1,0,0,1
江西省,2011,58,0,0,1,0,1,1
江西省,2012,58,0,0,0,0,1,1
江西省,2013,58,0,0,1,1,0,0
江西省,2014,58,0,0,1,1,0,1
江西省,2015,58,0,0,0,0,0,0
江西省,2018,58,0,0,0,0,0,0
天津市,2016,77,0,0,1,0,1,1
上海市,2020,0,1,1,1,1,1,1
福建省,2011,68,1,1,1,1,1,1
福建省,2013,78,0,0,0,1,1,0
福建省,2014,78,0,0,0,1,1,1
福建省,2015,78,0,1,1,1,1,0
福建省,2016,78,0,1,1,1,1,0
福建省,2017,78,0,1,1,1,1,0
福建省,2018,78,0,0,0,0,1,1
福建省,2019,78,0,0,0,1,1,1
福建省,2020,78,0,0,0,1,1,1
山东省,2021,39,0,0,0,1,1,1
山东省,2022,39,0,0,0,1,0,0
山东省,2017,7,0,0,1,1,0,0
山东省,2018,47,0,0,0,1,1,0
山东省,2019,47,1,1,1,1,1,1
山东省,2020,47,0,0,0,1,1,0
山东省,2021,47,0,0,0,1,1,0
山东省,2022,47,0,0,0,1,1,0
安徽省,2011,70,0,0,0,0,1,0
安徽省,2012,70,0,0,0,1,0,0
安徽省,2013,70,0,0,0,1,0,0
安徽省,2014,70,0,0,0,1,0,0
安徽省,2015,70,0,0,0,1,0,0
安徽省,2016,70,0,0,0,1,0,0
安徽省,2017,70,0,0,1,1,0,0
安徽省,2018,70,0,0,0,1,0,0
安徽省,2019,70,0,0,0,1,0,0
安徽省,2021,70,0,0,1,1,0,0
浙江省,2014,28,0,0,1,0,1,0
浙江省,2015,28,1,1,1,1,1,1
浙江省,2016,28,0,0,1,0,1,0
浙江省,2017,28,1,1,1,1,1,1
浙江省,2019,28,0,0,1,0,1,1
浙江省,2021,28,0,0,0,1,1,0
贵州省,2011,27,0,0,0,0,0,1
贵州省,2012,27,0,0,0,0,1,1
贵州省,2013,27,0,0,1,0,1,0
贵州省,2014,27,0,0,0,0,1,1
贵州省,2015,27,0,0,0,0,1,1
贵州省,2016,27,0,0,0,0,1,1
贵州省,2017,27,0,0,1,0,1,0
贵州省,2018,27,0,0,0,0,1,1
贵州省,2019,27,0,0,1,0,0,1
贵州省,2020,47,0,0,1,1,0,0
贵州省,2021,47,0,0,1,1,0,0
江苏省,2011,46,1,1,1,1,1,1
江苏省,2012,46,0,0,0,0,1,0
江苏省,2013,46,0,0,0,0,1,0
江苏省,2014,46,0,0,0,1,1,0
江苏省,2015,46,0,0,0,0,1,0
江苏省,2016,46,0,0,0,0,1,0
江苏省,2017,46,0,0,0,1,0,0
江苏省,2018,46,0,0,0,0,0,0
江苏省,2019,46,0,0,0,0,0,0
江苏省,2020,46,0,0,0,0,0,0
江苏省,2021,46,0,0,0,0,0,0
江苏省,2022,46,0,0,0,0,0,0
山西省,2011,32,0,0,0,1,1,1
山西省,2012,32,0,0,0,1,1,1
山西省,2013,32,0,0,0,0,1,0
山西省,2014,32,0,0,0,1,1,1
山西省,2015,32,0,0,0,1,1,1
山西省,2016,32,0,0,0,0,1,0
山西省,2017,32,0,0,0,0,1,1
山西省,2018,32,0,0,0,0,1,1
山西省,2019,32,0,0,0,0,1,0
山西省,2022,32,0,0,0,0,1,0
江西省,2018,33,0,0,0,1,1,1
江西省,2019,33,1,1,1,1,1,1
江西省,2020,33,0,0,0,1,1,1
江西省,2021,33,0,0,0,1,0,1
山东省,2015,16,0,0,0,1,1,0
山东省,2016,16,0,0,0,1,1,0
山东省,2017,16,0,0,0,1,1,0
山东省,2018,16,0,0,0,0,1,1
山东省,2019,16,0,0,0,1,1,1
山东省,2020,9,0,0,0,0,1,1
山东省,2021,23,0,0,0,0,0,1
山东省,2022,23,0,0,0,1,1,0
天津市,2011,72,0,0,0,1,1,0
天津市,2012,72,0,1,1,1,1,0
天津市,2013,72,0,1,1,1,1,0
天津市,2014,72,0,1,1,1,1,0
天津市,2015,72,0,1,1,1,1,0
天津市,2016,72,0,1,1,1,1,0
天津市,2017,72,0,1,1,1,1,0
天津市,2018,72,0,1,1,1,1,0
天津市,2019,72,0,0,0,0,1,0
天津市,2020,72,0,1,1,1,1,0
天津市,2021,72,0,1,1,1,1,0
天津市,2022,72,0,0,0,0,1,0
云南省,2013,29,0,0,1,0,1,0
云南省,2014,29,0,0,1,0,1,0
云南省,2015,29,0,0,1,0,0,0
云南省,2016,29,0,1,1,1,1,0
云南省,2017,29,0,0,1,1,0,1
云南省,2018,29,0,0,1,1,0,1
云南省,2019,29,0,0,0,1,0,0
云南省,2020,29,0,0,1,1,0,0
云南省,2021,29,0,0,0,0,0,0
云南省,2022,29,0,0,0,0,0,0
辽宁省,2011,32,0,0,0,0,0,1
辽宁省,2012,32,0,0,0,0,0,1
辽宁省,2013,32,0,0,0,0,0,0
辽宁省,2014,32,0,0,0,1,0,0
辽宁省,2016,32,0,0,0,0,0,0
辽宁省,2017,32,0,0,0,0,0,0
辽宁省,2018,32,0,0,0,0,0,0
辽宁省,2019,32,0,0,0,0,0,0
辽宁省,2020,32,0,0,0,0,1,0
辽宁省,2021,32,0,0,0,1,0,0
浙江省,2011,42,0,0,0,0,1,0
浙江省,2012,39,0,0,0,0,1,0
浙江省,2013,39,0,0,0,1,1,0
浙江省,2014,39,0,0,0,0,1,0
浙江省,2015,39,0,0,0,1,1,0
浙江省,2016,39,0,0,0,0,0,0
浙江省,2017,39,0,0,0,1,1,1
浙江省,2018,39,0,0,0,1,1,1
浙江省,2019,39,0,0,0,1,1,0
浙江省,2020,39,0,1,1,1,1,0
浙江省,2021,39,0,0,1,1,0,0
浙江省,2022,39,0,0,0,1,1,0
浙江省,2011,77,0,0,1,0,1,1
浙江省,2012,77,0,0,1,0,1,1
浙江省,2013,77,0,0,0,0,1,0
浙江省,2014,77,0,0,0,1,1,0
浙江省,2015,77,0,0,0,1,1,0
浙江省,2016,77,0,0,0,0,0,0
浙江省,2017,77,0,0,0,1,0,0
浙江省,2018,77,0,0,0,0,1,0
浙江省,2019,77,0,0,0,1,1,0
浙江省,2020,77,0,0,0,0,0,0
浙江省,2021,77,0,0,0,0,1,1
湖北省,2022,36,0,0,0,0,1,0
福建省,2011,36,0,0,0,0,1,1
福建省,2012,36,0,0,1,0,1,0
福建省,2013,36,0,0,0,0,1,0
福建省,2014,36,0,0,0,0,1,0
福建省,2015,36,0,0,0,1,1,1
福建省,2016,36,0,0,0,0,1,0
福建省,2017,36,0,0,0,0,1,0
福建省,2018,36,0,0,0,1,1,0
福建省,2019,36,0,1,1,1,1,0
福建省,2020,36,0,1,1,1,1,0
福建省,2021,36,0,1,1,1,1,0
福建省,2022,36,0,0,1,0,0,0
河北省,2018,45,0,0,1,1,0,1
安徽省,2011,33,0,0,0,1,0,0
安徽省,2015,33,0,0,1,1,0,0
安徽省,2017,33,0,0,0,0,1,1
安徽省,2018,33,0,0,1,0,1,1
安徽省,2019,33,0,0,0,1,1,1
安徽省,2020,33,0,0,0,0,0,1
山西省,2020,4,0,0,0,1,0,0
福建省,2012,70,0,0,0,0,0,0
福建省,2013,70,0,0,0,0,1,0
福建省,2014,70,0,0,0,1,1,0
福建省,2015,70,0,0,0,0,1,0
福建省,2016,70,0,0,0,0,0,0
福建省,2018,70,0,0,0,0,0,0
上海市,2018,12,0,0,0,0,0,1
上海市,2022,78,0,0,0,0,0,0
上海市,2011,68,0,0,1,0,0,0
上海市,2012,68,0,0,1,0,0,0
上海市,2013,68,0,0,1,0,0,0
上海市,2018,68,0,0,0,0,0,1
上海市,2022,60,0,0,0,0,0,0
上海市,2015,68,0,0,1,0,1,1
上海市,2016,68,0,0,1,0,1,1
上海市,2017,68,0,0,1,0,1,1
上海市,2018,68,0,0,0,0,0,1
上海市,2019,68,0,0,0,1,0,1
上海市,2020,68,0,0,0,0,0,1
上海市,2021,68,0,0,0,1,0,1
上海市,2022,68,0,0,0,1,0,1
黑龙江省,2011,58,0,0,1,1,0,0
上海市,2022,68,0,0,0,0,0,1
上海市,2015,69,0,0,0,1,1,0
上海市,2016,69,0,0,0,0,1,1
上海市,2017,69,0,0,0,0,1,1
上海市,2018,69,0,0,0,0,1,0
上海市,2019,69,0,0,0,0,1,0
上海市,2020,69,0,0,0,0,1,0
上海市,2021,69,0,0,0,0,1,1
上海市,2022,69,0,0,0,0,1,0
上海市,2011,19,0,0,1,1,0,0
上海市,2012,27,0,0,0,1,0,0
上海市,2013,27,0,0,0,1,1,0
上海市,2014,27,0,0,0,1,0,0
上海市,2015,27,0,0,0,1,0,1
上海市,2016,27,0,0,1,0,0,0
上海市,2017,27,0,0,1,1,0,0
上海市,2018,27,0,0,1,1,0,0
上海市,2019,27,0,0,1,1,0,0
上海市,2020,27,0,0,1,1,0,0
上海市,2021,27,0,0,1,1,0,0
上海市,2022,27,0,0,1,0,0,0
上海市,2011,61,0,0,0,0,1,1
上海市,2014,61,0,0,1,0,1,0
上海市,2015,61,0,0,0,0,1,0
上海市,2016,61,0,0,0,0,0,1
上海市,2017,61,0,0,1,0,1,0
上海市,2018,61,1,1,1,1,1,1
上海市,2019,61,0,0,1,0,1,1
上海市,2021,61,0,1,1,1,1,0
上海市,2011,9,0,0,1,0,1,0
上海市,2012,9,0,0,1,0,1,1
上海市,2013,9,0,0,0,0,1,1
上海市,2014,9,0,0,0,0,1,1
上海市,2015,9,0,0,0,0,1,0
上海市,2016,9,0,0,0,0,1,0
上海市,2017,9,0,1,1,1,1,0
上海市,2018,9,1,1,1,1,1,1
上海市,2019,9,1,1,1,1,1,1
上海市,2020,9,1,1,1,1,1,1
上海市,2021,9,0,0,0,0,1,0
上海市,2022,9,0,0,0,0,1,0
四川省,2011,46,0,0,0,1,0,0
四川省,2012,46,0,0,0,1,0,1
四川省,2013,46,0,0,0,1,0,0
四川省,2014,46,0,0,0,0,0,0
四川省,2015,46,0,0,0,1,0,0
四川省,2016,46,0,0,0,1,0,0
四川省,2017,46,0,0,0,0,0,0
四川省,2018,46,0,0,0,1,0,0
四川省,2019,46,0,0,0,0,0,0
四川省,2020,46,0,0,0,0,0,0
四川省,2021,46,0,0,0,0,0,0
上海市,2011,27,0,0,1,0,0,1
上海市,2012,27,0,0,1,0,0,1
上海市,2013,27,0,0,1,0,0,1
上海市,2014,27,0,0,1,0,0,1
上海市,2015,27,0,0,1,0,0,0
上海市,2016,27,0,0,0,0,0,1
上海市,2017,27,0,0,1,0,0,0
上海市,2018,27,0,0,0,0,1,0
上海市,2019,27,0,0,0,0,0,0
上海市,2020,27,0,0,1,1,0,0
上海市,2021,27,0,0,0,0,0,0
上海市,2011,39,0,0,1,0,0,0
上海市,2012,39,0,0,1,0,0,1
上海市,2013,39,0,0,1,0,0,0
上海市,2014,39,0,0,1,0,0,0
上海市,2015,39,0,0,1,1,0,1
上海市,2016,39,0,0,0,1,0,1
上海市,2017,39,0,0,0,0,1,1
上海市,2018,39,0,0,0,0,1,1
上海市,2019,39,0,0,0,0,0,1
上海市,2020,39,0,0,0,0,0,1
上海市,2021,39,0,0,0,0,1,1
上海市,2022,39,0,0,0,0,1,1
重庆市,2022,19,1,1,1,1,1,1
上海市,2018,66,0,0,0,0,0,1
上海市,2019,66,0,0,1,0,0,1
上海市,2020,66,0,0,1,1,0,0
上海市,2021,66,0,0,1,1,0,1
上海市,2013,39,0,0,1,1,0,0
上海市,2014,39,0,0,0,1,0,1
上海市,2015,39,0,0,0,1,0,1
上海市,2016,39,0,0,0,1,0,0
上海市,2017,39,0,0,0,1,0,0
上海市,2018,39,0,0,0,0,0,0
上海市,2020,39,0,0,0,1,0,1
上海市,2021,39,0,0,0,1,0,0
上海市,2022,39,0,0,0,1,0,1
山东省,2011,68,0,0,1,0,0,0
山东省,2012,68,0,0,1,0,1,0
山东省,2013,68,0,0,1,0,0,1
山东省,2014,68,0,0,1,0,0,1
山东省,2015,68,0,0,1,0,1,1
山东省,2016,68,0,0,1,0,1,1
山东省,2017,68,0,0,1,1,0,1
山东省,2018,68,0,0,1,1,0,1
山东省,2019,68,0,0,1,1,0,0
山东省,2020,68,0,0,1,1,0,0
山东省,2021,68,0,0,1,0,0,0
山东省,2022,68,0,0,1,1,0,0
北京市,2016,70,0,0,0,0,0,0
北京市,2018,70,0,0,1,1,0,0
北京市,2021,70,0,0,0,1,0,0
北京市,2022,70,0,0,0,1,0,0
吉林省,2013,58,0,0,0,1,0,0
吉林省,2014,58,0,0,0,1,0,0
吉林省,2015,58,0,0,0,1,0,0
吉林省,2016,58,0,0,0,1,0,0
吉林省,2017,58,0,0,0,1,0,0
吉林省,2018,58,0,0,0,1,0,0
吉林省,2019,58,0,0,0,1,0,0
吉林省,2020,58,0,0,0,1,0,0
吉林省,2021,58,0,0,1,0,0,0
吉林省,2022,58,0,0,1,0,1,0
江苏省,2011,11,0,0,0,0,0,1
江苏省,2012,11,0,0,0,1,0,1
江苏省,2013,11,0,0,1,1,0,1
北京市,2016,20,0,0,1,1,0,0
北京市,2018,20,0,0,0,1,0,0
广东省,2011,16,0,1,1,1,1,0
广东省,2012,23,0,0,0,1,0,1
广东省,2013,23,0,0,0,0,1,1
广东省,2014,23,0,0,0,0,1,0
广东省,2015,23,0,0,0,0,1,0
广东省,2016,23,0,0,0,0,1,1
广东省,2017,23,0,0,0,0,1,1
广东省,2018,23,0,0,0,0,1,0
广东省,2019,23,0,0,0,0,1,0
广东省,2021,23,0,0,1,0,1,0
广东省,2022,23,0,1,1,1,1,0
西藏自治区,2012,23,0,1,1,1,1,0
西藏自治区,2013,23,0,0,0,0,0,0
西藏自治区,2014,23,0,0,0,0,0,0
西藏自治区,2015,23,0,0,1,1,0,0
西藏自治区,2016,23,0,0,0,0,0,0
西藏自治区,2017,23,0,0,1,1,0,0
西藏自治区,2018,23,0,0,0,1,0,0
西藏自治区,2019,23,0,0,1,1,0,0
西藏自治区,2020,23,0,0,0,0,0,0
西藏自治区,2021,23,0,0,0,1,0,0
天津市,2011,63,0,0,1,0,0,1
天津市,2012,76,0,0,1,0,0,1
天津市,2013,76,0,0,1,0,1,0
天津市,2014,76,0,0,1,0,1,0
天津市,2015,76,0,0,1,0,1,0
天津市,2016,76,0,0,1,0,0,0
天津市,2017,76,0,0,0,0,0,0
天津市,2018,76,0,0,1,0,0,0
天津市,2019,76,0,0,1,0,0,0
天津市,2020,76,0,0,1,1,0,0
天津市,2021,76,0,0,1,0,0,0
天津市,2022,76,0,0,1,0,0,1
四川省,2020,27,0,0,0,1,0,0
四川省,2021,27,0,0,0,1,0,0
四川省,2022,27,0,0,0,1,0,0
河南省,2011,36,0,1,1,1,1,0
河南省,2013,36,0,0,1,0,1,0
河南省,2015,36,0,0,1,0,1,1
河南省,2016,36,0,0,1,0,1,0
河南省,2017,36,0,0,1,0,1,0
河南省,2018,36,0,0,1,0,1,0
河南省,2019,36,0,1,1,1,1,0
河南省,2020,36,0,0,1,0,1,0
河南省,2021,36,0,1,1,1,1,0
河南省,2022,36,1,1,1,1,1,1
重庆市,2022,46,0,0,1,0,1,0
湖北省,2011,47,0,0,1,1,0,1
湖北省,2012,70,0,0,1,1,0,0
湖北省,2013,70,0,0,1,1,0,1
湖北省,2014,70,0,0,1,1,0,0
湖北省,2015,70,0,0,1,1,0,0
湖北省,2016,70,0,0,1,1,0,0
湖北省,2017,70,0,0,1,1,0,0
湖北省,2018,70,0,0,1,1,0,1
湖北省,2019,70,0,0,1,1,0,0
湖北省,2020,70,0,0,1,1,0,0
湖北省,2021,70,0,0,1,1,0,1
湖北省,2022,70,0,0,1,1,0,0
四川省,2014,60,0,0,0,1,1,0
四川省,2015,60,0,0,0,1,1,0
四川省,2016,60,0,0,0,1,1,1
四川省,2017,60,1,1,1,1,1,1
四川省,2018,60,0,0,0,1,1,0
四川省,2019,60,0,0,0,1,1,1
四川省,2020,60,0,0,0,1,1,0
四川省,2022,60,0,0,0,1,0,0
吉林省,2011,16,0,1,1,1,1,0
吉林省,2012,36,1,1,1,1,1,1
吉林省,2013,36,1,1,1,1,1,1
吉林省,2014,36,1,1,1,1,1,1
吉林省,2015,36,1,1,1,1,1,1
吉林省,2016,36,0,1,1,1,1,0
吉林省,2017,36,0,1,1,1,1,0
吉林省,2018,36,1,1,1,1,1,1
吉林省,2019,36,0,0,1,0,1,0
吉林省,2020,36,1,1,1,1,1,1
吉林省,2021,36,1,1,1,1,1,1
吉林省,2022,36,0,0,1,0,1,1
山东省,2014,21,0,1,1,1,1,0
山东省,2015,21,0,1,1,1,1,0
上海市,2016,23,0,1,1,1,1,0
上海市,2017,23,0,0,1,0,1,0
上海市,2018,23,1,1,1,1,1,1
上海市,2019,23,0,0,1,0,1,1
上海市,2020,23,0,0,0,1,1,1
上海市,2021,23,0,0,1,0,1,0
上海市,2022,23,0,0,1,0,1,0
浙江省,2011,74,0,0,1,0,0,1
浙江省,2012,19,0,0,0,0,0,0
浙江省,2013,19,0,0,0,0,1,0
浙江省,2014,19,0,0,0,0,1,0
浙江省,2015,19,0,0,1,1,0,0
浙江省,2016,19,0,0,0,0,0,0
浙江省,2017,19,0,0,1,0,0,1
浙江省,2018,19,0,0,1,0,0,1
浙江省,2019,19,0,0,1,0,0,1
浙江省,2020,19,1,1,1,1,1,1
浙江省,2021,19,0,0,0,1,0,0
甘肃省,2011,32,0,0,1,1,0,1
甘肃省,2012,32,0,0,0,1,1,0
甘肃省,2013,32,0,0,0,1,1,0
甘肃省,2014,32,0,0,1,1,0,0
北京市,2015,32,0,0,0,1,1,0
北京市,2016,32,0,0,1,1,0,1
北京市,2017,32,0,0,0,1,0,1
北京市,2018,32,0,0,1,1,0,1
北京市,2019,32,0,0,1,0,1,0
内蒙古自治区,2016,23,0,0,0,1,1,0
内蒙古自治区,2017,23,0,0,1,1,0,0
内蒙古自治区,2018,23,0,0,1,1,0,1
新疆维吾尔自治区,2011,35,0,0,1,0,1,0
新疆维吾尔自治区,2012,46,0,0,1,0,1,0
新疆维吾尔自治区,2013,46,0,0,0,1,1,0
新疆维吾尔自治区,2014,46,0,0,1,1,0,0
新疆维吾尔自治区,2015,46,1,1,1,1,1,1
新疆维吾尔自治区,2016,46,0,1,1,1,1,0
新疆维吾尔自治区,2017,46,0,0,1,1,0,0
新疆维吾尔自治区,2018,46,0,0,0,0,0,1
新疆维吾尔自治区,2019,46,0,0,0,0,0,0
新疆维吾尔自治区,2020,46,0,0,0,0,0,0
新疆维吾尔自治区,2021,46,0,0,1,0,0,0
新疆维吾尔自治区,2022,46,0,0,0,0,0,0
江苏省,2011,11,0,0,1,1,0,0
江苏省,2012,11,0,0,0,1,1,0
江苏省,2013,11,0,0,0,1,1,0
江苏省,2014,11,0,0,0,0,1,0
江苏省,2015,11,0,0,0,1,1,0
江苏省,2016,11,0,0,1,0,1,0
江苏省,2017,11,1,1,1,1,1,1
江苏省,2018,11,0,0,0,0,1,1
江苏省,2019,11,0,1,1,1,1,0
江苏省,2022,11,0,0,1,0,1,1
陕西省,2011,47,0,0,1,1,0,1
陕西省,2012,47,0,0,0,0,0,1
陕西省,2013,47,0,0,0,1,0,1
陕西省,2014,47,0,0,0,0,0,0
陕西省,2015,47,0,0,0,1,0,0
陕西省,2016,47,0,0,0,1,0,0
陕西省,2017,47,0,0,1,1,0,0
陕西省,2018,47,0,0,1,1,0,0
陕西省,2019,47,0,0,1,1,0,0
陕西省,2020,47,0,0,1,0,1,0
陕西省,2022,47,0,0,1,1,0,0
广东省,2014,27,0,0,0,1,1,1
广东省,2015,27,0,0,0,1,1,0
广东省,2016,27,0,0,0,1,0,1
广东省,2017,27,0,0,0,1,1,0
广东省,2018,27,0,0,0,1,1,0
广东省,2019,27,0,0,0,1,1,1
广东省,2020,27,0,0,0,0,1,0
广东省,2021,27,0,0,0,1,0,1
上海市,2011,16,0,0,0,0,0,1
上海市,2013,16,0,0,0,1,0,1
上海市,2014,16,0,0,0,0,0,0
上海市,2016,16,0,0,1,1,0,0
上海市,2017,16,0,0,1,1,0,1
上海市,2018,16,0,0,1,1,0,1
上海市,2019,66,1,1,1,1,1,1
上海市,2020,66,0,0,1,1,0,0
上海市,2022,66,0,0,1,1,0,1
北京市,2011,32,0,0,0,0,0,0
北京市,2012,32,0,0,0,0,0,0
北京市,2013,32,0,0,0,0,0,0
北京市,2014,32,0,0,0,0,0,0
北京市,2015,32,0,0,0,0,0,1
北京市,2016,32,0,0,0,0,0,0
北京市,2017,32,0,0,1,0,0,1
北京市,2018,32,0,0,0,1,0,0
北京市,2019,32,0,0,0,0,0,1
北京市,2020,32,0,0,0,0,0,0
北京市,2021,32,0,0,0,0,0,0
北京市,2022,32,0,0,1,0,0,0
江苏省,2018,50,0,0,0,0,1,1
江苏省,2019,50,1,1,1,1,1,1
江苏省,2020,50,0,0,0,1,1,1
贵州省,2019,26,0,1,1,1,1,0
贵州省,2020,26,0,0,0,0,1,0
贵州省,2021,26,0,0,0,1,1,0
贵州省,2022,26,0,0,1,1,0,0
北京市,2021,32,0,0,0,0,0,1
河北省,2022,9,0,0,0,1,1,1
江苏省,2016,50,0,0,0,0,1,1
江苏省,2017,50,0,0,1,0,1,0
江苏省,2018,50,0,0,1,0,1,0
江苏省,2019,50,0,0,0,1,1,1
江苏省,2020,50,0,0,0,0,1,1
江苏省,2021,50,0,0,0,0,0,0
江苏省,2022,50,0,0,0,0,0,1
安徽省,2016,9,0,0,1,0,1,1
安徽省,2017,9,0,0,0,0,1,0
安徽省,2018,9,0,0,0,0,1,0
安徽省,2019,9,0,0,0,0,0,1
安徽省,2020,9,0,0,0,1,1,0
北京市,2021,68,0,0,0,1,0,0
北京市,2022,68,0,0,0,1,0,1
重庆市,2022,26,0,0,0,1,0,0
山东省,2020,9,0,0,1,0,1,1
山东省,2021,9,0,0,0,1,1,0
山东省,2022,9,0,0,0,1,1,0
江苏省,2016,50,0,0,0,0,1,1
江苏省,2018,50,0,0,0,1,1,1
江苏省,2019,50,1,1,1,1,1,1
江苏省,2020,50,0,0,1,0,0,1
江苏省,2021,50,0,0,1,0,1,1
江苏省,2022,50,0,0,0,1,1,1
浙江省,2016,50,0,0,0,0,0,1
浙江省,2017,50,0,0,0,0,0,0
浙江省,2018,50,0,0,0,0,0,0
浙江省,2019,50,0,0,0,0,0,1
浙江省,2020,50,0,0,1,1,0,0
浙江省,2021,50,0,0,1,0,0,1
浙江省,2022,50,0,0,0,0,0,1
浙江省,2021,9,0,0,0,0,1,1
浙江省,2022,9,0,0,0,0,1,0
陕西省,2021,50,0,0,0,1,0,1
陕西省,2022,50,0,0,0,0,1,1
湖南省,2018,23,0,0,0,0,0,0
湖南省,2019,23,0,0,0,1,0,0
湖南省,2020,23,0,0,1,0,0,0
湖南省,2021,23,0,0,0,1,1,0
湖南省,2022,23,0,0,0,1,0,0
安徽省,2021,45,0,0,1,1,0,1
安徽省,2022,45,0,0,1,1,0,0
广西壮族自治区,2017,73,0,0,0,0,0,0
广西壮族自治区,2022,73,0,0,0,0,0,1
山东省,2021,45,0,0,1,0,0,1
山东省,2022,45,0,0,0,0,0,1
河北省,2020,26,0,0,1,0,0,1
河北省,2021,26,0,0,1,0,1,0
河北省,2022,26,0,1,1,1,1,0
上海市,2015,9,1,1,1,1,1,1
上海市,2016,9,1,1,1,1,1,1
上海市,2017,9,0,1,1,1,1,0
上海市,2018,9,0,0,1,0,1,1
上海市,2019,9,0,0,1,0,1,1
上海市,2020,9,0,0,1,1,0,0
上海市,2021,9,1,1,1,1,1,1
上海市,2022,9,0,1,1,1,1,0
江苏省,2020,73,0,0,0,0,0,1
江苏省,2021,73,0,0,0,0,0,1
江苏省,2022,73,0,0,0,0,0,1
山东省,2022,7,0,0,1,0,0,1
北京市,2011,2,0,1,1,1,1,0
北京市,2012,4,0,1,1,1,1,0
北京市,2013,4,0,0,0,0,1,0
北京市,2014,4,0,0,0,0,1,0
北京市,2015,4,0,0,0,1,1,0
北京市,2016,4,0,0,0,0,1,1
北京市,2017,4,0,0,1,0,1,1
北京市,2018,4,1,1,1,1,1,1
北京市,2019,4,0,0,0,1,1,1
北京市,2020,4,0,0,1,0,1,0
北京市,2021,4,0,0,0,1,1,0
山东省,2011,57,0,0,1,0,0,1
山东省,2012,57,0,0,1,0,1,0
山东省,2015,57,0,0,1,0,1,0
山东省,2016,57,0,0,1,0,1,0
山东省,2017,57,0,0,1,0,1,0
山东省,2018,57,0,0,1,0,1,0
山东省,2019,57,0,0,1,0,1,0
山东省,2020,57,0,0,1,0,1,0
内蒙古自治区,2018,47,0,0,0,1,0,1
内蒙古自治区,2019,47,0,0,0,1,0,0
内蒙古自治区,2020,47,0,0,0,1,0,0
内蒙古自治区,2021,47,0,0,0,1,0,0
江苏省,2011,6,0,0,1,1,0,1
江苏省,2012,70,0,0,0,0,1,0
江苏省,2013,70,0,0,0,1,0,0
江苏省,2014,70,0,0,0,0,0,0
江苏省,2015,70,0,0,0,1,1,0
江苏省,2016,70,0,0,0,1,0,0
江苏省,2017,12,0,0,0,0,1,0
江苏省,2018,12,0,0,0,0,0,0
江苏省,2019,12,0,0,0,1,1,0
江苏省,2020,12,0,0,0,0,1,1
江苏省,2011,19,1,1,1,1,1,1
江苏省,2012,19,1,1,1,1,1,1
江苏省,2013,19,0,1,1,1,1,0
江苏省,2014,19,0,0,1,0,1,0
江苏省,2015,19,0,0,1,0,1,0
江苏省,2016,19,0,0,0,0,1,0
江苏省,2017,19,0,0,0,0,1,0
江苏省,2018,19,0,0,1,0,1,1
江苏省,2019,19,0,0,1,0,1,1
江苏省,2020,19,0,0,1,0,1,1
江苏省,2021,19,0,0,1,0,1,1
江苏省,2022,19,0,0,0,0,1,1
湖北省,2017,68,0,0,1,0,1,1
湖北省,2018,68,0,0,1,0,1,1
湖北省,2019,68,0,0,1,0,1,0
湖北省,2020,68,0,0,1,0,1,0
湖北省,2021,68,0,0,0,0,1,1
湖北省,2022,68,0,0,1,0,1,0
北京市,2017,64,0,0,0,0,1,0
北京市,2018,64,0,1,1,1,1,0
北京市,2019,64,0,0,1,0,0,0
北京市,2020,64,0,0,1,0,1,0
北京市,2021,64,0,1,1,1,1,0
北京市,2022,64,0,0,0,1,1,1
四川省,2011,32,0,0,1,0,1,0
四川省,2012,32,0,0,1,0,1,0
四川省,2013,32,1,1,1,1,1,1
四川省,2014,32,0,0,1,0,0,0
四川省,2015,32,0,0,0,0,1,0
四川省,2016,32,0,0,0,0,0,0
四川省,2017,32,0,0,0,0,0,0
四川省,2018,32,0,0,0,0,1,0
四川省,2020,32,0,0,0,0,1,1
北京市,2012,46,0,0,1,1,0,1
北京市,2015,46,0,1,1,1,1,0
北京市,2016,46,0,1,1,1,1,0
北京市,2017,46,0,1,1,1,1,0
北京市,2018,46,0,1,1,1,1,0
北京市,2019,46,0,1,1,1,1,0
北京市,2020,46,0,1,1,1,1,0
北京市,2021,46,0,0,0,1,1,0
江苏省,2015,78,0,0,0,0,1,1
江苏省,2016,78,0,0,0,0,1,0
江苏省,2017,78,0,0,0,0,0,0
江苏省,2018,78,0,0,0,0,1,0
江苏省,2019,78,0,0,0,0,1,0
江苏省,2020,78,0,0,0,0,1,0
江苏省,2021,78,0,0,0,0,1,0
江苏省,2022,78,0,0,0,0,1,0
浙江省,2022,32,0,0,0,0,1,0
安徽省,2011,19,0,0,0,0,1,1
安徽省,2012,19,0,0,0,1,0,0
安徽省,2013,19,0,0,0,1,0,0
安徽省,2014,19,0,0,0,1,0,0
安徽省,2015,19,0,0,0,0,0,1
安徽省,2016,19,0,0,0,0,0,0
安徽省,2017,19,0,0,0,0,0,0
安徽省,2018,19,0,0,0,0,0,0
安徽省,2019,19,0,0,0,0,0,1
安徽省,2021,19,0,0,0,0,0,1
安徽省,2022,19,0,0,0,0,0,0
浙江省,2011,75,0,0,1,0,1,0
浙江省,2012,75,0,0,1,0,1,0
宁夏回族自治区,2019,45,0,0,0,1,0,1
宁夏回族自治区,2020,45,0,0,0,1,0,1
安徽省,2012,46,0,0,0,1,0,0
安徽省,2013,46,0,0,0,0,0,0
安徽省,2014,46,0,0,0,0,0,0
安徽省,2015,46,0,0,1,0,0,0
安徽省,2016,46,0,0,1,0,0,0
安徽省,2017,46,0,0,0,0,0,0
安徽省,2018,46,0,0,1,0,0,0
安徽省,2019,46,0,0,0,0,0,0
安徽省,2020,46,0,0,0,0,0,0
安徽省,2021,46,0,0,0,0,0,0
安徽省,2022,46,0,0,0,0,1,0
贵州省,2013,49,0,1,1,1,1,0
贵州省,2014,49,0,0,1,0,1,0
贵州省,2015,49,0,0,1,0,1,1
贵州省,2016,49,0,0,1,0,1,1
贵州省,2017,49,0,0,1,0,1,0
贵州省,2018,49,0,0,1,0,1,0
贵州省,2019,49,0,0,0,1,1,0
贵州省,2020,49,0,1,1,1,1,0
贵州省,2021,49,0,1,1,1,1,0
贵州省,2022,49,0,0,1,1,0,0
湖北省,2011,58,0,0,0,1,0,0
湖北省,2012,78,0,0,1,1,0,0
湖北省,2013,78,0,0,0,0,1,0
湖北省,2014,78,0,0,0,0,0,0
湖北省,2015,78,0,0,0,0,0,0
湖北省,2016,78,0,0,0,0,0,0
湖北省,2017,78,0,0,0,1,1,0
湖北省,2018,78,0,0,0,0,1,0
湖北省,2019,78,0,0,0,0,1,0
湖北省,2020,78,0,0,0,1,1,0
云南省,2011,32,0,0,0,0,0,1
云南省,2012,32,0,0,0,0,0,0
云南省,2013,32,0,0,0,0,0,1
云南省,2014,32,0,0,0,0,0,1
云南省,2015,32,0,0,0,0,0,1
云南省,2016,32,0,0,0,0,0,1
云南省,2018,32,0,0,0,1,0,1
云南省,2019,32,0,0,0,1,0,1
云南省,2020,32,0,0,1,0,0,1
云南省,2021,32,0,0,0,1,0,1
贵州省,2020,73,0,0,0,1,0,0
贵州省,2022,73,0,0,1,1,0,0
河北省,2011,13,0,0,0,0,1,0
河北省,2012,29,0,0,0,0,1,0
河北省,2013,29,0,0,0,1,1,0
河北省,2014,29,0,0,0,1,0,0
河北省,2015,29,0,0,0,1,1,0
河北省,2016,29,0,0,0,1,0,0
河北省,2017,29,0,1,1,1,1,0
河北省,2018,29,0,1,1,1,1,0
河北省,2019,29,0,0,1,1,0,0
河北省,2020,29,0,1,1,1,1,0
河北省,2021,29,0,0,1,1,0,1
河北省,2022,29,0,0,1,1,0,0
湖北省,2017,78,0,0,0,0,0,0
湖北省,2018,78,0,0,0,1,0,0
湖北省,2019,78,0,0,0,0,0,0
广东省,2011,9,0,0,0,0,0,1
广东省,2012,9,0,0,0,0,0,0
广东省,2013,9,0,0,0,0,0,1
广东省,2014,9,0,0,0,0,0,0
广东省,2016,9,0,0,0,1,0,1
广东省,2017,9,0,0,0,1,1,0
广东省,2018,9,0,0,0,1,1,1
广东省,2019,9,0,0,0,0,0,0
广东省,2020,9,0,0,0,0,0,0
广东省,2021,9,0,0,1,1,0,0
广东省,2022,9,0,0,1,1,0,0
河北省,2012,77,0,0,0,1,0,1
河北省,2013,77,0,0,0,1,0,0
河北省,2014,77,0,0,0,0,0,1
河北省,2015,77,0,0,0,0,1,1
河北省,2016,77,0,0,0,0,0,0
河北省,2017,77,0,0,0,1,1,0
河北省,2018,77,0,0,0,0,1,0
河北省,2019,77,0,0,0,0,1,1
河北省,2020,77,0,0,0,0,1,0
河北省,2021,77,0,0,0,1,1,1
河北省,2022,77,0,0,0,0,1,0
广西壮族自治区,2012,33,0,0,0,0,1,1
广西壮族自治区,2013,33,0,0,0,1,0,0
广西壮族自治区,2014,33,0,0,0,1,0,0
广西壮族自治区,2015,33,0,0,0,1,0,0
广西壮族自治区,2017,33,0,0,0,1,0,0
广西壮族自治区,2018,33,0,0,0,1,0,0
广西壮族自治区,2019,33,0,0,0,1,0,0
广西壮族自治区,2020,33,0,0,0,1,0,1
广西壮族自治区,2021,33,0,0,0,1,0,0
广西壮族自治区,2022,33,0,0,0,1,0,0
重庆市,2011,33,0,0,0,1,1,1
重庆市,2012,33,0,0,0,1,1,1
重庆市,2013,33,0,0,1,1,0,1
重庆市,2014,33,0,0,0,1,1,1
重庆市,2015,33,0,0,0,1,1,1
重庆市,2016,33,0,0,0,1,1,0
重庆市,2018,33,0,0,1,1,0,0
重庆市,2019,33,0,0,1,0,1,0
重庆市,2020,33,0,0,1,0,0,1
山西省,2011,65,0,0,1,1,0,0
山西省,2013,65,0,0,0,1,1,0
山西省,2014,65,0,0,1,1,0,1
山西省,2015,65,1,1,1,1,1,1
山西省,2016,65,0,0,1,1,0,0
山西省,2017,65,0,0,1,1,0,0
山西省,2018,65,0,0,1,1,0,0
山西省,2019,65,0,0,1,1,0,0
山西省,2020,65,0,0,0,1,0,1
山西省,2021,65,0,0,1,1,0,0
山西省,2022,65,0,0,0,1,0,0
江苏省,2011,0,1,1,1,1,1,1
江苏省,2012,0,0,1,1,1,1,0
江苏省,2013,0,0,1,1,1,1,0
江苏省,2014,0,0,1,1,1,1,0
江苏省,2015,0,0,1,1,1,1,0
江苏省,2016,0,0,1,1,1,1,0
江苏省,2017,0,0,1,1,1,1,0
江苏省,2018,0,0,1,1,1,1,0
江苏省,2019,0,0,1,1,1,1,0
江苏省,2011,34,0,0,0,1,0,0
江苏省,2012,77,0,0,0,1,0,0
江苏省,2013,77,0,0,0,1,1,0
江苏省,2014,77,0,0,0,1,1,0
江苏省,2015,77,0,0,0,0,1,1
江苏省,2016,77,0,0,0,0,1,1
江苏省,2017,77,0,0,0,0,1,1
江苏省,2018,77,0,0,0,0,1,0
江苏省,2019,77,0,0,0,0,1,0
江苏省,2021,77,0,0,0,0,1,0
江苏省,2022,77,0,0,0,0,0,0
江苏省,2011,50,0,0,0,0,0,1
江苏省,2012,50,0,1,1,1,1,0
江苏省,2013,50,0,0,1,0,0,1
江苏省,2014,50,0,0,1,0,1,0
江苏省,2015,50,0,0,0,0,1,0
江苏省,2016,50,0,0,0,0,1,0
江苏省,2017,50,0,0,0,1,1,1
江苏省,2018,50,0,0,0,1,0,1
江苏省,2019,50,0,0,0,0,0,0
江苏省,2020,50,0,0,0,0,0,0
陕西省,2017,36,0,0,0,0,0,1
陕西省,2019,36,0,0,1,0,1,0
浙江省,2011,34,1,1,1,1,1,1
浙江省,2012,77,0,1,1,1,1,0
浙江省,2013,77,1,1,1,1,1,1
浙江省,2014,77,1,1,1,1,1,1
浙江省,2015,77,1,1,1,1,1,1
浙江省,2016,77,0,1,1,1,1,0
浙江省,2017,77,0,1,1,1,1,0
浙江省,2018,77,0,1,1,1,1,0
浙江省,2019,77,0,1,1,1,1,0
浙江省,2020,77,0,1,1,1,1,0
浙江省,2021,77,0,1,1,1,1,0
浙江省,2022,77,1,1,1,1,1,1
山东省,2020,60,0,0,1,0,1,0
山东省,2021,60,0,0,1,0,1,0
山东省,2022,60,0,0,0,1,0,1
河南省,2013,70,0,0,1,0,1,0
河南省,2014,70,0,1,1,1,1,0
河南省,2015,70,0,0,1,0,1,1
河南省,2016,70,0,0,0,0,1,1
河南省,2017,70,0,0,0,1,1,0
河南省,2018,70,0,1,1,1,1,0
河南省,2019,70,0,0,1,1,0,0
河南省,2020,70,0,0,0,0,0,0
河南省,2021,70,0,0,0,0,0,1
山东省,2014,37,0,0,0,1,1,0
山东省,2015,37,0,0,0,1,1,0
山东省,2016,37,0,0,0,1,1,0
山东省,2017,37,0,1,1,1,1,0
山东省,2018,37,1,1,1,1,1,1
山东省,2019,37,1,1,1,1,1,1
山东省,2020,37,0,0,0,1,1,0
北京市,2018,9,0,0,1,1,0,0
北京市,2019,9,0,0,1,1,0,0
北京市,2020,9,0,0,0,0,1,0
北京市,2021,9,0,0,1,0,1,0
北京市,2022,9,0,0,1,0,1,0
北京市,2018,12,0,1,1,1,1,0
北京市,2019,12,0,0,0,0,0,0
新疆维吾尔自治区,2022,51,1,1,1,1,1,1
重庆市,2019,50,0,0,1,0,0,1
重庆市,2021,50,0,1,1,1,1,0
重庆市,2022,50,0,0,0,0,1,1
北京市,2008,13,0,0,0,0,0,1
北京市,2009,13,0,0,0,0,0,0
北京市,2011,13,0,0,0,0,0,0
北京市,2012,13,0,0,0,0,0,1
北京市,2013,13,0,0,0,0,0,1
北京市,2014,13,0,0,0,0,0,0
北京市,2015,13,0,0,0,0,0,0
北京市,2016,13,0,0,0,0,0,1
北京市,2017,13,0,0,0,0,0,1
北京市,2019,13,0,0,0,0,1,0
北京市,2020,13,0,1,1,1,1,0
北京市,2021,13,0,0,1,0,1,0
北京市,2022,13,0,0,1,0,1,1
北京市,2022,58,0,0,1,0,0,0
湖南省,2012,60,0,1,1,1,1,0
湖南省,2013,60,0,1,1,1,1,0
湖南省,2014,60,0,0,1,1,0,0
云南省,2011,9,0,0,1,0,0,0
云南省,2012,9,0,0,1,0,1,0
云南省,2013,9,0,1,1,1,1,0
云南省,2014,9,0,0,1,0,0,0
云南省,2015,9,0,0,1,0,1,0
云南省,2016,9,0,0,1,0,0,0
云南省,2017,9,0,0,1,0,0,0
云南省,2018,9,0,0,1,0,0,0
云南省,2019,9,0,0,1,0,1,0
云南省,2020,9,0,1,1,1,1,0
云南省,2021,9,0,0,1,1,0,0
云南省,2022,9,0,1,1,1,1,0
江苏省,2021,70,0,0,0,0,1,0
江苏省,2022,70,0,0,0,0,1,0
北京市,2011,13,0,0,0,0,0,1
北京市,2012,13,0,0,0,0,0,1
北京市,2013,13,0,0,0,1,0,1
北京市,2014,13,0,0,0,1,0,1
北京市,2015,13,0,0,0,1,0,1
北京市,2016,13,0,0,0,0,0,0
北京市,2017,13,0,0,0,1,0,0
北京市,2018,13,0,0,1,0,0,1
北京市,2019,13,0,0,0,1,1,0
北京市,2020,13,0,0,0,0,1,0
北京市,2021,13,0,0,0,1,1,0
北京市,2022,13,0,0,0,1,1,0
四川省,2013,69,0,0,1,0,0,1
四川省,2014,69,0,0,1,0,0,1
四川省,2015,69,0,0,1,1,0,0
四川省,2018,69,0,0,1,0,0,0
浙江省,2017,9,0,0,0,1,1,1
浙江省,2018,9,1,1,1,1,1,1
浙江省,2019,9,0,0,0,0,1,1
浙江省,2020,9,0,0,1,0,1,1
北京市,2011,3,0,0,1,0,0,0
北京市,2012,3,0,0,1,0,0,1
北京市,2013,3,0,0,1,1,0,0
北京市,2014,3,0,0,1,1,0,0
北京市,2015,3,0,0,1,1,0,1
北京市,2016,3,0,0,1,0,0,0
北京市,2017,3,0,0,1,0,1,0
北京市,2018,3,0,1,1,1,1,0
北京市,2019,3,0,0,1,0,1,0
北京市,2020,3,0,0,1,0,0,1
北京市,2021,3,0,1,1,1,1,0
北京市,2022,3,0,1,1,1,1,0
北京市,2011,38,1,1,1,1,1,1
北京市,2015,12,0,1,1,1,1,0
北京市,2016,12,0,0,1,1,0,0
北京市,2017,12,0,0,0,0,0,0
北京市,2018,12,0,0,0,0,0,1
北京市,2019,12,0,0,0,0,1,0
海南省,2011,2,0,0,0,0,1,1
海南省,2012,2,0,0,0,1,1,1
海南省,2013,2,0,0,0,1,1,1
海南省,2014,2,0,0,0,1,0,0
海南省,2015,2,0,0,0,0,1,0
海南省,2016,2,0,0,0,1,1,0
海南省,2017,2,0,0,0,0,1,0
海南省,2018,2,0,0,0,0,1,1
海南省,2019,2,0,0,0,0,1,1
海南省,2020,2,0,0,0,0,1,0
海南省,2021,2,0,0,0,0,0,0
北京市,2014,19,0,0,0,1,1,0
北京市,2015,19,0,0,0,1,1,0
北京市,2016,19,0,0,0,1,0,0
北京市,2017,19,0,0,0,1,0,0
北京市,2018,19,0,0,0,1,1,0
北京市,2019,19,0,0,0,1,1,0
北京市,2020,19,0,0,0,1,1,0
江苏省,2016,50,0,0,0,0,1,1
江苏省,2017,50,0,0,0,1,1,1
江苏省,2018,50,0,0,0,1,0,0
江苏省,2019,50,0,0,0,1,1,1
江苏省,2020,50,0,0,0,1,1,1
江苏省,2021,50,0,0,1,1,0,1
江苏省,2022,50,0,0,1,1,0,1
北京市,2022,9,0,0,0,1,1,1
广东省,2018,46,0,0,1,0,0,1
广东省,2019,46,0,0,0,0,0,0
广东省,2020,46,0,1,1,1,1,0
广东省,2022,46,0,0,1,0,1,0
广东省,2011,26,1,1,1,1,1,1
广东省,2012,26,0,0,0,1,0,0
广东省,2013,26,0,0,1,1,0,0
广东省,2014,26,0,0,0,0,0,0
广东省,2015,26,0,0,0,0,0,0
广东省,2016,26,0,0,0,0,0,0
广东省,2017,26,0,0,0,1,1,0
广东省,2018,26,0,0,0,1,0,0
广东省,2019,26,0,0,0,1,0,0
广东省,2020,26,0,0,0,1,0,0
广东省,2021,26,0,0,1,0,0,1
广东省,2022,26,0,0,0,0,0,0
江苏省,2020,66,0,1,1,1,1,0
上海市,2022,3,0,0,0,1,0,1
福建省,2011,50,0,0,1,0,1,1
福建省,2012,50,0,0,1,0,1,1
福建省,2013,50,0,0,1,0,1,1
福建省,2018,50,0,0,1,0,1,0
青海省,2011,51,0,0,1,0,0,1
青海省,2012,51,0,0,1,0,0,1
青海省,2013,51,0,0,1,0,0,1
青海省,2014,51,0,0,1,1,0,1
青海省,2015,51,0,0,1,1,0,1
青海省,2016,51,0,0,1,1,0,0
青海省,2017,51,0,0,1,1,0,1
青海省,2018,51,0,0,0,1,0,1
青海省,2019,51,0,0,0,1,0,0
青海省,2020,51,0,0,0,1,0,1
北京市,2011,50,0,0,0,1,0,1
北京市,2012,50,0,0,0,1,1,1
北京市,2013,50,0,0,0,1,1,1
北京市,2014,50,0,0,0,1,1,1
北京市,2015,50,0,0,0,1,1,1
北京市,2016,50,0,0,0,1,1,0
北京市,2017,50,0,0,0,1,1,0
北京市,2018,50,0,0,0,1,1,0
北京市,2019,50,0,0,0,1,1,1
北京市,2020,50,0,0,0,1,0,0
北京市,2022,50,0,0,1,0,0,0
浙江省,2012,27,1,1,1,1,1,1
浙江省,2014,27,0,0,0,1,0,0
浙江省,2015,27,0,0,0,1,0,0
浙江省,2016,27,0,0,1,1,0,1
浙江省,2017,27,0,0,0,1,0,0
浙江省,2018,27,0,0,0,1,0,0
浙江省,2019,27,0,0,0,1,0,0
浙江省,2020,27,0,0,0,1,0,0
浙江省,2021,27,0,0,0,1,0,1
浙江省,2022,27,0,0,0,1,0,1
北京市,2011,12,0,0,0,0,1,0
北京市,2012,12,0,0,0,0,0,0
北京市,2013,12,0,0,0,1,0,0
北京市,2014,12,0,0,0,1,0,0
北京市,2015,12,0,1,1,1,1,0
北京市,2016,12,0,0,0,1,1,0
北京市,2017,12,0,0,1,1,0,0
北京市,2018,12,0,0,0,0,1,0
北京市,2019,12,0,0,0,1,1,0
北京市,2020,12,0,0,1,1,0,0
北京市,2021,12,0,0,0,1,0,0
北京市,2022,12,0,0,0,0,0,1
福建省,2020,50,0,0,0,1,0,1
福建省,2021,50,0,0,1,1,0,1
福建省,2022,50,0,0,0,1,0,0
黑龙江省,2011,34,0,0,0,0,0,0
黑龙江省,2013,69,0,0,0,0,0,0
黑龙江省,2014,69,0,0,0,0,1,0
黑龙江省,2015,69,0,0,1,0,0,0
黑龙江省,2016,69,0,0,1,1,0,1
黑龙江省,2017,69,0,0,1,1,0,1
黑龙江省,2018,69,0,0,1,0,0,1
黑龙江省,2019,69,0,0,0,1,0,1
黑龙江省,2020,69,0,0,0,0,0,1
黑龙江省,2021,69,0,0,1,0,0,1
北京市,2015,9,0,0,0,1,0,1
北京市,2016,9,0,0,0,1,0,1
北京市,2017,9,0,0,0,1,1,1
北京市,2018,9,0,0,1,1,0,0
北京市,2019,9,0,0,0,1,0,0
北京市,2020,9,0,0,0,0,0,0
北京市,2021,9,0,0,0,0,0,0
北京市,2022,9,0,0,0,1,0,0
江苏省,2012,76,1,1,1,1,1,1
江苏省,2013,76,0,0,0,1,1,0
江苏省,2014,76,0,1,1,1,1,0
江苏省,2015,76,0,0,0,1,1,0
江苏省,2016,76,0,0,0,1,1,1
江苏省,2017,76,0,0,0,1,1,1
江苏省,2018,76,0,0,0,1,0,1
江苏省,2019,76,0,0,1,1,0,0
江苏省,2020,76,0,0,0,0,0,0
江苏省,2021,76,0,0,0,1,1,0
上海市,2015,9,0,0,0,0,0,0
上海市,2016,9,0,0,0,1,1,0
上海市,2017,9,0,0,0,0,0,0
上海市,2018,9,0,0,0,0,0,0
上海市,2020,9,0,0,0,0,0,0
上海市,2021,9,0,0,0,1,0,0
上海市,2022,9,0,0,0,1,0,0
江苏省,2014,40,0,1,1,1,1,0
江苏省,2015,40,0,0,0,0,1,0
江苏省,2016,40,0,0,0,0,1,0
江苏省,2017,40,0,0,0,0,1,0
江苏省,2018,40,0,0,1,0,1,0
江苏省,2019,40,0,0,1,0,1,0
江苏省,2020,40,0,0,1,0,1,0
江苏省,2021,40,0,0,0,0,0,0
江苏省,2022,40,0,0,1,0,0,0
陕西省,2016,13,0,1,1,1,1,0
陕西省,2018,13,0,0,0,1,0,0
陕西省,2020,13,0,1,1,1,1,0
陕西省,2021,13,0,0,1,1,0,0
陕西省,2022,13,0,0,1,1,0,0
北京市,2015,62,0,1,1,1,1,0
北京市,2016,62,0,1,1,1,1,0
北京市,2017,62,0,1,1,1,1,0
北京市,2018,62,0,0,1,0,0,0
北京市,2019,62,0,1,1,1,1,0
北京市,2020,62,0,1,1,1,1,0
北京市,2021,62,0,1,1,1,1,0
北京市,2022,62,0,0,0,0,1,0
广东省,2017,77,0,0,1,1,0,1
广东省,2018,77,0,0,0,1,0,1
广东省,2019,77,0,0,1,0,0,0
广东省,2020,77,0,0,0,0,0,0
广东省,2021,77,0,0,0,0,0,0
广东省,2022,77,0,1,1,1,1,0
上海市,2016,50,1,1,1,1,1,1
上海市,2017,50,0,0,1,0,1,1
上海市,2018,50,0,1,1,1,1,0
上海市,2019,50,0,0,1,0,1,0
上海市,2020,50,0,0,1,1,0,0
上海市,2021,50,0,0,1,0,1,1
上海市,2022,50,0,0,0,1,1,0
上海市,2012,46,0,0,0,0,0,1
上海市,2013,46,0,0,0,0,0,0
上海市,2014,46,0,0,0,0,0,1
上海市,2015,46,0,0,0,0,0,1
上海市,2017,46,0,0,0,0,0,1
上海市,2019,46,0,0,1,0,0,1
上海市,2020,46,0,0,1,1,0,1
浙江省,2020,11,0,0,0,0,1,0
云南省,2019,9,0,0,0,1,1,1
云南省,2020,9,0,0,0,1,1,0
云南省,2021,9,0,0,0,1,1,1
广东省,2012,7,0,0,0,0,0,0
广东省,2013,7,0,0,0,0,0,0
广东省,2015,7,0,0,0,0,1,0
广东省,2016,7,0,0,0,1,0,0
广东省,2017,7,0,0,0,0,0,0
广东省,2018,7,0,0,0,1,0,0
广东省,2019,7,0,0,0,0,0,0
广东省,2020,7,0,0,0,1,1,0
广东省,2021,7,0,0,0,1,1,1
广东省,2022,7,0,0,0,1,1,1
北京市,2011,50,0,0,0,0,1,0
北京市,2012,50,0,0,1,0,0,1
北京市,2013,50,0,0,0,1,0,0
北京市,2014,50,0,0,0,0,0,0
北京市,2015,50,0,0,0,0,0,0
北京市,2016,50,0,0,1,0,0,0
北京市,2017,50,0,0,0,1,0,1
北京市,2018,50,0,0,1,0,0,0
北京市,2019,50,0,0,0,1,0,1
北京市,2020,50,0,0,0,0,0,0
北京市,2021,50,0,1,1,1,1,0
北京市,2022,50,0,1,1,1,1,0
广东省,2008,41,1,1,1,1,1,1
广东省,2012,41,1,1,1,1,1,1
广东省,2013,41,0,0,0,0,1,0
广东省,2014,41,0,0,0,0,1,0
广东省,2015,41,1,1,1,1,1,1
广东省,2016,41,0,1,1,1,1,0
广东省,2017,41,0,0,0,1,0,0
广东省,2018,41,0,0,1,0,1,0
北京市,2019,41,0,0,1,0,0,1
北京市,2020,41,0,0,0,0,1,1
北京市,2021,41,0,0,0,1,0,1
河北省,2017,77,0,0,1,1,0,1
河北省,2018,77,0,0,0,0,0,0
河北省,2019,77,0,0,1,1,0,1
河北省,2020,77,0,0,1,1,0,0
河北省,2021,77,0,0,1,0,0,1
上海市,2009,50,0,0,0,1,1,1
上海市,2011,50,0,0,1,1,0,0
上海市,2012,50,0,0,1,0,0,0
上海市,2013,50,0,0,1,0,0,0
上海市,2014,50,0,0,1,0,0,1
上海市,2015,50,0,0,0,0,0,1
上海市,2016,50,0,0,1,1,0,1
上海市,2017,50,0,0,1,1,0,1
上海市,2018,50,0,1,1,1,1,0
上海市,2019,50,0,0,1,1,0,0
上海市,2020,50,0,0,1,1,0,0
上海市,2021,50,0,0,0,1,0,0
上海市,2022,50,0,0,0,1,1,0
广东省,2011,65,0,0,0,1,1,1
广东省,2012,65,0,0,0,1,1,0
广东省,2013,65,0,1,1,1,1,0
广东省,2014,65,0,0,1,0,1,0
广东省,2015,65,0,0,1,0,1,0
广东省,2016,65,0,0,1,0,1,1
广东省,2017,65,0,0,1,0,1,1
广东省,2018,65,0,0,1,0,1,0
广东省,2019,65,0,0,1,0,1,0
广东省,2020,65,0,0,1,0,1,1
广东省,2021,65,0,0,1,0,1,1
广东省,2022,65,0,0,1,0,0,0
北京市,2011,41,0,0,0,0,0,0
北京市,2012,41,0,0,0,0,0,0
北京市,2013,41,0,0,0,1,0,1
北京市,2014,41,0,0,1,1,0,1
北京市,2015,41,0,0,0,0,0,0
北京市,2016,41,0,0,0,1,0,1
北京市,2017,41,0,1,1,1,1,0
北京市,2018,41,1,1,1,1,1,1
北京市,2019,41,0,1,1,1,1,0
北京市,2020,41,0,0,1,1,0,0
北京市,2021,41,0,0,1,1,0,1
北京市,2022,41,0,0,1,1,0,1
浙江省,2012,75,0,0,0,0,1,1
浙江省,2013,75,0,0,0,0,1,1
浙江省,2014,75,0,0,0,0,0,0
浙江省,2015,75,0,0,0,0,1,1
浙江省,2016,75,0,0,0,0,1,0
浙江省,2017,75,0,0,0,0,0,0
浙江省,2018,75,0,0,0,0,0,1
浙江省,2019,75,0,0,0,0,0,1
浙江省,2020,75,0,0,0,0,0,1
浙江省,2021,75,0,0,0,0,0,1
浙江省,2022,75,0,0,1,0,0,0
江苏省,2018,42,0,0,0,0,0,0
天津市,2019,42,0,0,0,0,0,0
天津市,2020,42,0,0,0,0,0,0
天津市,2021,42,0,0,0,0,0,0
陕西省,2011,27,0,0,0,1,1,0
陕西省,2012,19,0,0,0,1,0,0
陕西省,2013,19,0,0,0,0,0,0
陕西省,2014,19,0,0,0,0,1,0
陕西省,2015,19,0,0,0,0,0,0
陕西省,2016,19,0,0,0,0,0,0
陕西省,2017,19,0,0,0,0,0,0
陕西省,2018,19,0,0,0,1,0,1
陕西省,2019,19,0,0,0,0,0,0
陕西省,2020,19,0,0,0,0,0,0
陕西省,2021,19,0,0,0,0,0,0
陕西省,2022,19,0,0,0,0,0,0
河南省,2016,9,0,0,0,0,1,1
河南省,2017,9,0,0,0,0,1,1
河南省,2018,9,0,0,1,0,1,1
河南省,2019,9,0,0,0,1,1,1
河南省,2020,9,0,0,1,1,0,1
河南省,2021,9,1,1,1,1,1,1
河南省,2022,9,0,0,1,0,1,1
福建省,2011,9,1,1,1,1,1,1
福建省,2012,9,0,0,0,1,1,1
福建省,2013,9,0,1,1,1,1,0
福建省,2014,9,0,1,1,1,1,0
福建省,2015,9,0,0,0,1,0,0
福建省,2016,9,0,0,1,1,0,0
福建省,2017,9,0,0,0,1,0,0
福建省,2018,9,0,1,1,1,1,0
福建省,2019,9,0,1,1,1,1,0
福建省,2020,9,0,0,1,1,0,0
福建省,2021,9,1,1,1,1,1,1
福建省,2022,9,0,0,0,1,1,0
北京市,2020,12,0,0,0,0,0,0
北京市,2021,12,0,0,0,0,0,0
北京市,2022,12,0,0,0,0,0,1
北京市,2007,50,0,1,1,1,1,0
北京市,2013,50,0,1,1,1,1,0
北京市,2015,50,0,0,1,0,1,1
北京市,2018,50,0,0,0,0,0,0
北京市,2019,50,0,0,0,0,0,0
北京市,2020,50,0,0,1,0,1,0
北京市,2021,50,0,0,1,0,1,0
北京市,2022,50,1,1,1,1,1,1
江苏省,2020,9,0,0,0,0,0,1
江苏省,2021,9,0,0,0,1,0,1
江苏省,2022,9,0,0,0,0,0,1
江苏省,2022,37,0,0,0,1,1,0
广东省,2012,61,0,0,1,0,0,0
广东省,2013,61,1,1,1,1,1,1
广东省,2014,61,0,0,0,1,0,1
广东省,2015,61,0,0,1,1,0,1
广东省,2016,61,0,1,1,1,1,0
广东省,2017,61,0,0,0,1,1,0
广东省,2018,61,0,0,0,1,1,0
广东省,2019,61,0,0,0,1,0,0
广东省,2020,61,0,0,0,1,1,0
广东省,2021,61,0,0,0,1,0,1
广东省,2022,61,0,0,0,1,0,0
吉林省,2011,34,0,0,1,0,0,0
吉林省,2012,69,0,0,0,0,0,0
吉林省,2013,69,0,0,1,0,0,1
吉林省,2014,69,0,0,1,1,0,1
吉林省,2015,69,0,0,1,0,0,0
吉林省,2016,69,0,0,1,0,0,0
吉林省,2017,69,0,0,1,1,0,0
吉林省,2018,69,0,0,1,1,0,1
吉林省,2019,69,0,0,1,1,0,0
吉林省,2020,69,0,0,1,1,0,0
吉林省,2021,69,0,0,1,0,0,1
吉林省,2022,69,0,0,1,0,0,1
上海市,2011,39,0,0,1,0,1,1
上海市,2013,39,0,0,0,0,1,0
上海市,2014,39,0,1,1,1,1,0
上海市,2017,39,0,0,1,0,1,0
上海市,2018,39,0,0,1,0,1,1
上海市,2019,39,0,0,1,0,1,0
上海市,2020,54,0,0,1,0,1,0
上海市,2021,54,0,0,0,0,1,1
上海市,2022,54,0,0,0,0,1,0
浙江省,2021,50,0,0,0,0,0,1
江苏省,2011,9,0,0,0,1,1,1
江苏省,2012,9,0,0,0,1,0,1
江苏省,2013,9,0,0,0,1,0,0
江苏省,2014,9,0,0,0,1,0,1
江苏省,2015,9,0,0,0,1,0,1
江苏省,2016,9,0,0,0,1,0,1
江苏省,2017,9,0,0,0,1,0,1
江苏省,2018,9,0,0,0,1,0,1
江苏省,2019,9,0,0,0,0,0,1
江苏省,2020,9,0,0,0,0,0,1
江苏省,2021,9,0,0,0,1,0,1
江苏省,2022,9,0,0,0,1,1,1
福建省,2011,74,0,0,1,1,0,1
福建省,2012,74,0,0,0,1,0,1
福建省,2013,74,0,0,0,1,0,0
福建省,2014,74,0,0,0,1,0,0
福建省,2015,74,0,0,0,1,0,0
福建省,2016,74,0,0,0,0,1,1
福建省,2017,74,0,0,0,1,0,0
福建省,2018,74,0,0,0,0,0,1
福建省,2019,74,0,0,0,0,0,0
福建省,2020,74,0,0,1,1,0,0
福建省,2021,74,0,0,0,0,0,0
陕西省,2020,45,0,0,0,0,0,0
湖南省,2018,50,0,0,0,1,1,0
湖南省,2019,50,0,0,1,1,0,0
湖南省,2020,50,0,0,0,1,0,0
湖南省,2022,50,0,0,0,1,0,0
浙江省,2014,4,0,0,0,0,0,0
浙江省,2015,4,0,0,0,0,0,0
浙江省,2016,4,0,0,0,0,1,0
浙江省,2017,4,0,0,1,0,1,0
浙江省,2018,4,0,1,1,1,1,0
浙江省,2019,4,0,0,1,0,1,0
浙江省,2020,4,0,0,0,0,1,0
浙江省,2021,4,0,0,0,0,0,0
浙江省,2022,4,0,0,0,1,0,0
北京市,2011,66,0,0,1,0,0,1
北京市,2012,66,0,0,1,1,0,1
北京市,2013,66,0,0,1,1,0,1
北京市,2014,66,0,0,0,0,0,1
北京市,2015,66,0,0,0,0,0,0
北京市,2016,66,0,0,1,0,0,1
北京市,2017,66,0,0,1,1,0,0
北京市,2018,66,0,0,1,1,0,1
北京市,2019,66,0,0,1,1,0,1
北京市,2022,66,0,0,0,0,0,0
上海市,2016,64,0,0,0,0,0,1
上海市,2017,64,0,0,0,0,0,1
上海市,2018,64,0,0,0,0,0,0
上海市,2019,64,0,0,0,0,0,1
上海市,2020,64,0,0,0,0,0,1
上海市,2021,64,0,0,0,1,0,1
上海市,2022,64,0,0,0,0,0,1
北京市,2019,34,0,0,0,0,0,1
北京市,2020,34,0,0,1,0,1,0
北京市,2021,34,0,0,1,0,1,0
北京市,2022,34,0,0,1,0,0,0
北京市,2011,35,0,0,0,1,0,0
北京市,2012,35,0,0,0,1,0,0
北京市,2013,35,0,0,0,1,0,0
北京市,2014,35,0,0,0,1,0,0
北京市,2015,35,0,0,0,0,0,0
北京市,2018,35,0,0,0,0,0,0
北京市,2019,35,0,0,0,0,0,0
北京市,2022,35,0,0,0,1,1,0
上海市,2009,41,1,1,1,1,1,1
上海市,2011,41,1,1,1,1,1,1
上海市,2012,41,1,1,1,1,1,1
上海市,2013,41,0,0,1,0,1,1
上海市,2014,41,0,0,1,0,1,0
上海市,2015,41,0,0,1,0,1,1
上海市,2016,41,0,0,0,0,0,0
上海市,2017,41,0,0,1,0,0,1
上海市,2018,41,0,0,0,0,0,0
上海市,2020,41,1,1,1,1,1,1
上海市,2011,58,0,0,1,0,0,1
上海市,2012,68,0,0,0,1,0,0
上海市,2013,68,0,0,0,1,0,0
上海市,2014,68,0,0,0,0,0,0
上海市,2015,68,0,0,0,0,0,0
上海市,2017,68,0,0,1,0,0,0
上海市,2018,68,0,0,1,0,0,0
上海市,2019,68,0,0,1,0,0,0
上海市,2020,68,0,0,1,0,0,0
河南省,2013,70,0,1,1,1,1,0
河南省,2014,70,0,1,1,1,1,0
河南省,2015,70,0,0,0,1,1,1
河南省,2016,70,0,0,0,1,0,0
河南省,2017,70,0,0,0,1,0,0
河南省,2018,70,0,0,0,0,0,1
河南省,2019,70,0,0,0,1,1,0
河南省,2020,70,0,0,1,0,0,0
河南省,2021,70,0,0,1,1,0,0
河南省,2022,70,0,0,1,1,0,0
浙江省,2021,35,0,0,0,1,0,1
浙江省,2022,35,1,1,1,1,1,1
北京市,2016,12,0,0,0,1,0,1
北京市,2017,12,0,0,0,1,0,0
上海市,2018,12,0,0,1,0,0,0
上海市,2019,12,0,0,1,1,0,0
上海市,2020,12,0,0,0,0,0,0
北京市,2012,12,0,0,1,0,1,0
北京市,2013,12,0,0,1,0,1,0
北京市,2014,12,0,0,0,0,0,0
北京市,2015,12,0,0,0,0,0,0
北京市,2016,12,0,0,0,0,1,1
北京市,2017,12,0,0,1,0,0,0
北京市,2018,12,1,1,1,1,1,1
北京市,2019,12,0,0,1,0,0,0
北京市,2020,12,0,1,1,1,1,0
北京市,2021,12,0,0,1,0,0,0
北京市,2022,12,0,0,1,0,1,0
宁夏回族自治区,2019,32,1,1,1,1,1,1
宁夏回族自治区,2020,32,1,1,1,1,1,1
宁夏回族自治区,2021,32,0,0,1,0,0,1
北京市,2011,41,0,1,1,1,1,0
北京市,2012,41,0,0,0,0,0,0
北京市,2013,41,0,0,1,1,0,0
北京市,2014,41,0,0,0,1,0,1
北京市,2015,41,0,0,0,1,0,0
北京市,2016,41,0,0,0,1,0,0
北京市,2017,41,0,0,0,0,0,0
北京市,2018,41,0,0,0,1,0,0
北京市,2019,41,0,0,0,0,0,0
北京市,2020,41,0,0,0,0,0,0
北京市,2021,41,0,1,1,1,1,0
北京市,2022,41,0,0,0,0,1,1
河北省,2011,7,0,0,0,1,1,1
河北省,2012,7,1,1,1,1,1,1
河北省,2013,7,0,1,1,1,1,0
河北省,2014,7,0,1,1,1,1,0
河北省,2015,7,0,1,1,1,1,0
河北省,2016,7,0,1,1,1,1,0
河北省,2017,7,0,0,1,0,1,0
河北省,2018,7,0,0,1,1,0,0
河北省,2019,7,0,0,1,0,0,0
河北省,2020,7,0,0,1,0,0,0
河北省,2021,7,0,1,1,1,1,0
河北省,2022,7,0,1,1,1,1,0
湖南省,2012,36,0,0,1,0,1,0
湖南省,2013,36,0,0,1,1,0,0
湖南省,2014,36,0,0,1,1,0,0
湖南省,2015,36,0,0,0,1,0,0
湖南省,2016,36,0,1,1,1,1,0
湖南省,2017,36,0,1,1,1,1,0
湖南省,2018,36,0,0,0,0,1,0
湖南省,2019,36,0,0,0,0,1,0
湖南省,2020,36,0,0,1,0,1,0
湖南省,2022,36,0,0,0,0,1,0
北京市,2019,50,0,1,1,1,1,0
北京市,2020,50,0,0,1,0,1,0
北京市,2021,50,0,1,1,1,1,0
北京市,2022,50,0,1,1,1,1,0
山东省,2021,50,0,0,0,1,1,1
山东省,2022,50,0,0,0,1,1,1
河南省,2013,13,1,1,1,1,1,1
河南省,2014,13,0,1,1,1,1,0
河南省,2015,13,0,0,1,0,1,1
河南省,2016,13,1,1,1,1,1,1
河南省,2017,13,1,1,1,1,1,1
河南省,2018,13,1,1,1,1,1,1
河南省,2019,13,0,0,1,1,0,1
河南省,2020,13,0,0,0,0,1,1
北京市,2011,12,0,0,1,0,0,1
北京市,2012,12,0,0,1,1,0,0
北京市,2013,12,0,0,1,0,0,0
北京市,2016,12,0,0,1,1,0,0
北京市,2017,12,0,0,1,0,0,0
北京市,2018,12,0,0,1,1,0,0
北京市,2019,12,0,0,1,1,0,0
北京市,2020,12,0,0,0,0,0,0
江苏省,2011,9,0,0,0,0,0,1
江苏省,2012,9,0,0,0,1,1,1
江苏省,2013,9,0,0,0,1,0,0
江苏省,2014,9,0,0,0,1,0,0
江苏省,2015,9,0,0,1,0,0,0
江苏省,2016,9,0,0,0,1,0,0
江苏省,2017,9,0,1,1,1,1,0
江苏省,2018,9,0,0,1,1,0,0
江苏省,2019,9,0,0,1,0,0,1
江苏省,2020,9,1,1,1,1,1,1
江苏省,2021,9,0,0,1,0,0,1
江苏省,2022,9,0,0,1,0,0,0
上海市,2020,9,0,0,1,1,0,1
上海市,2021,9,0,0,0,1,0,0
上海市,2022,9,0,0,0,1,1,1
山西省,2011,13,0,0,0,1,0,1
山西省,2012,13,0,0,0,1,0,1
山西省,2017,13,0,0,1,0,1,0
山西省,2018,13,0,0,0,0,0,1
山西省,2019,13,0,0,0,0,0,1
山西省,2020,13,0,0,0,0,0,1
山西省,2021,13,0,0,0,0,0,1
山西省,2022,13,0,1,1,1,1,0
河南省,2012,70,0,0,0,1,1,1
河南省,2013,70,0,0,0,1,1,1
河南省,2014,70,0,0,0,1,1,1
河南省,2015,70,0,0,0,1,1,1
河南省,2016,70,0,0,0,1,0,0
河南省,2017,70,0,0,0,0,0,1
河南省,2018,70,0,0,0,0,0,0
河南省,2019,70,0,0,1,1,0,0
河南省,2020,7,0,0,0,0,0,0
河南省,2022,7,0,0,0,1,0,1
上海市,2011,19,0,0,0,0,0,0
上海市,2012,27,0,0,1,0,0,0
上海市,2013,27,0,0,0,0,0,0
上海市,2015,27,0,0,1,0,0,1
上海市,2016,27,0,0,0,0,0,0
上海市,2018,27,0,0,0,0,1,0
上海市,2019,27,0,0,1,0,0,0
上海市,2020,27,0,0,0,0,0,0
上海市,2021,27,0,0,0,1,0,0
上海市,2022,27,0,0,0,1,0,0
北京市,2011,47,0,0,0,0,1,1
北京市,2012,47,0,0,0,0,0,1
北京市,2013,47,0,0,0,0,0,1
北京市,2014,47,0,0,0,0,0,0
北京市,2017,47,0,0,0,0,0,0
北京市,2018,47,0,0,1,0,0,0
北京市,2019,47,0,0,0,0,0,0
北京市,2020,47,0,0,0,1,0,0
北京市,2021,47,0,0,0,0,0,0
北京市,2022,47,0,0,0,0,0,0
上海市,2011,9,0,0,0,1,0,1
上海市,2012,9,0,0,0,0,0,0
上海市,2013,9,0,0,0,0,0,1
上海市,2014,9,0,0,0,0,0,1
上海市,2015,9,0,0,0,0,0,1
上海市,2016,9,0,0,0,0,0,0
上海市,2017,9,0,0,1,0,0,1
上海市,2019,9,0,0,1,0,0,0
上海市,2021,9,0,0,0,0,0,1
上海市,2022,9,0,0,1,0,0,0
北京市,2012,12,0,0,1,0,0,0
北京市,2013,12,0,0,0,0,0,0
北京市,2014,12,0,0,0,0,0,0
北京市,2015,12,0,0,1,0,0,0
北京市,2016,12,0,0,0,0,0,0
北京市,2017,12,0,0,0,0,0,0
北京市,2018,12,0,0,0,1,0,1
北京市,2019,12,0,0,0,0,0,1
北京市,2020,12,0,0,0,1,1,1
北京市,2021,12,0,0,1,0,0,0
安徽省,2018,60,0,0,0,1,1,1
安徽省,2019,60,1,1,1,1,1,1
安徽省,2020,60,0,0,0,1,1,1
安徽省,2021,60,0,0,0,1,1,1
安徽省,2022,60,0,0,0,1,1,1
天津市,2011,53,0,0,0,1,1,1
天津市,2012,53,1,1,1,1,1,1
天津市,2013,53,0,1,1,1,1,0
天津市,2018,20,0,1,1,1,1,0
四川省,2016,60,0,0,0,1,0,1
四川省,2017,60,0,0,0,1,0,1
四川省,2018,60,1,1,1,1,1,1
四川省,2019,60,1,1,1,1,1,1
四川省,2020,60,1,1,1,1,1,1
四川省,2021,60,0,0,1,1,0,0
四川省,2022,60,0,1,1,1,1,0
北京市,2022,65,0,0,0,0,0,1
北京市,2011,50,0,0,0,1,0,0
北京市,2012,50,1,1,1,1,1,1
北京市,2014,50,0,0,0,1,0,1
北京市,2015,50,0,0,0,1,1,1
北京市,2018,50,0,0,1,1,0,1
北京市,2019,50,0,0,1,1,0,1
北京市,2020,50,0,0,1,1,0,1
北京市,2021,50,0,0,1,0,1,1
北京市,2022,50,0,0,1,0,1,1
上海市,2021,50,0,0,0,0,0,1
上海市,2022,50,0,1,1,1,1,0
重庆市,2022,17,0,0,1,1,0,1
上海市,2018,14,0,0,0,1,1,0
上海市,2020,14,0,0,0,0,0,0
上海市,2021,14,0,0,0,0,0,0
上海市,2022,14,0,0,0,0,0,0
四川省,2019,50,0,0,1,1,0,1
四川省,2020,50,0,0,0,0,1,1
北京市,2009,53,0,0,1,0,1,0
北京市,2011,53,0,1,1,1,1,0
北京市,2012,53,0,0,1,0,1,0
北京市,2013,53,0,0,1,0,0,1
江苏省,2018,50,1,1,1,1,1,1
江苏省,2019,50,0,0,0,0,1,1
浙江省,2019,36,0,0,0,0,0,1
上海市,2011,77,0,0,0,0,0,1
上海市,2012,77,0,0,0,0,0,0
上海市,2013,77,0,0,0,0,0,0
上海市,2015,77,0,0,0,1,0,0
上海市,2016,77,1,1,1,1,1,1
上海市,2017,77,1,1,1,1,1,1
上海市,2018,77,0,1,1,1,1,0
北京市,2021,12,0,0,1,1,0,1
北京市,2022,12,0,0,1,1,0,1
湖北省,2018,46,0,0,0,0,0,1
湖北省,2019,46,0,0,1,0,0,1
湖北省,2020,46,0,0,1,0,0,1
湖北省,2021,46,0,0,1,0,0,0
湖北省,2022,46,0,0,1,0,0,0
浙江省,2011,19,0,0,0,1,1,1
浙江省,2012,19,0,0,0,1,1,0
浙江省,2013,19,0,0,0,1,0,0
浙江省,2014,19,0,0,0,1,1,0
浙江省,2018,19,0,1,1,1,1,0
浙江省,2021,19,1,1,1,1,1,1
浙江省,2017,9,0,0,0,0,1,1
浙江省,2018,9,0,0,0,0,1,1
浙江省,2019,9,0,0,0,0,1,0
浙江省,2022,9,0,0,0,0,0,0
辽宁省,2011,34,1,1,1,1,1,1
辽宁省,2012,77,0,0,1,1,0,0
辽宁省,2013,77,0,0,1,1,0,1
辽宁省,2014,77,0,0,1,1,0,1
辽宁省,2015,77,0,0,1,1,0,1
辽宁省,2016,77,0,0,1,1,0,1
辽宁省,2017,77,0,0,1,1,0,0
辽宁省,2018,77,0,0,1,1,0,0
辽宁省,2019,77,0,0,1,1,0,1
辽宁省,2020,77,0,0,1,1,0,1
辽宁省,2021,77,0,0,0,1,0,0
辽宁省,2022,77,0,0,1,1,0,0
北京市,2017,9,0,0,0,0,0,0
北京市,2018,9,0,0,0,0,0,0
北京市,2019,9,0,0,1,0,0,0
北京市,2020,9,0,0,0,0,0,0
北京市,2021,9,0,0,1,0,0,0
北京市,2022,9,0,0,1,0,0,0
浙江省,2021,27,0,0,1,1,0,0
浙江省,2022,27,0,0,1,1,0,1
北京市,2014,6,0,1,1,1,1,0
北京市,2015,6,0,1,1,1,1,0
北京市,2016,6,0,1,1,1,1,0
北京市,2017,6,0,1,1,1,1,0
北京市,2018,6,0,1,1,1,1,0
北京市,2019,6,0,0,1,1,0,0
北京市,2020,6,0,0,1,1,0,0
北京市,2021,6,0,0,0,1,1,0
北京市,2022,6,0,1,1,1,1,0
北京市,2011,13,0,0,0,0,0,1
北京市,2012,13,0,0,0,0,0,1
北京市,2013,13,0,0,0,0,0,0
北京市,2014,13,0,0,0,0,0,0
北京市,2015,13,0,0,0,0,0,0
北京市,2016,13,0,0,0,1,0,0
北京市,2017,13,0,0,0,0,0,0
北京市,2018,13,0,0,0,0,0,1
北京市,2019,13,0,0,0,0,0,0
北京市,2020,13,0,0,1,1,0,0
福建省,2012,51,0,0,0,1,0,0
福建省,2013,51,0,0,0,1,0,0
福建省,2014,51,0,0,0,1,0,0
福建省,2015,51,0,0,0,1,1,0
福建省,2016,51,0,0,1,0,1,0
福建省,2017,51,0,0,1,0,0,0
福建省,2018,51,0,0,0,0,0,0
广东省,2018,60,0,0,1,0,1,0
广东省,2019,60,0,0,1,0,1,0
广东省,2020,60,0,0,1,0,1,0
广东省,2021,60,0,0,1,0,1,0
广东省,2022,60,0,1,1,1,1,0
湖南省,2011,9,0,0,0,1,1,1
湖南省,2012,9,0,0,0,0,1,0
湖南省,2013,9,0,0,0,0,1,0
湖南省,2014,9,0,0,0,0,1,1
湖南省,2015,9,0,0,0,0,1,0
湖南省,2016,9,0,0,0,1,1,1
湖南省,2017,9,0,0,0,0,1,0
湖南省,2018,9,0,0,0,0,0,0
湖南省,2020,9,0,0,0,1,1,1
湖南省,2021,9,0,0,0,0,1,0
湖南省,2022,9,0,0,0,1,1,0
浙江省,2020,50,0,0,1,0,1,0
浙江省,2021,50,0,0,0,0,1,0
浙江省,2022,50,0,0,1,0,1,0
安徽省,2012,13,0,0,0,1,0,0
安徽省,2013,13,0,0,1,0,0,0
安徽省,2014,13,0,0,1,0,0,0
安徽省,2015,13,0,0,0,0,0,1
天津市,2010,77,0,0,1,0,0,0
天津市,2011,77,0,0,1,1,0,0
天津市,2012,77,0,0,1,1,0,0
天津市,2013,77,0,0,1,1,0,1
天津市,2018,77,0,0,1,0,0,1
浙江省,2021,60,0,0,1,1,0,1
浙江省,2022,60,0,0,0,0,0,0
江苏省,2014,60,0,0,0,0,1,1
江苏省,2015,60,0,0,1,0,0,1
江苏省,2016,60,0,1,1,1,1,0
江苏省,2017,60,0,0,1,1,0,0
江苏省,2018,60,0,0,0,1,0,0
江苏省,2019,60,0,0,0,1,0,0
江苏省,2020,60,0,0,0,1,0,0
江苏省,2021,60,0,0,0,1,0,0
江苏省,2022,60,0,0,0,1,0,0
福建省,2011,68,0,0,0,1,0,1
福建省,2012,68,0,0,0,1,0,0
福建省,2013,68,0,0,0,1,1,0
福建省,2014,68,0,1,1,1,1,0
福建省,2015,68,0,0,0,1,1,0
福建省,2016,68,0,0,0,0,1,0
福建省,2017,68,0,0,0,0,0,0
福建省,2018,68,0,0,1,0,0,0
福建省,2019,68,0,0,0,0,0,0
福建省,2020,68,0,0,0,1,0,0
福建省,2021,68,0,0,0,0,0,0
福建省,2022,68,0,0,0,1,0,0
北京市,2011,50,0,0,1,1,0,0
北京市,2012,50,0,0,1,1,0,0
北京市,2014,50,0,0,1,1,0,0
北京市,2015,50,0,0,1,1,0,0
北京市,2016,50,0,0,1,1,0,1
北京市,2017,50,0,0,1,1,0,0
北京市,2018,50,0,0,1,1,0,1
北京市,2019,50,0,0,1,1,0,0
北京市,2020,50,0,0,0,1,0,0
北京市,2022,50,0,0,0,1,0,0
北京市,2021,60,0,0,0,0,0,0
北京市,2022,60,0,0,0,1,0,0
陕西省,2011,51,0,0,1,0,0,0
陕西省,2012,51,0,0,1,0,0,1
陕西省,2013,51,0,0,1,0,0,1
陕西省,2015,51,0,0,1,0,0,0
陕西省,2016,51,0,0,1,0,0,1
陕西省,2017,51,0,0,1,0,0,1
陕西省,2018,51,0,0,1,0,1,0
陕西省,2019,51,0,0,1,0,0,1
重庆市,2021,50,0,0,0,1,0,0
重庆市,2022,50,0,0,0,1,0,0
重庆市,2021,62,0,0,1,0,0,0
重庆市,2022,62,0,0,0,0,0,0
山东省,2017,37,0,0,0,0,0,0
山东省,2018,37,0,0,0,0,0,0
山东省,2019,37,0,0,0,0,0,0
山东省,2021,37,0,0,1,0,0,0
海南省,2014,21,0,0,0,0,0,0
海南省,2015,21,0,0,0,0,0,0
海南省,2016,21,0,0,0,0,0,0
海南省,2017,21,0,0,0,0,1,0
海南省,2018,21,0,0,0,0,1,0
海南省,2019,21,0,0,0,0,0,0
海南省,2020,21,0,0,0,0,0,1
海南省,2021,21,0,0,0,1,0,1
北京市,2015,32,0,0,0,0,0,1
北京市,2016,32,0,0,1,1,0,0
北京市,2017,32,0,0,1,1,0,0
北京市,2018,32,0,0,0,0,0,1
北京市,2019,32,0,0,1,1,0,1
北京市,2020,32,0,0,1,0,0,0
北京市,2021,32,0,0,1,0,0,1
北京市,2022,32,0,0,1,1,0,0
北京市,2011,50,0,0,1,0,1,0
北京市,2012,50,0,0,0,0,1,1
北京市,2013,50,0,1,1,1,1,0
北京市,2014,50,0,0,0,1,0,1
北京市,2015,50,0,0,0,1,0,1
北京市,2016,50,0,0,1,0,1,0
北京市,2017,50,0,0,0,1,0,1
北京市,2018,50,0,0,1,0,0,0
北京市,2019,50,0,0,1,0,1,0
北京市,2021,50,0,0,1,0,1,0
北京市,2022,50,0,1,1,1,1,0
北京市,2011,70,0,0,0,0,1,0
北京市,2012,47,0,0,0,1,1,0
北京市,2015,47,0,0,1,0,1,0
北京市,2017,47,0,0,0,0,0,0
北京市,2018,47,0,0,0,0,1,0
北京市,2019,47,0,0,1,0,1,0
北京市,2020,47,0,0,0,0,1,1
江苏省,2018,9,0,0,0,0,1,1
江苏省,2019,9,0,0,0,1,1,1
江苏省,2020,9,0,0,0,1,0,1
江苏省,2021,9,0,0,0,1,0,0
江苏省,2022,9,0,0,0,1,1,1
北京市,2011,32,0,0,1,1,0,0
北京市,2012,32,0,0,0,0,0,1
北京市,2013,32,0,0,1,0,0,0
北京市,2014,32,0,0,1,1,0,0
北京市,2015,32,0,0,1,0,0,0
北京市,2016,32,0,0,1,1,0,0
北京市,2017,32,0,0,1,1,0,0
北京市,2018,32,0,0,1,0,1,1
北京市,2019,32,0,0,0,1,0,0
北京市,2020,32,1,1,1,1,1,1
北京市,2021,32,0,0,0,1,0,1
北京市,2022,32,0,0,0,0,0,1
北京市,2011,36,0,0,0,1,0,0
北京市,2012,36,0,0,0,1,0,0
北京市,2013,36,0,0,0,0,0,0
北京市,2014,36,0,0,0,1,0,1
北京市,2015,36,0,0,0,1,0,0
北京市,2016,36,0,0,1,1,0,0
北京市,2017,36,0,1,1,1,1,0
北京市,2018,36,0,0,1,1,0,0
北京市,2019,36,0,0,1,1,0,1
北京市,2020,36,0,0,1,1,0,0
北京市,2021,36,0,0,1,1,0,1
北京市,2022,36,1,1,1,1,1,1
北京市,2020,9,0,0,1,1,0,1
北京市,2021,9,0,0,1,1,0,0
贵州省,2016,50,0,0,0,1,1,1
贵州省,2017,50,0,0,0,0,1,0
贵州省,2018,50,0,0,0,0,1,0
贵州省,2019,50,0,0,0,0,1,0
贵州省,2020,50,0,0,0,0,1,0
贵州省,2021,50,0,0,0,1,0,0
贵州省,2022,50,0,0,0,1,1,1
北京市,2009,50,0,0,1,0,0,0
北京市,2011,50,0,0,1,0,1,0
北京市,2012,50,0,0,0,0,0,0
北京市,2013,50,0,0,1,1,0,1
北京市,2014,50,0,0,1,0,1,1
北京市,2015,50,0,0,1,0,1,0
北京市,2016,50,0,0,0,0,1,0
北京市,2017,50,0,0,1,0,1,0
北京市,2018,50,0,0,1,0,1,0
辽宁省,2015,60,0,0,1,0,1,0
辽宁省,2016,60,0,0,1,0,1,0
辽宁省,2017,60,0,0,1,0,1,1
辽宁省,2018,60,0,0,1,0,1,1
辽宁省,2019,60,0,0,1,0,1,0
辽宁省,2020,60,0,0,1,0,1,0
辽宁省,2021,60,0,0,1,1,0,0
辽宁省,2022,60,0,0,1,1,0,0
北京市,2012,42,1,1,1,1,1,1
北京市,2013,42,1,1,1,1,1,1
北京市,2014,42,0,0,0,1,0,0
北京市,2015,42,0,0,0,0,0,0
北京市,2016,42,0,0,0,0,0,0
北京市,2017,42,0,0,0,1,0,1
北京市,2018,42,0,0,0,1,0,1
北京市,2019,42,0,0,0,0,0,1
北京市,2020,42,0,0,0,0,0,1
北京市,2021,42,0,0,0,1,0,1
北京市,2022,42,0,0,0,1,0,1
江苏省,2014,46,1,1,1,1,1,1
江苏省,2015,46,0,0,0,1,1,0
江苏省,2016,46,0,0,0,0,1,1
江苏省,2017,46,0,0,0,1,1,1
江苏省,2018,46,0,0,1,0,1,1
江苏省,2019,46,0,0,0,0,1,1
江苏省,2020,46,0,0,0,0,1,1
江苏省,2021,46,0,0,0,0,1,0
江苏省,2022,46,0,0,1,0,1,1
上海市,2021,7,0,0,0,0,1,1
上海市,2022,7,0,0,0,0,1,1
江苏省,2017,62,0,0,0,1,1,0
江苏省,2018,62,0,0,0,1,0,0
江苏省,2019,62,0,0,0,0,0,1
江苏省,2020,62,0,0,0,0,1,0
江苏省,2021,62,0,0,0,0,0,0
江苏省,2022,62,0,0,0,0,0,0
天津市,2014,46,0,0,0,0,1,0
天津市,2015,46,0,0,1,0,1,0
天津市,2016,46,0,1,1,1,1,0
天津市,2017,46,0,0,1,0,1,0
天津市,2018,46,0,0,0,1,1,0
天津市,2019,46,0,1,1,1,1,0
天津市,2020,46,0,0,0,1,1,0
天津市,2021,46,0,0,0,1,0,0
北京市,2021,46,0,0,0,1,0,0
北京市,2022,46,0,0,0,0,0,0
四川省,2022,23,0,0,0,1,0,0
新疆维吾尔自治区,2016,69,0,0,0,1,0,1
新疆维吾尔自治区,2017,69,0,0,0,1,0,1
新疆维吾尔自治区,2018,69,0,0,0,0,0,1
新疆维吾尔自治区,2019,69,0,0,0,0,0,1
新疆维吾尔自治区,2020,69,0,0,0,0,0,1
新疆维吾尔自治区,2021,70,0,0,0,0,1,0
新疆维吾尔自治区,2022,70,0,0,0,0,1,1
浙江省,2021,49,0,0,1,1,0,0
浙江省,2022,49,1,1,1,1,1,1
广东省,2022,23,0,0,0,0,0,0
四川省,2022,26,0,0,0,0,0,0
上海市,2018,59,1,1,1,1,1,1
上海市,2019,59,0,0,0,0,1,1
上海市,2020,59,0,1,1,1,1,0
上海市,2021,59,0,0,0,1,1,1
海南省,2022,69,0,0,0,0,1,0
浙江省,2017,70,0,0,0,1,1,1
浙江省,2018,70,0,1,1,1,1,0
浙江省,2020,70,0,1,1,1,1,0
浙江省,2021,70,0,0,0,1,1,0
浙江省,2022,70,0,0,0,0,0,0
浙江省,2019,9,0,0,0,0,1,1
浙江省,2020,9,0,0,0,0,1,1
浙江省,2021,9,0,0,1,0,1,1
天津市,2017,60,0,0,0,0,0,1
天津市,2018,60,0,0,0,1,0,1
天津市,2019,60,0,0,0,0,0,0
天津市,2020,60,0,0,0,0,1,1
天津市,2021,60,0,0,0,0,1,1
天津市,2022,60,0,0,0,0,1,0
北京市,2014,68,0,0,0,0,1,1
北京市,2015,68,0,0,0,0,1,0
北京市,2016,68,0,0,0,0,0,1
北京市,2017,68,0,0,0,0,1,1
北京市,2018,68,0,0,0,0,1,1
北京市,2019,68,0,0,0,0,0,0
北京市,2020,68,0,0,0,0,0,0
北京市,2022,68,0,0,0,0,0,1
天津市,2014,62,0,1,1,1,1,0
天津市,2015,62,0,0,1,0,1,0
天津市,2017,62,0,1,1,1,1,0
天津市,2018,62,0,1,1,1,1,0
天津市,2019,62,0,0,0,1,1,0
天津市,2020,62,0,0,1,1,0,0
天津市,2021,62,0,0,0,1,1,0
北京市,2021,67,0,0,1,0,1,0
北京市,2022,67,1,1,1,1,1,1
上海市,2021,27,0,0,1,0,1,0
上海市,2022,27,0,0,1,0,1,1
甘肃省,2022,51,0,0,1,0,0,0
安徽省,2022,37,0,0,0,1,0,0
浙江省,2017,57,0,0,0,0,0,1
浙江省,2018,57,0,0,1,0,0,1
浙江省,2019,57,0,0,1,0,0,1
浙江省,2021,57,0,0,0,0,0,1
浙江省,2022,57,0,0,1,1,0,0
浙江省,2021,58,0,0,0,1,0,1
浙江省,2022,39,0,0,1,1,0,1
浙江省,2019,45,0,0,0,1,0,0
浙江省,2020,45,0,0,0,1,0,0
浙江省,2021,45,0,0,0,0,0,1
浙江省,2022,45,0,0,0,0,0,0
江苏省,2018,70,1,1,1,1,1,1
浙江省,2018,46,0,0,1,1,0,1
浙江省,2019,46,0,1,1,1,1,0
浙江省,2020,46,0,0,1,0,0,0
浙江省,2021,46,0,0,0,0,1,0
浙江省,2022,46,0,0,1,1,0,0
江苏省,2014,45,0,0,0,1,1,1
江苏省,2015,45,0,0,0,1,1,0
江苏省,2016,45,0,0,0,1,1,0
江苏省,2017,45,0,0,0,1,1,1
江苏省,2018,45,0,1,1,1,1,0
江苏省,2022,45,0,1,1,1,1,0
上海市,2021,45,1,1,1,1,1,1
上海市,2022,45,0,0,0,1,1,0
上海市,2022,7,0,0,1,0,1,1
安徽省,2022,4,0,0,1,1,0,0
上海市,2022,7,1,1,1,1,1,1
浙江省,2021,45,0,0,0,0,0,1
浙江省,2022,45,0,0,0,0,0,0
上海市,2019,68,0,0,0,0,1,1
上海市,2020,68,0,0,0,1,1,1
上海市,2021,68,0,0,0,1,1,0
上海市,2022,68,0,0,0,1,1,0
浙江省,2019,27,0,0,0,1,1,1
浙江省,2020,27,0,0,0,0,0,0
浙江省,2021,27,0,0,1,0,1,0
浙江省,2022,27,0,0,1,0,1,0
上海市,2021,79,0,1,1,1,1,0
上海市,2022,79,0,0,0,0,0,0
新疆维吾尔自治区,2016,45,1,1,1,1,1,1
新疆维吾尔自治区,2017,45,0,0,0,1,0,0
新疆维吾尔自治区,2018,45,0,0,0,0,0,0
新疆维吾尔自治区,2019,45,0,0,0,1,0,0
新疆维吾尔自治区,2020,45,0,0,0,1,1,0
新疆维吾尔自治区,2021,45,0,0,1,1,0,1
新疆维吾尔自治区,2022,45,0,0,0,1,0,0
内蒙古自治区,2022,60,0,0,0,0,1,0
上海市,2017,39,0,0,0,0,0,0
上海市,2018,39,0,0,0,0,1,0
上海市,2019,39,0,0,0,0,1,0
上海市,2020,39,0,0,0,0,1,1
上海市,2021,39,0,0,0,1,1,0
上海市,2022,39,0,0,0,0,1,1
浙江省,2016,39,0,0,0,1,1,0
浙江省,2017,42,0,0,0,0,1,0
浙江省,2018,42,0,0,0,0,1,0
浙江省,2019,42,0,0,0,0,1,0
浙江省,2020,42,0,0,0,0,1,0
浙江省,2021,42,0,0,0,1,1,0
浙江省,2022,42,0,0,0,1,1,0
江苏省,2018,67,0,1,1,1,1,0
江苏省,2019,67,0,1,1,1,1,0
江苏省,2020,67,1,1,1,1,1,1
浙江省,2022,48,0,1,1,1,1,0
江苏省,2016,45,0,0,0,0,0,0
江苏省,2017,45,0,0,0,1,1,0
江苏省,2018,45,0,0,0,1,0,0
江苏省,2019,23,0,1,1,1,1,0
江苏省,2020,23,0,0,1,0,1,0
江苏省,2022,23,0,0,0,0,1,0
福建省,2022,7,0,1,1,1,1,0
浙江省,2021,70,0,0,1,0,1,0
浙江省,2022,70,0,0,0,0,0,0
江苏省,2020,25,0,1,1,1,1,0
辽宁省,2016,70,0,1,1,1,1,0
辽宁省,2017,70,0,1,1,1,1,0
辽宁省,2018,70,0,0,1,0,1,0
辽宁省,2019,70,0,0,0,0,1,0
辽宁省,2020,26,0,0,0,1,1,0
辽宁省,2022,26,0,0,0,0,0,0
浙江省,2021,27,0,0,0,0,1,1
浙江省,2022,27,0,0,0,0,1,1
江苏省,2016,50,0,0,1,1,0,1
江苏省,2017,50,0,0,1,0,1,0
江苏省,2018,50,1,1,1,1,1,1
江苏省,2019,50,0,0,0,0,1,1
江苏省,2020,50,0,0,0,0,1,1
四川省,2019,46,0,0,1,0,1,1
四川省,2020,46,0,0,1,0,1,1
四川省,2021,46,0,0,0,0,1,1
四川省,2022,46,0,0,0,0,1,1
浙江省,2017,70,0,0,0,0,0,1
浙江省,2018,70,0,0,0,0,0,0
浙江省,2019,70,0,0,0,0,0,0
浙江省,2015,70,0,0,0,1,1,1
浙江省,2020,70,0,0,0,1,1,0
浙江省,2022,70,1,1,1,1,1,1
江苏省,2015,19,0,0,0,1,0,1
江苏省,2016,19,0,0,0,1,0,1
江苏省,2017,19,0,0,1,1,0,0
江苏省,2018,19,0,0,1,1,0,0
江苏省,2019,19,0,0,0,1,0,0
江苏省,2020,19,1,1,1,1,1,1
江苏省,2021,19,0,0,0,1,0,0
江苏省,2022,19,0,0,0,1,0,0
广西壮族自治区,2018,78,0,0,1,0,0,0
广西壮族自治区,2019,78,0,0,0,0,1,0
广西壮族自治区,2021,78,0,0,0,0,0,0
江苏省,2021,4,0,1,1,1,1,0
上海市,2020,45,0,0,1,0,0,0
江苏省,2017,46,1,1,1,1,1,1
江苏省,2018,46,0,1,1,1,1,0
江苏省,2019,46,0,0,1,0,1,0
江苏省,2020,46,0,0,1,0,1,0
江苏省,2021,46,0,1,1,1,1,0
江苏省,2022,46,0,0,1,1,0,0
河北省,2022,36,0,0,0,0,1,0
福建省,2019,42,0,0,1,1,0,0
福建省,2020,42,0,0,0,0,0,0
福建省,2021,42,0,0,0,1,0,0
福建省,2022,42,0,1,1,1,1,0
上海市,2018,46,0,0,1,0,1,0
上海市,2019,46,0,0,1,0,1,1
上海市,2020,46,0,0,1,0,1,0
上海市,2021,46,0,0,1,0,1,0
上海市,2020,46,0,0,0,0,1,0
浙江省,2021,52,0,1,1,1,1,0
浙江省,2022,52,0,1,1,1,1,0
北京市,2021,74,0,0,0,1,0,0
北京市,2022,74,0,0,0,1,0,0
上海市,2018,19,0,0,0,0,1,0
上海市,2019,19,0,0,0,0,0,1
上海市,2020,19,0,0,0,1,0,1
上海市,2021,19,0,0,0,1,0,0
安徽省,2017,35,1,1,1,1,1,1
安徽省,2018,35,1,1,1,1,1,1
安徽省,2019,35,1,1,1,1,1,1
安徽省,2020,35,1,1,1,1,1,1
安徽省,2021,35,0,0,1,0,1,1
安徽省,2022,35,1,1,1,1,1,1
浙江省,2020,19,0,0,0,1,1,0
浙江省,2019,75,0,0,1,0,1,1
浙江省,2022,75,0,0,1,0,1,0
浙江省,2015,17,0,0,0,0,1,1
浙江省,2016,17,0,0,1,0,1,1
浙江省,2017,17,0,0,1,0,0,0
浙江省,2018,17,0,0,1,0,1,0
浙江省,2019,17,0,0,1,0,1,0
浙江省,2020,17,0,0,0,0,0,1
浙江省,2021,17,0,0,1,0,0,0
浙江省,2022,17,0,0,1,1,0,1
上海市,2022,74,0,0,0,1,1,0
北京市,2015,17,0,0,1,1,0,0
北京市,2017,17,0,0,0,0,0,1
北京市,2018,17,0,0,0,0,0,0
北京市,2019,17,0,0,0,1,0,0
北京市,2020,17,0,1,1,1,1,0
浙江省,2019,46,0,0,1,0,0,1
浙江省,2020,46,0,0,1,0,0,1
浙江省,2021,46,0,0,1,0,0,1
浙江省,2022,46,0,0,1,0,0,1
重庆市,2021,36,0,0,0,0,0,0
重庆市,2022,36,0,0,0,1,0,0
浙江省,2020,25,0,0,0,0,0,1
浙江省,2022,25,0,0,0,0,0,0
浙江省,2015,27,0,0,1,1,0,1
浙江省,2016,27,0,0,1,0,0,1
浙江省,2017,27,0,0,0,0,0,1
浙江省,2018,27,0,0,0,0,0,1
浙江省,2019,27,0,0,1,0,0,0
浙江省,2020,27,0,0,0,1,0,0
浙江省,2021,27,0,0,0,1,0,0
浙江省,2022,27,0,0,0,0,0,1
福建省,2017,37,1,1,1,1,1,1
福建省,2018,37,1,1,1,1,1,1
福建省,2019,37,1,1,1,1,1,1
福建省,2020,37,1,1,1,1,1,1
福建省,2021,37,1,1,1,1,1,1
福建省,2022,37,0,1,1,1,1,0
浙江省,2022,19,0,0,1,0,0,0
江苏省,2021,49,0,0,0,1,1,0
江苏省,2022,49,0,1,1,1,1,0
福建省,2016,39,0,1,1,1,1,0
福建省,2022,39,0,0,0,0,0,0
上海市,2018,45,0,0,0,1,0,0
安徽省,2021,70,0,0,0,1,1,0
安徽省,2022,70,0,0,1,1,0,1
河南省,2022,58,0,0,0,1,0,0
上海市,2017,19,0,0,0,1,0,1
上海市,2018,19,0,0,0,0,0,0
上海市,2019,19,0,0,0,1,0,0
上海市,2020,19,0,0,0,0,0,0
浙江省,2018,25,0,0,0,1,1,0
浙江省,2019,25,0,0,0,1,1,0
浙江省,2020,25,0,0,1,0,1,0
浙江省,2021,25,0,1,1,1,1,0
浙江省,2022,25,0,1,1,1,1,0
福建省,2018,1,0,0,1,1,0,0
福建省,2019,1,0,1,1,1,1,0
福建省,2020,1,0,1,1,1,1,0
福建省,2021,1,0,0,1,1,0,0
江苏省,2018,47,0,0,1,0,1,0
江苏省,2019,47,0,0,1,0,1,0
江苏省,2020,47,0,0,1,0,1,0
上海市,2022,14,0,1,1,1,1,0
浙江省,2019,57,0,0,0,0,1,1
浙江省,2020,57,0,0,0,0,1,1
上海市,2017,70,0,1,1,1,1,0
上海市,2019,70,0,0,1,0,0,1
江苏省,2014,27,1,1,1,1,1,1
江苏省,2015,27,0,0,0,1,1,1
江苏省,2016,27,0,0,0,0,1,0
江苏省,2017,27,0,0,0,0,1,1
江苏省,2018,27,0,0,1,0,1,1
江苏省,2019,27,0,0,0,0,1,1
江苏省,2020,27,1,1,1,1,1,1
江苏省,2021,27,0,0,0,1,1,0
江苏省,2022,27,0,1,1,1,1,0
浙江省,2020,40,0,0,0,0,0,0
浙江省,2021,40,0,0,0,1,0,0
浙江省,2022,40,0,0,0,0,0,0
浙江省,2021,19,0,0,1,0,1,0
新疆维吾尔自治区,2021,26,0,0,1,1,0,0
上海市,2019,34,0,1,1,1,1,0
上海市,2020,34,0,0,0,1,0,0
上海市,2021,34,0,0,0,1,0,1
上海市,2022,34,0,0,0,1,1,0
湖南省,2018,64,0,0,0,1,0,1
湖南省,2019,64,0,0,0,1,1,1
湖南省,2020,64,1,1,1,1,1,1
湖南省,2021,64,0,0,0,0,1,0
湖南省,2022,64,0,0,0,0,1,1
浙江省,2020,57,0,0,0,1,0,0
福建省,2016,45,0,0,1,0,1,1
福建省,2017,45,0,0,0,1,0,0
福建省,2020,45,0,0,1,1,0,0
福建省,2021,45,0,0,0,1,1,0
浙江省,2021,27,0,0,1,0,1,0
浙江省,2022,27,0,0,1,0,1,0
四川省,2022,76,0,0,1,0,0,0
浙江省,2022,7,0,0,1,1,0,1
江西省,2018,46,0,1,1,1,1,0
江西省,2019,46,0,0,1,0,1,0
上海市,2018,68,0,0,0,1,1,0
上海市,2019,68,0,0,0,0,1,0
上海市,2021,7,1,1,1,1,1,1
上海市,2022,7,0,0,0,1,0,0
浙江省,2021,7,0,0,0,1,1,1
浙江省,2015,35,0,0,0,0,0,1
浙江省,2016,35,0,0,0,1,0,1
浙江省,2017,35,0,0,0,1,0,0
浙江省,2018,35,0,0,0,0,1,1
浙江省,2019,35,0,0,0,0,1,1
浙江省,2020,35,0,0,0,0,0,0
浙江省,2021,35,0,0,0,0,1,0
安徽省,2019,25,0,1,1,1,1,0
安徽省,2020,25,0,0,1,1,0,0
北京市,2018,46,1,1,1,1,1,1
北京市,2019,46,1,1,1,1,1,1
北京市,2020,46,1,1,1,1,1,1
江苏省,2018,45,0,1,1,1,1,0
浙江省,2017,25,0,0,0,1,0,1
浙江省,2018,25,0,0,0,1,0,1
浙江省,2019,25,0,0,0,0,0,0
浙江省,2020,25,0,0,0,0,0,1
浙江省,2021,25,0,0,0,1,0,1
浙江省,2022,25,0,0,0,0,0,0
福建省,2018,76,0,1,1,1,1,0
福建省,2020,76,0,0,0,1,1,0
福建省,2021,76,0,0,0,1,1,0
福建省,2022,76,0,0,0,1,1,0
浙江省,2017,45,0,0,0,1,1,1
浙江省,2018,45,0,0,0,1,1,1
浙江省,2019,45,0,1,1,1,1,0
浙江省,2021,45,0,0,0,0,1,1
浙江省,2022,45,0,0,0,0,0,0
广东省,2021,25,0,0,0,0,0,0
浙江省,2022,74,0,0,0,0,1,0
辽宁省,2022,23,0,0,0,0,0,1
广东省,2019,28,0,0,1,1,0,1
广东省,2021,28,0,0,1,1,0,0
广东省,2022,28,0,0,1,0,1,0
湖南省,2015,68,0,0,1,1,0,1
湖南省,2016,68,0,0,1,1,0,0
湖南省,2017,68,0,0,1,1,0,1
湖南省,2018,68,0,0,1,1,0,1
湖南省,2019,68,0,0,0,1,0,1
湖南省,2020,68,0,0,0,1,0,1
湖南省,2021,68,0,0,1,0,1,1
湖南省,2022,68,0,0,0,0,0,1
北京市,2016,42,0,0,0,1,0,1
北京市,2017,42,0,0,0,1,0,0
北京市,2018,42,0,0,0,1,0,0
北京市,2020,42,0,0,0,1,0,0
北京市,2021,42,0,0,0,1,0,0
北京市,2022,42,0,0,0,1,0,0
上海市,2018,48,1,1,1,1,1,1
上海市,2019,48,0,1,1,1,1,0
甘肃省,2016,4,1,1,1,1,1,1
甘肃省,2017,4,0,0,1,1,0,1
甘肃省,2018,4,0,1,1,1,1,0
甘肃省,2019,4,0,0,0,0,0,0
甘肃省,2020,4,0,0,0,0,0,0
甘肃省,2021,4,0,1,1,1,1,0
甘肃省,2022,4,0,0,0,1,1,0
广东省,2018,46,0,0,0,1,1,0
广东省,2019,46,0,0,0,1,1,0
广东省,2020,46,0,0,0,1,1,0
广东省,2021,46,0,0,0,1,1,0
广东省,2022,46,0,0,0,1,1,1
福建省,2017,46,1,1,1,1,1,1
福建省,2018,46,0,0,1,0,1,1
福建省,2019,46,0,0,1,1,0,1
福建省,2020,46,0,1,1,1,1,0
福建省,2021,46,0,1,1,1,1,0
福建省,2022,46,0,0,1,0,1,1
湖南省,2020,68,0,0,1,0,1,1
湖南省,2021,68,0,0,1,0,1,0
湖南省,2022,68,0,0,1,0,0,1
上海市,2019,70,0,0,0,1,1,0
上海市,2021,70,0,0,0,1,1,0
上海市,2021,70,0,0,0,1,0,0
上海市,2022,70,0,0,0,0,1,0
福建省,2020,37,0,0,0,0,1,1
福建省,2021,37,0,0,0,0,1,1
福建省,2022,37,0,1,1,1,1,0
河南省,2012,51,0,0,1,0,1,0
河南省,2013,51,0,0,0,0,1,0
河南省,2014,51,0,0,0,0,1,1
河南省,2015,51,0,0,0,0,1,0
河南省,2016,51,0,0,0,1,0,0
河南省,2022,51,0,0,0,0,0,0
浙江省,2021,57,0,0,1,0,0,1
浙江省,2022,57,0,0,1,0,0,0
浙江省,2021,32,0,0,1,1,0,1
浙江省,2022,32,0,0,1,0,1,0
陕西省,2022,45,0,0,0,1,0,0
福建省,2022,52,0,0,1,1,0,0
江苏省,2021,1,0,0,1,0,1,1
江苏省,2022,1,0,0,1,0,1,0
江西省,2022,26,0,1,1,1,1,0
重庆市,2021,36,0,0,1,0,1,1
重庆市,2022,36,0,0,1,0,1,0
浙江省,2020,49,0,0,0,1,0,1
浙江省,2020,23,0,0,0,0,0,1
浙江省,2021,23,0,0,0,0,0,1
浙江省,2022,23,0,0,0,1,0,0
安徽省,2021,75,0,0,1,0,1,0
河北省,2021,19,0,0,1,1,0,1
河北省,2022,19,0,0,1,1,0,1
山东省,2020,4,0,0,1,0,1,1
山东省,2021,4,0,0,1,0,1,0
山东省,2022,4,0,0,1,0,1,1
上海市,2022,19,0,0,0,1,1,1
浙江省,2021,37,0,0,1,1,0,0
浙江省,2022,37,0,0,1,1,0,0
云南省,2022,5,0,0,0,0,0,0
江苏省,2022,23,0,0,1,0,1,0
北京市,2022,70,0,1,1,1,1,0
浙江省,2020,19,0,0,0,1,0,1
浙江省,2021,19,0,0,0,1,0,0
浙江省,2022,19,0,0,0,1,0,1
浙江省,2021,46,0,0,1,0,0,1
福建省,2022,19,1,1,1,1,1,1
江西省,2021,45,0,0,0,1,1,1
江西省,2022,45,0,0,0,0,1,0
黑龙江省,2021,60,0,0,0,1,1,1
黑龙江省,2022,60,0,0,0,0,0,0
北京市,2021,68,0,0,0,1,1,1
北京市,2022,68,0,0,0,0,0,1
山东省,2021,46,0,0,0,0,0,0
浙江省,2021,70,0,1,1,1,1,0
广东省,2019,46,0,0,0,1,0,0
广东省,2020,46,0,0,0,0,0,0
上海市,2020,46,0,0,0,0,1,1
上海市,2021,46,0,0,0,0,1,0
北京市,2022,47,0,0,0,0,0,0
上海市,2020,70,0,0,0,1,0,0
上海市,2022,39,0,0,1,0,1,0
浙江省,2020,39,0,0,0,0,0,0
浙江省,2021,39,0,0,0,1,0,0
浙江省,2022,39,0,0,0,1,0,0
江苏省,2021,70,0,0,0,1,0,0
江苏省,2022,70,0,1,1,1,1,0
天津市,2022,46,0,0,0,0,1,0
北京市,2020,70,0,0,0,1,0,1
北京市,2021,70,0,0,0,0,1,0
北京市,2022,70,0,0,0,0,1,0
北京市,2020,39,0,0,1,0,0,1
北京市,2021,39,0,0,1,0,0,0
上海市,2021,19,0,0,1,0,1,0
上海市,2022,19,0,0,1,0,1,1
上海市,2021,11,0,0,0,1,0,0
北京市,2021,58,0,0,0,0,0,0
北京市,2022,58,0,0,1,1,0,0
广东省,2021,39,0,0,0,1,1,1
浙江省,2021,39,0,0,0,0,0,0
湖北省,2019,23,0,0,1,0,1,0
湖北省,2020,23,0,0,0,1,1,0
上海市,2021,39,0,0,0,0,1,1
上海市,2022,39,0,0,0,0,1,0
湖南省,2021,46,0,0,0,0,0,0
北京市,2020,39,0,0,0,1,1,0
江苏省,2021,45,0,0,1,0,1,0
江苏省,2022,45,0,0,1,1,0,0
四川省,2021,58,0,0,0,1,0,0
四川省,2022,58,0,0,1,0,1,0
陕西省,2021,35,0,0,0,0,0,0
上海市,2021,46,0,0,0,1,0,0
上海市,2022,46,0,0,1,1,0,0
山东省,2020,70,0,0,1,0,1,0
山东省,2021,70,0,0,1,0,1,0
上海市,2022,70,0,0,1,0,1,0
山东省,2021,70,1,1,1,1,1,1
江苏省,2021,58,0,0,0,1,0,0
北京市,2021,19,0,0,0,1,1,0
北京市,2022,46,0,0,0,0,1,0
上海市,2020,58,0,0,0,1,1,1
上海市,2021,58,0,0,0,1,1,0
上海市,2022,58,0,0,0,0,0,0
广东省,2022,46,0,0,0,1,1,0
天津市,2021,58,0,0,0,0,0,1
天津市,2022,58,0,0,0,0,1,0
江苏省,2022,49,0,0,1,1,0,0
湖南省,2021,47,0,0,1,0,1,1
湖南省,2022,47,0,0,1,0,0,0
上海市,2021,39,0,0,0,0,0,0
上海市,2022,39,0,0,0,0,0,0
山东省,2021,33,0,0,0,0,1,1
山东省,2022,33,0,0,0,1,0,0
福建省,2019,30,1,1,1,1,1,1
福建省,2020,30,0,1,1,1,1,0
福建省,2021,30,0,1,1,1,1,0
福建省,2022,30,0,1,1,1,1,0
天津市,2019,45,0,0,0,1,0,0
天津市,2020,45,0,0,1,1,0,0
天津市,2021,45,0,0,0,0,1,0
天津市,2022,45,0,0,1,0,1,0
上海市,2021,67,0,0,0,1,0,0
上海市,2022,67,0,0,1,0,1,0
上海市,2022,46,0,0,0,0,1,1
北京市,2021,70,0,0,1,1,0,1
北京市,2022,70,0,0,1,1,0,0
北京市,2021,39,0,0,0,0,0,0
北京市,2022,39,0,0,0,0,1,1
江苏省,2021,58,0,0,0,0,0,0
江苏省,2022,58,0,0,0,0,0,0
吉林省,2021,58,0,0,0,1,1,1
吉林省,2022,58,0,0,0,1,0,0
湖南省,2021,58,0,0,0,0,0,1
四川省,2022,47,0,0,1,0,1,0
新疆维吾尔自治区,2021,19,1,1,1,1,1,1
新疆维吾尔自治区,2022,19,0,0,0,1,1,0
四川省,2022,58,0,1,1,1,1,0
上海市,2020,70,0,0,1,0,0,1
上海市,2021,70,0,0,1,0,1,0
上海市,2022,70,0,0,1,0,1,0
上海市,2020,58,1,1,1,1,1,1
江苏省,2022,45,0,1,1,1,1,0
北京市,2021,45,0,0,1,0,1,0
北京市,2022,45,0,0,1,0,0,0
上海市,2019,58,1,1,1,1,1,1
上海市,2021,39,0,0,1,0,1,0
江苏省,2022,46,1,1,1,1,1,1
浙江省,2021,49,0,0,0,0,0,0
浙江省,2022,49,0,0,0,0,1,0
广东省,2019,46,0,0,1,1,0,0
广东省,2020,46,0,0,1,1,0,0
广东省,2021,46,0,0,1,1,0,0
广东省,2022,46,0,0,1,1,0,0
广东省,2021,70,0,0,0,0,1,0
广东省,2022,70,0,0,0,1,1,0
江苏省,2021,19,0,1,1,1,1,0
江苏省,2022,19,0,1,1,1,1,0
江苏省,2020,46,0,0,0,1,0,0
贵州省,2022,46,1,1,1,1,1,1
北京市,2022,49,1,1,1,1,1,1
江苏省,2022,46,0,0,0,0,0,0
广东省,2021,70,0,0,1,0,0,1
上海市,2021,58,0,0,1,1,0,1
上海市,2022,58,0,0,1,0,0,0
北京市,2021,62,1,1,1,1,1,1
上海市,2021,39,0,0,1,0,0,0
上海市,2022,39,0,0,0,0,0,0
辽宁省,2022,70,0,0,0,0,0,1
上海市,2021,46,0,0,1,0,1,0
上海市,2022,46,0,0,1,0,1,0
北京市,2021,39,0,0,0,1,0,0
安徽省,2022,47,0,0,0,0,1,0
广东省,2020,39,0,0,1,0,1,1
广东省,2021,39,0,0,0,0,0,0
广东省,2022,39,0,0,1,1,0,0
浙江省,2021,58,0,0,0,0,0,1
浙江省,2022,58,0,0,1,0,1,0
广东省,2021,46,0,1,1,1,1,0
广东省,2022,46,0,1,1,1,1,0
安徽省,2022,70,0,0,1,0,0,0
上海市,2021,37,0,0,0,1,0,0
山东省,2021,19,0,0,0,0,1,1
山东省,2022,19,0,0,1,0,1,0
江苏省,2022,45,0,0,0,1,1,0
四川省,2021,46,0,0,0,0,1,0
贵州省,2021,45,0,0,1,0,1,1
北京市,2021,11,1,1,1,1,1,1
北京市,2022,11,0,1,1,1,1,0
四川省,2022,45,0,0,1,0,1,0
广东省,2022,19,0,0,0,1,1,0
浙江省,2021,19,0,0,0,0,1,0
浙江省,2022,19,0,0,0,1,1,0
北京市,2021,46,0,0,1,1,0,1
陕西省,2022,46,0,0,0,1,1,1
